Price,Close,High,Low,Open,Volume
Ticker,AAPL,AAPL,AAPL,AAPL,AAPL
Date,,,,,
2015-01-02 00:00:00+00:00,24.3204288482666,24.789797903918426,23.879977645896325,24.778674738802675,212818400
2015-01-05 00:00:00+00:00,23.635286331176758,24.16916607950061,23.448429352699723,24.089084032394183,257142000
2015-01-06 00:00:00+00:00,23.637510299682617,23.89777609314269,23.27491613036746,23.699795956528767,263188400
2015-01-07 00:00:00+00:00,23.968963623046875,24.069065344465894,23.735390676859673,23.846615566061747,160423600
2015-01-08 00:00:00+00:00,24.889894485473633,24.947731877305568,24.18027946529203,24.298179220953074,237458000
2015-01-09 00:00:00+00:00,24.91659164428711,25.19242880009536,24.516181501052117,25.063407565368912,214798000
2015-01-12 00:00:00+00:00,24.302631378173828,25.054510804343685,24.202529685227073,25.047837584434788,198603200
2015-01-13 00:00:00+00:00,24.518413543701172,25.092334348788434,24.227004892575085,24.787577557600926,268367600
2015-01-14 00:00:00+00:00,24.42498779296875,24.578476995083378,24.135802385068178,24.255925476173466,195826400
2015-01-15 00:00:00+00:00,23.7620849609375,24.48282175865421,23.726493879364345,24.469475315208914,240056000
2015-01-16 00:00:00+00:00,23.57744789123535,23.931143866715107,23.401712389817426,23.80879582865299,314053200
2015-01-20 00:00:00+00:00,24.184738159179688,24.240350599134697,23.690899420834086,23.988981284357585,199599600
2015-01-21 00:00:00+00:00,24.36937141418457,24.705269323316333,24.084634301295583,24.235900203047848,194303600
2015-01-22 00:00:00+00:00,25.00335693359375,25.01892835113087,24.407191423782596,24.52731451499349,215185600
2015-01-23 00:00:00+00:00,25.132375717163086,25.303661293012837,24.80982253293594,24.981109805942747,185859200
2015-01-26 00:00:00+00:00,25.15907096862793,25.439358179889904,25.0923370497656,25.30143869878955,222460000
2015-01-27 00:00:00+00:00,24.278165817260742,25.021148872066853,24.25369620874828,25.007800732869285,382274800
2015-01-28 00:00:00+00:00,25.650680541992188,26.27576550361316,25.650680541992188,26.166763902406935,585908400
2015-01-29 00:00:00+00:00,26.449283599853516,26.513794250489045,25.706300328014503,25.87536266426081,337745600
2015-01-30 00:00:00+00:00,26.062213897705078,26.693970382113093,25.99325332015124,26.33805111644964,334982000
2015-02-02 00:00:00+00:00,26.38921356201172,26.50933663217492,25.821967710701898,26.260193995235177,250956400
2015-02-03 00:00:00+00:00,26.39366912841797,26.491545886421424,26.162321132592673,26.36030131896251,207662800
2015-02-04 00:00:00+00:00,26.59609603881836,26.80742435514557,26.318033804564546,26.360299807261427,280598800
2015-02-05 00:00:00+00:00,26.785924911499023,26.850690149029983,26.631828253102775,26.803789832587974,168984800
2015-02-06 00:00:00+00:00,26.560361862182617,26.855154340636652,26.45316382281068,26.80378822297082,174826400
2015-02-09 00:00:00+00:00,26.73678207397461,26.763580297040683,26.448689249033023,26.475489175953566,155559200
2015-02-10 00:00:00+00:00,27.250442504882812,27.27947619347403,26.83505459157774,26.83728664158094,248034000
2015-02-11 00:00:00+00:00,27.889162063598633,27.89809537590141,27.35764276049682,27.41794048872167,294247200
2015-02-12 00:00:00+00:00,28.242019653320312,28.469814852734082,28.04325814425922,28.15268823597874,297898000
2015-02-13 00:00:00+00:00,28.380483627319336,28.42514848436464,28.061124958265673,28.42514848436464,217088800
2015-02-17 00:00:00+00:00,28.547975540161133,28.782470267606207,28.344746549194756,28.47204324881655,252609600
2015-02-18 00:00:00+00:00,28.746736526489258,28.76013564078984,28.46310944552495,28.503308492281512,179566800
2015-02-19 00:00:00+00:00,28.686443328857422,28.8159738080515,28.659645094441533,28.69314288746139,149449600
2015-02-20 00:00:00+00:00,28.920930862426758,28.920930862426758,28.597106449370063,28.724401438686076,195793600
2015-02-23 00:00:00+00:00,29.702577590942383,29.702577590942383,28.956664054253213,29.037062144943093,283896400
2015-02-24 00:00:00+00:00,29.517221450805664,29.836581831118046,29.293893752691638,29.68918473251233,276912400
2015-02-25 00:00:00+00:00,28.76236915588379,29.389922771844976,28.619439583213403,29.380987756716305,298846800
2015-02-26 00:00:00+00:00,29.126392364501953,29.22688912773877,28.275514543942222,28.762367196280813,365150000
2015-02-27 00:00:00+00:00,28.688676834106445,29.15989840086983,28.63954446921471,29.03259998063847,248059200
2015-03-02 00:00:00+00:00,28.829364776611328,29.09512521848601,28.65293743705681,28.865098017539392,192386800
2015-03-03 00:00:00+00:00,28.88966941833496,28.925402665724054,28.60604230471284,28.80033970757226,151265200
2015-03-04 00:00:00+00:00,28.70653533935547,28.934330502130326,28.657406390236957,28.831601688914912,126665200
2015-03-05 00:00:00+00:00,28.230852127075195,28.75343806710463,28.085688798004263,28.715472771397522,226068400
2015-03-06 00:00:00+00:00,28.273277282714844,28.89189406079968,28.19734670726342,28.67526598964597,291368400
2015-03-09 00:00:00+00:00,28.39388084411621,28.936568873655904,27.929358864959124,28.577009471918817,354114000
2015-03-10 00:00:00+00:00,27.8065242767334,28.411741962376556,27.64796186054095,28.2308471234825,275426400
2015-03-11 00:00:00+00:00,27.299571990966797,27.864590683861785,27.2705400092887,27.860124880470842,275756000
2015-03-12 00:00:00+00:00,27.79313087463379,27.893629359383798,27.163346844849737,27.315209745130893,193450800
2015-03-13 00:00:00+00:00,27.601062774658203,28.0052869699526,27.375503080417058,27.781959325381774,207309200
2015-03-16 00:00:00+00:00,27.9047908782959,27.9047908782959,27.440270633053817,27.665830346457884,143497200
2015-03-17 00:00:00+00:00,28.37154197692871,28.434073439956585,28.061116711287077,28.116948618112616,204092400
2015-03-18 00:00:00+00:00,28.69090461730957,28.845001247215315,28.221916874295566,28.36261268604332,261083600
2015-03-19 00:00:00+00:00,28.474275588989258,28.865098979426364,28.451943164592375,28.75343515358719,183238000
2015-03-20 00:00:00+00:00,28.116958618164062,28.675276181135587,27.951696592262806,28.64177838821013,274780400
2015-03-23 00:00:00+00:00,28.409515380859375,28.552444966857443,28.25541872876409,28.38941670651046,150838800
2015-03-24 00:00:00+00:00,28.293384552001953,28.594874877800912,28.264350862901242,28.413981704634534,131369200
2015-03-25 00:00:00+00:00,27.554170608520508,28.322418430487524,27.554170608520508,28.259886948021393,206620800
2015-03-26 00:00:00+00:00,27.746227264404297,27.88915682669982,27.379970048040168,27.415703290541437,190291600
2015-03-27 00:00:00+00:00,27.525136947631836,27.848961406650208,27.449206353212908,27.819929421229148,158184800
2015-03-30 00:00:00+00:00,28.221921920776367,28.228621479125927,27.692634661044366,27.703801727530387,188398800
2015-03-31 00:00:00+00:00,27.788665771484375,28.248720288123753,27.773032900642892,28.159388867377384,168362400
2015-04-01 00:00:00+00:00,27.74846649169922,27.942762202453487,27.49163929808752,27.87576321147474,162485600
2015-04-02 00:00:00+00:00,27.987424850463867,28.041023016701327,27.73506518490147,27.92265961866007,128880400
2015-04-06 00:00:00+00:00,28.440778732299805,28.476511977725288,27.766329911515612,27.79759564933545,148776000
2015-04-07 00:00:00+00:00,28.141525268554688,28.61274517001839,28.134825709858575,28.50554882317018,140049200
2015-04-08 00:00:00+00:00,28.04996109008789,28.228623946348847,27.909265240884697,28.10579301968753,149316800
2015-04-09 00:00:00+00:00,28.26434898376465,28.26881649126235,27.840027779646462,28.10578654469382,129936000
2015-04-10 00:00:00+00:00,28.384946823120117,28.409513003394114,27.974024723727684,28.128119659072386,160752000
2015-04-13 00:00:00+00:00,28.329118728637695,28.713244353508433,28.275520557103356,28.668576086828708,145460400
2015-04-14 00:00:00+00:00,28.20628547668457,28.427379393486362,28.119187821464017,28.36261416455353,102098400
2015-04-15 00:00:00+00:00,28.313478469848633,28.391642804577476,28.141516933445175,28.230848331930158,115881600
2015-04-16 00:00:00+00:00,28.17725372314453,28.384948539200966,28.163854607223158,28.201819904903736,113476000
2015-04-17 00:00:00+00:00,27.860136032104492,28.170561459600666,27.795370781955985,28.03879890864214,207828000
2015-04-20 00:00:00+00:00,28.496610641479492,28.612740281366165,27.9539243296978,28.043255739378658,188217200
2015-04-21 00:00:00+00:00,28.342517852783203,28.630609072444127,28.288917980602285,28.608278348151323,129740400
2015-04-22 00:00:00+00:00,28.724407196044922,28.780239120097384,28.210754517075305,28.360383664610687,150618000
2015-04-23 00:00:00+00:00,28.958898544311523,29.126394296720928,28.61720748201312,28.652940727044147,183083600
2015-04-24 00:00:00+00:00,29.095129013061523,29.173295061822373,28.86063427448883,29.142029323860005,178103600
2015-04-27 00:00:00+00:00,29.624412536621094,29.73161226625087,29.28942104887471,29.548481950582225,387816800
2015-04-28 00:00:00+00:00,29.15766143798828,30.046504652742044,28.93656921509768,30.028641437076313,475696000
2015-04-29 00:00:00+00:00,28.728872299194336,29.387688266320986,28.65294170668969,29.0683313231756,253544400
2015-04-30 00:00:00+00:00,27.949460983276367,28.72887415096198,27.822164267042012,28.72887415096198,332781600
2015-05-01 00:00:00+00:00,28.79810333251953,29.06163176398269,27.982958672716148,28.161619792405876,234050400
2015-05-04 00:00:00+00:00,28.742271423339844,29.15989649766207,28.644006699969907,28.920934246947915,203953200
2015-05-05 00:00:00+00:00,28.094623565673828,28.686440570180817,28.090156057797344,28.619441582873787,197085600
2015-05-06 00:00:00+00:00,27.918195724487305,28.306785438036545,27.54970468570634,28.264352630607828,288564000
2015-05-07 00:00:00+00:00,28.09087371826172,28.27476727952215,27.812789436572668,27.98098482959033,175763600
2015-05-08 00:00:00+00:00,28.62013053894043,28.62013053894043,28.281496646737725,28.409325085242145,222201600
2015-05-11 00:00:00+00:00,28.32859230041504,28.606674900327775,28.173851975081664,28.568551017874455,168143200
2015-05-12 00:00:00+00:00,28.227670669555664,28.454172550026936,27.992196452503954,28.167119374440933,192640000
2015-05-13 00:00:00+00:00,28.25907325744629,28.523700783059066,28.227676916354287,28.29046959853829,138776800
2015-05-14 00:00:00+00:00,28.918394088745117,28.918394088745117,28.51696925361795,28.57303438501216,180814000
2015-05-15 00:00:00+00:00,28.87802505493164,29.039492885957355,28.752439724565775,28.945303888182956,152832000
2015-05-18 00:00:00+00:00,29.19648551940918,29.31534335330476,28.78608824650854,28.79057441626259,203531600
2015-05-19 00:00:00+00:00,29.16956329345703,29.351213741081374,29.073129504283237,29.30860370088436,178532800
2015-05-20 00:00:00+00:00,29.16732406616211,29.373643343707954,29.005856210353336,29.153868981835398,145819600
2015-05-21 00:00:00+00:00,29.4655818939209,29.51940563657002,29.115736121559305,29.169559864208427,158921600
2015-05-22 00:00:00+00:00,29.723482131958008,29.819915916530547,29.467825324917836,29.512680157896682,182384000
2015-05-26 00:00:00+00:00,29.068645477294922,29.806464452856073,28.956515225125823,29.73694424402223,282790400
2015-05-27 00:00:00+00:00,29.611358642578125,29.660696232545494,29.16508238143343,29.23011642896636,183332800
2015-05-28 00:00:00+00:00,29.55305290222168,29.591176782375417,29.400557381606728,29.570994155578294,122933200
2015-05-29 00:00:00+00:00,29.216663360595703,29.4790477861014,29.131443258964264,29.42971019272997,203538000
2015-06-01 00:00:00+00:00,29.274972915649414,29.46559576641066,29.165087427844778,29.216666400119294,128451200
2015-06-02 00:00:00+00:00,29.14490509033203,29.30188680444473,29.001378462865464,29.12247766462534,134670400
2015-06-03 00:00:00+00:00,29.180776596069336,29.364671857620934,29.131439009894216,29.301879188296933,123934000
2015-06-04 00:00:00+00:00,29.010351181030273,29.283949385165187,28.909434596017107,29.05968878649363,153800400
2015-06-05 00:00:00+00:00,28.851119995117188,29.08435289639219,28.78608593765172,29.041742842008606,142507200
2015-06-08 00:00:00+00:00,28.660497665405273,28.97670584773006,28.442964668084898,28.907182205972028,210699200
2015-06-09 00:00:00+00:00,28.575279235839844,28.723292021999566,28.171611267260324,28.41381136401914,224301600
2015-06-10 00:00:00+00:00,28.902698516845703,29.005856445482788,28.671708731208312,28.68740690004075,156349200
2015-06-11 00:00:00+00:00,28.837661743164062,29.194235177107373,28.812992947120826,28.969974639239496,141563600
2015-06-12 00:00:00+00:00,28.519214630126953,28.779357697578135,28.505759544214744,28.74796135646813,147544800
2015-06-15 00:00:00+00:00,28.46314811706543,28.534911423420617,28.19179306144201,28.27925453759451,175955600
2015-06-16 00:00:00+00:00,28.61564826965332,28.671713411917914,28.33980872785605,28.487819813728944,125976400
2015-06-17 00:00:00+00:00,28.548368453979492,28.678438271522495,28.422781383597965,28.642557473536485,131672400
2015-06-18 00:00:00+00:00,28.678438186645508,28.774870290470037,28.530427115061457,28.532670199607754,141628800
2015-06-19 00:00:00+00:00,28.39138412475586,28.6649822583035,28.346532700982078,28.640313461936277,218867600
2015-06-22 00:00:00+00:00,28.617881774902344,28.71879831280899,28.49902398684329,28.590969899673738,136157200
2015-06-23 00:00:00+00:00,28.48781394958496,28.617885463497288,28.454174528956322,28.588732211470873,121075600
2015-06-24 00:00:00+00:00,28.730018615722656,29.10901948506068,28.508001154789742,28.52818378261447,221123600
2015-06-25 00:00:00+00:00,28.593223571777344,28.97446586834541,28.593223571777344,28.898218093420763,127752400
2015-06-26 00:00:00+00:00,28.42502212524414,28.703104702860742,28.37120007721526,28.631341401831552,176267200
2015-06-29 00:00:00+00:00,27.927160263061523,28.362226187922754,27.9159482644552,28.135722600023964,196645600
2015-06-30 00:00:00+00:00,28.128999710083008,28.283740030796153,28.00117127022454,28.160396048927392,177482800
2015-07-01 00:00:00+00:00,28.39138412475586,28.467633598337862,28.25458505798204,28.458662971388677,120955200
2015-07-02 00:00:00+00:00,28.355501174926758,28.411566305873087,28.205245323651862,28.35325809061674,108844000
2015-07-06 00:00:00+00:00,28.25682830810547,28.308408985622616,27.998928342464044,28.01911268096107,112241600
2015-07-07 00:00:00+00:00,28.18730354309082,28.290463170521164,27.75672207128658,28.232154959896405,187787200
2015-07-08 00:00:00+00:00,27.48761558532715,27.951834856068285,27.480888042572847,27.915954057721272,243046400
2015-07-09 00:00:00+00:00,26.926969528198242,27.821768821680124,26.736348364961408,27.774674302125554,314380000
2015-07-10 00:00:00+00:00,27.646835327148438,27.774663749077142,27.182616141094524,27.34632706579643,245418000
2015-07-13 00:00:00+00:00,28.180580139160156,28.203005850855508,27.880070127331642,28.0392949046324,165762000
2015-07-14 00:00:00+00:00,28.16936492919922,28.33980340876629,28.041536497266925,28.265797024233898,127072400
2015-07-15 00:00:00+00:00,28.44072151184082,28.51472790040736,28.162638922315423,28.194035260924476,134596800
2015-07-16 00:00:00+00:00,28.81972312927246,28.833181637210444,28.559581771223318,28.647043252125144,144889600
2015-07-17 00:00:00+00:00,29.068645477294922,29.068645477294922,28.77486476412288,28.947546310607535,184658800
2015-07-20 00:00:00+00:00,29.61809539794922,29.819928544048835,29.31085608726878,29.371407399876567,235600800
2015-07-21 00:00:00+00:00,29.322065353393555,29.808710310384445,29.225634964554256,29.793013852130155,307025600
2015-07-22 00:00:00+00:00,28.081905364990234,28.14469804304387,27.35754306093514,27.35754306093514,461802400
2015-07-23 00:00:00+00:00,28.068452835083008,28.50127407834909,28.046025410046116,28.301682314521408,203998000
2015-07-24 00:00:00+00:00,27.920438766479492,28.198521372310356,27.78588277726922,28.104332350960387,168649200
2015-07-27 00:00:00+00:00,27.53246307373047,27.72084279877277,27.38669510564022,27.60422637113421,177822000
2015-07-28 00:00:00+00:00,27.66926383972168,27.78812335897345,27.483128898382656,27.66926383972168,134472400
2015-07-29 00:00:00+00:00,27.581802368164062,27.696175718624897,27.42033451127161,27.6176848745722,148046800
2015-07-30 00:00:00+00:00,27.44276237487793,27.48761379763778,27.29474960002063,27.431548663701914,134513200
2015-07-31 00:00:00+00:00,27.20280647277832,27.50331480036935,27.115344991704973,27.494344172698714,171540000
2015-08-03 00:00:00+00:00,26.56141471862793,27.487609986895492,26.35509375400843,27.247651315355515,279904000
2015-08-04 00:00:00+00:00,25.709224700927734,26.395461313253474,25.397502729252192,26.33266864427882,496554400
2015-08-05 00:00:00+00:00,25.879661560058594,26.337153176852183,25.139601239457118,25.330222318711495,397250400
2015-08-06 00:00:00+00:00,25.93597984313965,26.244608041420463,25.708452719054694,26.125212245497046,211612000
2015-08-07 00:00:00+00:00,26.02383804321289,26.188289996847722,25.794057674314534,25.812080135836588,154681600
2015-08-10 00:00:00+00:00,26.969999313354492,27.03082297860559,26.25136948728456,26.25136948728456,219806400
2015-08-11 00:00:00+00:00,25.5665340423584,26.62307743238375,25.53049083067417,26.539724819868848,388331200
2015-08-12 00:00:00+00:00,25.960763931274414,26.00131361469032,24.696967469981434,25.35026716114142,404870000
2015-08-13 00:00:00+00:00,25.940494537353516,26.222089133463047,25.803076236954702,26.140989752286142,194143200
2015-08-14 00:00:00+00:00,26.12295913696289,26.20180525553525,25.683672391547987,25.75350727960972,171718000
2015-08-17 00:00:00+00:00,26.393291473388672,26.50367604180423,26.01933313324298,26.140982169722307,163538800
2015-08-18 00:00:00+00:00,26.244613647460938,26.456373311859025,26.13422905842478,26.228844420455772,138242800
2015-08-19 00:00:00+00:00,25.908952713012695,26.24911770342962,25.834611336808948,26.154502343924918,193146000
2015-08-20 00:00:00+00:00,25.377302169799805,25.760270085103105,25.14752004564438,25.699446416189495,274006400
2015-08-21 00:00:00+00:00,23.825157165527344,25.208349747787157,23.80037670243172,24.877194212524824,513102000
2015-08-24 00:00:00+00:00,23.23042106628418,24.509986574734764,20.725355713481914,21.371897320238247,648825200
2015-08-25 00:00:00+00:00,23.370092391967773,25.030374333971082,23.316026724282544,25.030374333971082,414406400
2015-08-26 00:00:00+00:00,24.710491180419922,24.755545631287397,23.665212108096913,24.12477300683997,387098400
2015-08-27 00:00:00+00:00,25.43812370300293,25.510211835785952,24.784824032878664,25.282684687177554,338464400
2015-08-28 00:00:00+00:00,25.52147674560547,25.52598150204368,25.127244386669297,25.26916741714831,212657600
2015-08-31 00:00:00+00:00,25.402082443237305,25.80081958229044,25.2308724702343,25.237630464651282,224917200
2015-09-01 00:00:00+00:00,24.266693115234375,25.203838918636777,24.185593744331104,24.814113009473044,307383600
2015-09-02 00:00:00+00:00,25.30745506286621,25.30745506286621,24.584320736443473,24.83212522229969,247555200
2015-09-03 00:00:00+00:00,24.863676071166992,25.40658953677416,24.78933468830887,25.34125938687311,212935600
2015-09-04 00:00:00+00:00,24.61587142944336,24.88169678581994,24.444663159633794,24.548289760429146,199985200
2015-09-08 00:00:00+00:00,25.30070686340332,25.35702577403771,24.85240881599428,25.174553053571653,219374400
2015-09-09 00:00:00+00:00,24.814117431640625,25.685933246143406,24.728511570032982,25.627362804610613,340043200
2015-09-10 00:00:00+00:00,25.359275817871094,25.519221297682673,24.757790340540954,24.841141217803635,251571200
2015-09-11 00:00:00+00:00,25.728729248046875,25.728729248046875,25.176804647353713,25.1835626411939,199662000
2015-09-14 00:00:00+00:00,25.97653579711914,26.332471752308543,25.875162437635133,26.26263684771809,233453600
2015-09-15 00:00:00+00:00,26.195053100585938,26.251372014792125,25.776040241394576,26.116206964440654,173364800
2015-09-16 00:00:00+00:00,26.224340438842773,26.253625655941836,26.00582277337094,26.188295508212956,148694000
2015-09-17 00:00:00+00:00,25.663408279418945,26.242366781054837,25.618353825241677,26.055389249373647,256450400
2015-09-18 00:00:00+00:00,25.55752182006836,25.749007497654606,25.201587599083467,25.278180495144515,297141200
2015-09-21 00:00:00+00:00,25.954008102416992,25.99005303233456,25.604831867104032,25.607083386186236,200888000
2015-09-22 00:00:00+00:00,25.546260833740234,25.721975577988893,25.348017147948372,25.54175435794482,201384800
2015-09-23 00:00:00+00:00,25.75351333618164,25.843623943763124,25.523732919629904,25.598072581071506,143026800
2015-09-24 00:00:00+00:00,25.90669822692871,26.019336045306662,25.314223920998707,25.512465862605882,200878000
2015-09-25 00:00:00+00:00,25.84136962890625,26.287416172549907,25.6859288802746,26.23109725999836,224607600
2015-09-28 00:00:00+00:00,25.329992294311523,25.8098287657141,25.329992294311523,25.647630037714173,208436000
2015-09-29 00:00:00+00:00,24.568565368652344,25.571043186403358,24.2982352373021,25.417855653647006,293461600
2015-09-30 00:00:00+00:00,24.8479061126709,25.12724745125998,24.494223393409246,24.818619176742185,265892000
2015-10-01 00:00:00+00:00,24.685707092285156,24.69471832487898,24.174330384566158,24.570816025110002,255716400
2015-10-02 00:00:00+00:00,24.865922927856445,25.00784767192237,24.228394213815974,24.33202079531625,232079200
2015-10-05 00:00:00+00:00,24.956037521362305,25.08895105546204,24.570816346205817,24.753289082143915,208258800
2015-10-06 00:00:00+00:00,25.07543182373047,25.172300421099205,24.728507119635847,24.92224431437332,192787200
2015-10-07 00:00:00+00:00,24.956037521362305,25.17905994514408,24.64741096489583,25.172301950289615,187062400
2015-10-08 00:00:00+00:00,24.66768455505371,24.823125309088653,24.37707874993993,24.823125309088653,247918400
2015-10-09 00:00:00+00:00,25.257902145385742,25.29394534944359,24.665426187976884,24.780317230924524,211064400
2015-10-12 00:00:00+00:00,25.140758514404297,25.399825817707374,25.10471530941555,25.395321061602488,121868800
2015-10-13 00:00:00+00:00,25.183557510375977,25.332238500718336,24.93350147693463,24.965039920907746,132197200
2015-10-14 00:00:00+00:00,24.82762336730957,25.122733849725346,24.681193885350055,25.070921424837714,177849600
2015-10-15 00:00:00+00:00,25.19933319091797,25.253398863197944,24.890704945832848,24.989826777276747,150694000
2015-10-16 00:00:00+00:00,25.014604568481445,25.230868953263432,24.8997135232572,25.181308042824874,156930400
2015-10-19 00:00:00+00:00,25.170045852661133,25.174550608839052,24.805098728452744,24.960539456697973,119036800
2015-10-20 00:00:00+00:00,25.629608154296875,25.719718751746928,24.965045720696533,25.082188294279916,195871200
2015-10-21 00:00:00+00:00,25.627361297607422,26.03736295781257,25.613843588364897,25.681426978426508,167180800
2015-10-22 00:00:00+00:00,26.019338607788086,26.019338607788086,25.703952341526065,25.755766499318128,166616400
2015-10-23 00:00:00+00:00,26.825820922851562,26.859612609192745,26.206312975224012,26.289663853653483,237467600
2015-10-26 00:00:00+00:00,25.969776153564453,26.611811399874824,25.888676783639273,26.600548648823246,265335200
2015-10-27 00:00:00+00:00,25.80532455444336,26.253622584728166,25.679169030713865,25.996808499542563,279537600
2015-10-28 00:00:00+00:00,26.86863136291504,26.875391077481535,26.145496588843553,26.341487062060313,342205600
2015-10-29 00:00:00+00:00,27.152475357055664,27.188520288080834,26.643351877985065,26.74022048171907,204909200
2015-10-30 00:00:00+00:00,26.92043113708496,27.307905399994084,26.90916667088002,27.256091261654092,197461200
2015-11-02 00:00:00+00:00,27.29889678955078,27.339446465575755,26.94521417261154,27.213292681816455,128813200
2015-11-03 00:00:00+00:00,27.61203956604004,27.819292775674132,27.190773432762835,27.21104913735585,182076000
2015-11-04 00:00:00+00:00,27.483623504638672,27.893625032434624,27.39801939442772,27.738184316722403,179544400
2015-11-05 00:00:00+00:00,27.356931686401367,27.757377325663608,27.189514622939775,27.567334888537374,158210800
2015-11-06 00:00:00+00:00,27.388601303100586,27.55828122538361,27.289056922424475,27.399913988348825,132169200
2015-11-09 00:00:00+00:00,27.27774429321289,27.558281281996575,27.160100306327294,27.365977714895447,135485600
2015-11-10 00:00:00+00:00,26.418031692504883,26.712144245463755,26.257401574713732,26.447443983444817,236511600
2015-11-11 00:00:00+00:00,26.268722534179688,26.56509633666233,26.065106220000256,26.327545408514624,180872000
2015-11-12 00:00:00+00:00,26.180482864379883,26.42934642209491,26.164646139600023,26.302652623856034,130102400
2015-11-13 00:00:00+00:00,25.415788650512695,26.146544261482767,25.39995192710831,26.06283488001765,183249600
2015-11-16 00:00:00+00:00,25.832075119018555,25.845648962392257,25.112632076959997,25.198602628449553,152426800
2015-11-17 00:00:00+00:00,25.721216201782227,26.028902620835975,25.637506812779492,25.999490327526974,110467600
2015-11-18 00:00:00+00:00,26.53568458557129,26.58093188623807,26.130714858130276,26.18953772985619,186698800
2015-11-19 00:00:00+00:00,26.87278175354004,27.092234787489435,26.415777800939658,26.61486834124818,173183200
2015-11-20 00:00:00+00:00,26.990421295166016,27.130688931257996,26.888612302504892,26.967795923858993,137148400
2015-11-23 00:00:00+00:00,26.63975715637207,27.087713068028226,26.546997937757915,26.983641160191944,129930000
2015-11-24 00:00:00+00:00,26.895402908325195,27.001735954171995,26.497221864655707,26.544732043977394,171212800
2015-11-25 00:00:00+00:00,26.70309829711914,26.97458724505639,26.67821176707305,26.97006147991692,85553200
2015-11-27 00:00:00+00:00,26.653324127197266,26.78906945855036,26.60581395165312,26.761920047065026,52185600
2015-11-30 00:00:00+00:00,26.76418685913086,27.01531334250213,26.639754195812177,26.69405130068131,156721200
2015-12-01 00:00:00+00:00,26.5469970703125,26.879570100117174,26.438402852054224,26.865996254353384,139409600
2015-12-02 00:00:00+00:00,26.307180404663086,26.721199916323,26.261933106305477,26.54699419289124,133546400
2015-12-03 00:00:00+00:00,26.062841415405273,26.422563831611907,25.841127232147954,26.36826672719209,166278000
2015-12-04 00:00:00+00:00,26.929340362548828,26.979113426593596,26.042480192888327,26.083203452009155,231108000
2015-12-07 00:00:00+00:00,26.759654998779297,27.11711445374053,26.653321969993183,26.918023963849016,128336800
2015-12-08 00:00:00+00:00,26.74834632873535,26.832053993908925,26.438397018945828,26.587714467625513,137238000
2015-12-09 00:00:00+00:00,26.157859802246094,26.626176360987092,26.035690040043193,26.614863674717466,185445600
2015-12-10 00:00:00+00:00,26.28229331970215,26.456499039468202,26.132975857405,26.252882748995948,116850800
2015-12-11 00:00:00+00:00,25.605836868286133,26.105826936173422,25.53117727269117,26.060579637913694,187544800
2015-12-14 00:00:00+00:00,25.44746208190918,25.49270936680426,24.838876261452686,25.379589428493286,257274800
2015-12-15 00:00:00+00:00,24.997251510620117,25.519866967144758,24.96557805580939,25.325300472693826,213292400
2015-12-16 00:00:00+00:00,25.18954849243164,25.33660476596153,24.614900691498317,25.128464481680687,224954000
2015-12-17 00:00:00+00:00,24.65562629699707,25.395430047597255,24.65562629699707,25.343394108517348,179091200
2015-12-18 00:00:00+00:00,23.988218307495117,24.777795140586075,23.938445249201237,24.639790378144315,385813200
2015-12-21 00:00:00+00:00,24.282333374023438,24.291383178826663,23.884150593050297,24.271020686500957,190362400
2015-12-22 00:00:00+00:00,24.25970458984375,24.37056165458835,24.083236022645718,24.29816495756098,131157600
2015-12-23 00:00:00+00:00,24.571918487548828,24.626215586458603,24.2529193635474,24.26875608931582,130629600
2015-12-24 00:00:00+00:00,24.44070053100586,24.66015354977659,24.422600921482264,24.66015354977659,54281600
2015-12-28 00:00:00+00:00,24.16694450378418,24.36377382558586,24.022151115127777,24.341148456173702,106816800
2015-12-29 00:00:00+00:00,24.601335525512695,24.75744166775968,24.176004974409313,24.198628627731196,123724800
2015-12-30 00:00:00+00:00,24.280075073242188,24.592285630539386,24.24840161349062,24.56513793708039,100855200
2015-12-31 00:00:00+00:00,23.814016342163086,24.214460272698112,23.714470217162262,24.209936233413412,163649200
2016-01-04 00:00:00+00:00,23.834381103515625,23.83890686963274,23.076477529857655,23.21448405317116,270597600
2016-01-05 00:00:00+00:00,23.237106323242188,23.947499666855865,23.16923537018913,23.92487601583818,223164000
2016-01-06 00:00:00+00:00,22.78235626220703,23.16017819081429,22.59457846507853,22.7506828156517,273829600
2016-01-07 00:00:00+00:00,21.82084083557129,22.653403857602136,21.81631679638618,22.325356645359758,324377600
2016-01-08 00:00:00+00:00,21.93622398376465,22.422640191298093,21.890976687001704,22.295946379502862,283192000
2016-01-11 00:00:00+00:00,22.29142189025879,22.41132878701104,22.0221957987083,22.39096802012428,198957600
2016-01-12 00:00:00+00:00,22.614938735961914,22.780094611765282,22.36154944294424,22.748421165897238,196616800
2016-01-13 00:00:00+00:00,22.03350257873535,22.893214844520696,22.013141817307925,22.69638552035541,249758400
2016-01-14 00:00:00+00:00,22.515398025512695,22.73258988643495,21.660211330148687,22.162464272143104,252680400
2016-01-15 00:00:00+00:00,21.974679946899414,22.105899497671036,21.57423610011343,21.76427677965298,319335600
2016-01-19 00:00:00+00:00,21.868350982666016,22.31856792960295,21.60591185310772,22.264270833377413,212350800
2016-01-20 00:00:00+00:00,21.89775848388672,22.214494665318565,21.13532945674896,21.51541252925251,289337600
2016-01-21 00:00:00+00:00,21.786909103393555,22.144366932724644,21.479222615965675,21.95885023231142,208646000
2016-01-22 00:00:00+00:00,22.94525146484375,22.954301268454177,22.25522076876574,22.314041903123197,263202000
2016-01-25 00:00:00+00:00,22.497295379638672,22.970135924705975,22.445259445083135,22.967873042488762,207178000
2016-01-26 00:00:00+00:00,22.62173080444336,22.823084210172762,22.187350539908493,22.60815696057469,300308000
2016-01-27 00:00:00+00:00,21.135334014892578,21.86156398885528,21.117234406090553,21.72808325760617,533478800
2016-01-28 00:00:00+00:00,21.28691864013672,21.384201899439223,20.902311369075118,21.219047682576814,222715200
2016-01-29 00:00:00+00:00,22.02219581604004,22.02219581604004,21.34573885155747,21.445284981501306,257666000
2016-02-01 00:00:00+00:00,21.816316604614258,21.879663509091227,21.583289751970966,21.82536640897864,163774000
2016-02-02 00:00:00+00:00,21.375150680541992,21.72808444103568,21.32990165607242,21.5878150542907,149428800
2016-02-03 00:00:00+00:00,21.798213958740234,21.909071026129215,21.284650146650772,21.492790439810253,183857200
2016-02-04 00:00:00+00:00,21.97336769104004,22.139419786598744,21.652639308440207,21.805042169217714,185886800
2016-02-05 00:00:00+00:00,21.386499404907227,22.046155681463933,21.311436428419146,21.95516830962167,185672400
2016-02-08 00:00:00+00:00,21.611690521240234,21.7686419369141,21.163579209262206,21.184050453960722,216085600
2016-02-09 00:00:00+00:00,21.607139587402344,21.823234776151654,21.36602456765376,21.447913015009785,177324800
2016-02-10 00:00:00+00:00,21.44336700439453,21.916499965266436,21.40469793410092,21.818688841003876,169374400
2016-02-11 00:00:00+00:00,21.313709259033203,21.545727137520572,21.061220133559154,21.334182241459605,200298800
2016-02-12 00:00:00+00:00,21.37967872619629,21.495687685341977,21.156761455379897,21.42517328637108,161405600
2016-02-16 00:00:00+00:00,21.982471466064453,22.03023945976763,21.52071245816012,21.613973283359577,196231600
2016-02-17 00:00:00+00:00,22.31911849975586,22.33958974795907,21.87100711106077,21.98928948337225,179452800
2016-02-18 00:00:00+00:00,21.896028518676758,22.49426759603916,21.85735771329363,22.482893523495918,156084000
2016-02-19 00:00:00+00:00,21.84598731994629,22.009764260678107,21.791395584849003,21.836888408190077,141496800
2016-02-22 00:00:00+00:00,22.037052154541016,22.04160247667183,21.818683549126042,21.907395740843395,137123200
2016-02-23 00:00:00+00:00,21.538908004760742,21.950623813169514,21.507062678996533,21.92787739982938,127770400
2016-02-24 00:00:00+00:00,21.859630584716797,21.923321219230694,21.227271091415055,21.37740050314607,145022800
2016-02-25 00:00:00+00:00,22.009763717651367,22.009763717651367,21.666287182948636,21.848261942703175,110330800
2016-02-26 00:00:00+00:00,22.04387855529785,22.296365910006482,21.968813855969604,22.109842609985662,115964400
2016-02-29 00:00:00+00:00,21.993839263916016,22.344139519859407,21.984740353125822,22.032508333194496,140865200
2016-03-01 00:00:00+00:00,22.8673152923584,22.921907025044668,22.159890987375892,22.21220929380349,201628400
2016-03-02 00:00:00+00:00,22.917356491088867,22.949201810405075,22.66486736262482,22.862764763038186,132678400
2016-03-03 00:00:00+00:00,23.08795738220215,23.135725361636695,22.84911574958967,22.878687643125172,147822800
2016-03-04 00:00:00+00:00,23.43143653869629,23.59976206654897,23.058389836190376,23.28585742237398,184220400
2016-03-07 00:00:00+00:00,23.172117233276367,23.390485847485373,22.96512095397356,23.290399581849773,143315600
2016-03-08 00:00:00+00:00,22.981046676635742,23.147098754459083,22.837742742538126,22.924179788200856,126247600
2016-03-09 00:00:00+00:00,23.00152015686035,23.106155025593015,22.808171343644165,23.044737812907478,108806800
2016-03-10 00:00:00+00:00,23.012895584106445,23.256285835146045,22.780879406703452,23.06748905503419,134054400
2016-03-11 00:00:00+00:00,23.260831832885742,23.265380420230482,23.087956011311437,23.256281510101342,109632800
2016-03-14 00:00:00+00:00,23.319976806640625,23.408690764271487,23.151651274206692,23.18122317189698,100304400
2016-03-15 00:00:00+00:00,23.78856086730957,23.92504107358247,23.622508763793558,23.647530337411585,160270800
2016-03-16 00:00:00+00:00,24.104740142822266,24.18207828833475,23.790833766368227,23.795384089892455,153214000
2016-03-17 00:00:00+00:00,24.06607437133789,24.2184772569466,23.875000672228317,24.002381981341248,137682800
2016-03-18 00:00:00+00:00,24.09336280822754,24.225294405533155,23.92731246630815,24.18889876402552,176820800
2016-03-21 00:00:00+00:00,24.09109115600586,24.486884241624683,23.915940155373736,24.095639743809368,142010800
2016-03-22 00:00:00+00:00,24.275339126586914,24.40499557088636,23.93186261309757,23.940961524067337,129777600
2016-03-23 00:00:00+00:00,24.14113426208496,24.35495434812991,24.088817689184573,24.220749305486347,102814000
2016-03-24 00:00:00+00:00,24.0364990234375,24.16843063777754,23.859074586778792,23.991006201118832,104532000
2016-03-28 00:00:00+00:00,23.92731475830078,24.154782333193452,23.897742862883216,24.111562938623084,77645600
2016-03-29 00:00:00+00:00,24.493703842163086,24.51872540944366,23.856794060285864,23.859069221522155,124760400
2016-03-30 00:00:00+00:00,24.921344757080078,25.116966993110236,24.702976112650077,24.71435018456986,182404400
2016-03-31 00:00:00+00:00,24.79168701171875,24.99868330874348,24.76666544316764,24.9577390816089,103553600
2016-04-01 00:00:00+00:00,25.01915740966797,25.02143257127942,24.611990253209825,24.743921859636675,103496000
2016-04-04 00:00:00+00:00,25.276193618774414,25.519583816667822,25.0828448218112,25.116965299830568,149424800
2016-04-05 00:00:00+00:00,24.978212356567383,25.18748383194415,24.889500146475836,24.909973129426067,106314800
2016-04-06 00:00:00+00:00,25.23979949951172,25.2443498224228,24.839456119882172,25.073749157491083,105616400
2016-04-07 00:00:00+00:00,24.689329147338867,25.116967534976737,24.593793188734622,25.01005750420733,127207600
2016-04-08 00:00:00+00:00,24.716629028320312,24.969116455245747,24.60516866030821,24.7734959255118,94326800
2016-04-11 00:00:00+00:00,24.79850959777832,25.160183876418415,24.755291946757595,24.78713726243162,117630000
2016-04-12 00:00:00+00:00,25.12152099609375,25.135168496044926,24.716628966769033,24.87130526072232,108929200
2016-04-13 00:00:00+00:00,25.485462188720703,25.55370140624082,25.20340293833727,25.20340293833727,133029200
2016-04-14 00:00:00+00:00,25.49911117553711,25.56507697113653,25.323961931348016,25.389927726947437,101895600
2016-04-15 00:00:00+00:00,24.987306594848633,25.544603057211475,24.96001160327196,25.501383673295813,187756000
2016-04-18 00:00:00+00:00,24.448219299316406,24.782595225688052,24.325386582603503,24.768947724533326,243286000
2016-04-19 00:00:00+00:00,24.318561553955078,24.56650040091607,24.163883519050227,24.539203664601082,129539600
2016-04-20 00:00:00+00:00,24.36860466003418,24.586973359402016,24.125214384499593,24.257146016026045,122444000
2016-04-21 00:00:00+00:00,24.104740142822266,24.32310881510685,24.002378688806406,24.32310881510685,126210000
2016-04-22 00:00:00+00:00,24.03877067565918,24.22074540924642,23.797655628779815,23.88636783415768,134732400
2016-04-25 00:00:00+00:00,23.90229606628418,24.03195253017809,23.772639602390267,23.884098241594486,112126400
2016-04-26 00:00:00+00:00,23.73624038696289,23.95233561794742,23.636155837086093,23.636155837086093,224064800
2016-04-27 00:00:00+00:00,22.250879287719727,22.453325301285393,21.76409879044499,21.836888348856913,458408400
2016-04-28 00:00:00+00:00,21.57075309753418,22.26452824183522,21.438821471970282,22.203112752936207,328970800
2016-04-29 00:00:00+00:00,21.322811126708984,21.545730125638386,21.043026966450206,21.379678023478327,274126000
2016-05-02 00:00:00+00:00,21.30006217956543,21.400148461306156,21.018002891088553,21.375126890870973,192640400
2016-05-03 00:00:00+00:00,21.65036392211914,21.777745209156116,21.309162558607348,21.42744493436456,227325200
2016-05-04 00:00:00+00:00,21.425168991088867,21.814138291543287,21.341005373218504,21.654909966013385,164102000
2016-05-05 00:00:00+00:00,21.338205337524414,21.528153320228604,21.210048503895518,21.512133716024994,143562000
2016-05-06 00:00:00+00:00,21.219202041625977,21.386263372819275,21.02009975718412,21.3679565015419,174799600
2016-05-09 00:00:00+00:00,21.23522186279297,21.45949631578954,21.189450319116013,21.283280674149378,131745600
2016-05-10 00:00:00+00:00,21.3794002532959,21.41372847769353,21.079604035302324,21.35880436626093,134747200
2016-05-11 00:00:00+00:00,21.171146392822266,21.413729497035963,21.15970306880965,21.393133609020584,114876400
2016-05-12 00:00:00+00:00,20.67453384399414,21.232934498180615,20.475433288055125,21.219203907014062,305258800
2016-05-13 00:00:00+00:00,20.71573257446289,20.9789133627286,20.59673001373746,20.59673001373746,177571200
2016-05-16 00:00:00+00:00,21.484668731689453,21.60138397742799,20.974328713784146,21.143679048577294,245039200
2016-05-17 00:00:00+00:00,21.395418167114258,21.67232946228662,21.285569952933194,21.638002986608715,187667600
2016-05-18 00:00:00+00:00,21.640291213989258,21.789045683878502,21.486960462475313,21.548751613447532,168249600
2016-05-19 00:00:00+00:00,21.557905197143555,21.65860085771305,21.413728748060358,21.65860085771305,121768400
2016-05-20 00:00:00+00:00,21.791339874267578,21.839398699770236,21.63114204325234,21.658604977542307,128104000
2016-05-23 00:00:00+00:00,22.068246841430664,22.24217523186175,21.894318450999574,21.94008999901093,152074400
2016-05-24 00:00:00+00:00,22.4046573638916,22.44813814629909,22.16207255622388,22.249037613050458,140560800
2016-05-25 00:00:00+00:00,22.798280715942383,22.82574189131639,22.452713042439825,22.580869850200006,152675200
2016-05-26 00:00:00+00:00,22.97908592224121,23.05231867011762,22.574015921482292,22.812022788582233,225324800
2016-05-27 00:00:00+00:00,22.965349197387695,22.992812127350895,22.713611783746387,22.757094319686594,145364800
2016-05-31 00:00:00+00:00,22.853212356567383,22.97679292456117,22.615205530728176,22.793710213606047,169228800
2016-06-01 00:00:00+00:00,22.53281593322754,22.779977041220498,22.503065738119584,22.660972768776805,116693200
2016-06-02 00:00:00+00:00,22.363466262817383,22.390927444984836,22.114016133425096,22.33600333464394,160766400
2016-06-03 00:00:00+00:00,22.409236907958984,22.489334935641455,22.3016759510685,22.37948671082151,114019600
2016-06-06 00:00:00+00:00,22.57172203063965,23.317781688830866,22.324562651207234,22.425256566529306,93170000
2016-06-07 00:00:00+00:00,22.663265228271484,22.855502256828974,22.64724562139221,22.71361306303669,89638000
2016-06-08 00:00:00+00:00,22.642667770385742,22.784555208341402,22.583165629239712,22.66097464411784,83392400
2016-06-09 00:00:00+00:00,22.805147171020508,22.882956166549626,22.532812194657307,22.541966502249963,106405600
2016-06-10 00:00:00+00:00,22.617488861083984,22.736491371095674,22.53739084992172,22.548832425227364,126851600
2016-06-13 00:00:00+00:00,22.276500701904297,22.68385960373706,22.221576592783116,22.585452962475056,152082000
2016-06-14 00:00:00+00:00,22.30396270751953,22.537393217145958,22.141477654664918,22.271923499689375,127727600
2016-06-15 00:00:00+00:00,22.23073387145996,22.52137755247799,22.205559954332223,22.38635365642864,117780800
2016-06-16 00:00:00+00:00,22.324562072753906,22.37033187435017,21.9858596045211,22.07282292595641,125307200
2016-06-17 00:00:00+00:00,21.816511154174805,22.118596410783482,21.80964585793468,22.111731114543357,244032800
2016-06-20 00:00:00+00:00,21.763874053955078,22.100287533869583,21.74785444757849,21.96984166880132,137647600
2016-06-21 00:00:00+00:00,21.94923973083496,22.04993362344696,21.667750443792706,21.727252570794565,142185600
2016-06-22 00:00:00+00:00,21.866859436035156,22.17352098108591,21.821087883486104,22.02705550494134,116876400
2016-06-23 00:00:00+00:00,21.992721557617188,22.0362040847292,21.798197311388623,21.956106071106348,128960800
2016-06-24 00:00:00+00:00,21.374820709228516,21.66317530575075,21.20318135944243,21.262683489583218,301245600
2016-06-27 00:00:00+00:00,21.06358528137207,21.29472680591838,20.940004716149474,21.28328348198799,181958400
2016-06-28 00:00:00+00:00,21.418302536010742,21.43432388560499,21.08646714196265,21.26039551378382,161779600
2016-06-29 00:00:00+00:00,21.60367774963379,21.638005976060278,21.42746033544734,21.505271098414454,146124000
2016-06-30 00:00:00+00:00,21.87830352783203,21.917208042463045,21.580796259116383,21.612835476577967,143345600
2016-07-01 00:00:00+00:00,21.944664001464844,22.077398857901848,21.816507172356477,21.853122660956362,104106000
2016-07-05 00:00:00+00:00,21.73869514465332,21.832525493313497,21.61740361765806,21.83023647978366,110820800
2016-07-06 00:00:00+00:00,21.86227798461914,21.892029925619067,21.596810005425958,21.649445100108103,123796400
2016-07-07 00:00:00+00:00,21.956104278564453,22.08426108989803,21.882871565515895,21.90117843427383,100558400
2016-07-08 00:00:00+00:00,22.12546157836914,22.173520397776734,21.981285120146364,22.081979041092968,115648400
2016-07-11 00:00:00+00:00,22.194116592407227,22.347447350950745,22.136903466442686,22.14147974827719,95179600
2016-07-12 00:00:00+00:00,22.294809341430664,22.35888775980049,22.226154641465545,22.237596218456755,96670000
2016-07-13 00:00:00+00:00,22.1689395904541,22.352020520444444,22.162072549649462,22.292520134850626,103568800
2016-07-14 00:00:00+00:00,22.60833740234375,22.65410720134562,22.27192396706166,22.287943571312905,155676000
2016-07-15 00:00:00+00:00,22.606046676635742,22.725050938637875,22.541968264483412,22.638085882711906,120548000
2016-07-18 00:00:00+00:00,22.84634017944336,22.91499486586905,22.564850901681766,22.587735797156995,145975600
2016-07-19 00:00:00+00:00,22.855497360229492,22.885247553486927,22.73420408155112,22.78455190552972,95119600
2016-07-20 00:00:00+00:00,22.8760929107666,22.990519146862475,22.82574508752349,22.885247219174968,105104000
2016-07-21 00:00:00+00:00,22.75480079650879,23.114099098798395,22.686144358209066,22.846342132239833,130808000
2016-07-22 00:00:00+00:00,22.57858657836914,22.725052026300503,22.498486813339227,22.715897717554057,113254800
2016-07-25 00:00:00+00:00,22.276500701904297,22.619779439422075,22.180383074440744,22.484757307414604,161531600
2016-07-26 00:00:00+00:00,22.123165130615234,22.4206740033689,22.065952020163035,22.15749334608767,224959200
2016-07-27 00:00:00+00:00,23.560361862182617,23.88075567991044,23.514592065081146,23.862447062667513,369379200
2016-07-28 00:00:00+00:00,23.878467559814453,23.903641472964054,23.530612549210936,23.53290156295342,159479200
2016-07-29 00:00:00+00:00,23.848716735839844,23.926527486977772,23.72742520077759,23.844140454481547,110934800
2016-08-01 00:00:00+00:00,24.269798278808594,24.29268317013597,23.894480473822664,23.894480473822664,152671600
2016-08-02 00:00:00+00:00,23.910507202148438,24.27438179697061,23.800657246613817,24.269805515742664,135266400
2016-08-03 00:00:00+00:00,24.210304260253906,24.221745836740908,23.976873751043904,23.98602805983703,120810400
2016-08-04 00:00:00+00:00,24.359865188598633,24.38977654673593,24.22410985912908,24.293138230786738,109634800
2016-08-05 00:00:00+00:00,24.730314254760742,24.769429513501382,24.431193646294137,24.45190110487526,162213600
2016-08-08 00:00:00+00:00,24.935096740722656,24.935096740722656,24.656685340308965,24.739516931880807,112148800
2016-08-09 00:00:00+00:00,25.036334991455078,25.066248104860545,24.852262260682963,24.902882832171223,105260800
2016-08-10 00:00:00+00:00,24.849960327148438,25.05704368096755,24.79473868461813,25.01332559642119,96034000
2016-08-11 00:00:00+00:00,24.8338565826416,25.063948832362932,24.815448781352405,24.9696101673542,109938000
2016-08-12 00:00:00+00:00,24.891374588012695,24.95119905231607,24.799337355730007,24.799337355730007,74641600
2016-08-15 00:00:00+00:00,25.19049835205078,25.204303324233287,24.86836887589848,24.882173848080985,103472800
2016-08-16 00:00:00+00:00,25.167484283447266,25.363064058435743,25.12836903063524,25.225007333628778,135177600
2016-08-17 00:00:00+00:00,25.130674362182617,25.16518854876531,24.928192070478527,25.10306266182357,101424000
2016-08-18 00:00:00+00:00,25.09845733642578,25.218104506777873,25.084650610853657,25.13297151715986,87938800
2016-08-19 00:00:00+00:00,25.162885665893555,25.23881652084985,24.93279344272735,25.02713034138403,101472400
2016-08-22 00:00:00+00:00,24.967309951782227,25.103063533466226,24.81544822773113,25.047841886295153,103280800
2016-08-23 00:00:00+00:00,25.045536041259766,25.1536796579577,24.97190660623669,24.985711576720956,85030800
2016-08-24 00:00:00+00:00,24.856863021850586,25.022529706297615,24.77633109342894,24.981113035185857,94700400
2016-08-25 00:00:00+00:00,24.751022338867188,24.822350371957413,24.54624038444438,24.70960566519378,100344800
2016-08-26 00:00:00+00:00,24.606067657470703,24.838459583798695,24.46110840539368,24.7142113041108,111065200
2016-08-29 00:00:00+00:00,24.578454971313477,24.721112803484353,24.456506355239565,24.53243722182074,99881200
2016-08-30 00:00:00+00:00,24.389768600463867,24.504814678767943,24.27472252215979,24.343750871327774,99455600
2016-08-31 00:00:00+00:00,24.41278648376465,24.520930118195828,24.30694426327963,24.31154709117195,118649600
2016-09-01 00:00:00+00:00,24.557741165161133,24.573847548868294,24.302338683901738,24.42198585494577,106806000
2016-09-02 00:00:00+00:00,24.78783416748047,24.84995829080322,24.578449417036985,24.780929926698633,107210000
2016-09-06 00:00:00+00:00,24.780933380126953,24.918990127575476,24.73721704853509,24.82695288109795,107521600
2016-09-07 00:00:00+00:00,24.93278694152832,25.02482415788906,24.635967840383472,24.810838375922494,169457200
2016-09-08 00:00:00+00:00,24.279329299926758,24.6819906686396,24.214903761806983,24.67738959683001,212008000
2016-09-09 00:00:00+00:00,23.729408264160156,24.325347982790056,23.729408264160156,24.076847982230927,186228000
2016-09-12 00:00:00+00:00,24.260927200317383,24.32535274890815,23.591357915753633,23.618969617491622,181171200
2016-09-13 00:00:00+00:00,24.838449478149414,25.03172781712761,24.675084245284594,24.737210115317,248704800
2016-09-14 00:00:00+00:00,25.7174072265625,26.007323921713333,24.988015294319997,25.017928407079655,443554800
2016-09-15 00:00:00+00:00,26.59175682067871,26.628572417152412,26.113164599306145,26.198299349553388,359934400
2016-09-16 00:00:00+00:00,26.442197799682617,26.72060917837081,26.239717275763297,26.48821729748088,319547600
2016-09-19 00:00:00+00:00,26.133874893188477,26.732114316940482,26.05794403891596,26.504323509587255,188092000
2016-09-20 00:00:00+00:00,26.13157844543457,26.258129893271658,25.887681206473637,26.011931240132416,138057200
2016-09-21 00:00:00+00:00,26.126972198486328,26.228211581242384,25.871569694677156,26.19599881098396,144012800
2016-09-22 00:00:00+00:00,26.3731746673584,26.44680411809013,26.230516838549914,26.311048775996408,124296000
2016-09-23 00:00:00+00:00,25.933698654174805,26.41229098071964,25.66679254294399,26.32715621176375,209924800
2016-09-26 00:00:00+00:00,25.97281265258789,26.090160192090355,25.666791293009044,25.687498752969418,119477600
2016-09-27 00:00:00+00:00,26.02112579345703,26.041835004089947,25.848556645194055,26.000418338288267,98429600
2016-09-28 00:00:00+00:00,26.21900749206543,26.377771683950325,26.09936031132351,26.159184779426624,118564400
2016-09-29 00:00:00+00:00,25.81174659729004,26.184496644249702,25.72431218129603,26.03723775654168,143548000
2016-09-30 00:00:00+00:00,26.011926651000977,26.08555609253491,25.72431137071775,25.876171325865826,145516400
2016-10-03 00:00:00+00:00,25.889978408813477,26.011928772188277,25.834756762025975,25.93369649673019,86807200
2016-10-04 00:00:00+00:00,26.00042152404785,26.301841778197506,25.915286768506363,26.014226495851847,118947200
2016-10-05 00:00:00+00:00,26.011926651000977,26.152283048216344,25.92909330984226,26.09245857838741,85812400
2016-10-06 00:00:00+00:00,26.205202102661133,26.308742896738433,26.030331528553607,26.161484020268183,115117200
2016-10-07 00:00:00+00:00,26.24431610107422,26.359362202524434,26.1177664427575,26.301839151799324,97433600
2016-10-10 00:00:00+00:00,26.702199935913086,26.863263770251425,26.39617689520611,26.465203500437912,144944000
2016-10-11 00:00:00+00:00,26.75972557067871,27.3096458295167,26.736714944580275,27.081853270485173,256164000
2016-10-12 00:00:00+00:00,26.999021530151367,27.146282172948993,26.86326795654847,27.001322943990314,150347200
2016-10-13 00:00:00+00:00,26.916189193725586,27.022031406337156,26.626272499332984,26.87247110932311,140769600
2016-10-14 00:00:00+00:00,27.065750122070312,27.190000144909853,26.950703999677906,27.123273183266516,142608800
2016-10-17 00:00:00+00:00,27.047344207763672,27.114069414265973,26.870172195360325,26.996723632791287,94499600
2016-10-18 00:00:00+00:00,27.0289363861084,27.199204156414318,27.024333558133783,27.192301669916915,98214000
2016-10-19 00:00:00+00:00,26.948402404785156,27.09566129042898,26.184496277208687,26.978313762490675,80138400
2016-10-20 00:00:00+00:00,26.934589385986328,27.008218811609858,26.766623081656387,26.888571653270613,96503200
2016-10-21 00:00:00+00:00,26.828754425048828,26.900084212080298,26.755124979586743,26.87707358405853,92770800
2016-10-24 00:00:00+00:00,27.070348739624023,27.091056195810943,26.920788452682935,26.943797322489818,94154800
2016-10-25 00:00:00+00:00,27.208406448364258,27.233716734334774,26.99211918842146,27.139378076542048,192516000
2016-10-26 00:00:00+00:00,26.59635353088379,26.62166381044268,26.071743655415826,26.301835829250123,264536800
2016-10-27 00:00:00+00:00,26.34096336364746,26.65849005851382,26.253527179137905,26.550346412703377,138248000
2016-10-28 00:00:00+00:00,26.166091918945312,26.50892889259923,26.10396602608668,26.200606108815148,151446800
2016-10-31 00:00:00+00:00,26.124671936035156,26.283436136065532,26.046439665199756,26.149982221705635,105677600
2016-11-01 00:00:00+00:00,25.652978897094727,26.17758883243774,25.43209059565894,26.10626081215673,175303200
2016-11-02 00:00:00+00:00,25.675989151000977,25.85085972403607,25.593157569525687,25.632272824340404,113326800
2016-11-03 00:00:00+00:00,25.40077781677246,25.777753118472877,25.336021496429066,25.666742787734883,107730400
2016-11-04 00:00:00+00:00,25.17182159423828,25.497918266638514,25.002992828743622,25.100127331998998,123348000
2016-11-07 00:00:00+00:00,25.534915924072266,25.5580429283701,25.315204972049514,25.458595221859813,130240000
2016-11-08 00:00:00+00:00,25.68523597717285,25.837877343819144,25.37070385603221,25.511780841153097,97016800
2016-11-09 00:00:00+00:00,25.643613815307617,25.745374754744027,24.989110927459684,25.412340236208415,236705600
2016-11-10 00:00:00+00:00,24.92898178100586,25.69218360921594,24.475685732646994,25.69218360921594,228538000
2016-11-11 00:00:00+00:00,25.076995849609375,25.178756795527548,24.64220212842012,24.774028006324347,136575600
2016-11-14 00:00:00+00:00,24.44792938232422,24.933603536547555,24.07095409058194,24.910476531961177,204702000
2016-11-15 00:00:00+00:00,24.771718978881836,24.903544879150473,24.552009733260036,24.64683100528874,129058000
2016-11-16 00:00:00+00:00,25.43777847290039,25.493285397947776,24.653761242497755,24.676888245695544,235362000
2016-11-17 00:00:00+00:00,25.428531646728516,25.52104143974233,25.16950634366288,25.39615348384531,110528000
2016-11-18 00:00:00+00:00,25.453968048095703,25.56498013587866,25.361460033500062,25.375335882793955,113715600
2016-11-21 00:00:00+00:00,25.840194702148438,25.900324555153695,25.44240391099526,25.467844142834856,117058400
2016-11-22 00:00:00+00:00,25.85637855529785,25.999766999080048,25.763868800436452,25.891068169453664,103862000
2016-11-23 00:00:00+00:00,25.72456169128418,25.78931801290716,25.516415111440722,25.75462662218701,109705600
2016-11-25 00:00:00+00:00,25.85407257080078,25.87257487985298,25.659801854707293,25.70143116783609,45903600
2016-11-28 00:00:00+00:00,25.803192138671875,26.011338704602437,25.761562825485765,25.770813980024602,108776000
2016-11-29 00:00:00+00:00,25.777753829956055,25.909579704144274,25.456283684751845,25.62048772000542,114115200
2016-11-30 00:00:00+00:00,25.560352325439453,25.94889196542715,25.5025339371346,25.81012818639094,144649200
2016-12-01 00:00:00+00:00,25.322139739990234,25.657487436171824,25.21575412190138,25.52566158718378,148347600
2016-12-02 00:00:00+00:00,25.41696548461914,25.460906262709315,25.174127532346787,25.248135003552513,106112000
2016-12-05 00:00:00+00:00,25.23426055908203,25.447031830085415,25.035365138303142,25.440093904973168,137298000
2016-12-06 00:00:00+00:00,25.428531646728516,25.523354669798998,25.252764980927562,25.324459232386438,104782000
2016-12-07 00:00:00+00:00,25.67830467224121,25.715309291078377,25.24582421756523,25.268951222099787,119994800
2016-12-08 00:00:00+00:00,25.930387496948242,26.002081722960817,25.578850761161544,25.638982369949755,108273200
2016-12-09 00:00:00+00:00,26.353618621826172,26.527073773170734,25.974330165377562,25.974330165377562,137610400
2016-12-12 00:00:00+00:00,26.203296661376953,26.5964610317069,26.015963866439467,26.20098343158141,105497600
2016-12-13 00:00:00+00:00,26.640399932861328,26.809228630827654,26.30736546693298,26.328179238814947,174935200
2016-12-14 00:00:00+00:00,26.640399932861328,26.873984940429924,26.591832700659626,26.605708548580942,136127200
2016-12-15 00:00:00+00:00,26.786109924316406,26.99656976017394,26.649659338896587,26.684348969442205,186098000
2016-12-16 00:00:00+00:00,26.820798873901367,26.943373595926957,26.74679139468908,26.93643567045041,177404400
2016-12-19 00:00:00+00:00,26.975749969482422,27.146891922975687,26.76991662642876,26.781481011108013,111117600
2016-12-20 00:00:00+00:00,27.047441482543945,27.17464264326072,26.984998399223013,26.998874247854953,85700000
2016-12-21 00:00:00+00:00,27.072877883911133,27.151511798812326,27.00812158015541,27.012748038696216,95132800
2016-12-22 00:00:00+00:00,26.894805908203125,26.945686380159405,26.744477722280696,26.908681758926672,104343600
2016-12-23 00:00:00+00:00,26.947999954223633,26.947999954223633,26.732915428791696,26.732915428791696,56998000
2016-12-27 00:00:00+00:00,27.1191349029541,27.244022822185855,26.941053294901092,26.947991218556684,73187600
2016-12-28 00:00:00+00:00,27.003509521484375,27.294913024737692,26.873995088894024,27.179276209786376,83623600
2016-12-29 00:00:00+00:00,26.996566772460938,27.08445010091319,26.920246064751705,26.931808685494726,60158000
2016-12-30 00:00:00+00:00,26.786109924316406,27.10526687667962,26.69591335594251,26.978067447564513,122345200
2017-01-03 00:00:00+00:00,26.862424850463867,26.904054162623346,26.5409547371957,26.781479455841893,115127600
2017-01-04 00:00:00+00:00,26.83235740661621,26.9456827203915,26.769914322363828,26.793041325254443,84472400
2017-01-05 00:00:00+00:00,26.968809127807617,27.02662751599613,26.783789579813508,26.809229811774625,88774400
2017-01-06 00:00:00+00:00,27.269466400146484,27.327284790344933,26.93643190797069,27.00812614718405,127007600
2017-01-09 00:00:00+00:00,27.519245147705078,27.621006096255645,27.276408926587862,27.278720392162167,134247600
2017-01-10 00:00:00+00:00,27.5469970703125,27.609440162390683,27.359666029600515,27.4683631332568,97848400
2017-01-11 00:00:00+00:00,27.695005416870117,27.736634723148878,27.429040502560095,27.461418655835015,110354400
2017-01-12 00:00:00+00:00,27.579378128051758,27.590942514399643,27.338853360732273,27.498432717049436,108344800
2017-01-13 00:00:00+00:00,27.530807495117188,27.664946596551783,27.4776137947285,27.546996575326368,104447600
2017-01-17 00:00:00+00:00,27.75282859802246,27.808333761164853,27.341161922801497,27.368913622134034,137759200
2017-01-18 00:00:00+00:00,27.750511169433594,27.868461167182296,27.68575486148593,27.75282439885374,94852000
2017-01-19 00:00:00+00:00,27.701946258544922,27.77364049628045,27.607125018102177,27.61406294246662,102389200
2017-01-20 00:00:00+00:00,27.75282859802246,27.856900999474114,27.69038551004693,27.856900999474114,130391600
2017-01-23 00:00:00+00:00,27.77133560180664,27.940164349543462,27.69963958263072,27.752833289472363,88200800
2017-01-24 00:00:00+00:00,27.745887756347656,27.77595268228971,27.63718890678288,27.64875328994059,92844000
2017-01-25 00:00:00+00:00,28.187620162963867,28.238500627226383,27.817582828978104,27.849960985422033,129510400
2017-01-26 00:00:00+00:00,28.20150375366211,28.317140555322883,28.122869811004453,28.139058892657857,105350400
2017-01-27 00:00:00+00:00,28.20380973815918,28.296319514405013,28.122864345623032,28.247752278883326,82251600
2017-01-30 00:00:00+00:00,28.129810333251953,28.129810333251953,27.905476399484527,27.967919501774897,121510000
2017-01-31 00:00:00+00:00,28.065048217773438,28.074299372591287,27.89621949466042,28.01879420816155,196804000
2017-02-01 00:00:00+00:00,29.776473999023438,30.178891306404857,29.37405845611944,29.378683151438544,447940000
2017-02-02 00:00:00+00:00,29.72559356689453,29.92448899094638,29.552138378324482,29.59839415396295,134841600
2017-02-03 00:00:00+00:00,29.85279083251953,29.87823106466775,29.6400195858955,29.674709207481992,98029200
2017-02-06 00:00:00+00:00,30.132627487182617,30.181196482538002,29.811157412932904,29.864352867120733,107383600
2017-02-07 00:00:00+00:00,30.41941261291504,30.548925248474873,30.16963673192623,30.190450506436633,152735200
2017-02-08 00:00:00+00:00,30.537357330322266,30.578988403480192,30.347714858470635,30.377781548587233,92016400
2017-02-09 00:00:00+00:00,30.75802993774414,30.764997943819264,30.456070012219065,30.579176178553418,113399600
2017-02-10 00:00:00+00:00,30.688335418701172,30.878803635030547,30.67207792505951,30.7673120332242,80262000
2017-02-13 00:00:00+00:00,30.96010398864746,31.08321367850511,30.834676356162298,30.911327954335647,92141600
2017-02-14 00:00:00+00:00,31.3619384765625,31.378195970121926,30.950808545147627,31.00190960077,132904800
2017-02-15 00:00:00+00:00,31.47574806213379,31.652280250734584,31.269022376209463,31.478073092565086,142492400
2017-02-16 00:00:00+00:00,31.438596725463867,31.566345847350487,31.320133551289572,31.51292329396582,90338400
2017-02-17 00:00:00+00:00,31.524539947509766,31.55009048246474,31.38052977462998,31.38052977462998,88792800
2017-02-21 00:00:00+00:00,31.752172470092773,31.763786995029786,31.584933234914892,31.64300231534456,98028800
2017-02-22 00:00:00+00:00,31.847400665283203,31.849722152134923,31.615124386940902,31.689450952997976,83347600
2017-02-23 00:00:00+00:00,31.712688446044922,31.933350260398253,31.659265880187007,31.910124752930138,83152800
2017-02-24 00:00:00+00:00,31.74286651611328,31.74286651611328,31.422324224200207,31.568659365161142,87106400
2017-02-27 00:00:00+00:00,31.805593490600586,31.924056677260598,31.65461530650104,31.854373075270335,81029600
2017-02-28 00:00:00+00:00,31.819534301757812,31.924057936739292,31.752172184282717,31.840438319903033,93931600
2017-03-01 00:00:00+00:00,32.46989822387695,32.55351782284726,31.961216169750056,32.02857472857813,145658400
2017-03-02 00:00:00+00:00,32.27711486816406,32.583717728429235,32.230656774687745,32.51868065066829,104844000
2017-03-03 00:00:00+00:00,32.46757507324219,32.47918959499792,32.191165759026184,32.2352988151453,84432400
2017-03-06 00:00:00+00:00,32.36536407470703,32.46524468130352,32.19348195918582,32.37233207699825,87000000
2017-03-07 00:00:00+00:00,32.40718460083008,32.51402969503184,32.23762038014406,32.30033596237388,69785200
2017-03-08 00:00:00+00:00,32.28641128540039,32.47223306639771,32.244603245410225,32.274796759540116,74828800
2017-03-09 00:00:00+00:00,32.212066650390625,32.237617178075695,31.833458796471568,32.22600620169946,88623600
2017-03-10 00:00:00+00:00,32.31892395019531,32.37002501927713,32.20278580123755,32.34447448473622,78451200
2017-03-13 00:00:00+00:00,32.332855224609375,32.38627777291276,32.24459265442432,32.251560658800656,69686800
2017-03-14 00:00:00+00:00,32.28408432006836,32.437383984943246,32.24924074839969,32.3560894062265,61236400
2017-03-15 00:00:00+00:00,32.62553024291992,32.69288880959181,32.2933732951278,32.38163942216788,102767200
2017-03-16 00:00:00+00:00,32.67894744873047,32.7555990395179,32.57906681433918,32.68591545296074,76928000
2017-03-17 00:00:00+00:00,32.516353607177734,32.750951344422546,32.493124564409044,32.750951344422546,175540000
2017-03-20 00:00:00+00:00,32.85780715942383,32.8670966520087,32.57210475680419,32.61159130273627,86168000
2017-03-21 00:00:00+00:00,32.48151779174805,33.16905721722012,32.45596725630893,33.008785998943395,158119600
2017-03-22 00:00:00+00:00,32.848514556884766,32.89032613470719,32.46293504079582,32.483842601834596,103440800
2017-03-23 00:00:00+00:00,32.73237991333008,32.885683141353496,32.66037481829785,32.81135301470377,81385200
2017-03-24 00:00:00+00:00,32.66733932495117,32.922844677617626,32.59998075611463,32.867097088602634,89582400
2017-03-27 00:00:00+00:00,32.72309112548828,32.802064228565484,32.19814434140379,32.37699811128912,94300400
2017-03-28 00:00:00+00:00,33.40132522583008,33.457069257118434,32.66268491297088,32.73004700978335,133499200
2017-03-29 00:00:00+00:00,33.47565460205078,33.56159923128349,33.25963937410427,33.373452477074316,116760000
2017-03-30 00:00:00+00:00,33.4315185546875,33.563917716819425,33.331641469644204,33.49191264727578,84829200
2017-03-31 00:00:00+00:00,33.36881637573242,33.5105050701291,33.21783464392153,33.38275238759844,78646800
2017-04-03 00:00:00+00:00,33.37809753417969,33.47565313713689,33.227119384324254,33.380422565080316,79942800
2017-04-04 00:00:00+00:00,33.62664031982422,33.65451234114574,33.25499682901389,33.273579357979905,79565600
2017-04-05 00:00:00+00:00,33.45243453979492,33.78691298708864,33.40365495612494,33.49888909208457,110871600
2017-04-06 00:00:00+00:00,33.36881637573242,33.56857414907437,33.32003678994606,33.5151480445809,84596000
2017-04-07 00:00:00+00:00,33.29447937011719,33.48959058441461,33.27822187438636,33.38506697277346,66688800
2017-04-10 00:00:00+00:00,33.2549934387207,33.41991115132163,33.19227785288602,33.354874078698494,75733600
2017-04-11 00:00:00+00:00,32.89729690551758,33.29681246637731,32.5326213755591,33.20157832290664,121517600
2017-04-12 00:00:00+00:00,32.93677520751953,33.018069774017114,32.75327497270914,32.890320663198835,81400000
2017-04-13 00:00:00+00:00,32.76256561279297,33.071493449108395,32.76256561279297,32.96232332859639,71291600
2017-04-17 00:00:00+00:00,32.94374084472656,32.95535536603579,32.720754086053944,32.862442739816245,66328400
2017-04-18 00:00:00+00:00,32.79741287231445,32.99252411381915,32.77650885592218,32.846192454818166,58790000
2017-04-19 00:00:00+00:00,32.67662048339844,32.983226828397406,32.623197939377434,32.955354813126306,69313600
2017-04-20 00:00:00+00:00,33.08544158935547,33.196933237308556,32.788128165310184,32.802064178272374,93278400
2017-04-21 00:00:00+00:00,33.04594802856445,33.141178611692084,32.94839241426589,33.0854345716671,69283600
2017-04-24 00:00:00+00:00,33.364158630371094,33.43616369695351,33.257310001592785,33.33164009887406,68537200
2017-04-25 00:00:00+00:00,33.57089614868164,33.656837252670634,33.41759292730504,33.426885964861086,75486000
2017-04-26 00:00:00+00:00,33.37344741821289,33.58714467127322,33.30376738379543,33.5569476268563,80164800
2017-04-27 00:00:00+00:00,33.39900588989258,33.48495052654035,33.28751426405114,33.42920294149219,56985200
2017-04-28 00:00:00+00:00,33.36648178100586,33.517463469543536,33.2782192163998,33.468683897738,83441600
2017-05-01 00:00:00+00:00,34.047054290771484,34.191064436433955,33.67076788732854,33.703286421647626,134411600
2017-05-02 00:00:00+00:00,34.26308059692383,34.39780129534314,34.10745587916072,34.27004860337176,181408800
2017-05-03 00:00:00+00:00,34.158546447753906,34.25842708320727,33.51049723766659,33.817100059822096,182788000
2017-05-04 00:00:00+00:00,34.035438537597656,34.177127191487486,33.86819935450623,34.03311705103543,93487600
2017-05-05 00:00:00+00:00,34.599884033203125,34.604527007987045,34.088873266527145,34.088873266527145,109310800
2017-05-08 00:00:00+00:00,35.54058837890625,35.700859561383574,34.61612987958939,34.61612987958939,195009600
2017-05-09 00:00:00+00:00,35.76823043823242,35.97495621343375,35.64279924539934,35.740354870794384,156521600
2017-05-10 00:00:00+00:00,35.59865951538086,35.756609220445256,35.3315432252006,35.68460414453169,103222800
2017-05-11 00:00:00+00:00,35.90652847290039,35.934519093669905,35.5240232052988,35.55667596379344,109020400
2017-05-12 00:00:00+00:00,36.407989501953125,36.482622860718955,36.07446155939161,36.081458325560774,130108000
2017-05-15 00:00:00+00:00,36.31468963623047,36.53626217962782,36.1630883062438,36.38699191849746,104038800
2017-05-16 00:00:00+00:00,36.26104736328125,36.398655165329465,36.086121105424894,36.370668102915275,80194000
2017-05-17 00:00:00+00:00,35.0435676574707,36.05114482184361,34.91762229136638,35.82490652962704,203070800
2017-05-18 00:00:00+00:00,35.57766342163086,35.7642521233776,35.248804794060085,35.2814575499495,134272800
2017-05-19 00:00:00+00:00,35.69895553588867,35.91353135092947,35.59866617447276,35.77359245879905,107843200
2017-05-22 00:00:00+00:00,35.91587448120117,36.05348233664728,35.663980145075904,35.918205551012306,91865600
2017-05-23 00:00:00+00:00,35.87154006958008,36.12809640820058,35.75725364998597,36.12809640820058,79675600
2017-05-24 00:00:00+00:00,35.764251708984375,35.95783717340129,35.60798469626111,35.88086920136443,76712000
2017-05-25 00:00:00+00:00,35.88787841796875,35.99983381189408,35.69196181692643,35.855225651128364,76942400
2017-05-26 00:00:00+00:00,35.82723617553711,35.97417539589112,35.75726494875499,35.918197702688545,87710400
2017-05-30 00:00:00+00:00,35.84122085571289,36.01847816874213,35.76192181242746,35.7829121076118,80507600
2017-05-31 00:00:00+00:00,35.62897491455078,35.95783709649117,35.54034804057223,35.9111908114156,97804800
2017-06-01 00:00:00+00:00,35.726932525634766,35.76191990796234,35.50302893782513,35.72460145703294,65616400
2017-06-02 00:00:00+00:00,36.25639343261719,36.25639343261719,35.65931218145565,35.820244960331294,111082800
2017-06-05 00:00:00+00:00,35.90186309814453,36.02314629887634,35.792245918481385,35.997490305623145,101326800
2017-06-06 00:00:00+00:00,36.02314758300781,36.340347347771115,35.866880549034676,35.894867612168994,106499600
2017-06-07 00:00:00+00:00,36.23772430419922,36.379997810268655,36.03014527654552,36.1560941816609,84278400
2017-06-08 00:00:00+00:00,36.149105072021484,36.27738151444817,36.011493674859324,36.209744909512004,85003200
2017-06-09 00:00:00+00:00,34.747352600097656,36.195743653419655,34.0569789275747,36.195743653419655,259530800
2017-06-12 00:00:00+00:00,33.917049407958984,34.073316505232356,33.238334380948466,33.99168635172944,289229200
2017-06-13 00:00:00+00:00,34.18992233276367,34.39050460173566,33.85406331877485,34.32286800866931,136661600
2017-06-14 00:00:00+00:00,33.85639190673828,34.40216092766203,33.548520012545296,34.40216092766203,126124800
2017-06-15 00:00:00+00:00,33.653480529785156,33.69779575440227,33.16835480472434,33.427245827433296,128661600
2017-06-16 00:00:00+00:00,33.18235397338867,33.702467176229625,33.16602581043657,33.53453764330511,201444400
2017-06-19 00:00:00+00:00,34.13162612915039,34.224922311176435,33.50655772456042,33.50655772456042,130165600
2017-06-20 00:00:00+00:00,33.821414947509766,34.25523230374969,33.80509034384378,34.25523230374969,99600400
2017-06-21 00:00:00+00:00,34.021995544433594,34.06864540145856,33.72812066315219,33.940365412408745,85063200
2017-06-22 00:00:00+00:00,33.96601486206055,34.215574466387395,33.84706273201733,33.998667620352386,76425200
2017-06-23 00:00:00+00:00,34.117618560791016,34.322866517955205,33.844734013498076,33.84939971040199,141757600
2017-06-26 00:00:00+00:00,34.01032257080078,34.58407856247755,33.907698622011,34.32518762216985,102769600
2017-06-27 00:00:00+00:00,33.522865295410156,34.08962819166599,33.49720930325234,33.82140580840091,99047600
2017-06-28 00:00:00+00:00,34.012664794921875,34.07797031850162,33.38992769293239,33.70013070937823,88329600
2017-06-29 00:00:00+00:00,33.511207580566406,33.84940122297442,33.18467996038145,33.751442936918934,125997600
2017-06-30 00:00:00+00:00,33.590511322021484,33.8097528281601,33.53453363144856,33.690800680553174,92096400
2017-07-03 00:00:00+00:00,33.46922302246094,33.8890467407912,33.37593044455809,33.79108846632809,57111200
2017-07-05 00:00:00+00:00,33.6068229675293,33.7700867201511,33.287292226049274,33.51353041142624,86278400
2017-07-06 00:00:00+00:00,33.28963088989258,33.46922283819472,33.21499753975794,33.35727103355091,96515200
2017-07-07 00:00:00+00:00,33.62781524658203,33.76076088371443,33.32927477874585,33.32927477874585,76806800
2017-07-10 00:00:00+00:00,33.833072662353516,34.04065169534821,33.43890489479543,33.611500097071286,84362400
2017-07-11 00:00:00+00:00,33.94268798828125,34.01732489373739,33.67446917192577,33.75609928352445,79127200
2017-07-12 00:00:00+00:00,33.99167251586914,34.0942929334552,33.777096728197336,34.021990647910606,99538000
2017-07-13 00:00:00+00:00,34.465145111083984,34.63307463557622,33.92170700528055,33.93570053917416,100797600
2017-07-14 00:00:00+00:00,34.761348724365234,34.828988878801646,34.362518799758774,34.51178908269712,80528400
2017-07-17 00:00:00+00:00,34.88262939453125,35.19516347053881,34.65172899994961,34.71003775557269,95174000
2017-07-18 00:00:00+00:00,35.00392150878906,35.01558397465777,34.67505918927003,34.798673497931524,71475200
2017-07-19 00:00:00+00:00,35.223148345947266,35.31644091616812,34.973585204337155,35.097199461377336,83692000
2017-07-20 00:00:00+00:00,35.06455993652344,35.391091173270546,35.02957609921132,35.33511347468639,68974800
2017-07-21 00:00:00+00:00,35.0482292175293,35.087878745860664,34.724032665752446,34.98292369335009,105010400
2017-07-24 00:00:00+00:00,35.47270965576172,35.554343327842105,34.96192444555747,35.12052609331501,85972800
2017-07-25 00:00:00+00:00,35.624324798583984,35.88088123251551,35.40508326997466,35.40508326997466,75415600
2017-07-26 00:00:00+00:00,35.7922477722168,35.90186495755719,35.698951628789686,35.76659177763484,63124000
2017-07-27 00:00:00+00:00,35.11586380004883,35.915861763761484,34.3555189212811,35.859884078148596,129905200
2017-07-28 00:00:00+00:00,34.86864471435547,35.038905327509696,34.79634240844963,34.95960625386361,68854800
2017-07-31 00:00:00+00:00,34.68903732299805,35.06221471179831,34.549098471360445,34.96192182051887,79383600
2017-08-01 00:00:00+00:00,34.996910095214844,35.036559615467624,34.61440486343597,34.77533757197476,141474400
2017-08-02 00:00:00+00:00,36.650550842285156,37.259294385874526,36.42198151953538,37.14967364193776,279747200
2017-08-03 00:00:00+00:00,36.28437423706055,36.66687953243242,36.15609426263131,36.62956107461955,108389200
2017-08-04 00:00:00+00:00,36.47563171386719,36.71119784858267,36.31236787996117,36.400998343603575,82239600
2017-08-07 00:00:00+00:00,37.0400505065918,37.065706499450016,36.540927739163955,36.63188924859153,87481200
2017-08-08 00:00:00+00:00,37.33625793457031,37.74441917044071,36.91410316860573,36.99107114300732,144823600
2017-08-09 00:00:00+00:00,37.56483459472656,37.61381551854244,37.11002698308302,37.145010815177045,104526000
2017-08-10 00:00:00+00:00,36.36832809448242,37.46415285038332,36.206763363657544,37.44073632570782,163217200
2017-08-11 00:00:00+00:00,36.87409591674805,37.12932320438319,36.543945745068534,36.6680454806144,105028400
2017-08-14 00:00:00+00:00,37.42902374267578,37.51331821172636,37.17145631700479,37.30492404835957,88490800
2017-08-15 00:00:00+00:00,37.83879470825195,37.979283133641594,37.49693275136996,37.61869224499559,117862000
2017-08-16 00:00:00+00:00,37.68659591674805,38.05187083900071,37.4992744360682,37.918406651036115,110686400
2017-08-17 00:00:00+00:00,36.963069915771484,37.630401566964416,36.958385896268574,37.585912313836886,111762400
2017-08-18 00:00:00+00:00,36.87877655029297,37.34707847474114,36.696139085587,36.963071039608046,109712400
2017-08-21 00:00:00+00:00,36.810874938964844,36.9700958808808,36.31915648119343,36.87877714705013,105474000
2017-08-22 00:00:00+00:00,37.41264343261719,37.46415693423059,37.000538992570405,37.04970869774474,86418400
2017-08-23 00:00:00+00:00,37.459468841552734,37.57420409591935,37.20190493434896,37.24639418752908,77596400
2017-08-24 00:00:00+00:00,37.29322052001953,37.63742268124129,37.12463156052888,37.56483288999025,79275600
2017-08-25 00:00:00+00:00,37.43136978149414,37.59527472654313,37.29322158301427,37.38219651154952,101920400
2017-08-28 00:00:00+00:00,37.80835723876953,37.932456966473,37.44776274581737,37.49693602135094,103864000
2017-08-29 00:00:00+00:00,38.145530700683594,38.19470039754996,37.46415060408543,37.48756712735692,118067600
2017-08-30 00:00:00+00:00,38.24855422973633,38.374994154539614,38.07528126262268,38.353921429215646,109078400
2017-08-31 00:00:00+00:00,38.4007568359375,38.522516333622995,38.278997338252005,38.31646234874909,107140400
2017-09-01 00:00:00+00:00,38.41245651245117,38.62085067407879,38.31411356152278,38.588069690435994,66364400
2017-09-05 00:00:00+00:00,37.95118713378906,38.45929427630665,37.5952766825512,38.34221879905762,117874000
2017-09-06 00:00:00+00:00,37.9113883972168,38.16427190015505,37.585918657602505,38.09870990748891,86606800
2017-09-07 00:00:00+00:00,37.75917434692383,37.98864481049311,37.548439957700715,37.95352003038304,87714000
2017-09-08 00:00:00+00:00,37.143367767333984,37.733425611520545,37.1199512422913,37.66552340547292,114446000
2017-09-11 00:00:00+00:00,37.81538009643555,37.94416383919976,37.43839690735853,37.5812291360861,126323200
2017-09-12 00:00:00+00:00,37.66552734375,38.39139682164832,37.17615264578614,38.07529156482088,286856000
2017-09-13 00:00:00+00:00,37.382198333740234,37.45478813059873,36.974777960881646,37.43371182938948,179629600
2017-09-14 00:00:00+00:00,37.061405181884766,37.32365305375705,37.01691593800801,37.22765389749906,95042800
2017-09-15 00:00:00+00:00,37.43606948852539,37.691293265115974,36.995864389186536,37.105915664021246,196458400
2017-09-18 00:00:00+00:00,37.15272903442383,37.58122568121449,36.99584833415508,37.489906957987614,113077600
2017-09-19 00:00:00+00:00,37.16676712036133,37.410286029406386,37.09886493915881,37.34940451571573,83242400
2017-09-20 00:00:00+00:00,36.5439453125,37.05673295958701,36.01944582893277,36.972438463529066,211805600
2017-09-21 00:00:00+00:00,35.91640853881836,36.480713098781806,35.766552096842524,36.480713098781806,150046800
2017-09-22 00:00:00+00:00,35.56519317626953,35.654171694404106,35.25377193565903,35.4832389018971,186581600
2017-09-25 00:00:00+00:00,35.251434326171875,35.551147325117824,34.92596457390116,35.12031033574062,177549200
2017-09-26 00:00:00+00:00,35.85785675048828,36.0404941058824,35.518338773043205,35.53941148954453,146640000
2017-09-27 00:00:00+00:00,36.113094329833984,36.227829563491326,35.95152962812486,36.012411152165626,102016800
2017-09-28 00:00:00+00:00,35.890655517578125,36.124806455752754,35.75484754469367,36.033487732779044,88022000
2017-09-29 00:00:00+00:00,36.08732604980469,36.0896698448166,35.59092741600141,35.874251502357474,105199200
2017-10-02 00:00:00+00:00,36.01475143432617,36.16460787605408,35.759527796093536,36.120118630830895,74795200
2017-10-03 00:00:00+00:00,36.171630859375,36.31446305455803,36.038166701207494,36.06157964802778,64921200
2017-10-04 00:00:00+00:00,35.93748474121094,36.026463240414856,35.69865335838951,35.972609525409204,80655200
2017-10-05 00:00:00+00:00,36.384700775146484,36.396409032326474,36.0709394907302,36.10137667196801,85135200
2017-10-06 00:00:00+00:00,36.363643646240234,36.40813289888313,36.190370655120525,36.28637340315415,69630400
2017-10-09 00:00:00+00:00,36.490074157714844,36.6984683087143,36.40812348921698,36.48304991678243,65051600
2017-10-10 00:00:00+00:00,36.504127502441406,36.995845870368605,36.3168096221449,36.54159250764453,62468000
2017-10-11 00:00:00+00:00,36.656333923339844,36.75701712232271,36.46901243861761,36.520525936237725,67622400
2017-10-12 00:00:00+00:00,36.52754592895508,36.84833156719553,36.464324175985006,36.60950018550368,64500400
2017-10-13 00:00:00+00:00,36.759361267089844,36.8272634748546,36.62355327870016,36.698479729583326,65576800
2017-10-16 00:00:00+00:00,37.43606948852539,37.46416647006231,36.91391009588874,36.97244785599821,96486000
2017-10-17 00:00:00+00:00,37.5742073059082,37.66786626691819,37.283858810200705,37.41264256123469,75989200
2017-10-18 00:00:00+00:00,37.40795135498047,37.6303975971512,37.3704899214893,37.56249182653288,65496800
2017-10-19 00:00:00+00:00,36.522857666015625,36.78042509421729,36.298074794911734,36.703154865756794,170336800
2017-10-20 00:00:00+00:00,36.58608627319336,36.93731270141602,36.51818406912871,36.670380758881194,95896400
2017-10-23 00:00:00+00:00,36.56734085083008,36.92325117277084,36.41046019705207,36.73592976265156,87937200
2017-10-24 00:00:00+00:00,36.78510284423828,36.86002926421827,36.574364919023466,36.59543763968733,71028800
2017-10-25 00:00:00+00:00,36.623558044433594,36.89049003624917,36.35662605261802,36.74063354212219,84828400
2017-10-26 00:00:00+00:00,36.857704162597656,36.95604713889952,36.710187911714776,36.815555131119616,68002000
2017-10-27 00:00:00+00:00,38.17831039428711,38.30709412219142,37.159752405150826,37.29790059833014,177816800
2017-10-30 00:00:00+00:00,39.03764724731445,39.35375246363459,38.335194386923035,38.37499962026868,178803200
2017-10-31 00:00:00+00:00,39.58088302612305,39.72371527744313,39.0891680753282,39.31395103201708,144187200
2017-11-01 00:00:00+00:00,39.07744216918945,39.79160310337848,38.777729313670626,39.77521082598868,134551200
2017-11-02 00:00:00+00:00,39.36311721801758,39.4544359476229,38.70046958611845,39.00955056192725,165573600
2017-11-03 00:00:00+00:00,40.39103698730469,40.8031413538152,40.067907548091114,40.74226339588994,237594400
2017-11-06 00:00:00+00:00,40.800777435302734,40.97405031580482,40.20837618935909,40.360572782212834,140105200
2017-11-07 00:00:00+00:00,40.93193054199219,41.034957540570524,40.64860986876204,40.721196097889425,97446000
2017-11-08 00:00:00+00:00,41.266754150390625,41.266754150390625,40.81952509289,40.896795315352854,97638000
2017-11-09 00:00:00+00:00,41.182464599609375,41.233978087396196,40.540889798084045,41.00216739235549,117930400
2017-11-10 00:00:00+00:00,41.04616928100586,41.21301565458774,40.952173647190214,41.14956662962521,100582000
2017-11-13 00:00:00+00:00,40.88167953491211,41.00622537670711,40.74773197730015,40.771232681138585,67928400
2017-11-14 00:00:00+00:00,40.263641357421875,40.76652550456512,40.22604167138977,40.66312816082855,99130000
2017-11-15 00:00:00+00:00,39.73255920410156,40.02395139204217,39.56806505998325,39.941702527131305,116632400
2017-11-16 00:00:00+00:00,40.20724868774414,40.38819046831197,40.01925382798055,40.226044946587166,94550000
2017-11-17 00:00:00+00:00,39.984004974365234,40.275397202313684,39.86415999270374,40.19314832611013,87598000
2017-11-20 00:00:00+00:00,39.94405746459961,40.080353658572676,39.84536096255787,40.01690462665156,65049600
2017-11-21 00:00:00+00:00,40.68662643432617,40.81822174188629,40.13204364839198,40.13204364839198,100525200
2017-11-22 00:00:00+00:00,41.11432647705078,41.12372460782271,40.665489536476386,40.73833670349757,102355600
2017-11-24 00:00:00+00:00,41.116661071777344,41.241206879771696,41.04146170846596,41.147211261335464,56106800
2017-11-27 00:00:00+00:00,40.909873962402344,41.1425180016889,40.73362945601353,41.135468508289634,82867200
2017-11-28 00:00:00+00:00,40.670188903808594,41.09317290141974,40.38584615494821,40.95922892503064,105715200
2017-11-29 00:00:00+00:00,39.82655715942383,40.63493252710719,39.28137602340477,40.56678622974366,166665600
2017-11-30 00:00:00+00:00,40.38348388671875,40.451630169999916,39.58215817795214,40.049791205071166,166108800
2017-12-01 00:00:00+00:00,40.19550323486328,40.34119756572493,39.596271115090516,39.93700982297569,159037200
2017-12-04 00:00:00+00:00,39.90175247192383,40.56442987678386,39.861804151923685,40.531531049389436,130169600
2017-12-05 00:00:00+00:00,39.8641471862793,40.30593445124632,39.57275505194106,39.7278510388809,109400800
2017-12-06 00:00:00+00:00,39.71611022949219,39.9957520830652,39.11688178406845,39.36127258539654,114240000
2017-12-07 00:00:00+00:00,39.78895568847656,40.0521462989267,39.69260784511423,39.72080581460442,102693200
2017-12-08 00:00:00+00:00,39.80070877075195,40.18374798375327,39.671465666267764,40.06390300869015,93420800
2017-12-11 00:00:00+00:00,40.57618713378906,40.62788581216733,39.66441435406751,39.76076221701826,141095200
2017-12-12 00:00:00+00:00,40.34823989868164,40.510385411386146,40.29184395388251,40.453985880883515,77636800
2017-12-13 00:00:00+00:00,40.48219680786133,40.7806349800342,40.418747769574665,40.53624412936994,95273600
2017-12-14 00:00:00+00:00,40.47044372558594,40.68428794656163,40.336496163314095,40.51274069112183,81906000
2017-12-15 00:00:00+00:00,40.88167953491211,40.92867735688502,40.52684185545707,40.801782878987765,160677200
2017-12-18 00:00:00+00:00,41.4574089050293,41.64070291179925,41.090820891489386,41.09552174916917,117684400
2017-12-19 00:00:00+00:00,41.015625,41.21537023278659,40.90987900028526,41.130772715873974,109745600
2017-12-20 00:00:00+00:00,40.97098159790039,41.22242194024595,40.71248817520467,41.0931752288981,93902400
2017-12-21 00:00:00+00:00,41.12607192993164,41.36341685636329,40.91223129393932,40.92867891869068,83799600
2017-12-22 00:00:00+00:00,41.12607192993164,41.222419799360246,41.00622694147194,41.04852390715038,65397600
2017-12-26 00:00:00+00:00,40.082706451416016,40.29419844656074,39.87355950670744,40.136753768272285,132742000
2017-12-27 00:00:00+00:00,40.08974838256836,40.13204533933633,39.88060506301891,39.97225205505286,85992800
2017-12-28 00:00:00+00:00,40.20255661010742,40.38350201589603,40.061559538066135,40.18375676145495,65920800
2017-12-29 00:00:00+00:00,39.76780700683594,40.08739716914213,39.76545837107978,40.07094954744213,103999600
2018-01-02 00:00:00+00:00,40.479835510253906,40.489237224924096,39.774857509538,39.986353061174896,102223600
2018-01-03 00:00:00+00:00,40.4727897644043,41.01797452323995,40.40934432017212,40.54328828814392,118071600
2018-01-04 00:00:00+00:00,40.6607780456543,40.76417538562877,40.43753574472939,40.545630356009404,89738400
2018-01-05 00:00:00+00:00,41.12371826171875,41.21066440433264,40.665483261086045,40.75713026121259,94640000
2018-01-08 00:00:00+00:00,40.97098159790039,41.26707113013924,40.87228150144981,40.97098159790039,82271200
2018-01-09 00:00:00+00:00,40.96626281738281,41.137806421557805,40.750070042847945,41.01796147930449,86336000
2018-01-10 00:00:00+00:00,40.95687484741211,40.959227069190455,40.653735851431975,40.69133554284617,95839600
2018-01-11 00:00:00+00:00,41.18951416015625,41.23886419766653,41.003871531948754,41.02736864709842,74670800
2018-01-12 00:00:00+00:00,41.6148567199707,41.67830575348247,41.27646665551336,41.401012500667235,101672400
2018-01-16 00:00:00+00:00,41.403358459472656,42.15533427468017,41.39160810901401,41.80519391095226,118263600
2018-01-17 00:00:00+00:00,42.08719253540039,42.12244000488861,41.14017227430858,41.393961226031564,137547200
2018-01-18 00:00:00+00:00,42.12479019165039,42.3221867851627,41.887448855050266,42.150639532127954,124773600
2018-01-19 00:00:00+00:00,41.93680191040039,42.19999260637193,41.690058840074926,41.97204938371647,129700400
2018-01-22 00:00:00+00:00,41.59369659423828,41.776990563560034,41.49970097406925,41.66419510221659,108434400
2018-01-23 00:00:00+00:00,41.60310745239258,42.16709210309346,41.55141235547322,41.66420785133173,130756400
2018-01-24 00:00:00+00:00,40.94043731689453,41.664215419389635,40.700743707165124,41.652465064712786,204420400
2018-01-25 00:00:00+00:00,40.2095947265625,41.11196569229976,40.07329855167976,41.00856834682296,166116000
2018-01-26 00:00:00+00:00,40.3035888671875,40.41873655870212,39.962850235432136,40.41873655870212,156572000
2018-01-29 00:00:00+00:00,39.46937561035156,39.98635883505293,39.260232250034484,39.98635883505293,202561600
2018-01-30 00:00:00+00:00,39.23672103881836,39.33071665970144,38.703286746764036,38.89833106651435,184192800
2018-01-31 00:00:00+00:00,39.344818115234375,39.5821629892802,39.126276669389796,39.21322280345226,129915600
2018-02-01 00:00:00+00:00,39.42707443237305,39.624467437367045,39.187380877335194,39.28372874371465,188923200
2018-02-02 00:00:00+00:00,37.71632766723633,39.19678236757706,37.62233202321951,39.00878749383944,346375200
2018-02-05 00:00:00+00:00,36.774009704589844,38.51060565150299,36.65886198826042,37.38734080820621,290954000
2018-02-06 00:00:00+00:00,38.31086349487305,38.473009048095,36.18887948467354,36.383923875817025,272975200
2018-02-07 00:00:00+00:00,37.49073791503906,38.39780998050567,37.380294632706295,38.32496280918421,206434400
2018-02-08 00:00:00+00:00,36.4591178894043,37.8338266910309,36.430919911345654,37.66698028754072,217562000
2018-02-09 00:00:00+00:00,36.90506362915039,37.25426978743227,35.449247698677205,37.06079201336703,282690400
2018-02-12 00:00:00+00:00,38.39154815673828,38.66996831387416,37.16460137519868,37.39819391405882,243278000
2018-02-13 00:00:00+00:00,38.776145935058594,38.872886607993586,38.14143783260026,38.21222377865812,130196800
2018-02-14 00:00:00+00:00,39.49107360839844,39.53118480155711,38.43165710592114,38.469406487508856,162579600
2018-02-15 00:00:00+00:00,40.81711959838867,40.84071251207356,39.87567485452374,40.062074354021306,204588800
2018-02-16 00:00:00+00:00,40.68499755859375,41.248923466307026,40.52927275595877,40.66848287360805,160704400
2018-02-20 00:00:00+00:00,40.54814147949219,41.11678010195988,40.44668077568657,40.595330913677635,135722000
2018-02-21 00:00:00+00:00,40.36408996582031,41.08373675601844,40.349929898852224,40.77936192216411,149886400
2018-02-22 00:00:00+00:00,40.70150375366211,41.04363161587473,40.515104248149626,40.53633895124801,123967600
2018-02-23 00:00:00+00:00,41.40934753417969,41.44473869878098,40.94688258156515,40.97755732443422,135249600
2018-02-26 00:00:00+00:00,42.22810745239258,42.327206338725816,41.576884656350046,41.609917618461125,152648800
2018-02-27 00:00:00+00:00,42.09125900268555,42.584395262979314,42.03699133201746,42.25878563864765,155712400
2018-02-28 00:00:00+00:00,42.02755355834961,42.6174305332886,42.011038875219455,42.29653731490885,151128400
2018-03-01 00:00:00+00:00,41.291385650634766,42.41923006780911,40.73926170086954,42.126649810511154,195208000
2018-03-02 00:00:00+00:00,41.57688522338867,41.59811992782336,40.68970805689516,40.77229226346059,153816000
2018-03-05 00:00:00+00:00,41.72081756591797,41.937891845850366,41.17813006592543,41.3409366759555,113605600
2018-03-06 00:00:00+00:00,41.68543243408203,42.05823517510642,41.55802057084976,41.978012757503734,95154000
2018-03-07 00:00:00+00:00,41.29846954345703,41.491950933737805,41.11914822589629,41.27723483486239,126814000
2018-03-08 00:00:00+00:00,41.74913024902344,41.79159965990496,41.30790345669109,41.404640537140025,95096400
2018-03-09 00:00:00+00:00,42.46642303466797,42.47114305865393,41.855311340290505,41.98980502146482,128740800
2018-03-12 00:00:00+00:00,42.87698745727539,43.03507408997014,42.52070298063418,42.53957587977982,128828400
2018-03-13 00:00:00+00:00,42.46406555175781,43.29697158356843,42.29182247670939,43.08225549256411,126774000
2018-03-14 00:00:00+00:00,42.103057861328125,42.59383591695677,41.95440771746431,42.546646480907,117473600
2018-03-15 00:00:00+00:00,42.152610778808594,42.52777530306526,42.01576247725302,42.11721959742761,90975200
2018-03-16 00:00:00+00:00,42.00395965576172,42.263503358462046,41.90957718178804,42.152606201744995,157618800
2018-03-19 00:00:00+00:00,41.3621711730957,41.8741839178001,40.97521204989259,41.838792742025426,133787200
2018-03-20 00:00:00+00:00,41.34800720214844,41.71608976472622,41.27722126311677,41.34800720214844,78597600
2018-03-21 00:00:00+00:00,40.411293029785156,41.31262318028808,40.40893121766546,41.30082492065965,148219600
2018-03-22 00:00:00+00:00,39.840293884277344,40.743982276911176,39.78130618447849,40.111635863222695,165963200
2018-03-23 00:00:00+00:00,38.917720794677734,40.09275462767348,38.917720794677734,39.731750235606576,164115200
2018-03-26 00:00:00+00:00,40.76521682739258,40.84308101598845,39.27164797412221,39.656248893462184,150164800
2018-03-27 00:00:00+00:00,39.71996307373047,41.32678769915465,39.38491331691532,40.979939680413636,163690400
2018-03-28 00:00:00+00:00,39.28107833862305,40.11634597762545,38.976703466990955,39.462761417214146,166674000
2018-03-29 00:00:00+00:00,39.58781433105469,40.52453904414754,39.3801765305739,39.59489256513267,153594000
2018-04-02 00:00:00+00:00,39.32826614379883,39.86151710045668,38.80681704408656,39.318829698693776,150347200
2018-04-03 00:00:00+00:00,39.731746673583984,39.81668908765055,38.90356083667704,39.55478361097221,121112000
2018-04-04 00:00:00+00:00,40.49150848388672,40.585887344066165,38.87760621268804,38.9035609392858,138422000
2018-04-05 00:00:00+00:00,40.77228927612305,41.109697111829085,40.60240445244699,40.72037982442633,107732800
2018-04-06 00:00:00+00:00,39.72938919067383,40.69678512382936,39.6869161827004,40.340500780687684,140021200
2018-04-09 00:00:00+00:00,40.1234245300293,40.840713203942585,40.076235101537556,40.08331333579518,116070800
2018-04-10 00:00:00+00:00,40.878475189208984,41.05543828526616,40.47263953422531,40.81948749052326,113634400
2018-04-11 00:00:00+00:00,40.687355041503906,41.03656120465478,40.51275015976679,40.63780379117197,89726400
2018-04-12 00:00:00+00:00,41.08846664428711,41.29138444902093,40.82891935904978,40.91622359153307,91557200
2018-04-13 00:00:00+00:00,41.227684020996094,41.48958956409498,41.02004975642731,41.239482281560186,100497200
2018-04-16 00:00:00+00:00,41.484859466552734,41.57216008536985,41.25126694554179,41.29845637192071,86313600
2018-04-17 00:00:00+00:00,42.055870056152344,42.22103488889302,41.62407967892242,41.64295617413897,106421600
2018-04-18 00:00:00+00:00,41.96148681640625,42.19272117835827,41.73497607857657,41.95440858086928,83018000
2018-04-19 00:00:00+00:00,40.77228927612305,41.383400838898574,40.73925631598174,40.9987999741427,139235200
2018-04-20 00:00:00+00:00,39.10175323486328,40.39948218253168,39.03332551053305,40.253193889624896,261964400
2018-04-23 00:00:00+00:00,38.988494873046875,39.38489031996644,38.71714940848751,39.36365562109331,146062000
2018-04-24 00:00:00+00:00,38.445823669433594,39.24569673204005,38.0399880081377,39.08996834100997,134768000
2018-04-25 00:00:00+00:00,38.613346099853516,39.030980014426014,38.32076941872852,38.37031706941815,113528400
2018-04-26 00:00:00+00:00,38.74784851074219,39.10413299477589,38.547288849998026,38.72425198583433,111852000
2018-04-27 00:00:00+00:00,38.299530029296875,38.77378977239509,37.90077265907979,38.695925587649484,142623200
2018-04-30 00:00:00+00:00,38.99323272705078,39.46513438532462,38.186281323441385,38.254709080072494,169709600
2018-05-01 00:00:00+00:00,39.89927673339844,39.922869650255635,38.99558485030573,39.26456858467441,214277600
2018-05-02 00:00:00+00:00,41.66182327270508,41.940243413625254,41.008238724498085,41.34564654954431,266157600
2018-05-03 00:00:00+00:00,41.73733901977539,41.88126915920872,41.159260250036965,41.49902999560571,136272800
2018-05-04 00:00:00+00:00,43.374820709228516,43.473919578263775,42.03933878782162,42.0582152772077,224805200
2018-05-07 00:00:00+00:00,43.68865203857422,44.28088726464388,43.5919113441793,43.69336846245429,169805600
2018-05-08 00:00:00+00:00,43.89863967895508,43.93875087617197,43.33707571727283,43.64853244905982,113611200
2018-05-09 00:00:00+00:00,44.20773696899414,44.21717341577107,43.70280245883616,44.016617418934416,92844800
2018-05-10 00:00:00+00:00,44.84008026123047,44.91794444305332,44.27615809620087,44.297396400569156,111957200
2018-05-11 00:00:00+00:00,44.66954040527344,45.01772578201182,44.39951946149734,44.88271711722677,104848800
2018-05-14 00:00:00+00:00,44.565330505371094,44.89219936371079,44.496642506114725,44.76903081192664,83115200
2018-05-15 00:00:00+00:00,44.16029357910156,44.30951692289556,43.84290122284064,44.240825320683086,94780800
2018-05-16 00:00:00+00:00,44.57243347167969,44.638757775906996,44.05607901163132,44.07266099123978,76732400
2018-05-17 00:00:00+00:00,44.29056167602539,44.74533356126734,44.141338352325214,44.5297895635239,69176000
2018-05-18 00:00:00+00:00,44.1295051574707,44.484796116644205,44.08687197718902,44.33794367673192,73190800
2018-05-21 00:00:00+00:00,44.4421501159668,44.83060130803691,44.271610215623284,44.52978737073579,73603200
2018-05-22 00:00:00+00:00,44.33083724975586,44.73823783050188,44.24082905204025,44.61980751317354,60962800
2018-05-23 00:00:00+00:00,44.61506271362305,44.64822305301992,43.99922370858867,44.138974209238135,80233600
2018-05-24 00:00:00+00:00,44.565330505371094,44.72876493454094,44.10582387356602,44.7121865681853,92936000
2018-05-25 00:00:00+00:00,44.66716766357422,44.920606599416736,44.44688544945524,44.584265016648736,69844000
2018-05-29 00:00:00+00:00,44.506107330322266,44.707440295214944,44.26214119029811,44.43505203843647,90056400
2018-05-30 00:00:00+00:00,44.411373138427734,44.52980346679687,44.24083317643963,44.463482772046696,74762000
2018-05-31 00:00:00+00:00,44.26214599609375,44.58427660637395,44.08923874338795,44.34504866456986,109931200
2018-06-01 00:00:00+00:00,45.060359954833984,45.0650945644071,44.47057578446127,44.52742362719064,93770000
2018-06-04 00:00:00+00:00,45.43696594238281,45.81357340088076,45.32327387484121,45.391961853466896,105064800
2018-06-05 00:00:00+00:00,45.787513732910156,45.936737040488104,45.56249692641686,45.730669512274964,86264000
2018-06-06 00:00:00+00:00,45.94622039794922,45.9699079047771,45.45828811662611,45.863321352463835,83734400
2018-06-07 00:00:00+00:00,45.82305908203125,45.998333635184984,45.55777271870154,45.98412257565429,85388800
2018-06-08 00:00:00+00:00,45.40617752075195,45.47723642550802,44.94903828525194,45.280641688505526,106627200
2018-06-11 00:00:00+00:00,45.294857025146484,45.470135191540656,45.05326178604334,45.323282758257605,73234000
2018-06-12 00:00:00+00:00,45.54356002807617,45.621724466901995,45.275906369145886,45.3327542194391,67644400
2018-06-13 00:00:00+00:00,45.169315338134766,45.685673321417624,45.10773288373838,45.576715856033054,86553600
2018-06-14 00:00:00+00:00,45.192996978759766,45.37538062761914,45.05561741597528,45.37064240429404,86440400
2018-06-15 00:00:00+00:00,44.72875213623047,45.04140984417357,44.59137256281962,45.010616811486706,246876800
2018-06-18 00:00:00+00:00,44.70506286621094,44.81875492168734,44.34029558417476,44.50136264245452,73939600
2018-06-19 00:00:00+00:00,43.98265075683594,44.13424141475721,43.4520816470083,43.852376688105224,134314000
2018-06-20 00:00:00+00:00,44.17450714111328,44.340308857943754,43.99212344549659,44.138979492580454,82514800
2018-06-21 00:00:00+00:00,43.92817687988281,44.61270400042312,43.805008332314486,44.352155844837554,102847600
2018-06-22 00:00:00+00:00,43.800270080566406,44.09160766221041,43.748160449481254,44.084502131990305,108801600
2018-06-25 00:00:00+00:00,43.148902893066406,43.80026966118751,42.80782298894085,43.44024047192091,126652400
2018-06-26 00:00:00+00:00,43.684200286865234,44.181609010352446,43.236533881409166,43.34312404658933,98276800
2018-06-27 00:00:00+00:00,43.62025451660156,44.35925852613653,43.589461478135476,43.8736935114792,101141200
2018-06-28 00:00:00+00:00,43.93763732910156,44.10580993015344,43.534975068333665,43.606033964752854,69460800
2018-06-29 00:00:00+00:00,43.845272064208984,44.33794261618318,43.32417939272685,44.12476587725427,90950800
2018-07-02 00:00:00+00:00,44.3355598449707,44.363985571086324,43.444965401133246,43.53971179784286,70925200
2018-07-03 00:00:00+00:00,43.563392639160156,44.517940382231465,43.47338447213336,44.48004182619858,55819200
2018-07-05 00:00:00+00:00,43.913963317871094,44.15319488884467,43.64868054488552,43.880802971247896,66416800
2018-07-06 00:00:00+00:00,44.522682189941406,44.631636029551615,43.86657739084235,43.91868700603177,69940800
2018-07-09 00:00:00+00:00,45.14090347290039,45.164587369566405,44.8377221276043,44.885093535143056,79026400
2018-07-10 00:00:00+00:00,45.086421966552734,45.306700615681194,45.04615247930805,45.171691937165185,63756400
2018-07-11 00:00:00+00:00,44.501380920410156,44.95141471824108,44.43742753172243,44.64823336964213,75326000
2018-07-12 00:00:00+00:00,45.24748611450195,45.33749431095473,44.84008553947182,44.892195167501704,72164400
2018-07-13 00:00:00+00:00,45.31853485107422,45.439332444816515,45.21668292308296,45.25931970653681,50055600
2018-07-16 00:00:00+00:00,45.21906661987305,45.631201829222206,45.10300360266885,45.36355175794088,60172400
2018-07-17 00:00:00+00:00,45.34697341918945,45.44645446440681,44.814036924963446,44.94431101306007,62138000
2018-07-18 00:00:00+00:00,45.0982551574707,45.42986215395854,44.98693039037477,45.42512393015286,65573600
2018-07-19 00:00:00+00:00,45.44881820678711,45.607514392968014,44.930092856052,44.930092856052,81147200
2018-07-20 00:00:00+00:00,45.34459686279297,45.579086559321134,45.04378286877731,45.42512860474797,82704800
2018-07-23 00:00:00+00:00,45.38486099243164,45.467763650455545,44.89929602587602,45.16457874882284,63957600
2018-07-24 00:00:00+00:00,45.71409606933594,45.870424933666406,45.48907922085138,45.58382201572721,74791600
2018-07-25 00:00:00+00:00,46.14518356323242,46.152289092055355,45.579083262828355,45.72830659652187,66839600
2018-07-26 00:00:00+00:00,46.000709533691406,46.4152156811659,45.85859169458887,46.095452350288575,76304000
2018-07-27 00:00:00+00:00,45.23563766479492,46.23282240945553,45.027202788516604,46.18545101094709,96096000
2018-07-30 00:00:00+00:00,44.982200622558594,45.52460984500489,44.78323857177354,45.45355093709418,84118000
2018-07-31 00:00:00+00:00,45.072200775146484,45.51039431907878,44.84718393402146,45.07457169417471,157492000
2018-08-01 00:00:00+00:00,47.72740936279297,47.78899181569538,46.73496290248479,47.16605091541913,271742800
2018-08-02 00:00:00+00:00,49.12252426147461,49.35701757841404,47.455027072524146,47.50950400361688,249616000
2018-08-03 00:00:00+00:00,49.26464080810547,49.44228627005192,48.67011834903271,49.037253026563285,133789600
2018-08-06 00:00:00+00:00,49.520450592041016,49.56308376799022,49.04672936128364,49.26700799876686,101701600
2018-08-07 00:00:00+00:00,49.05619812011719,49.62229479927336,48.973295465939636,49.57966162686607,102349600
2018-08-08 00:00:00+00:00,49.08936309814453,49.22200446599921,48.442734622749846,48.805131079283605,90102000
2018-08-09 00:00:00+00:00,49.47544479370117,49.688617894521244,49.07751709417605,49.629402742714994,93970400
2018-08-10 00:00:00+00:00,49.32808303833008,49.70126017954044,49.123668342768156,49.28767594613414,98444800
2018-08-13 00:00:00+00:00,49.64657974243164,50.14097807241639,49.36848136185547,49.751164492777825,103563600
2018-08-14 00:00:00+00:00,49.855751037597656,50.04828041362775,49.5015896887927,49.95320534273534,82992000
2018-08-15 00:00:00+00:00,49.972225189208984,50.091070851032455,49.518233890591716,49.729779023562216,115230400
2018-08-16 00:00:00+00:00,50.70431900024414,50.82078543704205,50.264588565196455,50.33114185104727,114001600
2018-08-17 00:00:00+00:00,51.71687316894531,51.80481778879862,50.66627806467737,50.7328313381147,141708000
2018-08-20 00:00:00+00:00,51.21297836303711,52.09718682234208,51.12978494222709,51.840483363536094,121150800
2018-08-21 00:00:00+00:00,51.113155364990234,51.62419403417127,50.87308836462998,51.531494536320984,104639200
2018-08-22 00:00:00+00:00,51.115509033203125,51.42688402083173,50.82790099676878,50.889703049012084,76072400
2018-08-23 00:00:00+00:00,51.22010040283203,51.590898256757924,51.008555287354746,51.02043695104915,75532800
2018-08-24 00:00:00+00:00,51.379356384277344,51.5552456391289,51.1297797739569,51.48394114493594,73905600
2018-08-27 00:00:00+00:00,51.80244827270508,51.99260205926306,51.41976509200178,51.61467009373441,82100400
2018-08-28 00:00:00+00:00,52.22077560424805,52.42043541707777,52.03537668849456,52.0567680341089,91107200
2018-08-29 00:00:00+00:00,53.00041198730469,53.12163688735672,52.15185582134987,52.327745085140066,109019200
2018-08-30 00:00:00+00:00,53.48767852783203,54.255420491383845,52.862549183026445,53.064588259852506,195175200
2018-08-31 00:00:00+00:00,54.105682373046875,54.40041732154944,53.71824431758766,53.83946559864448,173360400
2018-09-04 00:00:00+00:00,54.279178619384766,54.47408357501174,53.86797373737878,54.291063908273465,109560400
2018-09-05 00:00:00+00:00,53.92502975463867,54.59056619016919,53.50431872064611,54.42893783003501,133332000
2018-09-06 00:00:00+00:00,53.02893829345703,54.03912646728712,52.60109316504672,53.7729097057863,137160000
2018-09-07 00:00:00+00:00,52.60108947753906,53.56849125726914,52.46085247016068,52.73182042801115,150479200
2018-09-10 00:00:00+00:00,51.8951416015625,52.73181598724229,51.453035641576854,52.51789164260843,158066000
2018-09-11 00:00:00+00:00,53.207210540771484,53.31417092368412,51.47443855543452,51.81909029010063,142996000
2018-09-12 00:00:00+00:00,52.54642868041992,53.48055394848332,52.25406570747971,53.46629304773154,197114800
2018-09-13 00:00:00+00:00,53.81569290161133,54.27681464502557,52.90295909868433,53.12876512844071,166825600
2018-09-14 00:00:00+00:00,53.204830169677734,53.91790420970806,52.891079478043096,53.65882151228209,127997200
2018-09-17 00:00:00+00:00,51.78818130493164,52.99327430298008,51.64318946769537,52.80312053870412,148780400
2018-09-18 00:00:00+00:00,51.873748779296875,52.7318144869627,51.60753206645211,51.7667847965825,126286800
2018-09-19 00:00:00+00:00,51.9046516418457,52.2017657875757,51.174941185911294,51.93555267360376,108495200
2018-09-20 00:00:00+00:00,52.299224853515625,52.834030364460716,52.09005531529931,52.349141630365246,106435200
2018-09-21 00:00:00+00:00,51.73589324951172,52.615350402489334,51.64794499539677,52.47748900254859,384986800
2018-09-24 00:00:00+00:00,52.4798698425293,52.59158506350113,51.491076615520335,51.53623855083432,110773600
2018-09-25 00:00:00+00:00,52.81262969970703,52.962376376962496,52.22077706630428,52.232662356494316,98217600
2018-09-26 00:00:00+00:00,52.39192199707031,53.18343455324498,52.23504485039457,52.529783402311246,95938800
2018-09-27 00:00:00+00:00,53.468666076660156,53.82282747807022,53.133520417629356,53.20007732939779,120724800
2018-09-28 00:00:00+00:00,53.65644073486328,53.68020769111182,53.24761136781808,53.4306310757707,91717600
2018-10-01 00:00:00+00:00,54.017730712890625,54.53114485959022,53.80143435756826,54.18173831199316,94403200
2018-10-02 00:00:00+00:00,54.49786376953125,54.66900180446096,53.86798324297162,54.015350695929364,99152800
2018-10-03 00:00:00+00:00,55.1610221862793,55.493788558267816,54.616707073742035,54.68088474079748,114619200
2018-10-04 00:00:00+00:00,54.19123840332031,55.22757257070234,53.89174505732123,54.854395505253095,128168000
2018-10-05 00:00:00+00:00,53.311790466308594,54.2910812793538,52.42995760258115,54.1841208988942,134322000
2018-10-08 00:00:00+00:00,53.188194274902344,53.43301607465281,52.339634416574896,52.81739635011065,118655600
2018-10-09 00:00:00+00:00,53.92502975463867,54.02010846078977,52.82689699348648,53.15728779023774,107564000
2018-10-10 00:00:00+00:00,51.42689895629883,53.80143677114684,51.35321522049957,53.589891621611336,167962400
2018-10-11 00:00:00+00:00,50.9729118347168,52.173253937703294,50.46663170014346,50.989551970953535,212497600
2018-10-12 00:00:00+00:00,52.79362106323242,52.97664440151374,51.54098674781496,52.39192213818465,161351600
2018-10-15 00:00:00+00:00,51.66459274291992,52.7270733832378,51.643201391556204,52.567820611615325,123164000
2018-10-16 00:00:00+00:00,52.803123474121094,53.002786932495255,51.52196744838803,52.0377571598513,116736000
2018-10-17 00:00:00+00:00,52.57494354248047,52.91959523039207,52.135213150636275,52.83878105221065,91541600
2018-10-18 00:00:00+00:00,51.3460807800293,52.230292794668074,50.628251966665175,51.783431945346045,130325200
2018-10-19 00:00:00+00:00,52.128082275390625,52.59157961927058,51.6812214377619,51.83096812843146,132314800
2018-10-22 00:00:00+00:00,52.44658660888672,53.090731661055536,52.040136495902416,52.24217193523094,115168400
2018-10-23 00:00:00+00:00,52.94098663330078,53.064587135099785,51.032325625826005,51.300917977750274,155071200
2018-10-24 00:00:00+00:00,51.125022888183594,53.297521311865246,50.99429194258668,52.91008694367274,163702000
2018-10-25 00:00:00+00:00,52.24455642700195,52.620109173458765,51.51959712614804,51.74778240474936,119423200
2018-10-26 00:00:00+00:00,51.41264343261719,52.33726270562403,50.54982260938289,51.31756470964124,189033600
2018-10-29 00:00:00+00:00,50.447601318359375,52.2184007253544,48.985797690675774,52.09955507888653,183742000
2018-10-30 00:00:00+00:00,50.699562072753906,51.14641931267707,49.741666290565355,50.18852353048851,146640000
2018-10-31 00:00:00+00:00,52.02112579345703,52.39905414616596,51.48869589666021,51.55049796504815,153435600
2018-11-01 00:00:00+00:00,52.81976318359375,52.85303982190919,51.53385232640144,52.06628216633005,233292800
2018-11-02 00:00:00+00:00,49.31618881225586,50.782743665431,48.82892093271074,49.808211533222085,365314800
2018-11-05 00:00:00+00:00,47.91618728637695,48.58172363772236,47.1032834927404,48.560332291624874,264654800
2018-11-06 00:00:00+00:00,48.43436050415039,48.66016652910135,47.93996213136589,47.99463011854984,127531600
2018-11-07 00:00:00+00:00,49.90329360961914,49.92943980078562,48.519931966044595,48.95728313930046,133697600
2018-11-08 00:00:00+00:00,49.72917175292969,50.11795793851599,49.314144510660114,50.08456519301405,101450400
2018-11-09 00:00:00+00:00,48.770320892333984,49.13764111675981,48.240804722388845,49.02792364848593,137463200
2018-11-12 00:00:00+00:00,46.31355667114258,47.6683559287569,46.2229176546034,47.46561190950973,204542000
2018-11-13 00:00:00+00:00,45.850826263427734,47.03150282339623,45.66478043650113,45.70771604861924,187531600
2018-11-14 00:00:00+00:00,44.555667877197266,46.38750512222453,44.34815239149898,46.24916267827136,243204000
2018-11-15 00:00:00+00:00,45.655242919921875,45.78881391455648,44.579512354740395,44.93490946795768,185915200
2018-11-16 00:00:00+00:00,46.160892486572266,46.504362740783144,45.1901155148442,45.438175343143385,147713200
2018-11-19 00:00:00+00:00,44.33144760131836,45.48588665942208,44.12393580305975,45.31892293441307,167701200
2018-11-20 00:00:00+00:00,42.2133903503418,43.28434954987703,41.86276464775928,42.54493396113666,271300800
2018-11-21 00:00:00+00:00,42.16568374633789,42.998122194770396,42.110825011314766,42.86931899484548,124496800
2018-11-23 00:00:00+00:00,41.094722747802734,42.12274984555571,41.0494068797922,41.726804678029765,94496000
2018-11-26 00:00:00+00:00,41.650482177734375,41.72919444303789,40.61053181240256,41.559846789430246,179994000
2018-11-27 00:00:00+00:00,41.55984115600586,41.68625681478704,40.75841159191088,40.90867713299738,165549600
2018-11-28 00:00:00+00:00,43.15793228149414,43.24141233550123,41.724420670041845,42.15375862055615,184250000
2018-11-29 00:00:00+00:00,42.82640075683594,43.60159318286778,42.38513592004886,43.5682004239433,167080000
2018-11-30 00:00:00+00:00,42.59501647949219,43.01242760097728,42.225308758269584,43.0028847372031,158126000
2018-12-03 00:00:00+00:00,44.08338928222656,44.112010596225666,43.22232957056866,43.997521700692886,163210000
2018-12-04 00:00:00+00:00,42.14421463012695,43.5037816201011,42.04403639292215,43.16031129852104,165377200
2018-12-06 00:00:00+00:00,41.67432403564453,41.6886346908684,40.648684616681535,40.968301381801005,172393600
2018-12-07 00:00:00+00:00,40.188350677490234,41.6194747572786,40.14303116597106,41.38095407731387,169126400
2018-12-10 00:00:00+00:00,40.453102111816406,40.56997489643687,38.95757667580565,39.355905708964166,248104000
2018-12-11 00:00:00+00:00,40.22173309326172,40.97545548225458,39.83294332015604,40.944450276710064,189126800
2018-12-12 00:00:00+00:00,40.333839416503906,41.006465691001075,40.31475732963035,40.64391331947538,142510800
2018-12-13 00:00:00+00:00,40.77510070800781,41.161506601003886,40.441173283972645,40.66538325705452,127594400
2018-12-14 00:00:00+00:00,39.470401763916016,40.329077682014706,39.42269835502982,40.309995590552866,162814800
2018-12-17 00:00:00+00:00,39.10307693481445,40.154953901474315,38.81446533960052,39.46324181521365,177151600
2018-12-18 00:00:00+00:00,39.611122131347656,39.95936020738338,39.210405586860624,39.44654231697991,135366000
2018-12-19 00:00:00+00:00,38.37559127807617,39.94028632468432,37.946253334912555,39.594432073635204,196189200
2018-12-20 00:00:00+00:00,37.407196044921875,38.66658485540518,37.04225972140322,38.25871291995325,259092000
2018-12-21 00:00:00+00:00,35.95222091674805,37.724431453791524,35.68985035364198,37.41435384326915,382978400
2018-12-24 00:00:00+00:00,35.021976470947266,36.14779387633359,34.96473022270325,35.3368217374515,148676800
2018-12-26 00:00:00+00:00,37.488285064697266,37.50259571944023,34.99574533647371,35.372608349360256,234330000
2018-12-27 00:00:00+00:00,37.244998931884766,37.39288421330407,35.79479654801516,37.1710581109433,212468400
2018-12-28 00:00:00+00:00,37.264068603515625,37.810282761195225,36.86335578244575,37.566990754382715,169165600
2018-12-31 00:00:00+00:00,37.624244689941406,38.0106469377099,37.323706373200665,37.81267438225659,140014000
2019-01-02 00:00:00+00:00,37.66719436645508,37.8890205445198,36.78705226422147,36.944476824198034,148158800
2019-01-03 00:00:00+00:00,33.915252685546875,34.75723031072386,33.86993317854554,34.34220305872549,365248800
2019-01-04 00:00:00+00:00,35.36306381225586,35.43223682628628,34.29926394532161,34.47338296901042,234428400
2019-01-07 00:00:00+00:00,35.28436279296875,35.499033590805276,34.800166098962414,35.46802473744808,219111200
2019-01-08 00:00:00+00:00,35.95698165893555,36.21220045649349,35.4250817221221,35.67314155306667,164101200
2019-01-09 00:00:00+00:00,36.56760787963867,36.85860342436368,35.6898534519375,36.085795047293445,180396400
2019-01-10 00:00:00+00:00,36.68448257446289,36.725030654714004,35.98323116880231,36.37440495188372,143122800
2019-01-11 00:00:00+00:00,36.324302673339844,36.6606176122784,36.13825688574314,36.46503260152564,108092800
2019-01-14 00:00:00+00:00,35.77809524536133,36.08101747084215,35.592049441248335,35.98083924089946,129756800
2019-01-15 00:00:00+00:00,36.5103645324707,36.58668926231533,35.79003101446399,35.8425058585296,114843600
2019-01-16 00:00:00+00:00,36.956390380859375,37.180600375929615,36.49365973393336,36.512741822826186,122278800
2019-01-17 00:00:00+00:00,37.175838470458984,37.60517648172829,36.55568316089918,36.77989321342522,119284800
2019-01-18 00:00:00+00:00,37.40480041503906,37.65763165638479,37.20444035476205,37.56699266815317,135004000
2019-01-22 00:00:00+00:00,36.56522750854492,37.383351840220506,36.40303152459061,37.307027101535304,121576000
2019-01-23 00:00:00+00:00,36.713104248046875,37.00409978164385,36.1835880239302,36.76796298779607,92522400
2019-01-24 00:00:00+00:00,36.42210388183594,36.84667036346506,36.193126087459284,36.7584188843341,101766000
2019-01-25 00:00:00+00:00,37.6290168762207,37.71727199264311,36.8085088877834,37.08519007898912,134142000
2019-01-28 00:00:00+00:00,37.28078079223633,37.287936121047366,36.65108638010935,37.15913292337564,104768400
2019-01-29 00:00:00+00:00,36.894378662109375,37.71727795602071,36.75842376107418,37.26885789319794,166348800
2019-01-30 00:00:00+00:00,39.4155387878418,39.630205924517746,38.218164063991175,38.93849747119621,244439200
2019-01-31 00:00:00+00:00,39.69938278198242,40.30999514384736,39.25096273644052,39.62067052040091,162958400
2019-02-01 00:00:00+00:00,39.71846008300781,40.30521885015985,39.57773013195106,39.823409752459085,130672400
2019-02-04 00:00:00+00:00,40.84666061401367,40.94445495233008,39.89973335854342,39.930742207164776,125982000
2019-02-05 00:00:00+00:00,41.5455207824707,41.760191529038174,41.109031240808925,41.230675449522025,144406400
2019-02-06 00:00:00+00:00,41.55984115600586,41.87707407091184,41.2282975838094,41.65763186066964,112958400
2019-02-07 00:00:00+00:00,40.77272415161133,41.4882861658143,40.62961029295609,41.120962293716275,126966800
2019-02-08 00:00:00+00:00,40.82062911987305,40.88051502481208,40.343936000705995,40.480477618436844,95280000
2019-02-11 00:00:00+00:00,40.585872650146484,41.012263644587904,40.54275655421891,40.973935789221976,83973600
2019-02-12 00:00:00+00:00,40.93560791015625,40.96195785381189,40.650550425648554,40.746370064007905,89134000
2019-02-13 00:00:00+00:00,40.765541076660156,41.31649226315777,40.70326103667732,41.05539053323618,89960800
2019-02-14 00:00:00+00:00,40.914058685302734,41.02424672424616,40.573907119850794,40.652956967864775,87342800
2019-02-15 00:00:00+00:00,40.823028564453125,41.129644145318814,40.66253475690202,41.02185023339894,98507200
2019-02-19 00:00:00+00:00,40.94519805908203,41.06736767097215,40.60025824207381,40.652958142272226,75891200
2019-02-20 00:00:00+00:00,41.20869064331055,41.51770397489298,40.95956687476161,41.00747487004267,104457600
2019-02-21 00:00:00+00:00,40.9763298034668,41.29013135127921,40.794277973667924,41.15359339271642,68998800
2019-02-22 00:00:00+00:00,41.43387222290039,41.44105824116632,41.05299863421966,41.10090664104139,75652800
2019-02-25 00:00:00+00:00,41.735687255859375,42.12853867814377,41.66861532926052,41.71892110178259,87493600
2019-02-26 00:00:00+00:00,41.7596435546875,41.992001179873725,41.481772052691156,41.611127666272104,68280800
2019-02-27 00:00:00+00:00,41.888999938964844,41.9201417853665,41.3763766370525,41.491360229083405,111341600
2019-02-28 00:00:00+00:00,41.47698211669922,41.89858128590096,41.42188809986802,41.75725140765541,112861600
2019-03-01 00:00:00+00:00,41.9129524230957,41.956068525306904,41.4147011961612,41.74766672099411,103544800
2019-03-04 00:00:00+00:00,42.12375259399414,42.57888406995493,41.67340935935998,42.08542473250484,109744800
2019-03-05 00:00:00+00:00,42.047096252441406,42.15968205944365,41.80994672500447,42.145310025383104,78949600
2019-03-06 00:00:00+00:00,41.80515670776367,42.03751432892731,41.66622095917077,41.841086791388626,83241600
2019-03-07 00:00:00+00:00,41.32127380371094,41.78598900406581,41.20629389135005,41.649447388331524,99185600
2019-03-08 00:00:00+00:00,41.41948699951172,41.457814854825195,40.60264240197744,40.79906991909989,95997600
2019-03-11 00:00:00+00:00,42.85435104370117,42.907050931145044,42.00397413888829,42.037510098612074,128044000
2019-03-12 00:00:00+00:00,43.335845947265625,43.757441487989446,42.96694665087926,43.117860331686984,129870400
2019-03-13 00:00:00+00:00,43.52747344970703,43.90834693397059,43.33823194019415,43.6568253981783,124130000
2019-03-14 00:00:00+00:00,44.011348724365234,44.09998235016081,43.73108312474761,44.05207070155969,94318000
2019-03-15 00:00:00+00:00,44.583866119384766,44.873715564634566,44.01375467759058,44.27964829408886,156171600
2019-03-18 00:00:00+00:00,45.03900146484375,45.12763145232553,44.504816453687674,44.507214229660455,104879200
2019-03-19 00:00:00+00:00,44.682071685791016,45.271350606371485,44.53594992962055,45.11804283392589,126585600
2019-03-20 00:00:00+00:00,45.072532653808594,45.391126136977775,44.250896059288934,44.61021152306901,124140800
2019-03-21 00:00:00+00:00,46.732566833496094,47.02960225648532,45.46777673422874,45.518082505798304,204136800
2019-03-22 00:00:00+00:00,45.764801025390625,47.35537022728512,45.70012323628935,46.792441360402506,169630800
2019-03-25 00:00:00+00:00,45.21147155761719,45.98759067420643,44.69884827308564,45.87500486195989,175381200
2019-03-26 00:00:00+00:00,44.744354248046875,46.203177772062595,44.21496485832889,45.91093424315701,199202000
2019-03-27 00:00:00+00:00,45.14678192138672,45.45579155258469,44.68685865475858,45.21385383599008,119393600
2019-03-28 00:00:00+00:00,45.20668029785156,45.407896097198545,44.92162275453689,45.26177431680809,83121600
2019-03-29 00:00:00+00:00,45.501312255859375,45.53245409772658,45.16355485684754,45.472568189610115,94256000
2019-04-01 00:00:00+00:00,45.81031799316406,45.91571410365168,45.12522317169622,45.90613396820559,111448000
2019-04-02 00:00:00+00:00,46.476253509521484,46.581653285633685,45.764808675909656,45.77438881230826,91062800
2019-04-03 00:00:00+00:00,46.79484176635742,47.07031543278642,46.26784294426612,46.29179876532304,93087200
2019-04-04 00:00:00+00:00,46.87630081176758,47.03918875096756,46.26546372947506,46.66070931823395,76457200
2019-04-05 00:00:00+00:00,47.19009780883789,47.21405363526623,46.933784355609184,47.05834807377388,74106400
2019-04-08 00:00:00+00:00,47.932682037353516,47.963820223892334,47.03199564527109,47.05115957437345,103526800
2019-04-09 00:00:00+00:00,47.78895568847656,48.59142833628125,47.72427788290095,47.98538322572627,143072800
2019-04-10 00:00:00+00:00,48.057247161865234,48.08599488612335,47.47276005561383,47.592531883775315,86781200
2019-04-11 00:00:00+00:00,47.657203674316406,48.14826883877584,47.535037740876426,48.11233875692457,83603200
2019-04-12 00:00:00+00:00,47.638038635253906,47.94226005670454,47.00085538268717,47.717088468629846,111042800
2019-04-15 00:00:00+00:00,47.72426986694336,47.87278938276906,47.432026385823875,47.568567990755454,70146400
2019-04-16 00:00:00+00:00,47.729061126708984,48.23689237657883,47.56377546194885,47.77936688973627,102785600
2019-04-17 00:00:00+00:00,48.65849685668945,48.71838276188199,47.57575866736756,47.79853248021393,115627200
2019-04-18 00:00:00+00:00,48.83336639404297,48.90283244109063,48.51237879500945,48.65610278532575,96783200
2019-04-22 00:00:00+00:00,48.993858337402344,49.09207210290908,48.469257203029855,48.586634897548564,77758000
2019-04-23 00:00:00+00:00,49.70051193237305,49.7651897366991,48.84294528794384,48.96990312097358,93292000
2019-04-24 00:00:00+00:00,49.623863220214844,49.94005893632176,49.597513272610435,49.67177121900122,70162400
2019-04-25 00:00:00+00:00,49.17351531982422,49.76758248967233,49.135187462377075,49.54480867165891,74172800
2019-04-26 00:00:00+00:00,48.93876647949219,49.10644629679352,48.41655944258701,49.08249047068796,74596400
2019-04-29 00:00:00+00:00,49.01301193237305,49.33879134659696,48.83335424780423,48.96270617243,88818800
2019-04-30 00:00:00+00:00,48.06922149658203,48.72317460621088,47.695534005365545,48.64173064636029,186139600
2019-05-01 00:00:00+00:00,50.42872619628906,51.57613857993993,50.11971286557231,50.27541841873172,259309200
2019-05-02 00:00:00+00:00,50.10055160522461,50.93895435796423,49.856219720416995,50.26583730415948,127985200
2019-05-03 00:00:00+00:00,50.72336196899414,50.74492001774366,50.359254640038046,50.5173543078257,83569600
2019-05-06 00:00:00+00:00,49.940059661865234,50.02629552299198,48.747133295566954,48.936371172823556,129772400
2019-05-07 00:00:00+00:00,48.59382247924805,49.6861408820944,48.107549187236586,49.3172452883824,155054800
2019-05-08 00:00:00+00:00,48.6034049987793,49.187892088109535,48.32793126404143,48.363861349391236,105358000
2019-05-09 00:00:00+00:00,48.08120346069336,48.3111633261349,47.10865679131575,48.004547735448746,139634400
2019-05-10 00:00:00+00:00,47.41510009765625,47.81668168190276,46.354647468891045,47.47281327802477,164834800
2019-05-13 00:00:00+00:00,44.65936279296875,45.56351397580666,43.96922628473015,45.137891635823976,229722400
2019-05-14 00:00:00+00:00,45.366336822509766,45.61641996040873,44.58482197139578,44.825288079430855,146118800
2019-05-15 00:00:00+00:00,45.9097900390625,46.10937735396515,44.731507548292626,44.79162407678541,106178800
2019-05-16 00:00:00+00:00,45.707801818847656,46.28251571508548,45.40962250071928,45.66692301760151,132125600
2019-05-17 00:00:00+00:00,45.448097229003906,45.90498139483426,44.90945179277733,44.95033059336452,131516400
2019-05-20 00:00:00+00:00,44.026939392089844,44.329929040318554,43.35123020710624,44.13034172783792,154449200
2019-05-21 00:00:00+00:00,44.8709716796875,45.207622721628184,44.41408392937239,44.539127317473714,113459200
2019-05-22 00:00:00+00:00,43.952392578125,44.65696014491198,43.89708640362231,44.404470011159354,118994400
2019-05-23 00:00:00+00:00,43.2021369934082,43.413744649619424,42.75727327586627,43.235802097979615,146118800
2019-05-24 00:00:00+00:00,43.03622817993164,43.798505453207504,42.95206355774621,43.33200052406564,94858800
2019-05-28 00:00:00+00:00,42.8582878112793,43.42578816373323,42.78134053884331,43.02421006866117,111792800
2019-05-29 00:00:00+00:00,42.65388107299805,43.12759961775198,42.322036656878375,42.42303198586659,113924800
2019-05-30 00:00:00+00:00,42.87510681152344,43.098738525632164,42.48314589027991,42.790942207956036,84873600
2019-05-31 00:00:00+00:00,42.09840774536133,42.80056841474609,42.079170014378214,42.377345671561514,108174400
2019-06-03 00:00:00+00:00,41.67277145385742,42.78372354414095,40.9441595414999,42.225844159173256,161584400
2019-06-04 00:00:00+00:00,43.19733428955078,43.24302344010268,41.96614891107454,42.187377304443125,123872000
2019-06-05 00:00:00+00:00,43.89468765258789,44.48383263192451,43.55803652372878,44.31310005778889,119093600
2019-06-06 00:00:00+00:00,44.53913497924805,44.59925150916613,43.800902230627514,44.02453762991812,90105200
2019-06-07 00:00:00+00:00,45.72462463378906,46.15025063198151,44.67138567566746,44.84932823041656,122737600
2019-06-10 00:00:00+00:00,46.30896759033203,46.979866476178515,46.078118491898756,46.12380764351111,104883600
2019-06-11 00:00:00+00:00,46.84519958496094,47.13135482633914,46.55423766350111,46.85722362360786,107731600
2019-06-12 00:00:00+00:00,46.69611358642578,47.124142960424194,46.503739968295555,46.63840040022024,73012800
2019-06-13 00:00:00+00:00,46.68648147583008,47.3213116920326,46.55422808558759,46.81873853529325,86698400
2019-06-14 00:00:00+00:00,46.34743881225586,46.55183280179707,45.76070092374396,46.06128355767657,75046000
2019-06-17 00:00:00+00:00,46.62397384643555,46.88127434494972,46.21037184436044,46.38591107699715,58676400
2019-06-18 00:00:00+00:00,47.720497131347656,48.162953877703266,46.941389310421805,47.14337995516395,106204000
2019-06-19 00:00:00+00:00,47.5810432434082,48.064382627538855,47.446382765775546,48.01628645476477,84496800
2019-06-20 00:00:00+00:00,47.963375091552734,48.23990966867827,47.61950662348392,48.18219647753628,86056000
2019-06-21 00:00:00+00:00,47.79985809326172,48.29762475468286,47.64836325383406,47.80466844335108,191202400
2019-06-24 00:00:00+00:00,47.751766204833984,48.131703143821035,47.65317420747451,47.74214550453341,72881600
2019-06-25 00:00:00+00:00,47.0279541015625,47.915270874894674,46.96062022194022,47.715683583626934,84281200
2019-06-26 00:00:00+00:00,48.04512023925781,48.331275442006046,47.455979117304885,47.55697442370645,104270000
2019-06-27 00:00:00+00:00,48.030696868896484,48.470750242280026,47.98981807498277,48.162950279526235,83598800
2019-06-28 00:00:00+00:00,47.593048095703125,47.97298495823531,47.383843771539844,47.77580100319577,124442400
2019-07-01 00:00:00+00:00,48.465938568115234,49.17290942178827,48.24951689721592,48.8554924388244,109012000
2019-07-02 00:00:00+00:00,48.749691009521484,48.84587965023338,48.420253629484236,48.43227766822591,67740800
2019-07-03 00:00:00+00:00,49.1536750793457,49.160888768616864,48.74007310476587,48.88194721939393,45448000
2019-07-05 00:00:00+00:00,49.110382080078125,49.31477969740825,48.79056178209683,48.89877444375447,69062000
2019-07-08 00:00:00+00:00,48.098026275634766,48.42986697045831,47.7108757406563,48.28799286408775,101354400
2019-07-09 00:00:00+00:00,48.39140319824219,48.456326408652934,47.80706861999297,47.90085025980805,82312000
2019-07-10 00:00:00+00:00,48.86992645263672,48.990159507500714,48.468348489697576,48.538085716282815,71588400
2019-07-11 00:00:00+00:00,48.514041900634766,49.14887233933144,48.5044248698581,48.889168477697986,80767200
2019-07-12 00:00:00+00:00,48.886756896972656,49.05508242635608,48.62224272992631,48.68235925250763,70380800
2019-07-15 00:00:00+00:00,49.34605407714844,49.504758927667474,49.05508845762357,49.07672952780047,67789600
2019-07-16 00:00:00+00:00,49.17532730102539,49.56247794635003,48.93486115285412,49.19696837374747,67467200
2019-07-17 00:00:00+00:00,48.8987922668457,49.31720101266955,48.87955453485508,49.067117835235884,56430000
2019-07-18 00:00:00+00:00,49.454254150390625,49.507156980733484,48.982939026214545,49.05507958297491,74162400
2019-07-19 00:00:00+00:00,48.716033935546875,49.656257414171854,48.660727751281314,49.485524842018926,83717200
2019-07-22 00:00:00+00:00,49.829383850097656,49.83178719009663,48.961301111691014,48.97091814090827,89111600
2019-07-23 00:00:00+00:00,50.218936920166016,50.2357713075465,49.84621375004897,50.127562301827695,73420800
2019-07-24 00:00:00+00:00,50.178062438964844,50.29348514370552,49.81736327608131,49.93759633037582,59966400
2019-07-25 00:00:00+00:00,49.78129577636719,50.315130841148026,49.711558548782996,50.230966233848946,55638400
2019-07-26 00:00:00+00:00,49.95442581176758,50.43295097254841,49.81014469309944,49.89190228137479,70475600
2019-07-29 00:00:00+00:00,50.42093276977539,50.651781852516805,50.12275713821061,50.127567487848594,86693600
2019-07-30 00:00:00+00:00,50.20452117919922,50.536365631597164,49.85103565448546,50.19971082894387,135742800
2019-07-31 00:00:00+00:00,51.22888946533203,53.23197225024353,50.81048085569678,52.04166594857817,277125600
2019-08-01 00:00:00+00:00,50.12034606933594,52.42882203289072,49.71396145377212,51.43569589333076,216071600
2019-08-02 00:00:00+00:00,49.05988311767578,49.639403492667796,48.48516942170467,49.422985521667364,163448400
2019-08-05 00:00:00+00:00,46.49171829223633,47.76859278950879,46.30896536379563,47.60988794051476,209572000
2019-08-06 00:00:00+00:00,47.371822357177734,47.629122848973516,46.66004107684591,47.205900158800496,143299200
2019-08-07 00:00:00+00:00,47.862361907958984,47.98740528377156,46.607132478241134,46.98947262456063,133457600
2019-08-08 00:00:00+00:00,48.91802215576172,48.94207023600368,47.9465406230698,48.14131759767527,108038000
2019-08-09 00:00:00+00:00,48.514915466308594,48.9421549559732,48.104566960105785,48.58974259670762,98478800
2019-08-12 00:00:00+00:00,48.391815185546875,48.77078319179525,48.07077964995006,48.1842284363325,89927600
2019-08-13 00:00:00+00:00,50.44112014770508,51.20629341455547,48.39180500852836,48.522152119291036,188874000
2019-08-14 00:00:00+00:00,48.93973922729492,49.83043100155141,48.901117587348956,49.0387057984706,146189600
2019-08-15 00:00:00+00:00,48.69594955444336,49.516639188429856,48.196291730051655,49.111122997470645,108909600
2019-08-16 00:00:00+00:00,49.84492111206055,50.004232639767636,49.2028500578444,49.30905774298246,110481600
2019-08-19 00:00:00+00:00,50.77423095703125,51.34871224697253,50.69698767052605,50.83940083646206,97654400
2019-08-20 00:00:00+00:00,50.77664566040039,51.49837245736053,50.76699209074424,50.90216416490711,107537200
2019-08-21 00:00:00+00:00,51.32698440551758,51.57077660101619,51.07595111294609,51.41146878225078,86141600
2019-08-22 00:00:00+00:00,51.283538818359375,51.7614696502556,50.87077786138375,51.45974498915605,89014800
2019-08-23 00:00:00+00:00,48.91319274902344,51.18457709703032,48.517330103465945,50.55215964287231,187272000
2019-08-26 00:00:00+00:00,49.84251403808594,50.01147915402969,49.497339024006365,49.69044359215492,104174400
2019-08-27 00:00:00+00:00,49.280086517333984,50.33974338377373,49.128016108956025,50.17319078091452,103493200
2019-08-28 00:00:00+00:00,49.61077880859375,49.6566415495546,49.0773316334955,49.265607540372834,63755200
2019-08-29 00:00:00+00:00,50.450775146484375,50.52560595531345,49.8835350009433,50.327672812306375,83962000
2019-08-30 00:00:00+00:00,50.3856086730957,50.798365969361676,50.013881807829335,50.72836746477032,84573600
2019-09-03 00:00:00+00:00,49.65181350708008,49.96077929036558,49.29457251074922,49.82801969211884,80092000
2019-09-04 00:00:00+00:00,50.49422836303711,50.56422686699448,50.0428494281787,50.3011238345456,76752400
2019-09-05 00:00:00+00:00,51.48147964477539,51.64803228377301,51.05423639906365,51.172513818261585,95654800
2019-09-06 00:00:00+00:00,51.476646423339844,51.756647829615176,51.295611602876754,51.667338496798834,77449200
2019-09-09 00:00:00+00:00,51.6962890625,52.2442220038342,50.94801421462112,51.858013016878616,109237600
2019-09-10 00:00:00+00:00,52.30698776245117,52.32629858320283,51.102505243761776,51.62147019999855,127111600
2019-09-11 00:00:00+00:00,53.970096588134766,53.99906466223968,52.555611127572114,52.63768304051297,177158400
2019-09-12 00:00:00+00:00,53.849403381347656,54.65319832869928,53.79388707442424,54.26216434253562,128906800
2019-09-13 00:00:00+00:00,52.80181884765625,53.294231903404,52.384232923026595,53.103543526785714,159053200
2019-09-16 00:00:00+00:00,53.07939910888672,53.13491909652476,52.5145714464053,52.555605556945004,84632400
2019-09-17 00:00:00+00:00,53.27251052856445,53.30147860335445,52.89113007843354,53.09389186931263,73274800
2019-09-18 00:00:00+00:00,53.77217102050781,53.79148184359405,52.968375964962206,53.359410003760594,101360000
2019-09-19 00:00:00+00:00,53.33526611328125,54.011126402538544,53.192849275108436,53.588711880171566,88242400
2019-09-20 00:00:00+00:00,52.55561065673828,53.72147526283461,52.492853249204686,53.43664893268685,221652400
2019-09-23 00:00:00+00:00,52.79457473754883,53.06491885601095,52.536296659033326,52.85009104405536,76662000
2019-09-24 00:00:00+00:00,52.54353332519531,53.70457282018097,52.42525962492351,53.352156824194836,124763200
2019-09-25 00:00:00+00:00,53.352169036865234,53.46561782079942,52.413201900566875,52.75354825236944,87613600
2019-09-26 00:00:00+00:00,53.076988220214844,53.33043767114045,52.8211262979487,53.103540137610146,75334000
2019-09-27 00:00:00+00:00,52.818729400634766,53.33528202332017,52.4470024474939,53.23389926652652,101408000
2019-09-30 00:00:00+00:00,54.06182861328125,54.20907042366248,53.294239011947965,53.320790934579435,103909600
2019-10-01 00:00:00+00:00,54.21147918701172,55.087688890747934,54.11734122833316,54.327344123202884,139223200
2019-10-02 00:00:00+00:00,52.852508544921875,53.967681745148056,52.60388402866276,53.84216325130935,138449200
2019-10-03 00:00:00+00:00,53.301475524902344,53.33526854090334,51.92802422607166,52.72457441511836,114426000
2019-10-04 00:00:00+00:00,54.795623779296875,54.911488728212035,54.04252002716449,54.464934651780865,138478800
2019-10-07 00:00:00+00:00,54.807682037353516,55.50044069816068,54.513198466013634,54.61699366730349,122306000
2019-10-08 00:00:00+00:00,54.165611267089844,55.049061984514516,54.14871660081996,54.50837373327863,111820000
2019-10-09 00:00:00+00:00,54.80044174194336,54.98388901728139,54.464924052724605,54.80044174194336,74770400
2019-10-10 00:00:00+00:00,55.5390625,55.62354688075504,54.865614658027944,55.01768138695956,113013600
2019-10-11 00:00:00+00:00,57.01631546020508,57.36148675350635,56.07493217425429,56.22941507530571,166795600
2019-10-14 00:00:00+00:00,56.93423843383789,57.479759006706715,56.6445834807475,56.70009978999221,96427600
2019-10-15 00:00:00+00:00,56.80148696899414,57.363898569381924,56.695279285142476,57.05976139730357,87360000
2019-10-16 00:00:00+00:00,56.57217025756836,56.78217314249817,56.28975639489996,56.33079051000604,73903200
2019-10-17 00:00:00+00:00,56.791831970214844,57.00183119142603,56.36700490110861,56.74596922462551,67585200
2019-10-18 00:00:00+00:00,57.06459045410156,57.34700433383881,56.55286285379047,56.625277519068376,97433600
2019-10-21 00:00:00+00:00,58.054229736328125,58.17009464303769,57.28423159493971,57.33250679782109,87247200
2019-10-22 00:00:00+00:00,57.92149353027344,58.462181879323765,57.839421606009886,58.211148529145134,82293600
2019-10-23 00:00:00+00:00,58.698734283447266,58.713220164388346,58.22563196794203,58.43804735711928,75828800
2019-10-24 00:00:00+00:00,58.795284271240234,59.08976788255186,58.36804105103191,59.019765687332246,69275200
2019-10-25 00:00:00+00:00,59.519432067871094,59.555637564935346,58.626327536372564,58.69391358633482,73477200
2019-10-28 00:00:00+00:00,60.115623474121094,60.16389868427639,59.55320825206391,59.722173329188664,96572800
2019-10-29 00:00:00+00:00,58.725276947021484,60.28459173110838,58.55148691792792,60.096315823357926,142839600
2019-10-30 00:00:00+00:00,58.7180290222168,59.210445710744374,58.22320354560376,59.08009860012616,124522000
2019-10-31 00:00:00+00:00,60.04562759399414,60.144594179260395,57.26976036220758,59.67873301175698,139162000
2019-11-01 00:00:00+00:00,61.74977493286133,61.776323171898355,60.142184770196394,60.23390657884497,151125200
2019-11-04 00:00:00+00:00,62.15529251098633,62.23977690611116,61.643568562906125,62.114254707756714,103272000
2019-11-05 00:00:00+00:00,62.06597900390625,62.32184096076288,61.870461987182324,62.04666449792139,79897600
2019-11-06 00:00:00+00:00,62.09252166748047,62.15286660219582,61.64114273442168,61.97907289556262,75864400
2019-11-07 00:00:00+00:00,62.80915451049805,63.03189385122847,62.489574869274925,62.64210185206056,94940400
2019-11-08 00:00:00+00:00,62.981040954589844,63.05366931782099,62.18451542510257,62.62998662594645,69986400
2019-11-11 00:00:00+00:00,63.47979736328125,63.54516291278652,62.530744554475746,62.53558398421758,81821200
2019-11-12 00:00:00+00:00,63.42167663574219,63.622627457208516,63.16989333939946,63.322412929352005,87388800
2019-11-13 00:00:00+00:00,64.02938079833984,64.1044326062354,63.206226932475275,63.22075261216839,102734400
2019-11-14 00:00:00+00:00,63.586307525634766,64.12861905454648,63.455569071900534,63.85503988162355,89182800
2019-11-15 00:00:00+00:00,64.3416748046875,64.34651423338288,63.67588763125635,63.838093459620026,100206400
2019-11-18 00:00:00+00:00,64.66609954833984,64.7459907652778,63.97126096462461,64.35135933282704,86703200
2019-11-19 00:00:00+00:00,64.46998596191406,64.88398243780993,64.25209346872889,64.85977051891373,76167200
2019-11-20 00:00:00+00:00,63.719478607177734,64.41915671156308,63.04400504000996,64.28842561219567,106234400
2019-11-21 00:00:00+00:00,63.43378448486328,63.91799334804073,63.23283366911773,63.84051815670652,121395200
2019-11-22 00:00:00+00:00,63.378108978271484,63.71705376455788,63.15053018138443,63.57421301135298,65325200
2019-11-25 00:00:00+00:00,64.48937225341797,64.50632134105835,63.557268482952686,63.60326892743787,84020400
2019-11-26 00:00:00+00:00,63.98577880859375,64.68061730726099,63.55240983088835,64.62735403967461,105207600
2019-11-27 00:00:00+00:00,64.84524536132812,64.87914352574064,64.23272148942515,64.2980870213688,65235600
2019-11-29 00:00:00+00:00,64.70242309570312,64.88400145799228,64.37558056589414,64.54505665940768,46617600
2019-12-02 00:00:00+00:00,63.954307556152344,64.94451379506343,63.7824154784312,64.70724879218962,94487200
2019-12-03 00:00:00+00:00,62.81399917602539,62.83336428008396,62.04894826799311,62.53799657121353,114430400
2019-12-04 00:00:00+00:00,63.368412017822266,63.74851775139017,63.11178190955831,63.20620618501214,67181600
2019-12-05 00:00:00+00:00,64.29810333251953,64.37316251726821,63.6081114883114,63.864741641186775,74424400
2019-12-06 00:00:00+00:00,65.54007720947266,65.61028955118721,64.71450035470659,64.7580847600285,106075600
2019-12-09 00:00:00+00:00,64.62250518798828,65.5618639881275,64.1358730136565,65.36818343702319,128042400
2019-12-10 00:00:00+00:00,65.00020599365234,65.38515118607975,64.36588612252761,65.0292573457689,90420400
2019-12-11 00:00:00+00:00,65.55462646484375,65.63452507964419,65.00505196283702,65.0801037595027,78756800
2019-12-12 00:00:00+00:00,65.7216796875,65.98799609163027,64.71937098815452,64.83073697953905,137310400
2019-12-13 00:00:00+00:00,66.61502075195312,66.65133493239513,65.59333994102727,65.72165497088204,133587600
2019-12-16 00:00:00+00:00,67.7553482055664,67.98051096052816,67.058093591998,67.06293302118587,128186000
2019-12-17 00:00:00+00:00,67.88849639892578,68.21775483990992,67.49870446887013,67.68512958741675,114158400
2019-12-18 00:00:00+00:00,67.72628784179688,68.24923427372028,67.5761842840897,67.74081351586915,116028400
2019-12-19 00:00:00+00:00,67.79408264160156,68.07492467866687,67.53503650596855,67.66819099261691,98369200
2019-12-20 00:00:00+00:00,67.65367889404297,68.43083223378363,67.44062576189711,68.32915248608661,275978000
2019-12-23 00:00:00+00:00,68.75765991210938,68.81818602118693,67.87881962615262,67.91755722257518,98572000
2019-12-24 00:00:00+00:00,68.82303619384766,68.97314717408389,68.49620106456034,68.92472332388611,48478800
2019-12-26 00:00:00+00:00,70.1884994506836,70.2054485347973,68.92713738051157,68.95618873131151,93121200
2019-12-27 00:00:00+00:00,70.16185760498047,71.17143628217687,69.7551239546679,70.48143721098629,146266000
2019-12-30 00:00:00+00:00,70.57828521728516,70.86155066913318,69.05303016763328,70.07955065116069,144114400
2019-12-31 00:00:00+00:00,71.09396362304688,71.10122646033071,70.09407115580855,70.19333485764807,100805600
2020-01-02 00:00:00+00:00,72.716064453125,72.77659055848162,71.4668047519516,71.72101143907315,135480400
2020-01-03 00:00:00+00:00,72.0091323852539,72.77176000550182,71.78397699623217,71.9413434276417,146322800
2020-01-06 00:00:00+00:00,72.58289337158203,72.62163096070418,70.87606037263818,71.12785100771227,118387200
2020-01-07 00:00:00+00:00,72.24156188964844,72.84923913180799,72.0212459184403,72.59260896500349,108872000
2020-01-08 00:00:00+00:00,73.40365600585938,73.70628659812324,71.9437663243162,71.9437663243162,132079200
2020-01-09 00:00:00+00:00,74.96279907226562,75.15647966923257,74.13238261481911,74.3841659131879,170108400
2020-01-10 00:00:00+00:00,75.13227081298828,75.69880172853615,74.62869680726308,75.19764374317383,140644800
2020-01-13 00:00:00+00:00,76.7374267578125,76.76406209011934,75.33080045122755,75.44943665950792,121532000
2020-01-14 00:00:00+00:00,75.70121002197266,76.88510420958616,75.57774178905865,76.6744745414686,161954400
2020-01-15 00:00:00+00:00,75.3768081665039,76.38396369325629,74.94343907710318,75.50028381601487,121923600
2020-01-16 00:00:00+00:00,76.32099151611328,76.43236486391163,75.55836410557868,75.92152071901803,108829200
2020-01-17 00:00:00+00:00,77.16596984863281,77.16838586948856,76.26291740491921,76.57038745969639,137816400
2020-01-21 00:00:00+00:00,76.64303588867188,77.23618757773582,76.50503452784757,76.79313952110076,110843200
2020-01-22 00:00:00+00:00,76.91656494140625,77.47097865524583,76.82214068619064,77.12961059079142,101832400
2020-01-23 00:00:00+00:00,77.28700256347656,77.3668937772688,76.42026453610515,76.96984634011159,104472000
2020-01-24 00:00:00+00:00,77.06427001953125,78.27963174807223,76.8730054274966,77.5339532626897,146537600
2020-01-27 00:00:00+00:00,74.79816436767578,75.48089322464955,73.81279759380895,75.06689673049003,161940000
2020-01-28 00:00:00+00:00,76.9141616821289,77.08605376922371,75.58258723533865,75.6818509443487,162234000
2020-01-29 00:00:00+00:00,78.52415466308594,79.37394362780475,77.80752757594179,78.55078999397739,216229200
2020-01-30 00:00:00+00:00,78.4103775024414,78.46364078408652,77.17080373518314,77.60417282727558,126743200
2020-01-31 00:00:00+00:00,74.93374633789062,78.12225762194025,74.63837863048332,77.69857485901245,199588400
2020-02-03 00:00:00+00:00,74.72796630859375,75.89732764326911,73.16881293673191,73.67238698147514,173788400
2020-02-04 00:00:00+00:00,77.19499969482422,77.38626426505087,75.93121426303615,76.33794793595989,136616400
2020-02-05 00:00:00+00:00,77.8244857788086,78.62585099313237,77.21922459648295,78.32563642255818,118826800
2020-02-06 00:00:00+00:00,78.73477935791016,78.73720276650342,77.53636686633509,78.09562750675829,105425600
2020-02-07 00:00:00+00:00,77.66455841064453,78.48238543817546,77.17192034743294,78.23242636976711,117684000
2020-02-10 00:00:00+00:00,78.033447265625,78.033447265625,76.1648229834898,76.24490381310511,109348800
2020-02-11 00:00:00+00:00,77.5626449584961,78.60374012100387,77.34423530217373,78.53093937088862,94323200
2020-02-12 00:00:00+00:00,79.40457153320312,79.409422447038,78.01401820106558,78.01401820106558,113730400
2020-02-13 00:00:00+00:00,78.8391342163086,79.16675238353734,78.47026476188894,78.67411425559266,94747600
2020-02-14 00:00:00+00:00,78.8585433959961,79.10850246780329,78.34891601878451,78.80757547409223,80113600
2020-02-18 00:00:00+00:00,77.41460418701172,77.5966134445047,76.34923977828454,76.5312490357775,152531200
2020-02-19 00:00:00+00:00,78.53577423095703,78.76632223582008,77.65727746459481,77.65727746459481,93984000
2020-02-20 00:00:00+00:00,77.73008728027344,78.78574250032466,77.22288901629881,78.29553354521413,100566000
2020-02-21 00:00:00+00:00,75.97064208984375,77.76647223882507,75.35181373173113,77.3223656144135,129554000
2020-02-24 00:00:00+00:00,72.36204528808594,73.81811974778519,70.19007199595448,72.13878468494622,222195200
2020-02-25 00:00:00+00:00,69.91095733642578,73.41767156165426,69.4377377687625,73.03424203168211,230673600
2020-02-26 00:00:00+00:00,71.02001190185547,72.28922581008212,69.52753744829661,69.53481752247102,198054800
2020-02-27 00:00:00+00:00,66.37757110595703,69.4062083168437,66.2416714304022,68.21708245275049,320605600
2020-02-28 00:00:00+00:00,66.3387451171875,67.56427882911555,62.215630206085294,62.431618127058165,426510000
2020-03-02 00:00:00+00:00,72.51492309570312,73.15317015362184,67.39682304876307,68.50343887480543,341397200
2020-03-03 00:00:00+00:00,70.21190643310547,73.77443320656704,69.35767141404621,73.69435237651876,319475600
2020-03-04 00:00:00+00:00,73.46864318847656,73.6288122283086,71.13650139150472,71.93976834476976,219178400
2020-03-05 00:00:00+00:00,71.08556365966797,72.69451983608883,70.71911585685324,71.7165233809413,187572800
2020-03-06 00:00:00+00:00,70.14151000976562,70.57590748684923,68.24861680086957,68.43547696188391,226176800
2020-03-09 00:00:00+00:00,64.5938949584961,67.48662548846899,63.8245990046388,64.00660831738968,286744800
2020-03-10 00:00:00+00:00,69.24604034423828,69.5129887846972,65.37045555760074,67.25607654604191,285290000
2020-03-11 00:00:00+00:00,66.8410873413086,68.24620108036899,65.97472137640763,67.31674360006403,255598800
2020-03-12 00:00:00+00:00,60.24020767211914,65.52333058622261,60.18439253845632,62.11126440817364,418474000
2020-03-13 00:00:00+00:00,67.45751953125,67.93074680744641,61.38568652959663,64.28327970036072,370732000
2020-03-16 00:00:00+00:00,58.779293060302734,62.873283657436204,58.242970742071286,58.71619413875295,322423600
2020-03-17 00:00:00+00:00,61.36381530761719,62.516536915107906,57.854675154192996,60.06548110830406,324056000
2020-03-18 00:00:00+00:00,59.861629486083984,60.6697510139483,57.54404425675361,58.187145839294104,300233600
2020-03-19 00:00:00+00:00,59.4029655456543,61.35895770048267,58.87635255804571,60.036357886139776,271857200
2020-03-20 00:00:00+00:00,55.63173294067383,61.113850430144076,55.33080966032288,59.985390906068666,401693200
2020-03-23 00:00:00+00:00,54.449893951416016,55.45215955190559,51.595989830091725,55.350234801464175,336752800
2020-03-24 00:00:00+00:00,59.912593841552734,60.10916324280381,56.85969151927787,57.359609676283746,287531200
2020-03-25 00:00:00+00:00,59.582550048828125,62.67185273031452,59.286481367958,60.85176020184459,303602000
2020-03-26 00:00:00+00:00,62.71797180175781,62.77621240154902,59.78640854897909,59.82523808416542,252087200
2020-03-27 00:00:00+00:00,60.12130355834961,62.09428153233142,59.95385443702902,61.33712415208677,204216800
2020-03-30 00:00:00+00:00,61.837039947509766,62.0093436795025,60.52414557218957,60.84933827038797,167976400
2020-03-31 00:00:00+00:00,61.71084976196289,63.700817094858024,61.15511640489983,62.0287624061651,197002000
2020-04-01 00:00:00+00:00,58.46379470825195,60.3591169738146,58.0318264145662,59.82036933508518,176218400
2020-04-02 00:00:00+00:00,59.43937301635742,59.49276269917482,57.49066070248686,58.32547715782636,165934000
2020-04-03 00:00:00+00:00,58.585147857666016,59.62623930857482,57.99301040837071,58.92247157470053,129880000
2020-04-06 00:00:00+00:00,63.69595718383789,63.85126789213967,60.519289974644046,60.88815938708916,201820400
2020-04-07 00:00:00+00:00,62.958213806152344,65.93588999958892,62.85386360925453,65.7174729657415,202887200
2020-04-08 00:00:00+00:00,64.56961059570312,64.88509036892265,63.395044991841544,63.76148528714011,168895200
2020-04-09 00:00:00+00:00,65.03553771972656,65.54031414733082,64.2371292048889,65.20784512846275,161834800
2020-04-13 00:00:00+00:00,66.31204223632812,66.42125075775364,64.51136064871955,65.11320728466447,131022800
2020-04-14 00:00:00+00:00,69.66099548339844,69.95221321023672,67.47688475003459,67.9501117046532,194994800
2020-04-15 00:00:00+00:00,69.02520751953125,69.48629628080043,68.1030299969929,68.53256929355807,131154400
2020-04-16 00:00:00+00:00,69.57364654541016,69.94009422345636,68.5204205220071,69.7410956561746,157125200
2020-04-17 00:00:00+00:00,68.6296157836914,69.636739522461,67.18810198275611,69.08828263215949,215250000
2020-04-20 00:00:00+00:00,67.2051010131836,68.35782638874939,67.18568994969831,67.45263835997193,130015200
2020-04-21 00:00:00+00:00,65.12776947021484,67.28276042085989,64.41429253639382,67.0473614677832,180991600
2020-04-22 00:00:00+00:00,67.00367736816406,67.4404966317663,66.05723069304202,66.39940158614417,116862400
2020-04-23 00:00:00+00:00,66.74401092529297,68.37481424450658,66.7051813931717,66.94786041444767,124814400
2020-04-24 00:00:00+00:00,68.67089080810547,68.6806000437413,67.22209658899173,67.27063536119402,126161200
2020-04-27 00:00:00+00:00,68.71942138671875,69.05189045933044,67.93799464568525,68.38694490813113,117087600
2020-04-28 00:00:00+00:00,67.60551452636719,69.3649373275059,67.51330272470628,69.18292807221569,112004800
2020-04-29 00:00:00+00:00,69.82604217529297,70.29684010085327,68.89415555935265,69.0980050622793,137280800
2020-04-30 00:00:00+00:00,71.2990951538086,71.47625350962926,69.97649890054853,70.36720857906009,183064000
2020-05-01 00:00:00+00:00,70.15122985839844,72.56103087905444,69.36980307576957,69.46687320779041,240616800
2020-05-04 00:00:00+00:00,71.14379119873047,71.27241079901312,69.4838673851674,70.17550415897956,133568000
2020-05-05 00:00:00+00:00,72.2115707397461,73.04638718577591,71.45926427424553,71.60487317175793,147751200
2020-05-06 00:00:00+00:00,72.95659637451172,73.58998507405805,72.52947892116252,72.91533768168664,142333600
2020-05-07 00:00:00+00:00,73.7113265991211,74.05836324243135,73.28178737986006,73.58513616899319,115215200
2020-05-08 00:00:00+00:00,75.46576690673828,75.51930110394392,74.04468608439737,74.37319104788544,133838400
2020-05-11 00:00:00+00:00,76.65325927734375,77.14965926401848,74.7625342106639,74.97180698726206,145946400
2020-05-12 00:00:00+00:00,75.7772445678711,77.79206581684177,75.65557660011677,77.3394571152635,162301200
2020-05-13 00:00:00+00:00,74.86229705810547,76.88198972405412,73.78188493945902,75.95730873840742,200622400
2020-05-14 00:00:00+00:00,75.32220458984375,75.38303857132479,73.373081446864,74.09822517948626,158929200
2020-05-15 00:00:00+00:00,74.87689208984375,74.92312650763014,73.05187273308422,73.085943325568,166348400
2020-05-18 00:00:00+00:00,76.6410903930664,77.01582984347145,75.51201542213853,76.20552437986748,135178400
2020-05-19 00:00:00+00:00,76.1982192993164,77.50736040977804,76.16658443916718,76.65812036126512,101729600
2020-05-20 00:00:00+00:00,77.68013763427734,77.75069971271533,77.02069186607584,77.05962650901947,111504800
2020-05-21 00:00:00+00:00,77.10100555419922,78.08408497746194,76.86253362412333,77.54144307709652,102688800
2020-05-22 00:00:00+00:00,77.59740447998047,77.68013781166567,76.73599313969208,76.83819007988166,81803200
2020-05-26 00:00:00+00:00,77.07181549072266,78.89926383747755,77.01584553623708,78.7191975702139,125522000
2020-05-27 00:00:00+00:00,77.40760040283203,77.55360346730318,76.18605652967298,76.92823567989113,112945200
2020-05-28 00:00:00+00:00,77.4416732788086,78.70458757066594,76.80413421876992,77.08153336599706,133560800
2020-05-29 00:00:00+00:00,77.3662338256836,78.14734015890691,77.00852967618476,77.68500333141107,153532400
2020-06-01 00:00:00+00:00,78.31768798828125,78.43935598036309,77.18860545726987,77.32000896800524,80791200
2020-06-02 00:00:00+00:00,78.68025207519531,78.70458715753213,77.60713955055513,78.05001280060178,87642800
2020-06-03 00:00:00+00:00,79.11336517333984,79.37617209910724,78.42715616564102,79.00143274067266,104491200
2020-06-04 00:00:00+00:00,78.4320297241211,79.2350352304067,78.05729035571069,78.93573682356579,87560400
2020-06-05 00:00:00+00:00,80.6658706665039,80.72670465644849,78.65348495250613,78.68268407951567,137250400
2020-06-08 00:00:00+00:00,81.1427993774414,81.17686997307266,79.64872058754821,80.36169309987528,95654400
2020-06-09 00:00:00+00:00,83.70513916015625,84.09934224911986,80.78997894985643,80.82161381457999,147712400
2020-06-10 00:00:00+00:00,85.85865020751953,86.32828677869298,84.2161326502249,84.65657009743241,166651600
2020-06-11 00:00:00+00:00,81.73655700683594,85.42553148158305,81.63436005029637,84.99969350194307,201662400
2020-06-12 00:00:00+00:00,82.44221496582031,84.63223846471662,81.32773960827684,83.88276702365586,200146000
2020-06-15 00:00:00+00:00,83.46180725097656,84.11638164574502,80.92867875199258,81.09171712965171,138808800
2020-06-16 00:00:00+00:00,85.67371368408203,85.94625617218522,83.88276474697345,85.52284659086101,165428800
2020-06-17 00:00:00+00:00,85.55448913574219,86.48159854763982,85.43282115595484,86.42076455774615,114406400
2020-06-18 00:00:00+00:00,85.58856201171875,86.00710017036369,84.97778636060843,85.51069272033729,96820400
2020-06-19 00:00:00+00:00,85.09945678710938,86.76387395155108,83.98740960809002,86.29667304189616,264476000
2020-06-22 00:00:00+00:00,87.32597351074219,87.46954083393744,85.4474196297417,85.4936540555532,135445200
2020-06-23 00:00:00+00:00,89.18992614746094,90.61344295119446,88.1533126161021,88.57428648623221,212155600
2020-06-24 00:00:00+00:00,87.61554718017578,89.73987283324034,87.24080771386359,88.81762744432615,192623200
2020-06-25 00:00:00+00:00,88.77867126464844,88.81760590082357,87.0096218971974,87.7712644729489,137522400
2020-06-26 00:00:00+00:00,86.0509033203125,88.89550150488402,85.90246451179942,88.67406487318402,205256800
2020-06-29 00:00:00+00:00,88.03409576416016,88.12900036647599,85.47906782275209,85.95844002880014,130646000
2020-06-30 00:00:00+00:00,88.7689437866211,89.05608582615886,87.60093429970102,87.62039790653964,140223200
2020-07-01 00:00:00+00:00,88.60104370117188,89.39188548967921,88.55238096980085,88.84681537177396,110737200
2020-07-02 00:00:00+00:00,88.60104370117188,90.14866410882917,88.48668294073944,89.51112514748854,114041600
2020-07-06 00:00:00+00:00,90.97115325927734,91.44078989598016,90.00267343180715,90.03430829585879,118655600
2020-07-07 00:00:00+00:00,90.68888092041016,92.1318614031436,90.57694845637647,91.35075503882443,112424400
2020-07-08 00:00:00+00:00,92.80103302001953,92.83266788269125,91.58191749535032,91.66952230167387,117092000
2020-07-09 00:00:00+00:00,93.20011138916016,93.7500456266075,92.14889822617897,93.69651141665871,125642800
2020-07-10 00:00:00+00:00,93.36312866210938,93.42153433551938,92.18051959638903,92.79372347201921,90257200
2020-07-13 00:00:00+00:00,92.93244171142578,97.29058984952216,92.7183048684692,94.67229242141129,191649200
2020-07-14 00:00:00+00:00,94.4703140258789,94.6625440704525,91.37508059280022,92.31191801469724,170989200
2020-07-15 00:00:00+00:00,95.12002563476562,96.60194074558854,93.91794539378512,96.35130500289155,153198000
2020-07-16 00:00:00+00:00,93.94956970214844,94.80854525062085,93.34852964918174,93.98850434264295,110577600
2020-07-17 00:00:00+00:00,93.75978088378906,94.55792255878987,93.28527277756179,94.40219140138757,92186800
2020-07-20 00:00:00+00:00,95.73565673828125,95.8743600058145,93.50183459957924,93.84737490055309,90318000
2020-07-21 00:00:00+00:00,94.41436004638672,96.60438386189568,94.16372428454169,96.52895030233236,103433200
2020-07-22 00:00:00+00:00,94.6795883178711,95.36336177523553,94.02744972364847,94.11504710524962,89001600
2020-07-23 00:00:00+00:00,90.3701171875,94.4897935351177,89.5573759076989,94.4119242394898,197004400
2020-07-24 00:00:00+00:00,90.14622497558594,90.49176525760697,86.76872113795501,88.56211314862233,185438800
2020-07-27 00:00:00+00:00,92.28272247314453,92.37519132147816,90.98818087454525,91.212045787962,121214000
2020-07-28 00:00:00+00:00,90.76675415039062,92.02966845109543,90.76188267824885,91.85203051648675,103625600
2020-07-29 00:00:00+00:00,92.506591796875,92.69152948751328,91.21447855018052,91.25097745595819,90329200
2020-07-30 00:00:00+00:00,93.62594604492188,93.73057872513968,91.26802000602063,91.67682263526055,158130000
2020-07-31 00:00:00+00:00,103.4275131225586,103.578380221725,98.13738457841312,100.14247783391713,374336800
2020-08-03 00:00:00+00:00,106.03363800048828,108.66166323525441,105.01649553295304,105.31579399255398,308151200
2020-08-04 00:00:00+00:00,106.74174499511719,107.83675673192468,105.49829447245462,106.22343825153119,173071600
2020-08-05 00:00:00+00:00,107.12865447998047,107.44985972369943,105.99470803547494,106.46191633779561,121776800
2020-08-06 00:00:00+00:00,110.86628723144531,111.36269464253704,106.87071514088169,107.46201970975673,202428800
2020-08-07 00:00:00+00:00,108.34565734863281,110.84434776897682,107.54607671169924,110.38605018937842,198045600
2020-08-10 00:00:00+00:00,109.92044830322266,110.94186486752692,107.26086549559103,109.79612082851325,212403600
2020-08-11 00:00:00+00:00,106.65142822265625,109.68154587218592,106.3905875156011,109.18181072713648,187902400
2020-08-12 00:00:00+00:00,110.19591522216797,110.45431580374148,107.5509582932633,107.74597507351805,165598000
2020-08-13 00:00:00+00:00,112.14611053466797,113.15290119524892,111.09056196029391,111.58055146808589,210082000
2020-08-14 00:00:00+00:00,112.0461654663086,112.13636091412904,110.23004099312963,111.97059590519345,165565200
2020-08-17 00:00:00+00:00,111.75362396240234,113.19677333095444,111.12468856587184,113.17239437524739,119561600
2020-08-18 00:00:00+00:00,112.68484497070312,113.11145065744996,111.16856617508924,111.50497642122994,105633600
2020-08-19 00:00:00+00:00,112.82623291015625,114.2450033462818,112.73116465257537,113.09438654850844,145538000
2020-08-20 00:00:00+00:00,115.3298110961914,115.44438550181255,112.85061914452253,112.86768515883944,126907200
2020-08-21 00:00:00+00:00,121.27303314208984,121.7581423853081,116.28052490809851,116.29271066660041,338054800
2020-08-24 00:00:00+00:00,122.7234878540039,125.57809477103142,120.85130005912201,125.49276470400675,345937600
2020-08-25 00:00:00+00:00,121.71668243408203,122.06284571800214,119.98832102047098,121.5923624186603,211495600
2020-08-26 00:00:00+00:00,123.37194061279297,123.83023825240734,121.96779591940656,123.03797045440116,163022400
2020-08-27 00:00:00+00:00,121.89710235595703,124.31047038391692,120.74891816931488,123.97650023718222,155552400
2020-08-28 00:00:00+00:00,121.69965362548828,123.29393490492009,121.47537761438699,122.87464209761984,187630000
2020-08-31 00:00:00+00:00,125.82671356201172,127.7379133155527,122.86242044091328,124.40307797475816,225702700
2020-09-01 00:00:00+00:00,130.83877563476562,131.44334712754875,127.2796702646803,129.45413685126726,151948100
2020-09-02 00:00:00+00:00,128.12796020507812,134.54411128513743,123.83753197784804,134.16382339626398,200119000
2020-09-03 00:00:00+00:00,117.86993408203125,125.6317192300971,117.49939923565937,123.74978578666541,257599600
2020-09-04 00:00:00+00:00,117.94795989990234,120.61972875413336,108.12871445358171,117.08012248988481,332607200
2020-09-08 00:00:00+00:00,110.01065063476562,116.02700868136228,109.87413739256252,111.11250964380896,231366600
2020-09-09 00:00:00+00:00,114.39859008789062,116.17326959342994,112.38988895508609,114.34008654092767,176940500
2020-09-10 00:00:00+00:00,110.66395568847656,117.49940004817361,109.69861000348159,117.36288681754456,182274400
2020-09-11 00:00:00+00:00,109.21105194091797,112.36062394434131,107.26085458483016,111.71705524591432,180860300
2020-09-14 00:00:00+00:00,112.4874038696289,113.04320991624836,109.99115319560664,111.86334120112333,140150100
2020-09-15 00:00:00+00:00,112.66289520263672,115.87097054819286,110.78095457255097,115.38342123925263,184642000
2020-09-16 00:00:00+00:00,109.33780670166016,113.11144107787773,109.25005139587964,112.36061840613317,154679000
2020-09-17 00:00:00+00:00,107.59239196777344,109.40607622888594,106.00298369138476,106.9878355070113,178011000
2020-09-18 00:00:00+00:00,104.17955017089844,108.11895013810333,103.4482260852904,107.65090688938564,287104900
2020-09-21 00:00:00+00:00,107.33887481689453,107.44613627717712,100.53268210169752,101.93682671673261,195713800
2020-09-22 00:00:00+00:00,109.02577209472656,110.04962860057904,106.44176675603478,109.87411055498752,183055400
2020-09-23 00:00:00+00:00,104.45257568359375,109.31831612573531,104.11128518620949,108.84051984457511,150718700
2020-09-24 00:00:00+00:00,105.52519989013672,107.50464938695539,102.38538036852894,102.55114538938055,167743300
2020-09-25 00:00:00+00:00,109.48407745361328,109.64009681169752,104.98887199073256,105.72994906280776,149981400
2020-09-28 00:00:00+00:00,112.09734344482422,112.44837956504263,109.97162802324053,112.1461013546261,137672400
2020-09-29 00:00:00+00:00,111.24901580810547,112.43863750540089,110.74196771781253,111.69756779185069,99382200
2020-09-30 00:00:00+00:00,112.92617797851562,114.34007555606303,110.79071688597794,110.95648187938991,142675200
2020-10-01 00:00:00+00:00,113.88177490234375,114.78861696573017,112.9456810690759,114.71060728643806,116120400
2020-10-02 00:00:00+00:00,110.20564270019531,112.49713040750103,109.42556826825921,110.07888255785136,144712000
2020-10-05 00:00:00+00:00,113.5989990234375,113.74526531692963,110.72246082221426,111.07349695083026,106243800
2020-10-06 00:00:00+00:00,110.3421630859375,113.22845409992826,109.45481977342668,112.81890702677832,161498200
2020-10-07 00:00:00+00:00,112.21436309814453,112.67266068936267,111.2880148454192,111.76581857721544,96849000
2020-10-08 00:00:00+00:00,112.10710906982422,113.5015006370164,111.73656676842208,113.35523433064257,83477200
2020-10-09 00:00:00+00:00,114.05730438232422,114.0865561551348,112.05834892691767,112.40938507947115,100506900
2020-10-12 00:00:00+00:00,121.30229187011719,122.06286774169322,116.30978334982996,117.07035922140598,240226800
2020-10-13 00:00:00+00:00,118.08446502685547,122.26763983658118,116.67057472065251,122.15062530057422,262330500
2020-10-14 00:00:00+00:00,118.17223358154297,119.9664119184526,116.64132866428777,117.98696241696997,150712000
2020-10-15 00:00:00+00:00,117.70417785644531,118.1819741959685,115.20792725389234,115.7637332845987,112559200
2020-10-16 00:00:00+00:00,116.0562744140625,118.52328102066646,115.85150452613055,118.26000013660065,115393800
2020-10-19 00:00:00+00:00,113.09194946289062,117.42138259241214,112.7799181793268,116.97283808725243,120639300
2020-10-20 00:00:00+00:00,114.58385467529297,116.01725100908146,112.75066428839048,113.3064702709398,124423700
2020-10-21 00:00:00+00:00,113.95980834960938,115.75398671105492,113.55026116761503,113.76478411070397,89946000
2020-10-22 00:00:00+00:00,112.86768341064453,115.10066050216787,111.7365652586778,114.52534835538113,101988000
2020-10-23 00:00:00+00:00,112.17534637451172,113.64774737685771,111.43426933871073,113.4917280264103,82572600
2020-10-26 00:00:00+00:00,112.18510437011719,113.647752367436,110.06913461337588,111.17100086591333,111850700
2020-10-27 00:00:00+00:00,113.69651794433594,114.35958542213467,111.68781680839272,112.61415768734956,92276800
2020-10-28 00:00:00+00:00,108.43097686767578,112.5556478095225,108.33346848159846,112.18511296666344,143937800
2020-10-29 00:00:00+00:00,112.4483871459961,114.01829672297495,109.40607637880336,109.57184881965813,146129200
2020-10-30 00:00:00+00:00,106.14925384521484,109.20131035012999,105.03764183054732,108.29446818664717,190272600
2020-11-02 00:00:00+00:00,106.06149291992188,107.92393519387548,104.64760263945637,106.39303037953306,122866900
2020-11-03 00:00:00+00:00,107.68991088867188,108.71376013684448,106.0224928792937,106.9293350359113,107624400
2020-11-04 00:00:00+00:00,112.08759307861328,112.71165565418494,109.5523379354268,111.29776550877692,138235500
2020-11-05 00:00:00+00:00,116.06599426269531,116.64130635027131,113.95978499014568,115.01288590671425,126387100
2020-11-06 00:00:00+00:00,115.93414306640625,116.43229602708031,113.43357855709559,115.57273140177695,114457900
2020-11-09 00:00:00+00:00,113.61917114257812,119.1575178931427,113.35544353875275,117.70211621905518,154515300
2020-11-10 00:00:00+00:00,113.27729797363281,114.85967848302198,111.48001699164712,112.86705172692065,138023400
2020-11-11 00:00:00+00:00,116.71556854248047,116.85231729677409,113.73639073565728,114.46897654176517,112295000
2020-11-12 00:00:00+00:00,116.44206237792969,117.7314130027431,115.81692313270185,116.84254616591035,103162300
2020-11-13 00:00:00+00:00,116.49091339111328,116.89138975772552,115.13318828954677,116.66673428315598,81581900
2020-11-16 00:00:00+00:00,117.50675964355469,118.1807334795776,115.40667896087977,116.15879706701332,91183000
2020-11-17 00:00:00+00:00,116.6178970336914,117.86817567185544,116.19788085503488,116.77418558958617,74271000
2020-11-18 00:00:00+00:00,115.28946685791016,117.03790584258053,115.26016461858715,115.85600165898173,76322100
2020-11-19 00:00:00+00:00,115.88532257080078,116.29556889192155,114.09781116159698,114.85969931574961,74113000
2020-11-20 00:00:00+00:00,114.61548614501953,116.0122833606363,114.566651563308,115.88530450548863,73604300
2020-11-23 00:00:00+00:00,111.20650482177734,114.88897301609046,111.10882822148257,114.45918703209715,127959300
2020-11-24 00:00:00+00:00,112.4958724975586,113.16008391412161,109.97577558304761,111.26513373188881,113874200
2020-11-25 00:00:00+00:00,113.3359146118164,114.03919822578274,112.49588223427314,112.86706383733798,76499200
2020-11-27 00:00:00+00:00,113.88289642333984,114.76200083857178,113.52149221259015,113.86336408177817,46691300
2020-11-30 00:00:00+00:00,116.2857894897461,118.1612073576281,114.09779452496895,114.25408307341652,169410200
2020-12-01 00:00:00+00:00,119.87055969238281,120.60314540681418,117.2234842051738,118.20026515774896,127728200
2020-12-02 00:00:00+00:00,120.22221374511719,120.505481144647,118.0830608551581,119.18682076181041,89004200
2020-12-03 00:00:00+00:00,120.08546447753906,120.90595698113327,119.37241103320297,120.65199182191449,78967600
2020-12-04 00:00:00+00:00,119.4114761352539,120.00731313587139,118.69842273292154,119.7533479916129,78260400
2020-12-07 00:00:00+00:00,120.87664794921875,121.67760806582265,119.41147645892518,119.4700809338177,86712000
2020-12-08 00:00:00+00:00,121.49201202392578,122.0780865564266,120.23196370264463,121.48224958003209,82225500
2020-12-09 00:00:00+00:00,118.952392578125,123.02556768253118,118.19050456748764,121.63854040920427,115089200
2020-12-10 00:00:00+00:00,120.37849426269531,120.99387109234236,117.36024440160968,117.7021162779425,81312200
2020-12-11 00:00:00+00:00,119.5677719116211,119.90964378868306,117.75095856237984,119.58730425363264,86939800
2020-12-14 00:00:00+00:00,118.952392578125,120.48593849632398,118.71796721767839,119.75335272421145,79184500
2020-12-15 00:00:00+00:00,124.91075897216797,124.93029876658031,121.24783000590143,121.4529531337426,157243700
2020-12-16 00:00:00+00:00,124.84239196777344,125.38938700764821,123.62141557358976,124.45168548343347,98208600
2020-12-17 00:00:00+00:00,125.71170806884766,126.571280093327,125.06702905048816,125.9070612822762,94359800
2020-12-18 00:00:00+00:00,123.71908569335938,126.10243373072133,123.19162305629168,125.96568498617573,192541500
2020-12-21 00:00:00+00:00,125.25262451171875,125.33076878091637,120.58361248475222,122.11715836957907,121251600
2020-12-22 00:00:00+00:00,128.8179168701172,131.28917225657673,126.63968393699342,128.55418175761582,168904800
2020-12-23 00:00:00+00:00,127.91925048828125,129.355104892956,127.74342215221154,129.09138474559504,88223700
2020-12-24 00:00:00+00:00,128.90579223632812,130.36120131987872,128.0559975194573,128.27089053594116,54930100
2020-12-28 00:00:00+00:00,133.51622009277344,134.1511218894807,130.41004823158806,130.87891392295424,124486200
2020-12-29 00:00:00+00:00,131.73846435546875,135.5674445419394,131.22077155630924,134.8446360549227,121047300
2020-12-30 00:00:00+00:00,130.61517333984375,132.83247066876245,130.30259622541593,132.43198683008825,96452100
2020-12-31 00:00:00+00:00,129.6090545654297,131.61145830727833,128.66157593984025,130.96677936325997,99116600
2021-01-04 00:00:00+00:00,126.40525817871094,130.50773622189638,123.81678651830266,130.419829491317,143301900
2021-01-05 00:00:00+00:00,127.96806335449219,128.6811241595061,125.44796678465465,125.8972925672046,97664900
2021-01-06 00:00:00+00:00,123.66048431396484,128.00716462914988,123.44559128213457,124.75448181589701,155088000
2021-01-07 00:00:00+00:00,127.88016510009766,128.57368615922834,124.89121766294679,125.37960815671642,109578200
2021-01-08 00:00:00+00:00,128.9839324951172,129.55046725691102,127.20618394212671,129.35509913564104,105158200
2021-01-11 00:00:00+00:00,125.9852066040039,127.14757835470962,125.51635590694859,126.190337167744,100384500
2021-01-12 00:00:00+00:00,125.80939483642578,126.67872932371974,123.91443732593233,125.51635755772662,91951100
2021-01-13 00:00:00+00:00,127.85091400146484,128.3979091885583,125.50664465549272,125.77036489637639,88636800
2021-01-14 00:00:00+00:00,125.91683959960938,127.95830826895903,125.77031351003957,127.76295505402753,90221800
2021-01-15 00:00:00+00:00,124.18794250488281,127.19642993721087,124.05119375361772,125.78986283591505,111598500
2021-01-19 00:00:00+00:00,124.86193084716797,125.72150299180522,123.99259625706779,124.8130888108596,90757300
2021-01-20 00:00:00+00:00,128.9644012451172,129.4137270875099,125.56520735367549,125.67265386569356,104319500
2021-01-21 00:00:00+00:00,133.69203186035156,136.42702207412472,130.48819086563083,130.6933214660753,120150900
2021-01-22 00:00:00+00:00,135.8409423828125,136.60283037919487,131.88497630652225,133.1157150150256,114459400
2021-01-25 00:00:00+00:00,139.60154724121094,141.72116035187767,133.36967931189386,139.74807334283994,157611700
2021-01-26 00:00:00+00:00,139.83596801757812,140.94949773337214,138.08752172506703,140.26575403148016,98390600
2021-01-27 00:00:00+00:00,138.7615203857422,140.94951541070097,137.14983753597352,140.09970572045313,140843800
2021-01-28 00:00:00+00:00,133.9069366455078,138.69317366531473,133.52599255799961,136.2805228095965,142621100
2021-01-29 00:00:00+00:00,128.89602661132812,133.56503857337148,127.18665987069943,132.67616429116572,177523800
2021-02-01 00:00:00+00:00,131.0254364013672,132.2366505181197,127.88996202795502,130.64449230969086,106239800
2021-02-02 00:00:00+00:00,131.85569763183594,133.14504104670476,131.48451601180642,132.57850617042217,83305400
2021-02-03 00:00:00+00:00,130.830078125,132.6175895343007,130.5077385359951,132.60781218328634,89880900
2021-02-04 00:00:00+00:00,134.19996643066406,134.2097288768962,131.4649761313631,133.13527851593736,84183100
2021-02-05 00:00:00+00:00,133.78421020507812,134.4298527337004,132.9037994309717,134.361383637691,75693800
2021-02-08 00:00:00+00:00,133.93092346191406,133.97983847702403,131.98421930396577,133.0700669616327,71297200
2021-02-09 00:00:00+00:00,133.05052185058594,134.87984224201634,132.89401467161727,133.64724931778963,76774200
2021-02-10 00:00:00+00:00,132.44398498535156,134.00917580672544,131.4755214853653,133.510263582445,73046600
2021-02-11 00:00:00+00:00,132.1896514892578,133.42222921972905,130.85924373219854,132.94288597227373,64280000
2021-02-12 00:00:00+00:00,132.42442321777344,132.58094529380088,130.78098619978562,131.42662856832374,60145100
2021-02-16 00:00:00+00:00,130.2918701171875,133.0505008941642,129.9005649144753,132.54182652078916,80576300
2021-02-17 00:00:00+00:00,127.99298095703125,129.3429575974332,126.65279627456941,128.39406313668186,97918500
2021-02-18 00:00:00+00:00,126.88760375976562,127.17128698603346,124.63764723542835,126.38869146538119,96856700
2021-02-19 00:00:00+00:00,127.04412841796875,127.86586203753853,125.99741851978176,127.40608766559274,87668800
2021-02-22 00:00:00+00:00,123.25830841064453,126.89736442452865,122.86701070079127,125.22456652832139,103916400
2021-02-23 00:00:00+00:00,123.12137603759766,123.95287914625916,115.81391675875304,121.067072044615,158273000
2021-02-24 00:00:00+00:00,122.62245178222656,122.82788140267746,119.57034603451814,122.22137703659854,111039900
2021-02-25 00:00:00+00:00,118.35733032226562,123.70830769868415,117.91712502936959,121.96704059219421,148199500
2021-02-26 00:00:00+00:00,118.62146759033203,122.13334806816741,118.56276807411227,119.92252202962122,164560400
2021-03-01 00:00:00+00:00,125.0093765258789,125.14632962305842,120.1181731597989,121.05728331048017,116307900
2021-03-02 00:00:00+00:00,122.39746856689453,125.91913329199494,122.28986150205843,125.61588108930245,102260900
2021-03-03 00:00:00+00:00,119.40403747558594,122.97461692584996,119.18882336345308,122.09419895048056,112966300
2021-03-04 00:00:00+00:00,117.51605224609375,120.91054865889173,116.03891416723145,119.10080486208311,178155000
2021-03-05 00:00:00+00:00,118.77796936035156,119.28665864113772,115.01174462231236,118.34754858051326,153766600
2021-03-08 00:00:00+00:00,113.82807922363281,118.36711510668628,113.68134163784862,118.29863856177148,154376600
2021-03-09 00:00:00+00:00,118.45515441894531,119.40404902510528,116.2052054457975,116.43998110747732,129525800
2021-03-10 00:00:00+00:00,117.36931610107422,119.51165804272296,116.85084228896541,119.04210671169741,111943300
2021-03-11 00:00:00+00:00,119.30622100830078,120.52902174116306,118.62145558325126,119.87360233956089,103026500
2021-03-12 00:00:00+00:00,118.39645385742188,118.5334069388377,116.56714878563196,117.78016499105065,88105100
2021-03-15 00:00:00+00:00,121.29206085205078,121.30184534868131,117.79974189337008,118.76820554841954,92403800
2021-03-16 00:00:00+00:00,122.83768463134766,124.45178328205833,122.00618152746164,122.96485323576835,115227900
2021-03-17 00:00:00+00:00,122.04530334472656,123.12136654730853,119.67795534298575,121.35075339157471,111932600
2021-03-18 00:00:00+00:00,117.9073486328125,120.49968794214433,117.70191898445727,120.20621275113163,121229700
2021-03-19 00:00:00+00:00,117.37908935546875,118.78775822996795,117.0758371529688,117.29105128250436,185549500
2021-03-22 00:00:00+00:00,120.70512390136719,121.17468273886081,117.64323308239008,117.71170963542201,111912300
2021-03-23 00:00:00+00:00,119.87361907958984,121.53662532316353,119.48232129775354,120.6464301462858,95467100
2021-03-24 00:00:00+00:00,117.47689819335938,120.22575907651984,117.45733666722599,120.14749804522086,88530500
2021-03-25 00:00:00+00:00,117.966064453125,119.01278936238221,116.41066503217897,116.93891600440186,98844700
2021-03-26 00:00:00+00:00,118.57256317138672,118.83669235952908,116.33239090614592,117.73127550973699,94071200
2021-03-29 00:00:00+00:00,118.74862670898438,119.91273541981596,118.10299178920243,119.00297135659957,80819200
2021-03-30 00:00:00+00:00,117.29106140136719,117.78018175127832,116.27369017794591,117.49649105272375,85671900
2021-03-31 00:00:00+00:00,119.49210357666016,120.83228856558793,118.51386287192022,119.00298322429019,118323800
2021-04-01 00:00:00+00:00,120.32360076904297,121.47792504243581,119.82469594439944,120.96924318486211,75089100
2021-04-05 00:00:00+00:00,123.16049194335938,123.41483658685715,120.3920692786332,121.17466473706477,88651200
2021-04-06 00:00:00+00:00,123.46375274658203,124.36373236215869,122.9159403655152,123.74744343345849,80171300
2021-04-07 00:00:00+00:00,125.11698913574219,125.1365506661835,122.41704266839598,123.09203115107863,83466700
2021-04-08 00:00:00+00:00,127.52342987060547,127.55277589093346,125.72347096558431,126.14410720812901,88844600
2021-04-09 00:00:00+00:00,130.1060028076172,130.14512586474413,126.65281460393234,126.97563580060692,106686700
2021-04-12 00:00:00+00:00,128.38430786132812,129.9592758997672,127.78758046970171,129.6364546951069,91420000
2021-04-13 00:00:00+00:00,131.50489807128906,131.72990419313948,129.059296173719,129.5582085139557,91266500
2021-04-14 00:00:00+00:00,129.15711975097656,132.06249585390395,128.79517546483183,132.0038037995852,87222800
2021-04-15 00:00:00+00:00,131.57333374023438,132.0624539400122,130.73204639954596,130.90813743338322,89347100
2021-04-16 00:00:00+00:00,131.24078369140625,131.73968110440896,130.37992704769707,131.37773680047187,84922400
2021-04-19 00:00:00+00:00,131.90597534179688,132.5222717730815,130.4386142591335,130.60491339062307,94264200
2021-04-20 00:00:00+00:00,130.213623046875,132.5809638018916,128.9419071234644,132.0820664075215,94812300
2021-04-21 00:00:00+00:00,130.59512329101562,130.8396834469913,128.44299690378307,129.4799295768372,68847100
2021-04-22 00:00:00+00:00,129.069091796875,131.23099557668175,128.55062537401983,130.1451477062781,84566500
2021-04-23 00:00:00+00:00,131.3972930908203,132.17987368023367,129.2842896751612,129.2842896751612,78657500
2021-04-26 00:00:00+00:00,131.78857421875,132.12117243879302,130.65381154555584,131.89618128132474,66905100
2021-04-27 00:00:00+00:00,131.4657440185547,132.46355353704712,131.19183786473573,132.07224836961583,66015800
2021-04-28 00:00:00+00:00,130.67335510253906,132.0820236741445,130.18423489999628,131.38746641875758,107760100
2021-04-29 00:00:00+00:00,130.5755615234375,134.08745690189525,129.567974819212,133.50050652437227,151101000
2021-04-30 00:00:00+00:00,128.59951782226562,130.65381415781053,128.21800457946676,128.91254705716273,109839500
2021-05-03 00:00:00+00:00,129.65602111816406,131.15274318306484,128.96147855172077,129.16690074814014,75135100
2021-05-04 00:00:00+00:00,125.06806945800781,128.6288723998823,123.9430911832169,128.3353972104989,137564700
2021-05-05 00:00:00+00:00,125.3126449584961,127.61150174498968,125.18546888553331,126.3887008180987,84000900
2021-05-06 00:00:00+00:00,126.91692352294922,126.92670055398081,124.36370784441608,125.10717268885315,78128300
2021-05-07 00:00:00+00:00,127.59306335449219,128.62194863274965,126.87772403166485,128.22020012171234,78973300
2021-05-10 00:00:00+00:00,124.30061340332031,126.93654567929129,124.26141641162498,126.8091685393895,88071200
2021-05-11 00:00:00+00:00,123.37950134277344,123.73225929039904,120.30260126371391,121.01793322731803,126142800
2021-05-12 00:00:00+00:00,120.30259704589844,122.13501696157893,119.79305116069399,120.91994025373684,112172300
2021-05-13 00:00:00+00:00,122.45838165283203,123.6146665716941,121.76265197362714,122.07622038504428,105861300
2021-05-14 00:00:00+00:00,124.8885498046875,125.31970922511546,123.32070756139703,123.71266999123503,81918000
2021-05-17 00:00:00+00:00,123.73225402832031,124.37899310292869,122.65436304670058,124.27120325716062,74244600
2021-05-18 00:00:00+00:00,122.34078979492188,124.43777993260704,122.27219693905593,124.01642168198467,63342900
2021-05-19 00:00:00+00:00,122.18402099609375,122.40939434000599,120.39079798085203,120.68477166324163,92612000
2021-05-20 00:00:00+00:00,124.75135803222656,125.15312155926449,122.585774870456,122.71316695271737,76857100
2021-05-21 00:00:00+00:00,122.90914916992188,125.42749785117249,122.69356946182035,125.25111513327683,79295400
2021-05-24 00:00:00+00:00,124.54557800292969,125.36869980376578,123.40889524832689,123.4774881087248,63092900
2021-05-25 00:00:00+00:00,124.34961700439453,125.74108410482297,123.78127181380137,125.25112542502102,72009500
2021-05-26 00:00:00+00:00,124.30061340332031,124.82976157711471,123.87925508767265,124.40840326146704,56575900
2021-05-27 00:00:00+00:00,122.76214599609375,125.07471577819632,122.5661685471944,123.89883613267928,94625600
2021-05-28 00:00:00+00:00,122.1056137084961,123.2716997185338,122.04682196885067,123.04631892312548,71311100
2021-06-01 00:00:00+00:00,121.78225708007812,122.83075224575715,121.449093885405,122.56618191328505,67637100
2021-06-02 00:00:00+00:00,122.54657745361328,122.72296016407643,121.5568815278501,121.78225486696007,59278900
2021-06-03 00:00:00+00:00,121.05712890625,122.34079850429373,120.65536538181918,122.17421691048338,76229200
2021-06-04 00:00:00+00:00,123.35989379882812,123.62447159323195,121.36089230936066,121.57647200078277,75169300
2021-06-07 00:00:00+00:00,123.36968994140625,123.7812470760429,122.32119487398776,123.63426024908394,71057600
2021-06-08 00:00:00+00:00,124.19280242919922,125.87824288128334,123.67345546064644,124.05561671962153,74403800
2021-06-09 00:00:00+00:00,124.5749740600586,125.1825161645287,123.97723307167732,124.6533680366472,56877900
2021-06-10 00:00:00+00:00,123.57549285888672,125.61369165498499,123.4089112443371,124.46720015964092,71186400
2021-06-11 00:00:00+00:00,124.7905502319336,124.87874532211927,123.56567241757213,123.98703068475491,53522400
2021-06-14 00:00:00+00:00,127.85765075683594,127.91644250380197,124.51618772718142,125.2511144685025,96906500
2021-06-15 00:00:00+00:00,127.03451538085938,127.97522803307054,126.78953984094318,127.3284890191829,62746300
2021-06-16 00:00:00+00:00,127.53426361083984,128.25939661171972,125.87824147519329,127.74984328807113,91815000
2021-06-17 00:00:00+00:00,129.14129638671875,129.88603158210103,127.04430640625819,127.19130069845629,96721700
2021-06-18 00:00:00+00:00,127.83805084228516,128.86693621675641,127.62247115663257,128.0830263985157,108953300
2021-06-21 00:00:00+00:00,129.64108276367188,129.74887261931582,126.61318811711466,127.68127808078076,79663300
2021-06-22 00:00:00+00:00,131.28729248046875,131.38528868125076,128.97472269195052,129.47448238296937,74783600
2021-06-23 00:00:00+00:00,131.01292419433594,131.62047373989773,130.5523689534629,131.0815245269483,60214200
2021-06-24 00:00:00+00:00,130.72874450683594,131.93401991944447,130.25838072698704,131.74783612560256,68711000
2021-06-25 00:00:00+00:00,130.43478393554688,131.19910646414033,130.1408102817522,130.7777556903275,70783700
2021-06-28 00:00:00+00:00,132.0712432861328,132.53179860685148,130.66999004165285,130.72878179287244,62111300
2021-06-29 00:00:00+00:00,133.59007263183594,133.7468605769358,131.64987040561977,132.09082341810688,64556100
2021-06-30 00:00:00+00:00,134.20741271972656,134.64836572202546,133.1393079515186,133.4332816037582,63261400
2021-07-01 00:00:00+00:00,134.5111541748047,134.56994590353588,133.03149255851818,133.85462161710942,52485800
2021-07-02 00:00:00+00:00,137.14712524414062,137.18631475513712,134.9815346965724,135.12851405296138,78852600
2021-07-06 00:00:00+00:00,139.16571044921875,140.27298973450715,137.25490420705506,137.25490420705506,108181800
2021-07-07 00:00:00+00:00,141.66448974609375,141.97805072261244,139.79287267133577,140.65517657085456,104911600
2021-07-08 00:00:00+00:00,140.3612060546875,141.16471813821977,137.84285005243268,138.73456470357425,105575500
2021-07-09 00:00:00+00:00,142.19363403320312,142.72277473602026,139.78306761517845,139.8810638333893,99890800
2021-07-12 00:00:00+00:00,141.59588623046875,143.37931564236285,141.10593506704151,143.27152578832394,76299700
2021-07-13 00:00:00+00:00,142.7129669189453,144.4963962387887,140.74336872639185,141.13532365605394,100827100
2021-07-14 00:00:00+00:00,146.1524200439453,146.56399216212412,144.7119624866864,145.12353460486517,127050800
2021-07-15 00:00:00+00:00,145.49588012695312,146.98533571546386,144.13381661407468,146.24061539726927,106820300
2021-07-16 00:00:00+00:00,143.44786071777344,146.75012584657617,142.94811605428242,145.47626514134978,93251400
2021-07-19 00:00:00+00:00,139.58709716796875,141.17454926069658,138.8227744741875,140.86097330831228,121434600
2021-07-20 00:00:00+00:00,143.2126922607422,144.1436112585622,140.0868169834333,140.57676805507745,96350000
2021-07-21 00:00:00+00:00,142.47776794433594,143.19310728596565,141.72325404739772,142.60516000969034,74993500
2021-07-22 00:00:00+00:00,143.8496551513672,145.22151233826582,142.87954652855333,143.00693860738033,77338200
2021-07-23 00:00:00+00:00,145.5742645263672,145.73105246266147,143.96722555965206,144.5845687137355,71447400
2021-07-26 00:00:00+00:00,145.99563598632812,146.8187502561115,144.731553759334,145.29010519733632,72434100
2021-07-27 00:00:00+00:00,143.8202362060547,146.21119973573445,142.6247544412148,146.12299718263154,104818600
2021-07-28 00:00:00+00:00,142.06622314453125,144.0162339928002,139.67525927689903,141.89964155731053,118931200
2021-07-29 00:00:00+00:00,142.7129669189453,143.604681578867,141.6742728984309,141.7820627469063,56699500
2021-07-30 00:00:00+00:00,142.9285125732422,143.38906772956747,141.21368399819403,141.47826173636608,70440600
2021-08-02 00:00:00+00:00,142.59536743164062,143.99662035248164,142.33078966013647,143.418481662853,62880000
2021-08-03 00:00:00+00:00,144.39840698242188,145.06473338535233,142.26221214218597,142.87955539064197,64786600
2021-08-04 00:00:00+00:00,143.99659729003906,144.81971138942177,143.34006473799917,144.31017311006184,56368300
2021-08-05 00:00:00+00:00,144.10443115234375,144.86875375710454,143.2323186955207,144.0260371733782,46397700
2021-08-06 00:00:00+00:00,143.41746520996094,144.36939566640558,142.91697171230874,143.62355957636092,54126800
2021-08-09 00:00:00+00:00,143.36839294433594,143.9670294656135,142.80901962336827,143.47634428340314,48908700
2021-08-10 00:00:00+00:00,142.88754272460938,144.9582349617114,142.59312859632232,143.71189030419347,69023100
2021-08-11 00:00:00+00:00,143.14266967773438,143.98664871773903,142.81881568830585,143.32913242690734,48493500
2021-08-12 00:00:00+00:00,146.11622619628906,146.27324904121383,143.12304372844764,143.46652932990523,72282600
2021-08-13 00:00:00+00:00,146.32237243652344,146.6560348694099,145.5078329859867,146.1947894579671,59375000
2021-08-16 00:00:00+00:00,148.30470275878906,148.37340588044512,143.74133599773583,145.77276511297995,103296000
2021-08-17 00:00:00+00:00,147.3920440673828,148.8542765909534,146.31253048160323,147.43129230026292,92229700
2021-08-18 00:00:00+00:00,143.63336181640625,147.91213704580514,143.42726745871994,147.00927814091656,86326000
2021-08-19 00:00:00+00:00,143.967041015625,145.24282558662867,141.80802903559353,142.3281541725026,86960300
2021-08-20 00:00:00+00:00,145.4292755126953,145.73349792725946,144.04553971626808,144.69324774538592,60549600
2021-08-23 00:00:00+00:00,146.92098999023438,147.39204365611192,145.13488842138761,145.54706225084624,60131800
2021-08-24 00:00:00+00:00,146.8326416015625,148.04954634761012,146.37139629315473,146.66581042238676,48606400
2021-08-25 00:00:00+00:00,145.59609985351562,147.519592250737,145.04653487560168,147.0190838087262,58991300
2021-08-26 00:00:00+00:00,144.79139709472656,146.34196428288527,144.76195717766552,145.58631977895118,48597200
2021-08-27 00:00:00+00:00,145.8316650390625,145.97886462702738,144.0946350284485,144.73251987566385,55802400
2021-08-30 00:00:00+00:00,150.26742553710938,150.63054275493232,145.841450580605,146.22418442407636,90956700
2021-08-31 00:00:00+00:00,149.00143432617188,149.95336458659384,148.47148604999865,149.81597336212678,86453100
2021-09-01 00:00:00+00:00,149.6688232421875,152.09280979667415,149.50199203888408,149.9828690186599,80313700
2021-09-02 00:00:00+00:00,150.7875518798828,151.8376253671697,149.560838913159,151.00345455998809,71115500
2021-09-03 00:00:00+00:00,151.42547607421875,151.74933014670412,150.23801114177232,150.89552760123323,57808700
2021-09-07 00:00:00+00:00,153.77090454101562,154.33027778829793,151.51375000527457,152.08294653860207,82278300
2021-09-08 00:00:00+00:00,152.22036743164062,154.11440516674327,151.11141405800635,154.05552533708556,74420200
2021-09-09 00:00:00+00:00,151.1997528076172,153.20174194196827,151.0819781706379,152.59329705325342,57305700
2021-09-10 00:00:00+00:00,146.1947479248047,152.58346376101343,145.92977372713005,152.11241016755477,140893200
2021-09-13 00:00:00+00:00,146.7639617919922,148.5991198416723,145.97886239429423,147.82384373270557,102404300
2021-09-14 00:00:00+00:00,145.36058044433594,148.25563513558592,144.17313063309547,147.54904724190396,109296300
2021-09-15 00:00:00+00:00,146.253662109375,146.65602765693535,143.64321266970225,145.79241672061602,83281300
2021-09-16 00:00:00+00:00,146.01808166503906,146.19473610738382,144.4773380668959,145.674611041655,68034100
2021-09-17 00:00:00+00:00,143.33897399902344,146.04756618473306,143.04455985172558,146.04756618473306,129868800
2021-09-20 00:00:00+00:00,140.27708435058594,142.141682080616,138.63819761482773,141.12106347538898,123478900
2021-09-21 00:00:00+00:00,140.7579345703125,141.9061509958665,140.12004986680236,141.24861971901947,75834000
2021-09-22 00:00:00+00:00,143.1328887939453,143.70207048798758,141.0229333023473,141.75896115358555,76404300
2021-09-23 00:00:00+00:00,144.09461975097656,144.33996235458966,142.92678656185444,143.9179652896226,64838200
2021-09-24 00:00:00+00:00,144.18296813964844,144.72272496973713,142.84830351185056,142.94644656260382,53477900
2021-09-27 00:00:00+00:00,142.66183471679688,143.24085473271322,141.14072231560772,142.75997776343394,74150700
2021-09-28 00:00:00+00:00,139.2662811279297,142.05336955149633,139.05037843565805,140.58131390847566,108972300
2021-09-29 00:00:00+00:00,140.16912841796875,141.75894358779652,139.3840291456937,139.81583449417113,74602000
2021-09-30 00:00:00+00:00,138.8638916015625,141.69024273837414,138.64798894669374,140.98365495417121,89056700
2021-10-01 00:00:00+00:00,139.9924774169922,140.25745160999782,136.51843289284824,139.25644963882814,94639600
2021-10-04 00:00:00+00:00,136.54788208007812,139.56069651109203,135.69409459126777,139.11906783458025,98322000
2021-10-05 00:00:00+00:00,138.48118591308594,139.59013932235956,136.76378761176298,136.89137056313777,80861100
2021-10-06 00:00:00+00:00,139.35458374023438,139.50178329662984,135.79220473023892,136.87171805888073,83221100
2021-10-07 00:00:00+00:00,140.62054443359375,141.5332266041183,140.06117114642012,140.39483345627966,61732700
2021-10-08 00:00:00+00:00,140.23780822753906,141.49396099877396,139.9041459233565,141.3467614453176,58773200
2021-10-11 00:00:00+00:00,140.1494903564453,142.11223095937743,139.16812005497925,139.6195569824435,64452200
2021-10-12 00:00:00+00:00,138.8737335205078,140.58132357465212,138.41248818935148,140.56169197186182,73035900
2021-10-13 00:00:00+00:00,138.28489685058594,138.76575872878743,136.60674699681144,138.60875085656076,78762700
2021-10-14 00:00:00+00:00,141.0818328857422,141.19960754110554,138.87374902289935,139.46257737613493,69907100
2021-10-15 00:00:00+00:00,142.14169311523438,142.20057294661328,140.83646861307787,141.09163451508613,67940300
2021-10-18 00:00:00+00:00,143.81982421875,144.10441502439815,140.49297941378114,140.7775702194293,85589200
2021-10-19 00:00:00+00:00,145.9886932373047,146.39105879971473,143.81987247563387,144.27129459116838,76378900
2021-10-20 00:00:00+00:00,146.4793701171875,146.96024710120312,145.3606082340626,145.9298049780422,58418800
2021-10-21 00:00:00+00:00,146.69528198242188,146.85230488182134,145.1152746217187,146.03776543753057,61421000
2021-10-22 00:00:00+00:00,145.9199676513672,147.38219996847627,145.87089613630118,146.90133805459163,58883400
2021-10-25 00:00:00+00:00,145.8709259033203,146.58732225099823,144.86992369489604,145.91017413866788,50720600
2021-10-26 00:00:00+00:00,146.53826904296875,148.02994161263436,146.23403157034545,146.54807735839762,60893400
2021-10-27 00:00:00+00:00,146.07701110839844,146.94060700233715,145.72371711443793,146.57750469378993,56094900
2021-10-28 00:00:00+00:00,149.72772216796875,150.3165355532342,146.93080992074448,147.028952972219,100077900
2021-10-29 00:00:00+00:00,147.00927734375,147.14666858995494,143.68243254858814,144.47734011409685,124953200
2021-11-01 00:00:00+00:00,146.18495178222656,146.9111563462423,145.0465584432789,146.214391698361,74588300
2021-11-02 00:00:00+00:00,147.22518920898438,148.7463162991763,145.8807016001512,145.89052488768692,69122000
2021-11-03 00:00:00+00:00,148.6678009033203,149.1388544822275,147.0289142026338,147.58828751986294,54511500
2021-11-04 00:00:00+00:00,148.14767456054688,149.59027519786,147.83362886091194,148.7561193854356,60394600
2021-11-05 00:00:00+00:00,148.6784210205078,149.58259788595123,147.47940028676322,149.2779313873801,65463900
2021-11-08 00:00:00+00:00,147.8528594970703,148.9634314889483,147.577675905586,148.80617943770554,55020900
2021-11-09 00:00:00+00:00,148.2164764404297,148.8258093306056,147.47937439726354,147.61696617879937,56787900
2021-11-10 00:00:00+00:00,145.3761749267578,147.54817551221967,145.30738653523977,147.4400666143663,65187100
2021-11-11 00:00:00+00:00,145.3270263671875,146.86019613669237,145.14029146001317,146.39829267733833,41000000
2021-11-12 00:00:00+00:00,147.41058349609375,147.81352120891913,144.9437391025949,145.8773986754407,63804000
2021-11-15 00:00:00+00:00,147.42041015625,149.26808409571646,146.86020539939403,147.78404236912726,59222800
2021-11-16 00:00:00+00:00,148.40322875976562,148.8848075498025,146.77177244711618,147.36146014934985,59256200
2021-11-17 00:00:00+00:00,150.8503875732422,152.33441420975052,148.39338089243975,148.40320352046666,88807000
2021-11-18 00:00:00+00:00,155.15504455566406,155.94128964959728,150.41794373346818,151.0665970606914,137827700
2021-11-19 00:00:00+00:00,157.78897094726562,158.25088939976666,153.83810003292044,154.93883421945299,117305600
2021-11-22 00:00:00+00:00,158.2509002685547,162.85040986078795,158.23124001490817,158.89953867509402,117467900
2021-11-23 00:00:00+00:00,158.63418579101562,159.01747824025801,156.32459347097884,158.34916461294523,96041900
2021-11-24 00:00:00+00:00,159.1550750732422,159.35163261820963,156.89462581516804,157.9855374355737,69463600
2021-11-26 00:00:00+00:00,154.11328125,157.69068229853394,153.67102305648032,156.82582616349364,76959800
2021-11-29 00:00:00+00:00,157.4842987060547,158.41795820454487,156.05922289657292,156.62925022109002,88748200
2021-11-30 00:00:00+00:00,162.45726013183594,162.6734778867134,157.16977775663022,157.23858113153506,174048100
2021-12-01 00:00:00+00:00,161.9364013671875,167.3712989739356,161.7005233258962,164.59978822518326,152052500
2021-12-02 00:00:00+00:00,160.9437713623047,161.3762069674829,155.08627542774454,156.0101124031017,136739200
2021-12-03 00:00:00+00:00,159.05679321289062,162.1231479856483,156.97325618498053,161.19931100266786,118023100
2021-12-06 00:00:00+00:00,162.4769744873047,164.99294738585093,161.4548511245319,161.4646737543423,107497000
2021-12-07 00:00:00+00:00,168.23614501953125,168.62927506471814,165.44498918240458,166.17226851871695,120405400
2021-12-08 00:00:00+00:00,172.06910705566406,172.93397827343048,167.7644262171737,169.16984194604416,116998900
2021-12-09 00:00:00+00:00,171.5580291748047,173.71036939014843,170.9290360750293,171.9020161028415,108923700
2021-12-10 00:00:00+00:00,176.3639373779297,176.54084965789616,171.68580203438307,172.19686362537885,115402700
2021-12-13 00:00:00+00:00,172.71774291992188,178.99785124666644,172.5113477652422,178.00521097357498,153237000
2021-12-14 00:00:00+00:00,171.3319854736328,174.68334606426572,169.248448682449,172.23616209992724,139380400
2021-12-15 00:00:00+00:00,176.216552734375,176.41311030368223,169.34675546368476,172.0986064231299,131063300
2021-12-16 00:00:00+00:00,169.29759216308594,178.0248851678291,167.8135654456889,176.19687149781882,150185800
2021-12-17 00:00:00+00:00,168.1968536376953,170.48678573043304,166.77179272061935,167.00765577116044,195432700
2021-12-20 00:00:00+00:00,166.83078002929688,167.6465081759867,164.5801681519043,165.38605867263166,107499100
2021-12-21 00:00:00+00:00,170.01504516601562,170.22142533588615,166.21158850394502,168.60962950115896,91185900
2021-12-22 00:00:00+00:00,172.61947631835938,172.83569412545992,169.18948928424598,170.06418314156005,92135300
2021-12-23 00:00:00+00:00,173.24844360351562,173.80864829178057,172.25581836202977,172.82584567773912,68356600
2021-12-27 00:00:00+00:00,177.22879028320312,177.31723891588942,174.0248592849785,174.04450453910178,74919600
2021-12-28 00:00:00+00:00,176.20672607421875,178.2116523965174,175.45980126581503,177.06177479830885,79144300
2021-12-29 00:00:00+00:00,176.29515075683594,177.5236541153346,175.07647002650884,176.2460076232202,62348900
2021-12-30 00:00:00+00:00,175.1354522705078,177.4647050549678,175.02734336493052,176.38361599919477,59773000
2021-12-31 00:00:00+00:00,174.51626586914062,176.14770679713808,174.21158446445702,175.02731242664456,64062300
2022-01-03 00:00:00+00:00,178.8798828125,179.73493120982582,174.6538439370769,174.77177544165573,104487900
2022-01-04 00:00:00+00:00,176.60964965820312,179.79393593953884,176.0396222685355,179.4892694890775,99310400
2022-01-05 00:00:00+00:00,171.91184997558594,177.07156425536837,171.6366664137079,176.5211971316123,94537600
2022-01-06 00:00:00+00:00,169.0420684814453,172.285320469028,168.68825890104756,169.73002738877994,96904000
2022-01-07 00:00:00+00:00,169.20916748046875,171.14529032437787,168.08877281413805,169.91678674303358,86709100
2022-01-10 00:00:00+00:00,169.22879028320312,169.53345670452697,165.27791944101605,166.1722734494287,106765600
2022-01-11 00:00:00+00:00,172.06910705566406,172.16737833271398,167.8823727445654,169.3565768677328,76138300
2022-01-12 00:00:00+00:00,172.51136779785156,174.13298635832638,171.81358623406135,173.09121782891782,74805200
2022-01-13 00:00:00+00:00,169.22879028320312,173.5825988136433,168.83566022635117,172.7570481888216,84505800
2022-01-14 00:00:00+00:00,170.09368896484375,170.79147055967272,168.14772861005764,168.39342931174855,80440800
2022-01-18 00:00:00+00:00,166.87989807128906,169.57276781693594,166.4966056259258,168.56048225619764,90956700
2022-01-19 00:00:00+00:00,163.3712921142578,168.13789130970082,163.0862859235723,167.07646257144611,94815000
2022-01-20 00:00:00+00:00,161.68087768554688,166.7619661877595,161.3565509731018,164.10840171802175,91420500
2022-01-21 00:00:00+00:00,159.61700439453125,163.4695895238368,159.50889548799853,161.59243259966877,122848900
2022-01-24 00:00:00+00:00,158.84059143066406,159.50890516515202,152.03959752482095,157.26811587232896,162294600
2022-01-25 00:00:00+00:00,157.03221130371094,159.9609590965899,154.31968130054574,156.24596615896806,115798400
2022-01-26 00:00:00+00:00,156.94375610351562,161.56292551584528,155.1059199641222,160.6882317654177,108275300
2022-01-27 00:00:00+00:00,156.4818572998047,161.02240127110773,155.55802030212934,159.65630602886313,121954600
2022-01-28 00:00:00+00:00,167.40078735351562,167.42044760669708,160.00028414870977,162.86024363325143,179935700
2022-01-31 00:00:00+00:00,171.77426147460938,171.99047927683918,166.5948868425434,167.2337176205423,115541600
2022-02-01 00:00:00+00:00,171.607177734375,171.83321815334287,169.3467285555597,171.01749012376968,86213900
2022-02-02 00:00:00+00:00,172.81602478027344,172.8553452866124,170.34919537896823,171.74477342641566,84914300
2022-02-03 00:00:00+00:00,169.92657470703125,173.20914700397037,169.1599898283705,171.47940471663034,89418100
2022-02-04 00:00:00+00:00,169.64120483398438,171.32394513354754,167.9584645344212,168.94251932550307,82465400
2022-02-07 00:00:00+00:00,168.9228515625,171.1763304609041,168.22416604358875,170.1037143263292,77251200
2022-02-08 00:00:00+00:00,172.04229736328125,172.55401004838063,168.69650213361186,168.9917215679186,74829200
2022-02-09 00:00:00+00:00,173.4691619873047,173.8332574227617,172.1111616910851,173.24283360976247,71285000
2022-02-10 00:00:00+00:00,169.37551879882812,172.68194375053233,168.8146153330359,171.36331383328056,90865900
2022-02-11 00:00:00+00:00,165.95101928710938,170.32022548644153,165.360580335394,169.58218430454045,98670700
2022-02-14 00:00:00+00:00,166.1872100830078,166.87604556697002,163.90419531846183,164.70127745101004,86185500
2022-02-15 00:00:00+00:00,170.0347900390625,170.19224238091886,167.5352979278901,168.243818450762,62527400
2022-02-16 00:00:00+00:00,169.79861450195312,170.57601098458872,167.33847814294333,169.10977932452653,61177400
2022-02-17 00:00:00+00:00,166.1872100830078,169.16889547575568,165.7837439368702,168.30292228706756,69589300
2022-02-18 00:00:00+00:00,164.6323699951172,167.82069791691148,163.54006857345092,167.1121922796674,82772700
2022-02-22 00:00:00+00:00,161.6999053955078,164.03211066057264,159.56449308823295,162.3493702057695,91162800
2022-02-23 00:00:00+00:00,157.51766967773438,163.50071005203375,157.20276491304196,162.90043598288878,90009200
2022-02-24 00:00:00+00:00,160.1450653076172,160.2533119239009,149.57631255444628,150.147066075262,141147500
2022-02-25 00:00:00+00:00,162.221435546875,162.48711952478297,158.30488673407692,161.22753061493847,91974200
2022-02-28 00:00:00+00:00,162.4871368408203,162.78235630766343,159.84002681342048,160.45998619224247,95056600
2022-03-01 00:00:00+00:00,160.59776306152344,163.94355886382843,159.38737969074035,162.0738454702056,83474400
2022-03-02 00:00:00+00:00,163.90415954589844,164.69140636238802,160.35172123734418,161.76876250392863,79724800
2022-03-03 00:00:00+00:00,163.5794219970703,166.21669661748916,162.91027195360368,165.78371011148872,76678400
2022-03-04 00:00:00+00:00,160.56825256347656,162.9103082686563,159.5153215214296,161.8672123710347,83737200
2022-03-07 00:00:00+00:00,156.7599639892578,162.38875977204634,156.5041000801844,160.75522487368383,96418800
2022-03-08 00:00:00+00:00,154.9296112060547,160.28287244930655,153.31576171497022,156.28761181988324,131148300
2022-03-09 00:00:00+00:00,160.3516845703125,160.80435626631558,156.8681380994323,158.90512319274444,91454900
2022-03-10 00:00:00+00:00,155.9923553466797,157.83253283188523,153.49284799843335,157.64556003629005,105342000
2022-03-11 00:00:00+00:00,152.26280212402344,156.74025467661986,152.03647371376925,156.39582947431037,96970100
2022-03-14 00:00:00+00:00,148.21835327148438,151.6625456315132,147.7066555034308,149.03512069014965,108732100
2022-03-15 00:00:00+00:00,152.61708068847656,153.0894378821165,147.9821902189739,148.49388798885315,92964300
2022-03-16 00:00:00+00:00,157.04531860351562,157.44878471807237,151.99712715402308,154.54582575293017,102300200
2022-03-17 00:00:00+00:00,158.05889892578125,158.43284460620507,155.11658427872035,156.0809539111175,75615400
2022-03-18 00:00:00+00:00,161.3653106689453,161.85733809568418,157.21259798603037,157.9506391261387,123511700
2022-03-21 00:00:00+00:00,162.7429962158203,163.69753062342352,160.410776006235,160.90280343219604,95811400
2022-03-22 00:00:00+00:00,166.12814331054688,166.71856719819857,162.28048532842047,162.87090921607214,81532000
2022-03-23 00:00:00+00:00,167.4960174560547,169.88726403138062,164.9768239031815,165.3114140335283,98062700
2022-03-24 00:00:00+00:00,171.29443359375,171.36330962465348,167.4959813021374,168.33241890873853,90131400
2022-03-25 00:00:00+00:00,171.93408203125,172.48515040066314,169.99549257889427,171.10747947713025,80546200
2022-03-28 00:00:00+00:00,172.80003356933594,172.92795048627315,169.25743018713217,169.42471770580778,90371900
2022-03-29 00:00:00+00:00,176.10646057128906,176.15565130084448,173.52822668291532,173.8726518827145,100589400
2022-03-30 00:00:00+00:00,174.93544006347656,176.74609743731983,173.88249413539714,175.7030016679424,92633200
2022-03-31 00:00:00+00:00,171.82582092285156,175.19128676604245,171.61916279397346,175.00431393883977,103049300
2022-04-01 00:00:00+00:00,171.53060913085938,172.09152763755276,169.19840379678678,171.2550749570232,78751300
2022-04-04 00:00:00+00:00,175.5947723388672,175.64397809076996,171.6585524344424,171.78648438629216,76468400
2022-04-05 00:00:00+00:00,172.26866149902344,175.4570050231917,171.63886691572336,174.66975804019478,73401800
2022-04-06 00:00:00+00:00,169.0901641845703,170.86146610106397,167.4172737694601,169.61171210783138,89058800
2022-04-07 00:00:00+00:00,169.39520263671875,170.59575076458447,167.14172361896223,168.4308330803216,77594700
2022-04-08 00:00:00+00:00,167.3778839111328,169.0409389910171,166.5020757053073,169.0409389910171,76575500
2022-04-11 00:00:00+00:00,163.10708618164062,166.33478478538393,162.8610724769926,166.0198950514866,72246700
2022-04-12 00:00:00+00:00,164.98663330078125,167.1613860255376,163.98289318870957,165.34089363354275,79265200
2022-04-13 00:00:00+00:00,167.6829376220703,168.3127321148904,164.11082878699807,164.72093797881234,70618900
2022-04-14 00:00:00+00:00,162.6544189453125,168.5390777375964,162.4084052337266,167.8994330781819,75329400
2022-04-18 00:00:00+00:00,162.43795776367188,163.94356063555975,160.96187533903773,161.3062855621602,69023900
2022-04-19 00:00:00+00:00,164.7307586669922,165.14407487442162,161.29641720934256,162.38871857930025,67723800
2022-04-20 00:00:00+00:00,164.56344604492188,166.1871451391912,163.45147456088696,166.06904837702882,67929800
2022-04-21 00:00:00+00:00,163.7664031982422,168.7949239860417,163.26454063992998,166.21670513338208,87227800
2022-04-22 00:00:00+00:00,159.21023559570312,165.1932911869879,158.92486628163977,163.8057851903542,84882400
2022-04-25 00:00:00+00:00,160.2828369140625,160.56820617483112,155.93331687209525,158.55089100434944,96046400
2022-04-26 00:00:00+00:00,154.2997589111328,159.7514145985209,154.22103274401587,159.66285329131978,95623200
2022-04-27 00:00:00+00:00,154.07345581054688,157.24209821717469,152.9024282829644,153.42397608702464,88063200
2022-04-28 00:00:00+00:00,161.03073120117188,161.89670425341123,156.3958263617354,156.71073111363518,130216800
2022-04-29 00:00:00+00:00,155.13624572753906,163.54991794930683,154.7426297819827,159.25943807460507,131747600
2022-05-02 00:00:00+00:00,155.44129943847656,155.70698341755673,150.8260801242461,154.21123096519486,123055300
2022-05-03 00:00:00+00:00,156.9370574951172,158.14745572719883,153.8274556953841,155.6282627909498,88966500
2022-05-04 00:00:00+00:00,163.37278747558594,163.82544428980776,156.7205671988061,157.12403328379716,108256500
2022-05-05 00:00:00+00:00,154.2703094482422,161.4637492307035,152.47932210721157,161.23742078079442,130525300
2022-05-06 00:00:00+00:00,154.99952697753906,157.12821179757466,151.94446922447622,153.7479370549887,116124600
2022-05-09 00:00:00+00:00,149.85523986816406,153.5705818622736,149.29351226682695,152.68362217522588,131577900
2022-05-10 00:00:00+00:00,152.2696990966797,154.46737635991622,150.71260627459526,153.26506437118704,115366700
2022-05-11 00:00:00+00:00,144.37586975097656,153.1960990593114,143.69587178095387,151.2743754728662,142689800
2022-05-12 00:00:00+00:00,140.4929656982422,144.08018734631574,136.78748878802156,140.69992744454566,182602000
2022-05-13 00:00:00+00:00,144.97698974609375,145.9526407258744,141.03498745815705,142.4935240941809,113990900
2022-05-16 00:00:00+00:00,143.42977905273438,145.3810814533927,142.08949737035988,143.43964368471316,86643800
2022-05-17 00:00:00+00:00,147.07615661621094,147.59847087915057,144.55326173407326,146.70166147012213,78336300
2022-05-18 00:00:00+00:00,138.77821350097656,145.2233813560545,137.87153963890293,144.72078142086878,109742900
2022-05-19 00:00:00+00:00,135.35850524902344,139.6060101724561,134.61937984366847,137.85182041341724,136095600
2022-05-20 00:00:00+00:00,135.59506225585938,138.65997058931683,130.6872720917309,137.07331357352277,137426100
2022-05-23 00:00:00+00:00,141.03500366210938,141.18282274987226,135.65416330433425,135.79213279876197,117726300
2022-05-24 00:00:00+00:00,138.3248748779297,139.91153156082976,135.3388090457555,138.76834717267448,104132700
2022-05-25 00:00:00+00:00,138.4825439453125,139.7341188389118,136.33414488879876,136.42283633085628,92482700
2022-05-26 00:00:00+00:00,141.69529724121094,142.24717525757603,135.1515728345783,135.3979480231376,90601500
2022-05-27 00:00:00+00:00,147.47032165527344,147.50973506608682,143.15382385017716,143.28194375102797,90978500
2022-05-31 00:00:00+00:00,146.68191528320312,148.47553371046925,144.71091395436392,146.9085912630533,103718400
2022-06-01 00:00:00+00:00,146.55380249023438,149.53986813880326,145.53872302627965,147.72653558588104,74286600
2022-06-02 00:00:00+00:00,149.01754760742188,149.07667523553576,144.73061411862278,145.68655087325112,72348100
2022-06-03 00:00:00+00:00,143.27212524414062,145.82456895882646,142.36546622324047,144.770075780819,88570300
2022-06-06 00:00:00+00:00,144.02105712890625,146.41583140720172,142.799030970996,144.89815206168706,71598400
2022-06-07 00:00:00+00:00,146.55380249023438,146.83959105092737,142.0106440716535,142.25701922442352,67808200
2022-06-08 00:00:00+00:00,145.81468200683594,147.69697680968412,145.32193168448424,146.42568759453718,53950200
2022-06-09 00:00:00+00:00,140.57180786132812,145.80481374848975,140.4634021916062,144.94743302094574,69473000
2022-06-10 00:00:00+00:00,135.14169311523438,138.71904983013044,135.0727008597942,138.24601378405768,91437900
2022-06-13 00:00:00+00:00,129.96783447265625,133.23968891028474,129.53421176750797,130.94347052169286,122207100
2022-06-14 00:00:00+00:00,130.83505249023438,131.9486729653345,129.57361294213226,131.19969793288186,84784300
2022-06-15 00:00:00+00:00,133.4663543701172,135.34866434133303,130.24377786500034,132.3428841585756,91533000
2022-06-16 00:00:00+00:00,128.1742401123047,130.4704589325547,127.16902501936201,130.16495607037353,108123900
2022-06-17 00:00:00+00:00,129.6524658203125,131.15043105016284,127.92783964673345,128.18407944512376,134520300
2022-06-21 00:00:00+00:00,133.89996337890625,135.07271151353063,131.3869488476208,131.48548988632155,81000500
2022-06-22 00:00:00+00:00,133.38754272460938,135.76258828513818,131.9684191301138,132.83564963087838,73409200
2022-06-23 00:00:00+00:00,136.2651824951172,136.58053489148253,133.66346131552876,134.83620952437622,72433800
2022-06-24 00:00:00+00:00,139.60601806640625,139.85239321545572,137.74342254109405,137.87152739306867,89116800
2022-06-27 00:00:00+00:00,139.60601806640625,141.40948596195392,138.92602024902237,140.63093206993196,70207900
2022-06-28 00:00:00+00:00,135.44720458984375,141.34049395514106,135.328949330103,140.06920480029078,67083400
2022-06-29 00:00:00+00:00,137.21127319335938,138.63039676191534,134.68839353261495,135.4669475914292,66242400
2022-06-30 00:00:00+00:00,134.73765563964844,136.36372576433453,131.8304316095035,135.25996980273172,98964500
2022-07-01 00:00:00+00:00,136.91558837890625,137.02399404422195,133.69301230892643,134.06749230384347,71051600
2022-07-05 00:00:00+00:00,139.50747680664062,139.5567548491927,134.94460374967946,135.77243576693132,73353800
2022-07-06 00:00:00+00:00,140.84774780273438,142.03034554759492,139.03443025811183,139.30051963790794,74064300
2022-07-07 00:00:00+00:00,144.22804260253906,144.42513974752345,141.20254804373226,141.2123976378396,66253700
2022-07-08 00:00:00+00:00,144.90798950195312,145.41060438999426,142.89757506242208,143.15379978350074,64547800
2022-07-11 00:00:00+00:00,142.7694854736328,144.51382597051048,141.69529329047643,143.55788906254995,63141600
2022-07-12 00:00:00+00:00,143.74510192871094,146.29754458624,142.94684893861873,143.64654586479216,77588800
2022-07-13 00:00:00+00:00,143.38050842285156,144.3265807145126,140.0593606954875,140.91675656689353,71185600
2022-07-14 00:00:00+00:00,146.31727600097656,146.79031208077845,141.17296164080028,141.9909289473083,78140700
2022-07-15 00:00:00+00:00,147.99264526367188,148.67264318460957,146.05120759050547,147.6083005741264,76259900
2022-07-18 00:00:00+00:00,144.9375762939453,149.37232886647305,144.57293085689554,148.55436158747918,81420900
2022-07-19 00:00:00+00:00,148.81060791015625,149.0372688640094,144.77991359630315,145.77526390456921,82982400
2022-07-20 00:00:00+00:00,150.82101440429688,151.49116267268522,148.18972944635095,148.9288549414216,64823400
2022-07-21 00:00:00+00:00,153.09751892089844,153.3143302483906,149.73695838231532,152.25983742490192,65086600
2022-07-22 00:00:00+00:00,151.85581970214844,154.01406893177526,151.18568635393427,153.13697379217183,66675400
2022-07-25 00:00:00+00:00,150.73231506347656,152.79200772624299,150.07203146028309,151.77694330248553,53623900
2022-07-26 00:00:00+00:00,149.4019012451172,150.87028755705626,148.61349773507445,150.05232023117222,55138700
2022-07-27 00:00:00+00:00,154.51661682128906,155.04879551246128,149.95375973055502,150.36766813616438,78620700
2022-07-28 00:00:00+00:00,155.06854248046875,155.3543310693815,152.17116799178928,154.70389699283152,81378700
2022-07-29 00:00:00+00:00,160.1537322998047,161.25750343998283,157.18738025521455,158.9021570896982,101786900
2022-08-01 00:00:00+00:00,159.16818237304688,161.2180252437156,158.5571768672624,158.6754321167576,67829400
2022-08-02 00:00:00+00:00,157.6899871826172,160.05519826896008,157.31550708138062,157.77869368854797,59907000
2022-08-03 00:00:00+00:00,163.7212371826172,164.17455908657996,158.41923856963987,158.50793002421338,82507500
2022-08-04 00:00:00+00:00,163.40586853027344,164.76586430720064,162.04587275334626,163.60296566260632,55474100
2022-08-05 00:00:00+00:00,163.1789093017578,163.67234414686934,160.85975950635904,161.0670087670179,56697000
2022-08-08 00:00:00+00:00,162.7052001953125,165.60659947941937,162.04399931317954,164.18550472324978,60276900
2022-08-09 00:00:00+00:00,162.7545166015625,163.64270818917976,161.1064463388297,161.86634007237882,63135500
2022-08-10 00:00:00+00:00,167.01780700683594,167.11648492615134,164.70852083002953,165.47827786948693,70170500
2022-08-11 00:00:00+00:00,166.27767944335938,168.74485366768013,165.9816155247536,167.82705702584587,57149200
2022-08-12 00:00:00+00:00,169.8402557373047,169.9093287754835,167.17569590306383,167.59019436587388,68039400
2022-08-15 00:00:00+00:00,170.91595458984375,171.11332550526615,169.10011807446065,169.26788410549148,54091700
2022-08-16 00:00:00+00:00,170.758056640625,171.4291358420734,169.40605002056787,170.5113392247935,56377100
2022-08-17 00:00:00+00:00,172.25808715820312,173.83706944158646,170.3040896179902,170.50146052110878,79542000
2022-08-18 00:00:00+00:00,171.86334228515625,172.60349451732048,170.8468677576589,171.4686004513763,62290100
2022-08-19 00:00:00+00:00,169.26788330078125,171.4587350859564,169.06063405258988,170.758051022337,70346300
2022-08-22 00:00:00+00:00,165.36972045898438,167.629644866865,164.94535876639668,167.4618788678898,69026800
2022-08-23 00:00:00+00:00,165.03416442871094,166.494741972897,164.4617783735729,164.88614004308553,54147100
2022-08-24 00:00:00+00:00,165.33026123046875,165.90264739975865,164.06706935977206,165.12302704926418,53841500
2022-08-25 00:00:00+00:00,167.79745483398438,167.90601110393493,166.13952095667054,166.56386770201752,51218200
2022-08-26 00:00:00+00:00,161.47161865234375,168.8040684970926,161.41240887853596,168.33037524819332,78961000
2022-08-29 00:00:00+00:00,159.26101684570312,160.76104775775735,157.72150271792214,159.0340260013609,73314000
2022-08-30 00:00:00+00:00,156.82342529296875,160.42549270190426,155.6490482577436,160.00114607354294,77906200
2022-08-31 00:00:00+00:00,155.15565490722656,158.47153769020628,155.0767035244846,158.20507865575672,87991100
2022-09-01 00:00:00+00:00,155.88592529296875,156.3398768664933,152.6391159459931,154.58325022090398,74229900
2022-09-02 00:00:00+00:00,153.76412963867188,158.2543887367361,152.93516289828764,157.65239775798332,76957800
2022-09-06 00:00:00+00:00,152.50096130371094,155.02734512371137,151.67199443622994,154.41549077748996,73714800
2022-09-07 00:00:00+00:00,153.91220092773438,154.61286996329966,151.59305117128892,152.78717010211398,87449600
2022-09-08 00:00:00+00:00,152.43190002441406,154.30694642534044,150.6752581099915,152.6095293418246,84923800
2022-09-09 00:00:00+00:00,155.30368041992188,155.74778383324283,152.71808661547112,153.4286340066607,68028800
2022-09-12 00:00:00+00:00,161.2841033935547,162.10320702897022,157.20834188473088,157.4945274641237,104956000
2022-09-13 00:00:00+00:00,151.82000732421875,158.4320302699307,151.35617743298022,157.80043436290458,122656600
2022-09-14 00:00:00+00:00,153.27073669433594,155.03724195917457,151.59306115038453,152.75756021389577,87965400
2022-09-15 00:00:00+00:00,150.36932373046875,153.2016498653033,149.39233241450626,152.61938532747467,90481100
2022-09-16 00:00:00+00:00,148.72125244140625,149.36272674550892,146.4218443622924,149.22456559759132,162278800
2022-09-19 00:00:00+00:00,152.45159912109375,152.53055048964774,147.14225134713436,147.34948551345897,81474200
2022-09-20 00:00:00+00:00,154.8397979736328,156.00431165944403,151.06996481441516,151.3857551821126,107689800
2022-09-21 00:00:00+00:00,151.7016143798828,156.6557045846627,151.58319483232563,155.27407794326896,101696800
2022-09-22 00:00:00+00:00,150.73446655273438,152.44174672656402,148.92849339656019,150.37919289810281,86652500
2022-09-23 00:00:00+00:00,148.4547882080078,149.48114103515752,146.60934685596038,149.20481874902532,96029900
2022-09-26 00:00:00+00:00,148.7903289794922,151.750937683408,147.67516154898482,147.69490315670595,93339400
2022-09-27 00:00:00+00:00,149.767333984375,152.68847479986027,147.98110231146464,150.734477091982,84442700
2022-09-28 00:00:00+00:00,147.87255859375,148.66205739939247,142.93820988153112,145.70144817206113,146691400
2022-09-29 00:00:00+00:00,140.60916137695312,144.7934934551737,138.83279327495222,144.18163918720862,128138200
2022-09-30 00:00:00+00:00,136.3853759765625,141.2210460611346,136.18800506786133,139.42493615755308,124925300
2022-10-03 00:00:00+00:00,140.57957458496094,141.1914439900878,135.88208060719077,136.39525702678367,114311700
2022-10-04 00:00:00+00:00,144.18165588378906,144.30007541815792,142.36580435900075,143.12569817421627,87830100
2022-10-05 00:00:00+00:00,144.47769165039062,145.44483462169993,141.13220458118386,142.17829892107557,79471000
2022-10-06 00:00:00+00:00,143.5204315185547,145.60272687269935,143.31319734564778,143.8954467664891,68402200
2022-10-07 00:00:00+00:00,138.25054931640625,141.2210362492612,137.61895341738395,140.66837666148692,85925600
2022-10-10 00:00:00+00:00,138.5762176513672,140.02691706572585,136.7505180551927,138.5762176513672,74899000
2022-10-11 00:00:00+00:00,137.1551513671875,139.49404287569013,136.40513579064609,138.06306971513882,77033700
2022-10-12 00:00:00+00:00,136.52352905273438,138.51700974724292,136.3458997629281,137.30316442493086,70433700
2022-10-13 00:00:00+00:00,141.1124725341797,141.70458518782445,132.60564736672077,133.2175166847836,113224000
2022-10-14 00:00:00+00:00,136.5630340576172,142.62241342006476,136.37552640505737,142.4151641571206,88598000
2022-10-17 00:00:00+00:00,140.54010009765625,141.02365655306738,138.4281998048671,139.21769847828358,85250900
2022-10-18 00:00:00+00:00,141.86251831054688,144.77378089201514,138.7637480781357,143.5796769966995,99136600
2022-10-19 00:00:00+00:00,141.97108459472656,143.04676902151695,139.64207135355937,139.82957901773042,61758300
2022-10-20 00:00:00+00:00,141.5072021484375,143.97437563945456,140.77691337406094,141.1420652904652,64522000
2022-10-21 00:00:00+00:00,145.3362579345703,145.9086439824768,140.77691115529626,140.99402362375844,86548600
2022-10-24 00:00:00+00:00,147.48765563964844,148.2574127069579,144.08295860217441,145.25733581108966,75981900
2022-10-25 00:00:00+00:00,150.33970642089844,150.4877458912043,147.39883932372416,148.11924989222194,74732300
2022-10-26 00:00:00+00:00,147.3889923095703,149.9943276549768,146.09618038338365,148.9778530921607,88194300
2022-10-27 00:00:00+00:00,142.89871215820312,147.09290769599798,142.2375113745511,146.12577976482095,109180200
2022-10-28 00:00:00+00:00,153.695068359375,155.4319533375391,145.87906336998515,146.25406355734995,164762400
2022-10-31 00:00:00+00:00,151.32656860351562,152.21476020669766,149.92521569193562,151.14893931793952,97943200
2022-11-01 00:00:00+00:00,148.67190551757812,153.4088828100258,147.17187450407766,153.04374586124993,80379300
2022-11-02 00:00:00+00:00,143.12570190429688,150.17195049314788,143.09609701993313,146.9942290649959,93604600
2022-11-03 00:00:00+00:00,137.0564727783203,140.9250003088778,136.9281748948541,140.19471128840124,97918500
2022-11-04 00:00:00+00:00,136.78955078125,141.03023754059535,132.83552430474884,140.456901891493,140814800
2022-11-07 00:00:00+00:00,137.32334899902344,137.55070131674174,134.1107022229699,135.53415428478314,83374600
2022-11-08 00:00:00+00:00,137.8966827392578,139.80449340378325,135.90978972981833,138.79622744381308,89908500
2022-11-09 00:00:00+00:00,133.3199005126953,136.95761319516816,133.04311982943733,136.90818484099725,74917800
2022-11-10 00:00:00+00:00,145.18197631835938,145.18197631835938,137.8966866598679,139.61669377296678,118854000
2022-11-11 00:00:00+00:00,147.9794464111328,148.28588106740983,142.71070401695297,144.1440507641814,93979700
2022-11-14 00:00:00+00:00,146.57574462890625,148.55275765609238,145.7355080589872,147.25781653663145,73374100
2022-11-15 00:00:00+00:00,148.31552124023438,151.8247226304383,146.85253571913623,150.47047343692662,89868300
2022-11-16 00:00:00+00:00,147.07989501953125,148.14748399123684,145.5971350727314,147.41599873753398,64218300
2022-11-17 00:00:00+00:00,148.98773193359375,149.73899160011717,144.47024904717685,144.747029718181,80389400
2022-11-18 00:00:00+00:00,149.55117797851562,150.9449761011956,148.24635692578445,150.55945907613687,74829600
2022-11-21 00:00:00+00:00,146.30885314941406,148.64172927634687,146.0221928785554,148.4341513417214,58724100
2022-11-22 00:00:00+00:00,148.45391845703125,148.6911654782662,145.24127190945183,146.42749193221246,51804100
2022-11-23 00:00:00+00:00,149.33370971679688,150.08496935516192,147.62358231947215,147.73231865639212,58301400
2022-11-25 00:00:00+00:00,146.40769958496094,147.16885381990136,145.42907271146612,146.60539786998885,35195900
2022-11-28 00:00:00+00:00,142.56243896484375,144.95462339373816,141.73209694821898,143.47186332830165,69246000
2022-11-29 00:00:00+00:00,139.54747009277344,143.14563338917574,138.7369025521412,142.63160575157164,83763800
2022-11-30 00:00:00+00:00,146.32864379882812,147.01071582680532,138.9346179969114,139.7748396315525,111380900
2022-12-01 00:00:00+00:00,146.6054229736328,147.41600568948158,144.92496463802757,146.5065813559001,71250400
2022-12-02 00:00:00+00:00,146.11117553710938,146.2989942268281,143.97599740675216,144.2824471593233,65447400
2022-12-05 00:00:00+00:00,144.9447479248047,149.18543519719876,144.0946315261712,146.07164500360574,68826400
2022-12-06 00:00:00+00:00,141.26748657226562,145.60703008872727,140.28885957535718,145.3796777864446,64727200
2022-12-07 00:00:00+00:00,139.3201446533203,141.72220883121116,138.3909458890047,140.55577809875786,69721100
2022-12-08 00:00:00+00:00,141.0104522705078,141.87046321930262,139.47827919618652,140.72379200985142,62128300
2022-12-09 00:00:00+00:00,140.52610778808594,143.89691905591846,139.28057976630063,140.7040317435328,76097000
2022-12-12 00:00:00+00:00,142.82933044433594,142.83921008074833,139.4387448115005,141.0598951045821,70462700
2022-12-13 00:00:00+00:00,143.79808044433594,148.24636089095367,142.58222134561697,147.7817615043003,93886200
2022-12-14 00:00:00+00:00,141.5640411376953,144.9743859949628,139.5375995292449,143.67944472283807,82291200
2022-12-15 00:00:00+00:00,134.93115234375,140.17024039649047,134.46655303010576,139.48816842184618,98931900
2022-12-16 00:00:00+00:00,132.9640350341797,136.06794556798988,132.1930009902241,135.11898755239025,160156900
2022-12-19 00:00:00+00:00,130.84861755371094,133.6460931216457,129.81069766078807,133.5571311451233,79592600
2022-12-20 00:00:00+00:00,130.77943420410156,131.7185125149171,128.39712953221752,129.87988952300458,77432800
2022-12-21 00:00:00+00:00,133.8932342529297,135.23760401600552,131.2242690848365,131.45162141055363,85928000
2022-12-22 00:00:00+00:00,130.71022033691406,133.0134424692819,128.802409885042,132.80586453500828,77852100
2022-12-23 00:00:00+00:00,130.34449768066406,130.8980590346716,128.150011539123,129.4152989435447,63814900
2022-12-27 00:00:00+00:00,128.53553771972656,129.89968192747375,127.24059622786994,129.87002793021114,69007800
2022-12-28 00:00:00+00:00,124.59138488769531,129.52403118980348,124.4233405593597,128.17966147970347,85438400
2022-12-29 00:00:00+00:00,128.12037658691406,128.98037274089862,126.26198637816472,126.51899273546343,75703700
2022-12-30 00:00:00+00:00,128.43667602539062,128.4564503839377,125.9654166682795,126.93415661096817,77034200
2023-01-03 00:00:00+00:00,123.63252258300781,129.39551044224086,122.74286511723291,128.7826411649236,112117500
2023-01-04 00:00:00+00:00,124.90770721435547,127.18127564102066,123.64241984503863,125.43161455867813,89113600
2023-01-05 00:00:00+00:00,123.58309173583984,126.30148488412831,123.32608545003059,125.66884126386319,80962700
2023-01-06 00:00:00+00:00,128.1302490234375,128.79254678200937,123.45461599396971,124.56174634601723,87754700
2023-01-09 00:00:00+00:00,128.6541290283203,131.87667022454877,128.39712274020837,128.9704583829939,70790800
2023-01-10 00:00:00+00:00,129.22747802734375,129.75138537718297,126.64747490986099,128.76287866678214,63896200
2023-01-11 00:00:00+00:00,131.95574951171875,131.97550878336855,128.96057576470602,129.7414893304502,69458900
2023-01-12 00:00:00+00:00,131.87669372558594,132.71691544226815,129.9293341536629,132.3412931209229,71379600
2023-01-13 00:00:00+00:00,133.21116638183594,133.36933108444634,130.14680445669435,130.51254713349172,57809700
2023-01-17 00:00:00+00:00,134.37762451171875,135.71209971819903,132.58842951445754,133.2803812974567,63646600
2023-01-18 00:00:00+00:00,133.656005859375,137.016922815115,133.47806679892827,135.2475023487297,69672800
2023-01-19 00:00:00+00:00,133.71530151367188,134.68403382720132,132.23254150823482,132.53897616267878,58280400
2023-01-20 00:00:00+00:00,136.285400390625,136.4336854309728,132.67735732670167,133.72517191147224,80223600
2023-01-23 00:00:00+00:00,139.48817443847656,141.67278077878365,136.31506144495467,136.5325341153351,81760300
2023-01-24 00:00:00+00:00,140.891845703125,141.51460969317372,138.68748018952127,138.6973598255773,66435100
2023-01-25 00:00:00+00:00,140.2295379638672,140.7929788466698,137.21459000886787,139.27068541615571,65799300
2023-01-26 00:00:00+00:00,142.305419921875,142.59208020551668,140.26908361074402,141.52449124388164,54105100
2023-01-27 00:00:00+00:00,144.25279235839844,145.53785423534342,141.43555698402906,141.51463933928596,70555800
2023-01-30 00:00:00+00:00,141.3564453125,143.87714018615392,141.208175354279,143.29392490593287,64015300
2023-01-31 00:00:00+00:00,142.63160705566406,142.68103540109175,140.64471427014323,141.05988522159177,65874500
2023-02-01 00:00:00+00:00,143.75851440429688,144.92496009089808,139.69576656602072,142.31530314667881,77663600
2023-02-02 00:00:00+00:00,149.08657836914062,149.44242627870938,146.46702672863907,147.18863235095503,118339000
2023-02-03 00:00:00+00:00,152.72430419921875,155.57120867700445,146.13096549784504,146.3286638458208,154357300
2023-02-06 00:00:00+00:00,149.98609924316406,151.34036351523568,149.0470210083263,150.8164562342184,69858300
2023-02-07 00:00:00+00:00,152.87254333496094,153.44587898676582,148.90863720361276,148.90863720361276,83322600
2023-02-08 00:00:00+00:00,150.17393493652344,152.80336635897712,149.43255491704016,152.11141469080906,64120100
2023-02-09 00:00:00+00:00,149.135986328125,152.55622581029445,148.69116137357645,152.0125441621068,56007100
2023-02-10 00:00:00+00:00,149.50230407714844,149.8290111554016,147.73018216274517,147.9677914305051,57450700
2023-02-13 00:00:00+00:00,152.31394958496094,152.71984461594153,149.413195193509,149.44289446147238,62199000
2023-02-14 00:00:00+00:00,151.67044067382812,152.23475701699866,149.35380697400552,150.60122163396125,61707600
2023-02-15 00:00:00+00:00,153.7791748046875,153.94747569846558,151.3536388197947,151.58133825179516,65573800
2023-02-16 00:00:00+00:00,152.1753692626953,154.7692064041291,151.81896289081203,151.97735397330246,68167900
2023-02-17 00:00:00+00:00,151.02694702148438,151.47245120963535,149.34392280711089,150.8289468385779,59144100
2023-02-21 00:00:00+00:00,146.99758911132812,149.78944181785107,146.92829583835442,148.7004180444314,58867200
2023-02-22 00:00:00+00:00,147.4232940673828,148.45290411559392,145.69076597475495,147.38368496565576,51011300
2023-02-23 00:00:00+00:00,147.9083709716797,148.83898834448985,145.7699480861059,148.591484366889,48394200
2023-02-24 00:00:00+00:00,145.24525451660156,145.72045796846467,144.26513323484133,145.64125487541327,55469600
2023-02-27 00:00:00+00:00,146.4431610107422,147.6806809778149,145.97785229460726,146.23526611588312,44998500
2023-02-28 00:00:00+00:00,145.93824768066406,147.59157242356576,145.36403664496177,145.58184135182967,50547000
2023-03-01 00:00:00+00:00,143.85922241210938,145.76005131760687,143.56221459109048,145.3640509605452,55479000
2023-03-02 00:00:00+00:00,144.45323181152344,145.24524759786468,142.46329007120497,142.93850860687647,52238100
2023-03-03 00:00:00+00:00,149.5220947265625,149.60129780845313,145.85903905116976,146.56194185497878,70732300
2023-03-06 00:00:00+00:00,152.2941436767578,154.7394840935164,151.92784263752011,152.2545345821982,87558000
2023-03-07 00:00:00+00:00,150.08644104003906,152.49217281957698,149.62113228238874,152.16546570634722,56182000
2023-03-08 00:00:00+00:00,151.34373474121094,151.93775035888638,150.31412479121082,151.28433620073233,47204800
2023-03-09 00:00:00+00:00,149.0865020751953,152.99706215582498,148.73009571987657,152.02685072996366,53833600
2023-03-10 00:00:00+00:00,147.0173797607422,149.43302127956616,146.1362661024609,148.7103138108838,68572400
2023-03-13 00:00:00+00:00,148.9676971435547,151.6110378452132,146.2253488070177,146.33425116280637,84457100
2023-03-14 00:00:00+00:00,151.0665283203125,151.86843881288326,148.60139830336453,149.7696098588517,73695900
2023-03-15 00:00:00+00:00,151.46253967285156,151.71993837140982,148.42318357477492,149.68050801163758,77167900
2023-03-16 00:00:00+00:00,154.2939910888672,154.89790141964556,150.1260173130943,150.64082983435895,76161100
2023-03-17 00:00:00+00:00,153.4524688720703,155.17510202547024,152.7396561952458,154.52168788730708,98944600
2023-03-20 00:00:00+00:00,155.82852172851562,156.24434176719376,152.61096953502098,153.52179760346752,73641400
2023-03-21 00:00:00+00:00,157.68975830078125,157.80855539502778,154.97710883273007,155.7493352646716,73938300
2023-03-22 00:00:00+00:00,156.25421142578125,160.52117754091816,156.2344068779623,157.70953600837723,75701800
2023-03-23 00:00:00+00:00,157.34324645996094,159.93709883089704,156.10572637477364,157.24425391701376,67622100
2023-03-24 00:00:00+00:00,158.65003967285156,158.73913747364256,156.2740076797667,157.27391824812167,59196500
2023-03-27 00:00:00+00:00,156.69972229003906,159.1648674270664,156.29381212775743,158.34315238139064,52390300
2023-03-28 00:00:00+00:00,156.07601928710938,156.90764422361815,154.4226943488484,156.39283166414998,45992200
2023-03-29 00:00:00+00:00,159.16488647460938,159.4420897633789,157.75906547972215,157.7788549243155,51305700
2023-03-30 00:00:00+00:00,160.73899841308594,160.84790077737682,159.659884598305,159.9172833200629,49501700
2023-03-31 00:00:00+00:00,163.25363159179688,163.35263923391068,160.29349343380431,160.8182007028279,68749800
2023-04-03 00:00:00+00:00,164.5109405517578,164.62973762588464,162.5804125649775,162.62991638134497,56976200
2023-04-04 00:00:00+00:00,163.97634887695312,165.17425973324032,163.46153634610226,164.9366655701128,46278300
2023-04-05 00:00:00+00:00,162.125,163.40212898364032,160.1845772758085,163.0952264685397,51511700
2023-04-06 00:00:00+00:00,163.01602172851562,163.31302951982073,160.3825758088242,160.80827539475462,45390100
2023-04-10 00:00:00+00:00,160.41226196289062,160.41226196289062,158.48173413690245,159.808351708972,47716900
2023-04-11 00:00:00+00:00,159.19456481933594,160.7389872555695,158.90745173956898,160.72909253457362,47644200
2023-04-12 00:00:00+00:00,158.50155639648438,160.441979159197,158.18474404786926,159.61036940374873,50133100
2023-04-13 00:00:00+00:00,163.90704345703125,164.14465273087802,159.80837789845614,160.01628790137767,68445600
2023-04-14 00:00:00+00:00,163.560546875,164.65946521821587,162.18442526560762,162.94672669437054,49386500
2023-04-17 00:00:00+00:00,163.580322265625,163.73872843453088,162.39230621171848,163.4417206444433,41516200
2023-04-18 00:00:00+00:00,164.80796813964844,165.73858561594125,163.99614775175192,164.44166704612937,49923000
2023-04-19 00:00:00+00:00,165.9563751220703,166.48108235627174,163.8872303481945,164.14464415802902,47720200
2023-04-20 00:00:00+00:00,164.98617553710938,166.19399637675156,163.9070616233715,164.431768943132,52456400
2023-04-21 00:00:00+00:00,163.37245178222656,164.78816747380588,162.84774448751364,163.4021510550257,58337300
2023-04-24 00:00:00+00:00,163.6793212890625,163.94662979672654,162.25369605677815,163.35261424779375,41949600
2023-04-25 00:00:00+00:00,162.13490295410156,164.64953661232676,162.09529385976796,163.54072367407858,48714100
2023-04-26 00:00:00+00:00,162.125,163.6298284131595,161.1745931859106,161.43199188421733,45498800
2023-04-27 00:00:00+00:00,166.7285919189453,166.87708827078586,163.54073931024718,163.54073931024718,64902300
2023-04-28 00:00:00+00:00,167.9858856201172,168.15420161173702,166.20386913874557,166.80777942388167,55209200
2023-05-01 00:00:00+00:00,167.89678955078125,168.74820381228082,166.9562774855819,167.58988704485296,52472900
2023-05-02 00:00:00+00:00,166.85728454589844,168.6492261368123,165.86726857821876,168.3918123170909,48425700
2023-05-03 00:00:00+00:00,165.77816772460938,169.21352427793394,165.4910697460863,167.8077034423993,65136000
2023-05-04 00:00:00+00:00,164.1347198486328,165.37223965151196,162.6695006318279,163.243711633137,81235400
2023-05-05 00:00:00+00:00,171.8370819091797,172.55978934902075,169.0551242996228,169.27292902501793,113316400
2023-05-08 00:00:00+00:00,171.7677764892578,172.11428813282294,170.3916548495959,170.7579559365768,55962800
2023-05-09 00:00:00+00:00,170.0550537109375,171.80737116626167,169.88675280256177,171.3222729910744,45326900
2023-05-10 00:00:00+00:00,171.8271484375,172.2924570953219,170.18371850163723,171.2925465255573,53724500
2023-05-11 00:00:00+00:00,172.01528930664062,172.8468991660868,170.45106212923693,172.11429695457542,49514700
2023-05-12 00:00:00+00:00,171.08335876464844,172.5605130962495,169.52687667093326,172.12430116865193,45497800
2023-05-15 00:00:00+00:00,170.587646484375,171.71782492684653,169.9928093557746,171.66825264490708,37266700
2023-05-16 00:00:00+00:00,170.587646484375,171.64842070666398,170.31996826377116,170.50833385873918,42110300
2023-05-17 00:00:00+00:00,171.20233154296875,171.4402543357864,168.9518826544196,170.23077817517168,57951600
2023-05-18 00:00:00+00:00,173.5419921875,173.73035780662187,171.09326939359272,171.50964938607018,65496700
2023-05-19 00:00:00+00:00,173.65106201171875,174.8704617599002,173.43295602393476,174.8704617599002,55772400
2023-05-22 00:00:00+00:00,172.69931030273438,173.20492646986477,171.95577135327312,172.48120433403864,43570900
2023-05-23 00:00:00+00:00,170.08206176757812,171.88639029719062,169.80447509030535,171.6385439691014,50747300
2023-05-24 00:00:00+00:00,170.35964965820312,170.93465495874622,169.0510289027881,169.61611066863975,45143500
2023-05-25 00:00:00+00:00,171.499755859375,172.4019050243478,170.21095188854838,170.92475054539574,56058300
2023-05-26 00:00:00+00:00,173.91873168945312,174.25581421879875,171.61872545109665,171.826923039006,54835000
2023-05-30 00:00:00+00:00,175.77259826660156,177.44804166812344,175.0488913092159,175.43553093054112,55964400
2023-05-31 00:00:00+00:00,175.7230682373047,177.8049837003616,175.23728392863376,175.80238088733307,99625300
2023-06-01 00:00:00+00:00,178.53858947753906,178.5683298287558,175.405808045758,176.1691790241155,68901800
2023-06-02 00:00:00+00:00,179.3911590576172,180.21401063542314,177.7157155545107,179.47047169338217,61945900
2023-06-05 00:00:00+00:00,178.03297424316406,183.35670847100744,176.50623240767692,181.05670243794387,121946500
2023-06-06 00:00:00+00:00,177.6661376953125,178.56828667644376,175.9014582279706,178.41958495629487,64848400
2023-06-07 00:00:00+00:00,176.2881622314453,179.6489581922576,175.79246952260962,176.90281634965245,61944600
2023-06-08 00:00:00+00:00,179.0144500732422,179.28211321134853,175.93124119908015,176.36743802214428,50214900
2023-06-09 00:00:00+00:00,179.40110778808594,180.66015634842165,179.0739487923587,179.93644924551378,48870700
2023-06-12 00:00:00+00:00,182.2067108154297,182.30585540353945,179.41101193334958,179.7084305703386,54274900
2023-06-13 00:00:00+00:00,181.73085021972656,182.56361030209754,180.86834978636662,181.22524912557424,54929100
2023-06-14 00:00:00+00:00,182.3653106689453,182.8015225920405,180.45194442949565,181.7903054182597,57462900
2023-06-15 00:00:00+00:00,184.40757751464844,184.91319370821412,182.19679249165128,182.37524971506843,65433200
2023-06-16 00:00:00+00:00,183.32696533203125,185.37914013584773,182.68257094685526,185.12137027990616,101235600
2023-06-20 00:00:00+00:00,183.4161834716797,184.49680491343358,182.82136138571053,182.82136138571053,49799100
2023-06-21 00:00:00+00:00,182.375244140625,183.81274978200145,181.01703601018858,183.30713360389032,49515700
2023-06-22 00:00:00+00:00,185.38905334472656,185.43862563579464,182.0877384404729,182.15714267343606,51245300
2023-06-23 00:00:00+00:00,185.07180786132812,185.94423180057566,183.41619616013958,183.95155271461957,53079300
2023-06-26 00:00:00+00:00,183.67396545410156,186.43001547826037,183.63430156934749,185.22052415803645,48088700
2023-06-27 00:00:00+00:00,186.43994140625,186.7671004131867,184.0705308354124,184.28863684003687,50730800
2023-06-28 00:00:00+00:00,187.6196746826172,188.26406909954764,185.9838949305078,186.31103877905792,51216800
2023-06-29 00:00:00+00:00,187.95675659179688,188.43263248114428,187.312362125066,187.45115547762376,46347300
2023-06-30 00:00:00+00:00,192.29901123046875,192.8046122965116,189.61235036422667,189.9791732182635,85069600
2023-07-03 00:00:00+00:00,190.802001953125,192.20976711966864,190.10802021232752,192.11062254888682,31458200
2023-07-05 00:00:00+00:00,189.6817626953125,191.31754248795588,188.97787243386384,189.91970062749374,46920300
2023-07-06 00:00:00+00:00,190.15762329101562,190.365820872437,187.57010689891024,188.204592923582,45094300
2023-07-07 00:00:00+00:00,189.037353515625,191.01021583133178,188.60115666342472,189.76107572138073,46778000
2023-07-10 00:00:00+00:00,186.9851837158203,188.3533002828443,185.42870151973196,187.62957811566648,59922200
2023-07-11 00:00:00+00:00,186.45974731445312,187.66923857945199,184.9925013196807,187.53044524382943,46638100
2023-07-12 00:00:00+00:00,188.1352081298828,190.04857465553215,186.84640410814296,188.04597194874682,60750200
2023-07-13 00:00:00+00:00,188.89854431152344,189.54295381895912,188.1450969456968,188.85889555641208,41342300
2023-07-14 00:00:00+00:00,189.04730224609375,189.5330714565902,187.99643604296824,188.59125826288385,41573900
2023-07-17 00:00:00+00:00,192.31884765625,192.64600663390738,190.15761974766676,190.24684079775338,50520200
2023-07-18 00:00:00+00:00,192.0610809326172,192.65591819761897,190.76236853561463,191.6843647836334,48353800
2023-07-19 00:00:00+00:00,193.41928100585938,196.52230675519328,190.99037488225764,191.4365103758755,80507300
2023-07-20 00:00:00+00:00,191.46624755859375,194.777470825343,190.84166997972974,193.40935427253197,59581200
2023-07-21 00:00:00+00:00,190.2864990234375,193.29039530573385,189.58260879656223,192.42789492586837,71917800
2023-07-24 00:00:00+00:00,191.0895233154297,193.230919269526,190.5938306479448,191.7438412670713,45377800
2023-07-25 00:00:00+00:00,191.9520263671875,192.7649696142135,191.25805964859208,191.66453127210508,37283200
2023-07-26 00:00:00+00:00,192.824462890625,193.9546416567155,191.65463536403175,192.001611182289,47471900
2023-07-27 00:00:00+00:00,191.55548095703125,195.50119046422063,190.89125457942112,194.33136299756583,47460200
2023-07-28 00:00:00+00:00,194.1429901123047,194.9361013981904,192.46754649179775,192.99297950413737,48291400
2023-07-31 00:00:00+00:00,194.7576446533203,194.7973085377491,193.57789369266726,194.37100498050742,38824100
2023-08-01 00:00:00+00:00,193.92489624023438,195.03524303340677,193.5977372471017,194.5494738750641,35175100
2023-08-02 00:00:00+00:00,190.92100524902344,193.49859825449514,190.19729813092133,193.3598049013339,50389300
2023-08-03 00:00:00+00:00,189.5231170654297,190.71277634396813,189.047256379482,189.91968024316816,61235200
2023-08-04 00:00:00+00:00,180.42221069335938,185.7657766923876,180.3528064633521,183.92179948550063,115799700
2023-08-07 00:00:00+00:00,177.30926513671875,181.55239296699656,175.8221872019764,180.5610076771683,97576100
2023-08-08 00:00:00+00:00,178.2510986328125,178.71705098279648,176.05022182613857,178.14204563329835,67823000
2023-08-09 00:00:00+00:00,176.6549530029297,179.3713391045639,175.48511045638642,179.31185840559957,60378500
2023-08-10 00:00:00+00:00,176.4368438720703,179.1928938087059,176.07003615011226,177.93383023619305,54686900
2023-08-11 00:00:00+00:00,176.49639892578125,177.32036168980022,175.26543082107975,176.02983256684112,51988100
2023-08-14 00:00:00+00:00,178.15426635742188,178.38258864969947,176.01990054114177,176.6751020557822,43675600
2023-08-15 00:00:00+00:00,176.15890502929688,178.1741339293912,175.76182141117968,177.5785085022154,43622600
2023-08-16 00:00:00+00:00,175.28529357910156,177.24094603057796,175.2157956243564,175.84121662599503,46964900
2023-08-17 00:00:00+00:00,172.73399353027344,176.218449670705,172.21777275650916,175.85114660071363,66062900
2023-08-18 00:00:00+00:00,173.2204132080078,173.8259754434126,170.7088227434025,171.04634526208298,61114200
2023-08-21 00:00:00+00:00,174.5605926513672,174.84849110751958,172.47588124297116,173.79620604217206,46311900
2023-08-22 00:00:00+00:00,175.9404754638672,176.38719824747957,174.96761015656983,175.77171419662545,42084200
2023-08-23 00:00:00+00:00,179.80218505859375,180.2290643006026,177.032491470534,177.2211114741355,52722800
2023-08-24 00:00:00+00:00,175.0966796875,179.78233860000068,174.72936147404116,179.355459364837,54945800
2023-08-25 00:00:00+00:00,177.31044006347656,177.84650437604776,174.54074667761984,176.08939374478845,51449600
2023-08-28 00:00:00+00:00,178.87896728515625,179.27605088665493,177.25090028258217,178.77968881089737,43820700
2023-08-29 00:00:00+00:00,182.7803497314453,183.55467328918405,178.19396940518234,178.39251118833664,53003900
2023-08-30 00:00:00+00:00,186.28466796875,186.48322490340712,183.39585240180426,183.59439418869403,60813900
2023-08-31 00:00:00+00:00,186.50303649902344,187.7439413890159,186.1158747792564,186.4732559934848,60794500
2023-09-01 00:00:00+00:00,188.08151245117188,188.53815704908098,186.91009015003394,188.11129296200212,45732600
2023-09-05 00:00:00+00:00,188.31976318359375,188.59772472633045,186.24497340110617,186.91009674606673,45280000
2023-09-06 00:00:00+00:00,181.57916259765625,187.47594597496703,180.14963751857883,187.02920802693,81755800
2023-09-07 00:00:00+00:00,176.26806640625,176.91334607803304,172.27731178924952,173.90537850075847,112488800
2023-09-08 00:00:00+00:00,176.88356018066406,178.92858440411607,176.4963984153427,177.05233659559462,65551300
2023-09-11 00:00:00+00:00,178.0549774169922,178.98814040153138,176.0496706936909,178.7598181226865,58953100
2023-09-12 00:00:00+00:00,175.01727294921875,178.81940831086655,173.54804542949864,178.18406545251986,90370200
2023-09-13 00:00:00+00:00,172.94244384765625,176.0099571796133,172.71410643559972,175.2256967861003,84267900
2023-09-14 00:00:00+00:00,174.46131896972656,174.8187002110415,172.31703152183695,172.7339737787434,60895800
2023-09-15 00:00:00+00:00,173.73663330078125,175.2157976120051,172.55530438661506,175.1959388893145,109205100
2023-09-18 00:00:00+00:00,176.6750946044922,178.0748391046168,174.88818834345716,175.1959303652364,67257600
2023-09-19 00:00:00+00:00,177.76710510253906,178.32302815377042,175.84121799808253,176.22837977645918,51826900
2023-09-20 00:00:00+00:00,174.213134765625,178.39249419218916,174.1237780961169,177.95569322220518,58436200
2023-09-21 00:00:00+00:00,172.66448974609375,175.01725608596104,172.59500693822505,173.27998896827123,63047900
2023-09-22 00:00:00+00:00,173.51821899414062,175.7915654067452,172.7836129384518,173.39909696300535,56725400
2023-09-25 00:00:00+00:00,174.79884338378906,175.6823671360894,172.88287819083024,172.93251742028295,46172700
2023-09-26 00:00:00+00:00,170.70884704589844,173.92526351342306,170.4110267791137,173.54803864674588,64588900
2023-09-27 00:00:00+00:00,169.18995666503906,171.78096710415326,167.8200077433672,171.36402481079512,66921800
2023-09-28 00:00:00+00:00,169.44808959960938,170.77833634094375,166.4004191519846,168.1079059220852,56294400
2023-09-29 00:00:00+00:00,169.9642791748047,171.81074638236362,169.10059901226265,170.7683831744606,51814200
2023-10-02 00:00:00+00:00,172.48580932617188,173.03181060107437,169.6863201427267,169.97421860938772,52164500
2023-10-03 00:00:00+00:00,171.1456298828125,172.366691440067,169.57713912474932,171.0066491138284,49594600
2023-10-04 00:00:00+00:00,172.39646911621094,172.94247039530038,169.7260388902924,169.8451609338146,53020300
2023-10-05 00:00:00+00:00,173.63735961914062,174.17342391765436,171.42357417816774,172.5254984313363,48527900
2023-10-06 00:00:00+00:00,176.19859313964844,176.69495515352654,171.91993985589522,172.53543905358532,57224100
2023-10-09 00:00:00+00:00,177.6876983642578,177.7472593887107,174.52090595018925,175.52355187327169,42390800
2023-10-10 00:00:00+00:00,177.092041015625,178.41236580749592,176.6552400140717,176.80415770883764,43698000
2023-10-11 00:00:00+00:00,178.49179077148438,178.54143000452555,176.30780084757703,176.90342620076967,47551100
2023-10-12 00:00:00+00:00,179.3951873779297,181.01331743803624,177.73732472140046,178.759844529376,56743100
2023-10-13 00:00:00+00:00,177.5487060546875,180.60628286156256,176.84386529966793,180.09999903884182,51427100
2023-10-16 00:00:00+00:00,177.4196319580078,177.77701319881453,175.22570528432323,175.46396449411634,52517000
2023-10-17 00:00:00+00:00,175.86105346679688,177.12181720914745,173.52816111664285,175.3646914585386,57549400
2023-10-18 00:00:00+00:00,174.5605926513672,176.28793794498117,173.83590833900334,174.30248985254676,54764400
2023-10-19 00:00:00+00:00,174.18338012695312,176.54605322348112,173.91534037415258,174.75914678442408,59302900
2023-10-20 00:00:00+00:00,171.6221466064453,174.14365914589465,171.38388737014972,174.03445888939677,64189300
2023-10-23 00:00:00+00:00,171.7412567138672,172.7439025281915,168.69358667928853,169.66646713238327,55980100
2023-10-24 00:00:00+00:00,172.17808532714844,172.40640764866407,170.20255874285166,171.79092350033105,43816600
2023-10-25 00:00:00+00:00,169.8551025390625,171.80083332633419,169.4083645680371,170.62942613878033,57157000
2023-10-26 00:00:00+00:00,165.67572021484375,170.13305676328346,164.4645956319317,169.1303957533013,70625300
2023-10-27 00:00:00+00:00,166.9960479736328,167.73066925493364,165.6161620916175,165.69558183671225,58499100
2023-10-30 00:00:00+00:00,169.05096435546875,169.92456632823416,167.6412980843576,167.79021577395145,51131000
2023-10-31 00:00:00+00:00,169.52749633789062,169.6565401685357,166.67836791176023,168.11782995408234,44846000
2023-11-01 00:00:00+00:00,172.70420837402344,172.9623111800798,168.88221462983017,169.75581666227828,56934900
2023-11-02 00:00:00+00:00,176.2780303955078,176.4864939793014,174.18338188289627,174.2429429068373,77334800
2023-11-03 00:00:00+00:00,175.3647003173828,175.53347673875106,172.08872301559984,172.97224682902157,79763700
2023-11-06 00:00:00+00:00,177.9259490966797,178.12449090151532,174.92793300379333,175.09669429529205,63841300
2023-11-07 00:00:00+00:00,180.49710083007812,181.1125849169399,177.66783112206795,177.87629469765844,70530000
2023-11-08 00:00:00+00:00,181.55931091308594,182.11523398810698,180.26876654734838,181.023246561535,49340300
2023-11-09 00:00:00+00:00,181.0828094482422,182.78035920210118,180.4871689201494,181.62881074103257,53763500
2023-11-10 00:00:00+00:00,185.2875518798828,185.4565506612299,182.43468499907056,182.87206148972973,66133400
2023-11-13 00:00:00+00:00,183.6970977783203,184.9197527658604,183.1106225987718,184.71101456121173,43627500
2023-11-14 00:00:00+00:00,186.3213653564453,186.98736499365313,185.18816945365924,186.57980822279126,60108400
2023-11-15 00:00:00+00:00,186.887939453125,188.36905250310778,186.65931635404164,186.72890587030213,53790500
2023-11-16 00:00:00+00:00,188.5778045654297,189.82034448090351,187.52411797622008,188.43864070160558,54412900
2023-11-17 00:00:00+00:00,188.55792236328125,189.24380683321974,187.44461143684416,189.11457782649978,50922700
2023-11-20 00:00:00+00:00,190.30740356445312,190.76466491067268,188.7467813740569,188.75671623264228,46505100
2023-11-21 00:00:00+00:00,189.5022430419922,190.37699597796984,188.60762038854105,190.26765186097265,38134500
2023-11-22 00:00:00+00:00,190.1682586669922,191.77858564632436,189.69112755602794,190.3471923134316,39617700
2023-11-24 00:00:00+00:00,188.8362274169922,189.76066973573458,188.12052328802685,189.73084999433786,24048300
2023-11-27 00:00:00+00:00,188.6573028564453,189.53205575999598,187.77261509452617,188.78653185384877,40552600
2023-11-28 00:00:00+00:00,189.263671875,189.9396214691522,188.26963995303524,188.64737693705334,38415400
2023-11-29 00:00:00+00:00,188.23983764648438,190.9436059381113,187.84223090795535,189.7607054145589,43014200
2023-11-30 00:00:00+00:00,188.8163604736328,189.1841625986753,187.06686975200412,188.70701635554832,48794400
2023-12-01 00:00:00+00:00,190.0986785888672,190.41676093068807,188.1006646303825,189.19410585978827,45679300
2023-12-04 00:00:00+00:00,188.29945373535156,188.91576382150808,186.33127483914026,188.84617430866663,43389500
2023-12-05 00:00:00+00:00,192.26565551757812,193.23980256929687,189.0449865799245,189.07482149235318,66628400
2023-12-06 00:00:00+00:00,191.17221069335938,193.59763564136293,190.96345733322272,193.28948819788866,41089700
2023-12-07 00:00:00+00:00,193.11058044433594,193.8362194805571,192.43463086867496,192.4744006383907,47477700
2023-12-08 00:00:00+00:00,194.5419921875,194.8203199094653,192.5141585929263,193.04099429291227,53377300
2023-12-11 00:00:00+00:00,192.027099609375,192.33526227849603,190.2776087030193,191.95752525473316,60943700
2023-12-12 00:00:00+00:00,193.5479736328125,193.5579084922386,190.5758125501861,191.92769665062553,52696900
2023-12-13 00:00:00+00:00,196.77857971191406,196.81833431777545,193.6871396116279,193.92569758224516,70404200
2023-12-14 00:00:00+00:00,196.9276580810547,198.42864077264184,194.98929893159502,196.83819885132337,66831600
2023-12-15 00:00:00+00:00,196.39089965820312,197.2159328291742,195.82429416614897,196.3511298862745,128256700
2023-12-18 00:00:00+00:00,194.72091674804688,195.45650584640038,193.22986883323685,194.91972010314345,55751900
2023-12-19 00:00:00+00:00,195.7646484375,195.77458329630363,194.72091188963017,194.98930475456203,40714100
2023-12-20 00:00:00+00:00,193.667236328125,196.50021813416774,193.667236328125,195.72487446786357,52242800
2023-12-21 00:00:00+00:00,193.51812744140625,195.90381315665195,192.34517705306277,194.92966611931476,46482500
2023-12-22 00:00:00+00:00,192.44459533691406,194.24379077463595,191.8183503425399,194.01515250091973,37122800
2023-12-26 00:00:00+00:00,191.8978729248047,192.73285613100865,191.67918468017166,192.45452839560733,28919300
2023-12-27 00:00:00+00:00,191.9972686767578,192.34518593287333,189.94956524818429,191.34121910492223,48087700
2023-12-28 00:00:00+00:00,192.42471313476562,193.4982694967864,192.01715638138543,192.98136861854135,34049900
2023-12-29 00:00:00+00:00,191.38096618652344,193.23980104114617,190.58573760932344,192.7427850763616,42628800
