Price,Close,High,Low,Open,Volume
Ticker,DELL,DELL,DELL,DELL,DELL
Date,,,,,
2016-08-17 00:00:00+00:00,11.218978881835938,11.479885223129111,11.218978881835938,11.349432052482525,271519
2016-08-18 00:00:00+00:00,11.153754234313965,11.479887217591257,11.088527637658506,11.479887217591257,1767366
2016-08-19 00:00:00+00:00,11.349433898925781,11.349433898925781,11.127663118104936,11.140708614612814,4735900
2016-08-22 00:00:00+00:00,11.388569831848145,11.897337077955186,11.114617078384867,11.218980158742923,2245909
2016-08-23 00:00:00+00:00,11.740792274475098,11.975607623466248,11.349431881816182,11.414658466158635,1483020
2016-08-24 00:00:00+00:00,11.897336959838867,13.045325512754408,11.766883775639668,13.045325512754408,2525979
2016-08-25 00:00:00+00:00,11.847764015197754,12.066924599099083,11.766882658566718,12.066924599099083,371646
2016-08-26 00:00:00+00:00,11.93647289276123,11.98865399057274,11.868637022304103,11.98865399057274,223415
2016-08-29 00:00:00+00:00,12.079971313476562,12.262606481743767,11.949519015092477,11.949519015092477,1390019
2016-08-30 00:00:00+00:00,11.779927253723145,12.197377757720679,11.623383979677234,12.066924586046976,4805026
2016-08-31 00:00:00+00:00,11.657303810119629,11.766884563108716,11.47988718402218,11.675566973416355,9033877
2016-09-01 00:00:00+00:00,11.349433898925781,12.406104930394145,11.349433898925781,12.406104930394145,9048130
2016-09-02 00:00:00+00:00,11.213764190673828,11.456406549550364,11.140709757377854,11.456406549550364,8127033
2016-09-06 00:00:00+00:00,11.858200073242188,12.066925338252075,10.96329186266637,11.284206259418205,56316264
2016-09-07 00:00:00+00:00,12.523512840270996,12.883563736902312,11.746011397416737,11.759056893224512,147907159
2016-09-08 00:00:00+00:00,13.126204490661621,13.277530982718114,12.630481915383257,12.640919020066784,41159318
2016-09-09 00:00:00+00:00,12.805293083190918,13.089681199921289,12.557431294889057,13.000972882415917,26618101
2016-09-12 00:00:00+00:00,12.88878345489502,12.96705466360805,12.447851153682707,12.539167859382706,13989272
2016-09-13 00:00:00+00:00,12.65396499633789,12.951398573674673,12.526121089387814,12.557429747012058,18045663
2016-09-14 00:00:00+00:00,12.614829063415527,12.68527331461099,12.523511489216881,12.625265281615011,17208658
2016-09-15 00:00:00+00:00,12.755718231201172,12.792246326711155,12.528729808568512,12.55482079873035,17208302
2016-09-16 00:00:00+00:00,12.646138191223145,12.781809929009157,12.554821493809614,12.687883955114131,17786615
2016-09-19 00:00:00+00:00,12.721800804138184,12.75571784908658,12.565256641065162,12.586129077927668,16264400
2016-09-20 00:00:00+00:00,12.713974952697754,12.768766216238513,12.567867871936969,12.703539619247783,12000986
2016-09-21 00:00:00+00:00,12.633092880249023,12.784418495309163,12.593956395013585,12.622655774902832,14885427
2016-09-22 00:00:00+00:00,12.531340599060059,12.719193445752369,12.500031939045401,12.651357572418428,17054370
2016-09-23 00:00:00+00:00,12.526121139526367,12.646138104201853,12.47654931974063,12.489594815454026,7449305
2016-09-26 00:00:00+00:00,12.494813919067383,12.53916718788083,12.44002354393978,12.450458877045252,10128504
2016-09-27 00:00:00+00:00,12.468721389770508,12.518294095760666,12.432195065992808,12.466112999932312,9831330
2016-09-28 00:00:00+00:00,12.486988067626953,12.552213781562468,12.400888139238177,12.492204848031431,8013722
2016-09-29 00:00:00+00:00,12.411323547363281,12.505250413418768,12.39566877415258,12.421759767302296,5912124
2016-09-30 00:00:00+00:00,12.471333503723145,12.54960471640759,12.40871529232938,12.466114950021817,6165827
2016-10-03 00:00:00+00:00,12.505250930786133,12.536559591898476,12.416542614332291,12.426977948098674,5345926
2016-10-04 00:00:00+00:00,12.486988067626953,12.523514396502488,12.424369857289259,12.47916023720698,5993010
2016-10-05 00:00:00+00:00,12.646138191223145,12.747891994562654,12.393059651021584,12.4556769669516,6621209
2016-10-06 00:00:00+00:00,12.625266075134277,12.672228616681524,12.515684447245985,12.646137626240844,5139258
2016-10-07 00:00:00+00:00,12.541776657104492,12.646138855805651,12.507858720875527,12.625267302669775,3515134
2016-10-10 00:00:00+00:00,12.398277282714844,12.627874090731089,12.35392224563822,12.541775066073935,5420398
2016-10-11 00:00:00+00:00,12.299132347106934,12.45306724150504,12.252168918550419,12.30435089988178,6247425
2016-10-12 00:00:00+00:00,12.291306495666504,12.380014807879455,12.199989793438855,12.252170006193777,5851549
2016-10-13 00:00:00+00:00,12.296524047851562,12.380013800029555,12.168679256573657,12.236515123520418,4783291
2016-10-14 00:00:00+00:00,12.325224876403809,12.421761028899688,12.259999160113692,12.32261648610741,5453179
2016-10-17 00:00:00+00:00,12.364358901977539,12.434804044611822,12.270432931736103,12.330440968850397,4813222
2016-10-18 00:00:00+00:00,12.440024375915527,12.471333037138855,12.262607742378934,12.406105551334754,5366949
2016-10-19 00:00:00+00:00,12.44784927368164,12.533947412941679,12.39827745654327,12.406103512307334,4452266
2016-10-20 00:00:00+00:00,12.445241928100586,12.481769142493306,12.374797662648533,12.382624606231117,3849010
2016-10-21 00:00:00+00:00,12.325224876403809,12.42437030580054,12.283479992407997,12.382625421804727,3461329
2016-10-24 00:00:00+00:00,12.507856369018555,12.549601240649714,12.385230143648883,12.419148073500248,3621319
2016-10-25 00:00:00+00:00,12.259998321533203,12.507859218258057,12.21825344039273,12.453068840110088,5398662
2016-10-26 00:00:00+00:00,12.189552307128906,12.353923429941997,12.168679868035593,12.223470242306623,5900722
2016-10-27 00:00:00+00:00,12.609610557556152,12.980097634911637,12.533946867075347,12.893998612797045,25078425
2016-10-28 00:00:00+00:00,12.75050163269043,12.82877372312516,12.520903914497245,12.552212573350271,13622259
2016-10-31 00:00:00+00:00,12.807900428771973,12.912263504585269,12.737455286102676,12.784418714548874,12164182
2016-11-01 00:00:00+00:00,12.646138191223145,12.909653837350684,12.588739428256117,12.818337139937153,7967400
2016-11-02 00:00:00+00:00,12.784420013427734,12.810511006682935,12.57308545055283,12.58613094718043,6557427
2016-11-03 00:00:00+00:00,12.724411010742188,12.89660996935291,12.648749081264832,12.77398283371806,4763693
2016-11-04 00:00:00+00:00,12.685274124145508,12.841818293732143,12.653964580944765,12.685274124145508,6307644
2016-11-07 00:00:00+00:00,12.92009162902832,13.045326267535355,12.755719614430216,12.755719614430216,4566646
2016-11-08 00:00:00+00:00,12.961834907531738,13.02966988504214,12.90965292799478,12.920090033185568,3322719
2016-11-09 00:00:00+00:00,12.880955696105957,13.014018170222352,12.643531018724385,12.682666623297727,5840503
2016-11-10 00:00:00+00:00,12.852256774902344,13.058372798730344,12.677448526577463,12.87834688335642,5971274
2016-11-11 00:00:00+00:00,12.823556900024414,12.901828109002711,12.740066250987496,12.836601510451201,3162017
2016-11-14 00:00:00+00:00,12.78180980682373,12.927917762534717,12.620047965582033,12.820945407254802,3504801
2016-11-15 00:00:00+00:00,13.06619644165039,13.131423026213815,12.737454242665725,12.792245495767371,6991429
2016-11-16 00:00:00+00:00,13.214914321899414,13.26187775201096,12.972272001733142,13.011407602423226,4996372
2016-11-17 00:00:00+00:00,13.5149564743042,13.606274053298263,13.175778921707414,13.194042082864522,5726123
2016-11-18 00:00:00+00:00,13.564528465270996,13.65584515286062,13.48886566167767,13.509737211471323,4201058
2016-11-21 00:00:00+00:00,13.681937217712402,13.752381474444432,13.54104781764406,13.54104781764406,3149190
2016-11-22 00:00:00+00:00,13.590619087219238,13.788908127186476,13.44972969284341,13.723681539297587,2856648
2016-11-23 00:00:00+00:00,13.447121620178223,13.655846897426256,13.405376742049482,13.51495749043959,2990982
2016-11-25 00:00:00+00:00,13.616710662841797,13.676719591222788,13.397550048583987,13.413203934871659,905062
2016-11-28 00:00:00+00:00,13.603666305541992,13.67150217832546,13.514957992918129,13.567139092519119,2637865
2016-11-29 00:00:00+00:00,13.898489952087402,13.953280325660705,13.572356987152101,13.572356987152101,4771176
2016-11-30 00:00:00+00:00,13.974153518676758,14.010680731898448,13.875009872197417,13.97154512863578,5082603
2016-12-01 00:00:00+00:00,13.535828590393066,13.997633253865278,13.374066760345263,13.971543150918095,8015860
2016-12-02 00:00:00+00:00,13.76282024383545,13.825437565523478,13.311450835203317,13.48625907647341,4767969
2016-12-05 00:00:00+00:00,13.843700408935547,13.940235665954594,13.705420271757383,13.781083088696873,6389955
2016-12-06 00:00:00+00:00,13.924579620361328,13.958497551883141,13.752380686495759,13.781080952108804,5912124
2016-12-07 00:00:00+00:00,14.062861442565918,14.130697313841123,13.79412812064256,13.885444821262869,9804606
2016-12-08 00:00:00+00:00,14.06808090209961,14.323769630839701,13.906319043208871,14.028944410794246,8274908
2016-12-09 00:00:00+00:00,14.081125259399414,14.21940628494573,13.979372334364797,14.047207322186415,5978401
2016-12-12 00:00:00+00:00,14.062861442565918,14.148960476644316,13.848917609052142,14.088951548484145,5849055
2016-12-13 00:00:00+00:00,14.028943061828613,14.219405173350108,14.00807062311452,14.049816387147018,4376369
2016-12-14 00:00:00+00:00,14.1437406539917,14.208967242839206,13.966324935217378,14.000241981206331,6546737
2016-12-15 00:00:00+00:00,14.809053421020508,14.871670735629968,14.18548600493521,14.219404825270697,12845829
2016-12-16 00:00:00+00:00,14.725564956665039,14.829927156812287,14.550757606465123,14.777745170134295,21293198
2016-12-19 00:00:00+00:00,14.712519645690918,14.79601029346687,14.566411677036287,14.64990143820786,4347863
2016-12-20 00:00:00+00:00,14.884716033935547,14.934289628521531,14.741218236293875,14.764699952011044,5251500
2016-12-21 00:00:00+00:00,14.947336196899414,15.041263066505927,14.73078307342017,14.816882112823212,3799124
2016-12-22 00:00:00+00:00,14.56902027130127,14.884716137594966,14.472484131212983,14.884716137594966,5606755
2016-12-23 00:00:00+00:00,14.634245872497559,14.662946141299955,14.480311855321402,14.495965741391498,2123334
2016-12-27 00:00:00+00:00,14.623811721801758,14.725565535901127,14.587285393615627,14.634247055622593,3583905
2016-12-28 00:00:00+00:00,14.438568115234375,14.665556573979652,14.36812296255253,14.621202415610579,4705612
2016-12-29 00:00:00+00:00,14.417693138122559,14.501183778407636,14.2559312970639,14.36812131852567,2970315
2016-12-30 00:00:00+00:00,14.34203052520752,14.428129551208078,14.284630879005727,14.402038561133375,2866981
2017-01-03 00:00:00+00:00,14.237666130065918,14.417691107739003,14.125476124403399,14.370728571209252,5804515
2017-01-04 00:00:00+00:00,14.349858283996582,14.459439029977915,14.276804748877131,14.276804748877131,7486007
2017-01-05 00:00:00+00:00,14.420305252075195,14.498576463437935,14.297678108209043,14.297678108209043,2956062
2017-01-06 00:00:00+00:00,14.81688117980957,14.861235335085372,14.443785661424881,14.490747320062189,4745520
2017-01-09 00:00:00+00:00,14.738609313964844,14.777744916697799,14.519447810809847,14.720346150903378,5008487
2017-01-10 00:00:00+00:00,14.869061470031738,15.046477184308895,14.696862535091668,14.715126582396907,5933148
2017-01-11 00:00:00+00:00,15.022995948791504,15.041261770964054,14.879497266611542,14.931679250389214,3199788
2017-01-12 00:00:00+00:00,15.038651466369629,15.069959237774786,14.814272307332958,14.923852167063938,3034453
2017-01-13 00:00:00+00:00,15.176933288574219,15.20302428313038,15.002126816823798,15.004735206995887,5908561
2017-01-17 00:00:00+00:00,15.116921424865723,15.3882648785076,15.043868782122507,15.15605790911218,4932234
2017-01-18 00:00:00+00:00,15.28129768371582,15.289124627654445,15.038653555574067,15.083006828962572,2487496
2017-01-19 00:00:00+00:00,15.343911170959473,15.49523679530491,15.156059222078163,15.229113644358542,4574485
2017-01-20 00:00:00+00:00,15.461319923400879,15.516110294291314,15.33086674381454,15.338693686340523,3960183
2017-01-23 00:00:00+00:00,15.2056303024292,15.45610132862239,15.038650800439433,15.403919347646317,3911010
2017-01-24 00:00:00+00:00,15.594383239746094,15.63351972996889,15.231723040690923,15.289123580992774,7179925
2017-01-25 00:00:00+00:00,15.670045852661133,15.740490115576938,15.534374106890901,15.65439196605956,5854400
2017-01-26 00:00:00+00:00,15.552637100219727,15.71700821799646,15.523937718996855,15.71700821799646,5667330
2017-01-27 00:00:00+00:00,16.3197021484375,16.43710983518192,15.967477314995657,16.037923345609176,10710024
2017-01-30 00:00:00+00:00,16.29100227355957,16.32231004336424,16.090104839951184,16.202293970432127,5309581
2017-01-31 00:00:00+00:00,16.434497833251953,16.437107995995113,16.150110672417746,16.202292648780315,4879854
2017-02-01 00:00:00+00:00,16.463199615478516,16.51538159384207,16.22838425925943,16.39014520041123,5165626
2017-02-02 00:00:00+00:00,16.68758201599121,16.724108342121383,16.31709488184228,16.382320590875356,3918137
2017-02-03 00:00:00+00:00,16.789335250854492,16.864996290536514,16.580609088019404,16.580609088019404,2343542
2017-02-06 00:00:00+00:00,16.862388610839844,16.938051426917323,16.698017482132695,16.705844425422264,5024522
2017-02-07 00:00:00+00:00,16.922393798828125,16.99544643551813,16.81542146003503,16.922393798828125,3279248
2017-02-08 00:00:00+00:00,16.91718101501465,16.98501689593435,16.82847269175111,16.89109001878262,4484691
2017-02-09 00:00:00+00:00,16.95892333984375,17.162430951884474,16.857169533823388,16.9276155676582,3731423
2017-02-10 00:00:00+00:00,16.88848304748535,17.081553598690686,16.862392049061047,17.008499157744446,3691158
2017-02-13 00:00:00+00:00,16.914569854736328,17.1206858540814,16.90152435875665,16.922396797682406,4565221
2017-02-14 00:00:00+00:00,16.919788360595703,17.03458588776297,16.846733937954923,16.893697368709095,3974436
2017-02-15 00:00:00+00:00,16.990232467651367,17.039804287865884,16.87543316830568,16.901524159958146,2360289
2017-02-16 00:00:00+00:00,16.990232467651367,17.16243053006559,16.880651721277896,17.011104906331617,4624370
2017-02-17 00:00:00+00:00,16.851953506469727,17.029370134139405,16.846734953136206,16.961534260429897,4980694
2017-02-21 00:00:00+00:00,16.985015869140625,17.034587695059358,16.84151717174831,16.84151717174831,3629514
2017-02-22 00:00:00+00:00,16.89891815185547,17.02937314219317,16.867610372741666,16.919792368876745,3822285
2017-02-23 00:00:00+00:00,16.72932243347168,16.95891920866793,16.671921909766443,16.930219833419425,3651963
2017-02-24 00:00:00+00:00,16.76063346862793,16.781505906809638,16.567562972144998,16.619744954203554,3058683
2017-02-27 00:00:00+00:00,16.708454132080078,16.74498045750286,16.632791318070172,16.692800245928698,6360736
2017-02-28 00:00:00+00:00,16.564956665039062,16.687582919727618,16.515384839775912,16.604093156503613,4299403
2017-03-01 00:00:00+00:00,16.718889236450195,16.825861594508492,16.559736667531396,16.56495522058004,4997441
2017-03-02 00:00:00+00:00,16.55974006652832,16.825865048129344,16.54147601371357,16.64584000327327,2517784
2017-03-03 00:00:00+00:00,16.551908493041992,16.551908493041992,16.37188349853176,16.47885407542242,3103580
2017-03-06 00:00:00+00:00,16.361446380615234,16.523209100502427,16.296218905432166,16.471027120355973,4740888
2017-03-07 00:00:00+00:00,16.450157165527344,16.557129531687984,16.353621906254524,16.361448849816,3097523
2017-03-08 00:00:00+00:00,16.57278060913086,16.687579899390382,16.45276276631216,16.47363520334039,4431955
2017-03-09 00:00:00+00:00,16.47102928161621,16.554519042238905,16.35622997415563,16.52060110533484,3310961
2017-03-10 00:00:00+00:00,16.56234359741211,16.65366206148302,16.413628147700482,16.54147116026617,2885154
2017-03-13 00:00:00+00:00,16.56756591796875,16.65627423931608,16.47103065256267,16.51538569984078,5339512
2017-03-14 00:00:00+00:00,16.564956665039062,16.606701546651063,16.395366975234804,16.57017344533396,3095029
2017-03-15 00:00:00+00:00,16.627573013305664,16.726716658023488,16.51277370899395,16.58321797093602,3156316
2017-03-16 00:00:00+00:00,16.698017120361328,16.75802604855954,16.531037605244926,16.64583690849179,4127299
2017-03-17 00:00:00+00:00,16.747591018676758,16.893698097048812,16.69280064263615,16.784117344967594,3320225
2017-03-20 00:00:00+00:00,16.716276168823242,16.771066527480432,16.609303840698956,16.713666006424997,2417657
2017-03-21 00:00:00+00:00,16.29100227355957,16.7997694917622,16.238820292940417,16.76324139604538,4250943
2017-03-22 00:00:00+00:00,16.431888580322266,16.489289105946725,16.264909101869204,16.296216867475007,2596888
2017-03-23 00:00:00+00:00,16.457983016967773,16.606700254393534,16.31448433263963,16.429283634743875,2846671
2017-03-24 00:00:00+00:00,16.533645629882812,16.724107743359372,16.413629549346982,16.551909678898355,2713049
2017-03-27 00:00:00+00:00,16.533645629882812,16.61191860577059,16.26230392381431,16.377101451315895,2968534
2017-03-28 00:00:00+00:00,16.585824966430664,16.72671346340666,16.491898119641093,16.491898119641093,5148166
2017-03-29 00:00:00+00:00,16.671924591064453,16.700625744137113,16.50755525427814,16.557127071607887,4949338
2017-03-30 00:00:00+00:00,16.69540786743164,17.031977043446833,16.61974505690433,16.67192526607675,9212396
2017-03-31 00:00:00+00:00,16.718889236450195,16.80237899239392,16.62757253753783,16.687581464575622,6281632
2017-04-03 00:00:00+00:00,16.65888214111328,16.93805259480341,16.578000766196375,16.695410243261534,6089574
2017-04-04 00:00:00+00:00,16.744979858398438,16.85456060395485,16.61713506417975,16.630180559908712,5680158
2017-04-05 00:00:00+00:00,16.70323371887207,16.94065924070189,16.656270292439146,16.812814456146068,7759307
2017-04-06 00:00:00+00:00,16.750198364257812,16.825861175348003,16.658879894411697,16.72932592579185,6751980
2017-04-07 00:00:00+00:00,16.925004959106445,16.948487560836305,16.75019850711422,16.781506278475877,5746434
2017-04-10 00:00:00+00:00,16.93543815612793,17.02675483246725,16.86760230289019,16.927611215094068,7153200
2017-04-11 00:00:00+00:00,16.987621307373047,17.011103907765268,16.78672387521741,16.94065965300564,5299604
2017-04-12 00:00:00+00:00,16.671924591064453,16.938049498657296,16.624961163464715,16.857168138524884,4598359
2017-04-13 00:00:00+00:00,16.67714500427246,16.82064369281072,16.62235462816165,16.653664174457276,3780952
2017-04-17 00:00:00+00:00,16.76324462890625,16.786727233997,16.68758357955058,16.68758357955058,2295082
2017-04-18 00:00:00+00:00,16.799772262573242,16.867608139283,16.63540112436317,16.703237001072928,2970672
2017-04-19 00:00:00+00:00,16.83629608154297,16.88064934253521,16.804986541330276,16.88064934253521,2495336
2017-04-20 00:00:00+00:00,16.932832717895508,16.966748877217054,16.73193351244493,16.84412441537138,3361915
2017-04-21 00:00:00+00:00,16.807598114013672,16.96675068831632,16.7554161281793,16.96675068831632,5961653
2017-04-24 00:00:00+00:00,17.26679039001465,17.2824442736072,16.938048195320807,16.958920631180334,8070021
2017-04-25 00:00:00+00:00,17.311147689819336,17.46769009264684,17.287665088149183,17.38941889123309,7657755
2017-04-26 00:00:00+00:00,17.49639320373535,17.621627849284696,17.311149625573645,17.311149625573645,5431444
2017-04-27 00:00:00+00:00,17.592927932739258,17.634672813326876,17.496392674729297,17.61119020974087,3114270
2017-04-28 00:00:00+00:00,17.50943946838379,17.67641900310144,17.38420304413666,17.600756179781396,3107144
2017-05-01 00:00:00+00:00,17.629453659057617,17.665979985024606,17.491173525173267,17.595535723085163,6160839
2017-05-02 00:00:00+00:00,17.462472915649414,17.689461345114978,17.39985560130118,17.62945242057804,4057459
2017-05-03 00:00:00+00:00,17.264183044433594,17.43638109398944,17.219828007294755,17.43638109398944,3095741
2017-05-04 00:00:00+00:00,17.30332374572754,17.35811412817512,17.18852265376918,17.266795641956538,3128167
2017-05-05 00:00:00+00:00,17.5564022064209,17.579884813182392,17.290277226780937,17.3085430526701,5035924
2017-05-08 00:00:00+00:00,17.64510726928711,17.739034132542162,17.496391804543393,17.582489951519964,7401202
2017-05-09 00:00:00+00:00,17.543354034423828,17.806868783627145,17.493782216238337,17.637279118036197,4447990
2017-05-10 00:00:00+00:00,17.475515365600586,17.590316426693725,17.368544792996946,17.51987040162332,3982987
2017-05-11 00:00:00+00:00,17.245922088623047,17.381593840839564,17.193740099860136,17.347675902785436,4992096
2017-05-12 00:00:00+00:00,16.94587516784668,17.31897239767383,16.94587516784668,17.245917985428814,21295692
2017-05-15 00:00:00+00:00,17.28766632080078,17.365939301004197,16.922397732811064,16.96675100302601,5009200
2017-05-16 00:00:00+00:00,17.360715866088867,17.47029658899407,17.31897099766862,17.326797938846386,4190368
2017-05-17 00:00:00+00:00,16.930225372314453,17.25635925682094,16.922398428614034,17.154605442297903,4093804
2017-05-18 00:00:00+00:00,16.87021827697754,16.91979188116052,16.687584842187317,16.836302108318247,5006706
2017-05-19 00:00:00+00:00,16.938045501708984,17.12850755689374,16.90412757718008,16.909346128617166,2515646
2017-05-22 00:00:00+00:00,17.579879760742188,17.611187529814362,17.029367680207734,17.068502391547952,8428127
2017-05-23 00:00:00+00:00,17.579879760742188,17.736423925728523,17.48073435452716,17.70511438344786,5048039
2017-05-24 00:00:00+00:00,17.759904861450195,17.77295035637977,17.57726970564466,17.634670237976483,4219943
2017-05-25 00:00:00+00:00,17.913843154907227,18.023423909146892,17.788606740627078,17.814697734152475,6005125
2017-05-26 00:00:00+00:00,17.950368881225586,18.023423306010248,17.8225240811546,17.879924619631367,3119259
2017-05-30 00:00:00+00:00,17.937320709228516,18.0912547057811,17.887748894508906,17.95036620360869,8069309
2017-05-31 00:00:00+00:00,18.104305267333984,18.104305267333984,17.684244527565166,18.015596953333933,33497644
2017-06-01 00:00:00+00:00,18.07560157775879,18.190400869180365,17.929494517082194,18.13300033686533,8742048
2017-06-02 00:00:00+00:00,17.806869506835938,18.012985503691308,17.3920273500356,17.848614384183204,7983078
2017-06-05 00:00:00+00:00,17.378982543945312,17.79382471720978,17.329410721779116,17.778170830885443,9112269
2017-06-06 00:00:00+00:00,17.514650344848633,17.561613766459093,17.287661951404978,17.40507139203528,5250431
2017-06-07 00:00:00+00:00,17.697288513183594,17.70772384577027,17.48073541341335,17.514653347435093,5694767
2017-06-08 00:00:00+00:00,16.985015869140625,17.605974094446665,16.61974726360057,17.394639520235526,12860082
2017-06-09 00:00:00+00:00,16.322309494018555,17.01110345825001,16.13967611441531,16.958921479387097,13264510
2017-06-12 00:00:00+00:00,16.238821029663086,16.340574832561682,16.064012805225047,16.257085078350098,9134004
2017-06-13 00:00:00+00:00,16.39015007019043,16.484076949868644,16.157943034613666,16.272742357197153,6109528
2017-06-14 00:00:00+00:00,16.22056007385254,16.51799279073191,16.092715269059507,16.502338903845825,4065655
2017-06-15 00:00:00+00:00,16.137067794799805,16.155331844129723,15.855288977812604,16.113586965554486,7071602
2017-06-16 00:00:00+00:00,16.20751190185547,16.259693886183392,16.137067641579698,16.137067641579698,6409553
2017-06-19 00:00:00+00:00,16.351009368896484,16.481462546800824,16.254474123639785,16.306656104084933,2799636
2017-06-20 00:00:00+00:00,16.23621368408203,16.403193203245028,16.207512527668257,16.366666876730303,3163443
2017-06-21 00:00:00+00:00,16.520597457885742,16.5806063750377,16.353617973506402,16.366663467374583,3823711
2017-06-22 00:00:00+00:00,16.58321762084961,16.726716304907693,16.520600303422043,16.580609230910042,3034097
2017-06-23 00:00:00+00:00,16.598875045776367,16.78672701804134,16.5232122241852,16.546693055765004,23029564
2017-06-26 00:00:00+00:00,16.55451774597168,16.78933489584707,16.515383031999622,16.64322605298936,3548985
2017-06-27 00:00:00+00:00,16.170984268188477,16.541471361952517,16.160548936092518,16.528425866926185,5902860
2017-06-28 00:00:00+00:00,16.358840942382812,16.4110211587352,16.157941701139176,16.25447696326037,5792756
2017-06-29 00:00:00+00:00,15.863117218017578,16.29361330838605,15.724837074778883,16.25186842639734,6447679
2017-06-30 00:00:00+00:00,15.943994522094727,16.024875875256065,15.860504779428195,15.868331721152138,2801061
2017-07-03 00:00:00+00:00,15.748318672180176,16.168377628587812,15.748318672180176,15.949216125556227,2397703
2017-07-05 00:00:00+00:00,15.863117218017578,15.915299207107873,15.636128757250674,15.72744546494987,3322363
2017-07-06 00:00:00+00:00,15.873556137084961,15.891820189993169,15.698747872245177,15.737884368530326,4698486
2017-07-07 00:00:00+00:00,16.048357009887695,16.10836592853955,15.878769131779288,15.902249957403892,1986862
2017-07-10 00:00:00+00:00,16.04574966430664,16.100540034203906,15.928341982127998,16.061403549074857,2479301
2017-07-11 00:00:00+00:00,16.050968170166016,16.17359440464603,15.94660598333468,16.03270412251734,3818010
2017-07-12 00:00:00+00:00,16.069231033325195,16.157939338683914,15.993568223449397,16.157939338683914,3663721
2017-07-13 00:00:00+00:00,15.993570327758789,16.105759475822595,15.941390112170215,16.06923314758971,2745475
2017-07-14 00:00:00+00:00,15.967475891113281,16.045748857435377,15.941386675547674,15.998785432283803,1488721
2017-07-17 00:00:00+00:00,16.41362953186035,16.439718750586508,15.910079061786425,15.99356881741086,4002585
2017-07-18 00:00:00+00:00,16.36666488647461,16.413628313830433,16.275348194687933,16.356227781191755,2908315
2017-07-19 00:00:00+00:00,16.60148048400879,16.61713436894517,16.358838174660754,16.395364497248487,6733095
2017-07-20 00:00:00+00:00,16.682363510131836,16.705844339880315,16.572782758221507,16.687582063367735,2800349
2017-07-21 00:00:00+00:00,16.60148048400879,16.708452835227302,16.53364461833976,16.684970234614198,2195667
2017-07-24 00:00:00+00:00,16.611919403076172,16.65888106301244,16.544083530001036,16.593655353184026,2049218
2017-07-25 00:00:00+00:00,16.62235450744629,16.747590918510593,16.51538391923123,16.627573060659117,2188541
2017-07-26 00:00:00+00:00,16.70323371887207,16.750197145304995,16.622352360749172,16.713669050741345,3224374
2017-07-27 00:00:00+00:00,16.575389862060547,16.750198082833517,16.439718127706943,16.750198082833517,2235576
2017-07-28 00:00:00+00:00,16.624961853027344,16.656271397128652,16.447547013815235,16.517991271532438,1592411
2017-07-31 00:00:00+00:00,16.768461227416992,16.83890726126637,16.67192597447715,16.69801696677628,2475381
2017-08-01 00:00:00+00:00,16.820640563964844,16.862385435788145,16.68757900667912,16.838904610340684,2052781
2017-08-02 00:00:00+00:00,16.65888214111328,16.825863444569535,16.54930315429505,16.825863444569535,2658888
2017-08-03 00:00:00+00:00,16.70062828063965,16.72932766486267,16.557129586315746,16.61713674488796,1309134
2017-08-04 00:00:00+00:00,16.799772262573242,16.838908754492447,16.713672334992758,16.752808826911963,1564261
2017-08-07 00:00:00+00:00,16.815425872802734,16.87804496812452,16.687582838442008,16.752808550689743,1465916
2017-08-08 00:00:00+00:00,16.815425872802734,16.904134189098336,16.67975412162019,16.755416940824485,1850746
2017-08-09 00:00:00+00:00,16.72932243347168,16.784112794658178,16.59365072516069,16.658876416797447,1875688
2017-08-10 00:00:00+00:00,16.481462478637695,16.698015568739212,16.4658085938523,16.671924578624544,1715699
2017-08-11 00:00:00+00:00,16.447546005249023,16.523208811211557,16.36666464672151,16.41623646306762,2807119
2017-08-14 00:00:00+00:00,17.67380714416504,17.780777722646164,16.932832944465652,16.932832944465652,10181240
2017-08-15 00:00:00+00:00,17.27461814880371,17.720768037958837,17.266791206637265,17.679023164265484,2929338
2017-08-16 00:00:00+00:00,17.53813362121582,17.632060468072954,17.264181795556144,17.277227289464545,2090908
2017-08-17 00:00:00+00:00,17.32419204711914,17.64771751694473,17.318975267186737,17.43638296021335,1649779
2017-08-18 00:00:00+00:00,17.431161880493164,17.47812530553838,17.201565080860178,17.285054826181263,1365789
2017-08-21 00:00:00+00:00,17.499000549316406,17.532918485445766,17.240702556731954,17.418119180607263,2904752
2017-08-22 00:00:00+00:00,17.926889419555664,17.99472352313507,17.697290794547982,17.752081174014723,3897113
2017-08-23 00:00:00+00:00,18.054729461669922,18.062558177331432,17.778169220024893,17.778169220024893,3052626
2017-08-24 00:00:00+00:00,18.242584228515625,18.292156049057375,18.062559222059004,18.062559222059004,3006304
2017-08-25 00:00:00+00:00,18.717435836791992,18.941815911507348,18.485228818211162,18.529583864393995,8583128
2017-08-28 00:00:00+00:00,18.993993759155273,19.087920620242848,18.652206022672523,18.706996396105502,3551479
2017-08-29 00:00:00+00:00,19.030517578125,19.119225874537456,18.62611435177296,18.884410525943238,2672428
2017-08-30 00:00:00+00:00,19.367090225219727,19.385354273331508,19.043566551235006,19.06965576869798,3611698
2017-08-31 00:00:00+00:00,19.549724578857422,19.56798862787107,19.38274506744797,19.427100108421506,4385990
2017-09-01 00:00:00+00:00,19.505374908447266,19.58625628915632,19.424493527738207,19.562773682778097,4858475
2017-09-05 00:00:00+00:00,19.515806198120117,19.59407739189133,19.28359923321398,19.403615300090966,5303880
2017-09-06 00:00:00+00:00,19.484498977661133,19.604515058834316,19.47928042459917,19.567988733817895,7478880
2017-09-07 00:00:00+00:00,19.429704666137695,19.656693059643352,19.380132855116337,19.437531607540194,7320316
2017-09-08 00:00:00+00:00,19.374916076660156,19.635822422265118,19.359260419213772,19.40622384513602,4231701
2017-09-11 00:00:00+00:00,19.688003540039062,19.727140025656396,19.5314611439868,19.599295236564895,5352340
2017-09-12 00:00:00+00:00,19.89412498474121,19.8993435384317,19.6410437494455,19.69844429362317,4059953
2017-09-13 00:00:00+00:00,20.019357681274414,20.071537893462814,19.865421888278213,19.896731434158205,4696704
2017-09-14 00:00:00+00:00,20.183727264404297,20.269827179085528,19.980219664763972,20.01674598782433,5563996
2017-09-15 00:00:00+00:00,20.08458709716797,20.199384638962673,20.048058994588867,20.15763975590844,12313125
2017-09-18 00:00:00+00:00,20.05066680908203,20.20199066251925,19.982830938763723,20.045448256009397,3515847
2017-09-19 00:00:00+00:00,20.04283905029297,20.152418021106318,19.93064814323663,20.08458392675765,3352294
2017-09-20 00:00:00+00:00,20.045446395874023,20.12893614445408,19.967173426673853,20.03500929069727,5695123
2017-09-21 00:00:00+00:00,19.98543930053711,20.121111040982573,19.750623917894515,19.980220747471826,2662808
2017-09-22 00:00:00+00:00,20.092411041259766,20.092411041259766,19.943693809327254,19.995875791958618,3148477
2017-09-25 00:00:00+00:00,19.810636520385742,20.07675972437381,19.719318031032188,20.016750786011844,5187718
2017-09-26 00:00:00+00:00,19.860204696655273,19.980220778088793,19.810632875480746,19.959348339004325,8079642
2017-09-27 00:00:00+00:00,20.121109008789062,20.230689746049315,19.96195468222843,19.96195468222843,4617956
2017-09-28 00:00:00+00:00,20.128938674926758,20.178510497726936,19.97761304329966,20.115893178420073,3929539
2017-09-29 00:00:00+00:00,20.144594192504883,20.24634800957054,20.10545769981605,20.170685187630774,4027884
2017-10-02 00:00:00+00:00,20.335054397583008,20.462899197631433,20.149810832276632,20.152419222257926,5107902
2017-10-03 00:00:00+00:00,20.421152114868164,20.52812269068744,20.324616871056588,20.348097697980283,4300828
2017-10-04 00:00:00+00:00,20.408109664916992,20.465508432544684,20.277656469501427,20.423763551868404,4130149
2017-10-05 00:00:00+00:00,20.622053146362305,20.65857947458118,20.415937127825778,20.481162840588684,4806095
2017-10-06 00:00:00+00:00,20.622053146362305,20.627269926672998,20.43941795885031,20.520299332171714,4832820
2017-10-09 00:00:00+00:00,20.6794490814209,20.747284948251345,20.611614987799015,20.645531148005674,2616842
2017-10-10 00:00:00+00:00,20.63248634338379,20.82294845484537,20.57769597012545,20.752504195858542,3383651
2017-10-11 00:00:00+00:00,20.70553970336914,20.742067799140067,20.57769491458797,20.635095447995766,4204977
2017-10-12 00:00:00+00:00,20.948184967041016,20.99254001153045,20.72641506422018,20.736852171114915,4101287
2017-10-13 00:00:00+00:00,21.049936294555664,21.122990714567237,20.95079265680506,21.008191418322927,3269627
2017-10-16 00:00:00+00:00,21.159517288208008,21.26127109018189,21.052544933341174,21.073419144912982,4104850
2017-10-17 00:00:00+00:00,21.130817413330078,21.25083526102045,21.083853984808133,21.172562289081018,3295639
2017-10-18 00:00:00+00:00,21.22474479675293,21.316061493071718,21.159517318519082,21.169954424319936,7860859
2017-10-19 00:00:00+00:00,21.3004093170166,21.32910870045929,21.112555583194034,21.20387406005007,5617088
2017-10-20 00:00:00+00:00,21.456953048706055,21.524787147581375,21.347372297371667,21.394335729830505,4080620
2017-10-23 00:00:00+00:00,21.57957649230957,21.699592561256768,21.49869513431881,21.50391368684916,4089172
2017-10-24 00:00:00+00:00,21.72046661376953,21.72046661376953,21.53261466758051,21.569140991592892,3689020
2017-10-25 00:00:00+00:00,21.550878524780273,21.74655741200478,21.42303373205953,21.610885676580086,4773314
2017-10-26 00:00:00+00:00,21.647417068481445,21.70742422941509,21.556098585548856,21.590016524567762,2828142
2017-10-27 00:00:00+00:00,21.884836196899414,21.910927186453666,21.61871129522131,21.723075253438317,3460973
2017-10-30 00:00:00+00:00,21.694377899169922,21.884838239634913,21.631758809111446,21.866575963809115,2744762
2017-10-31 00:00:00+00:00,21.595233917236328,21.73873260949251,21.503917212421946,21.71003145247426,7310339
2017-11-01 00:00:00+00:00,21.498695373535156,21.738729287308885,21.404768519777637,21.738729287308885,3965171
2017-11-02 00:00:00+00:00,21.35780906677246,21.454346101390296,21.190829538542562,21.446517384446803,3752446
2017-11-03 00:00:00+00:00,21.09950828552246,21.355197871044133,20.99253770425682,21.310844604638316,3463467
2017-11-06 00:00:00+00:00,21.269100189208984,21.454343747972185,21.107337459074095,21.13342845080019,4700267
2017-11-07 00:00:00+00:00,21.519569396972656,21.571749607077752,21.323888732754842,21.331715675610177,3366904
2017-11-08 00:00:00+00:00,21.4752140045166,21.610885740341587,21.360416480241852,21.417815242379227,3046212
2017-11-09 00:00:00+00:00,21.363025665283203,21.443907031820967,21.044720525422616,21.24561797359008,4332897
2017-11-10 00:00:00+00:00,21.5456600189209,21.550878571804446,21.29518898580504,21.308234481409617,2737992
2017-11-13 00:00:00+00:00,21.34476089477539,21.50130506947885,21.24822564546317,21.36563510639721,3760998
2017-11-14 00:00:00+00:00,21.261272430419922,21.376071735258442,21.21170060783353,21.289971813327377,4054965
2017-11-15 00:00:00+00:00,20.942964553833008,21.16734458105878,20.78902877969599,21.11255243917939,5543329
2017-11-16 00:00:00+00:00,21.219524383544922,21.394332591319387,21.049934728213376,21.070807164776607,4502864
2017-11-17 00:00:00+00:00,21.261272430419922,21.365636402023327,21.104728246223523,21.18039106171077,3988332
2017-11-20 00:00:00+00:00,21.201263427734375,21.45434463942643,21.18821793132927,21.258663966558572,4439438
2017-11-21 00:00:00+00:00,21.454343795776367,21.623931695956607,21.130818334785715,21.201262594036233,6649358
2017-11-22 00:00:00+00:00,21.078641891479492,21.498700905366796,21.049940731462353,21.42564646995681,5280006
2017-11-24 00:00:00+00:00,21.120380401611328,21.235177914194026,20.849036957597516,21.08124391875355,2993120
2017-11-27 00:00:00+00:00,21.370853424072266,21.433470743818255,21.120384145088302,21.164737414955106,5748216
2017-11-28 00:00:00+00:00,21.540441513061523,21.623931266546208,21.38911589156838,21.433469158153898,8104585
2017-11-29 00:00:00+00:00,20.348102569580078,21.51174609972696,20.048059661094985,21.51174609972696,8493334
2017-11-30 00:00:00+00:00,20.413328170776367,20.57508913971814,19.98544048502759,20.494207768642877,30164591
2017-12-01 00:00:00+00:00,20.86208724975586,21.376073104636106,20.168076369461048,20.246347579969044,13801490
2017-12-04 00:00:00+00:00,19.539291381835938,20.93775026238137,19.479282448410355,20.922096374777773,8513645
2017-12-05 00:00:00+00:00,19.429704666137695,19.781927668499932,19.192279168623173,19.455795652951554,6129126
2017-12-06 00:00:00+00:00,19.583637237548828,19.693217955690255,19.241851363867482,19.307077052985484,7828790
2017-12-07 00:00:00+00:00,19.800195693969727,20.081974507141833,19.714097548027258,19.781931644887088,7163534
2017-12-08 00:00:00+00:00,20.155027389526367,20.269826681882552,19.81323967538931,20.04544664982467,10242171
2017-12-11 00:00:00+00:00,20.687278747558594,20.70032601789138,20.115894130288364,20.209821000297563,4331828
2017-12-12 00:00:00+00:00,20.676843643188477,20.872522555801712,20.447245019109502,20.62205326394336,7608938
2017-12-13 00:00:00+00:00,20.922096252441406,21.07342189361493,20.663798242448156,20.757725113938214,5821618
2017-12-14 00:00:00+00:00,20.809900283813477,21.17517057405132,20.799464952405526,21.083852114887662,3869676
2017-12-15 00:00:00+00:00,21.130817413330078,21.16212695674756,20.708150103049668,20.929919977127607,5660560
2017-12-18 00:00:00+00:00,22.117046356201172,22.117046356201172,21.17778300926041,21.258664379258747,7497765
2017-12-19 00:00:00+00:00,21.74394989013672,22.04138259080251,21.610886539232258,22.04138259080251,8377173
2017-12-20 00:00:00+00:00,21.746557235717773,21.95267322701574,21.57696756781167,21.890055912683156,5652364
2017-12-21 00:00:00+00:00,21.53522300720215,21.81961197549017,21.498696683274968,21.74133900152087,3014143
2017-12-22 00:00:00+00:00,21.41520881652832,21.65524276607504,21.339544225740994,21.49087163410689,3661940
2017-12-26 00:00:00+00:00,21.232572555541992,21.365635906969697,21.164736684855058,21.342153304619554,5351983
2017-12-27 00:00:00+00:00,21.201263427734375,21.34737227818806,21.104728172903563,21.193436484533052,4109839
2017-12-28 00:00:00+00:00,21.14125633239746,21.30823584972495,21.029067190844145,21.22213770105623,4981050
2017-12-29 00:00:00+00:00,21.20648193359375,21.266490862281515,21.065593409867084,21.227354373153577,3143132
2018-01-02 00:00:00+00:00,21.506521224975586,21.530002050619743,21.26387893381902,21.271705875700405,2371691
2018-01-03 00:00:00+00:00,21.733509063720703,21.923971146281865,21.514347603942568,21.54304698115954,5699043
2018-01-04 00:00:00+00:00,22.119657516479492,22.164010788550108,21.7256877553402,21.76221408370475,4941498
2018-01-05 00:00:00+00:00,22.281415939331055,22.34925180796144,22.124871763507745,22.177053746518386,2475025
2018-01-08 00:00:00+00:00,22.276195526123047,22.29967812580027,22.11182619442481,22.20053272100132,3702204
2018-01-09 00:00:00+00:00,21.989198684692383,22.307505569861977,21.97615496294413,22.307505569861977,2768992
2018-01-10 00:00:00+00:00,22.075302124023438,22.077910514148165,21.756995187993805,21.863967554448188,2417657
2018-01-11 00:00:00+00:00,22.654512405395508,22.65712256858202,22.25532766589274,22.310116267887928,3255018
2018-01-12 00:00:00+00:00,22.633642196655273,22.78496782901917,22.48492495432193,22.664949969856785,5480973
2018-01-16 00:00:00+00:00,22.46143913269043,22.891935138194786,22.422302648587724,22.758873574737443,2471818
2018-01-17 00:00:00+00:00,22.98847198486328,23.074571901256764,22.461440700355606,22.65190280843165,2734785
2018-01-18 00:00:00+00:00,23.061525344848633,23.095443277236363,22.863236303168478,22.97803559534299,3423559
2018-01-19 00:00:00+00:00,23.08761978149414,23.20763587102291,22.985865969140683,23.03021924023362,3065097
2018-01-22 00:00:00+00:00,23.202415466308594,23.33547703201035,22.89193552432367,23.10588022246039,4748371
2018-01-23 00:00:00+00:00,23.24938201904297,23.351134055972356,23.098054612257144,23.134582712230053,2962120
2018-01-24 00:00:00+00:00,23.05630874633789,23.450278473370208,22.897156176202735,23.220679869561575,2822441
2018-01-25 00:00:00+00:00,23.074573516845703,23.27286258153027,22.899765281980525,23.165890219310498,2761866
2018-01-26 00:00:00+00:00,21.587406158447266,24.10776342965583,19.96717572415232,23.854683991897204,127220424
2018-01-29 00:00:00+00:00,19.515806198120117,22.44839505965551,18.842666129570542,21.91614526774425,65799822
2018-01-30 00:00:00+00:00,18.284324645996094,19.187061394387936,18.091252417515236,19.150533305460318,21560797
2018-01-31 00:00:00+00:00,18.706993103027344,19.142707623896836,18.362597037276696,18.490441810518092,21323841
2018-02-01 00:00:00+00:00,18.328685760498047,18.88702493195796,18.216496602771656,18.584375399776597,16692701
2018-02-02 00:00:00+00:00,18.498271942138672,18.876586001819454,17.926887381186912,18.513925827861016,19484498
2018-02-05 00:00:00+00:00,17.632064819335938,18.641772465997782,17.59553671809462,18.30520325044383,11756191
2018-02-06 00:00:00+00:00,17.54074478149414,17.861660081274966,17.039804474473573,17.219829481713315,11118372
2018-02-07 00:00:00+00:00,17.420726776123047,17.994721500929202,17.420726776123047,17.50943685722369,7185626
2018-02-08 00:00:00+00:00,17.12068748474121,17.6711996653991,17.05545999863023,17.418120211064362,12260033
2018-02-09 00:00:00+00:00,17.55900764465332,17.723378754912872,16.948486631290482,17.363326991540674,9210614
2018-02-12 00:00:00+00:00,17.749467849731445,17.937321559140166,17.48856326939096,17.63206194116376,8159815
2018-02-13 00:00:00+00:00,17.819913864135742,17.939929935539105,17.50682553082596,17.611187717526384,6382472
2018-02-14 00:00:00+00:00,18.229537963867188,18.276499619320926,17.676415698701398,17.71816057457709,6240299
2018-02-15 00:00:00+00:00,18.010377883911133,18.39130212250357,17.84339659417353,18.36781951973626,4498944
2018-02-16 00:00:00+00:00,18.20866584777832,18.435654279317774,17.942540929460435,18.00254985454565,4259495
2018-02-20 00:00:00+00:00,18.21649169921875,18.28954611552039,17.958193739088376,18.06516608725773,5299960
2018-02-21 00:00:00+00:00,18.242584228515625,18.55045225777947,18.203447740778575,18.26345666733366,4621876
2018-02-22 00:00:00+00:00,18.409564971923828,18.576546266859246,18.211275903269037,18.346947651276327,5628134
2018-02-23 00:00:00+00:00,18.727872848510742,18.821797947625985,18.466964672809528,18.558281381719205,4686371
2018-02-26 00:00:00+00:00,18.88701820373535,19.017473140491933,18.691339345017134,18.81918411911359,2943947
2018-02-27 00:00:00+00:00,18.97834014892578,19.098358003525643,18.83223307538603,18.954859319917283,3983700
2018-02-28 00:00:00+00:00,19.38274574279785,19.677570061158082,19.24707399844616,19.273164991315134,6955441
2018-03-01 00:00:00+00:00,19.664525985717773,20.199384285346703,18.722654196830952,19.32795676372957,20337537
2018-03-02 00:00:00+00:00,19.218372344970703,19.330563246410463,18.34433659958624,19.00442942049763,8609139
2018-03-05 00:00:00+00:00,19.30708122253418,19.372308698946842,18.855712760025913,19.114010729486377,6716704
2018-03-06 00:00:00+00:00,19.724533081054688,19.776713292492346,19.390572280377267,19.390572280377267,6174022
2018-03-07 00:00:00+00:00,20.168075561523438,20.22808449199393,19.596689186832293,19.604516130248662,7766434
2018-03-08 00:00:00+00:00,20.19938087463379,20.830774329674494,20.095018686447006,20.22547186498262,7081579
2018-03-09 00:00:00+00:00,20.4759464263916,20.517691308876383,20.02979467006893,20.2280855216849,4560232
2018-03-12 00:00:00+00:00,20.293310165405273,20.679451194629987,20.196774908099094,20.533344113638506,4801463
2018-03-13 00:00:00+00:00,20.178508758544922,20.350706815099258,20.00891909178362,20.32722598733626,5062292
2018-03-14 00:00:00+00:00,20.30374526977539,20.376799696051197,20.042840657553167,20.220255510150885,3280673
2018-03-15 00:00:00+00:00,20.251562118530273,20.382015292319682,20.108063450041076,20.350705750398497,4101643
2018-03-16 00:00:00+00:00,20.340274810791016,20.481163346838283,20.24112938430511,20.324620923054397,4376725
2018-03-19 00:00:00+00:00,20.342880249023438,20.37679818300346,19.998484129540582,20.235909667400744,4104494
2018-03-20 00:00:00+00:00,20.413328170776367,20.62726935383762,20.22286604487881,20.22286604487881,3084695
2018-03-21 00:00:00+00:00,19.828895568847656,20.400280152370875,19.802806349349353,20.400280152370875,4168988
2018-03-22 00:00:00+00:00,19.427099227905273,19.74279418740193,19.398398074125065,19.68278703646433,5233684
2018-03-23 00:00:00+00:00,19.08270263671875,19.89412292964539,19.043567921104913,19.416663440278462,7074809
2018-03-26 00:00:00+00:00,19.60190773010254,19.669743603954526,19.192284096922755,19.401008498614445,3974792
2018-03-27 00:00:00+00:00,19.223590850830078,19.875856727861354,19.103573007387908,19.729747894696235,4270184
2018-03-28 00:00:00+00:00,18.811359405517578,19.267944645409052,18.70699544375172,19.218372827495394,5426455
2018-03-29 00:00:00+00:00,19.10096549987793,19.207936080190574,18.722651451048186,18.829622031360834,5134982
2018-04-02 00:00:00+00:00,18.931377410888672,19.26794661158621,18.485227457721763,19.124447922723522,4099505
2018-04-03 00:00:00+00:00,18.99921226501465,19.095747515756248,18.673080188328033,18.980948216179424,3132443
2018-04-04 00:00:00+00:00,19.038347244262695,19.10618310803796,18.592197350362675,18.706994867636062,2429416
2018-04-05 00:00:00+00:00,18.996604919433594,19.291429240848576,18.82440684720638,19.184456878260907,2737992
2018-04-06 00:00:00+00:00,18.600025177001953,19.022692491041315,18.45130794756128,18.884412367235477,2893349
2018-04-09 00:00:00+00:00,18.759180068969727,19.137494164073328,18.623508318116354,18.654817865701283,2571233
2018-04-10 00:00:00+00:00,18.991382598876953,19.16097224743253,18.800920514592104,19.05921845829918,2600807
2018-04-11 00:00:00+00:00,18.76700210571289,19.0513910301225,18.717430293772605,18.931373197837253,1615572
2018-04-12 00:00:00+00:00,18.962684631347656,19.067046817753745,18.785268027853053,18.83223145503792,2214196
2018-04-13 00:00:00+00:00,19.02008628845215,19.145322704428864,18.79309783348196,19.051395835748522,2908315
2018-04-16 00:00:00+00:00,19.39839744567871,19.75062226334466,18.905284119513183,19.62016908689281,8523622
2018-04-17 00:00:00+00:00,19.66974639892578,19.766281670076456,19.35143942460521,19.48972135523496,8506518
2018-04-18 00:00:00+00:00,19.774105072021484,20.063710833589923,19.659307541949538,20.003703678582742,6295529
2018-04-19 00:00:00+00:00,19.28099250793457,19.740187967174965,19.18445725001546,19.638434155885125,3905665
2018-04-20 00:00:00+00:00,18.9600772857666,19.325345844907396,18.75395951810204,19.150537621493118,6829658
2018-04-23 00:00:00+00:00,19.06965446472168,19.12183644249655,18.871365431668966,19.009647318130696,3955194
2018-04-24 00:00:00+00:00,18.8974609375,19.30708459595896,18.79570712044247,19.14793200819614,4319357
2018-04-25 00:00:00+00:00,18.727872848510742,18.97051519993764,18.500882611526066,18.795706952734978,2386300
2018-04-26 00:00:00+00:00,19.038347244262695,19.11139988739876,18.74091279952369,18.80353011072967,2144000
2018-04-27 00:00:00+00:00,18.94702911376953,19.267944390901842,18.92876683926856,19.124445718577775,2511014
2018-04-30 00:00:00+00:00,18.72525978088379,19.059220562633232,18.526970732958358,18.957466762265224,3834757
2018-05-01 00:00:00+00:00,18.631338119506836,18.806144598506407,18.438265815709894,18.644381844117017,3664078
2018-05-02 00:00:00+00:00,18.446088790893555,18.654814937880246,18.362599041382282,18.597414405184864,4113758
2018-05-03 00:00:00+00:00,18.57654571533203,18.607853488121897,18.03646712941119,18.46696319094141,5001005
2018-05-04 00:00:00+00:00,19.03313446044922,19.189678672515416,18.414784556806378,18.49044915897301,2996327
2018-05-07 00:00:00+00:00,18.913118362426758,19.333177394186624,18.866154921465643,19.046179967475727,2057770
2018-05-08 00:00:00+00:00,18.787878036499023,18.920941387190208,18.534798604401256,18.920941387190208,5340225
2018-05-09 00:00:00+00:00,18.973121643066406,19.215763969592647,18.803531966887498,18.858324114460984,5428237
2018-05-10 00:00:00+00:00,19.487104415893555,19.674958112000894,19.009646780238896,19.0226905011051,4681738
2018-05-11 00:00:00+00:00,19.39057159423828,19.484498453994583,19.2679453532255,19.476671511216324,3411800
2018-05-14 00:00:00+00:00,19.218372344970703,19.581032492659382,19.04878268456769,19.48710563871179,3034810
2018-05-15 00:00:00+00:00,19.286209106445312,19.374917411921185,18.923548941883446,19.022692579834292,3116764
2018-05-16 00:00:00+00:00,19.36448097229004,19.51841676056137,19.06965666490487,19.307082208681976,2960694
2018-05-17 00:00:00+00:00,19.39057159423828,19.690614448920254,19.213154980569094,19.213154980569094,3250029
2018-05-18 00:00:00+00:00,20.562044143676758,21.03950366509068,19.80802433838854,19.86281471713411,23393726
2018-05-21 00:00:00+00:00,20.995145797729492,21.10994509328966,20.48116001731736,20.642922741661625,13764788
2018-05-22 00:00:00+00:00,21.073421478271484,21.117774749751113,20.52812608419067,20.935141337153038,6473691
2018-05-23 00:00:00+00:00,21.365638732910156,21.394338118948575,20.822951695635815,20.987322840992817,8038665
2018-05-24 00:00:00+00:00,21.56913948059082,21.62653823904764,21.206479336101907,21.383895937233785,4948981
2018-05-25 00:00:00+00:00,21.399553298950195,21.636978859999463,21.36824552496228,21.55348909842,3519410
2018-05-29 00:00:00+00:00,21.01601791381836,21.34215174730727,20.98210175415838,21.34215174730727,4892326
2018-05-30 00:00:00+00:00,21.143863677978516,21.289970748422952,20.851647763881022,21.18300016537222,6896647
2018-05-31 00:00:00+00:00,21.044723510742188,21.209094657071322,20.875133810590963,21.15169411144611,13683190
2018-06-01 00:00:00+00:00,22.137916564941406,22.406649867958883,21.527395539624507,21.527395539624507,13488637
2018-06-04 00:00:00+00:00,22.18488121032715,22.563195276412937,21.639587631819673,22.330988283696122,7577938
2018-06-05 00:00:00+00:00,22.6075496673584,22.63885921409693,22.049210565059322,22.239672689130927,7295730
2018-06-06 00:00:00+00:00,22.790180206298828,22.82409813618709,22.565800191130986,22.62841927185422,7572593
2018-06-07 00:00:00+00:00,22.97542381286621,22.980642365144583,22.620592402479485,22.798007221068655,5152798
2018-06-08 00:00:00+00:00,23.04587173461914,23.13718842757755,22.67799302661851,22.959771821160587,4860613
2018-06-11 00:00:00+00:00,22.865848541259766,23.038044835336244,22.727566636231856,23.038044835336244,2595106
2018-06-12 00:00:00+00:00,22.62320327758789,22.95194550911789,22.500577038219536,22.865847366503033,3344455
2018-06-13 00:00:00+00:00,22.936290740966797,23.07718103418137,22.50057791170892,22.698866968894993,6625485
2018-06-14 00:00:00+00:00,22.936290740966797,23.304169473353195,22.73800345698937,22.998909831201264,4414496
2018-06-15 00:00:00+00:00,23.061525344848633,23.181541416460863,22.738001678910017,22.86584646609585,5355903
2018-06-18 00:00:00+00:00,23.36939811706543,23.379835223693718,22.698868099064455,22.82671290261292,4744095
2018-06-19 00:00:00+00:00,23.22067642211914,23.246767410479542,22.79800737566419,23.069350817478906,3049775
2018-06-20 00:00:00+00:00,23.272859573364258,23.70596397309605,23.24676858368711,23.24676858368711,4345725
2018-06-21 00:00:00+00:00,23.244163513183594,23.390270593747292,22.99108406895173,23.30938922348197,6051447
2018-06-22 00:00:00+00:00,23.163280487060547,23.51289516332328,22.65190308183099,23.158061934111284,11507477
2018-06-25 00:00:00+00:00,22.427526473999023,23.160673873232742,22.20575655836076,23.098056547871664,3139925
2018-06-26 00:00:00+00:00,22.55797576904297,22.657121180255533,22.32576878614956,22.471877626546124,3782377
2018-06-27 00:00:00+00:00,21.916147232055664,22.68060405739018,21.897883183481742,22.64146757039261,2910096
2018-06-28 00:00:00+00:00,22.24749755859375,22.31533342586293,21.78830214622369,21.90310144261835,3891056
2018-06-29 00:00:00+00:00,22.067474365234375,22.602332631330235,22.067474365234375,22.304899920121176,2902970
2018-07-02 00:00:00+00:00,24.055580139160156,24.7156729988726,23.497239308462134,24.705237666269742,57614352
2018-07-03 00:00:00+00:00,24.74176597595215,24.833082679692733,24.243435803861427,24.29561601748087,16730471
2018-07-05 00:00:00+00:00,24.48607635498047,24.78611921093309,24.3895411049588,24.78611921093309,12780266
2018-07-06 00:00:00+00:00,24.353015899658203,24.52260559140734,24.201690258777074,24.47825231913924,4826762
2018-07-09 00:00:00+00:00,24.428680419921875,24.637404829748537,24.212127293168997,24.632186276200667,8951210
2018-07-10 00:00:00+00:00,24.621749877929688,25.086163886228682,24.399978207216,24.6791486448485,10233976
2018-07-11 00:00:00+00:00,24.548694610595703,24.64262147434603,24.392150428748053,24.394758818715523,5040913
2018-07-12 00:00:00+00:00,24.817424774169922,24.88265224714268,24.57217408613433,24.613918959553512,3680112
2018-07-13 00:00:00+00:00,24.76003074645996,24.872219893554593,24.564351836577806,24.81742951507418,3623813
2018-07-16 00:00:00+00:00,24.728717803955078,24.95831639330936,24.697410033812208,24.84612726161649,4394185
2018-07-17 00:00:00+00:00,24.749591827392578,24.825254641029993,24.543475825648983,24.551302768686142,5000292
2018-07-18 00:00:00+00:00,24.804380416870117,24.82003252749047,24.666098532354713,24.74958827705264,5152442
2018-07-19 00:00:00+00:00,24.71828269958496,24.7861185664648,24.55130142218514,24.746982080216764,4024677
2018-07-20 00:00:00+00:00,24.608701705932617,24.757418933593108,24.600874763404466,24.728717780045162,4622232
2018-07-23 00:00:00+00:00,24.426067352294922,24.582611527656294,24.31648660686282,24.55913069929596,6138034
2018-07-24 00:00:00+00:00,24.290393829345703,24.569564225325756,24.165159207548633,24.496509809339894,3951987
2018-07-25 00:00:00+00:00,24.473031997680664,24.473031997680664,24.2251711132187,24.313879424555566,1860723
2018-07-26 00:00:00+00:00,24.629573822021484,24.686972581950513,24.240822678005397,24.24864962043131,5619226
2018-07-27 00:00:00+00:00,24.43911361694336,24.6113116832962,24.381714852561966,24.53304047975715,4565221
2018-07-30 00:00:00+00:00,24.188644409179688,24.41302268739865,24.021663122280874,24.363450865922974,6206804
2018-07-31 00:00:00+00:00,24.139070510864258,24.350405063475513,24.07384480410273,24.191252494840395,5433582
2018-08-01 00:00:00+00:00,24.191251754760742,24.36605820395741,24.11297878119113,24.139069772381,5767813
2018-08-02 00:00:00+00:00,24.274742126464844,24.334751053088713,24.133853607583777,24.133853607583777,3224018
2018-08-03 00:00:00+00:00,24.287784576416016,24.363447379380187,24.10514942954701,24.30604684985703,3970160
2018-08-06 00:00:00+00:00,24.379104614257812,24.45998598069765,24.227778987529124,24.227778987529124,3299202
2018-08-07 00:00:00+00:00,24.44693946838379,24.67392789904119,24.32953178171331,24.53303938432005,3587112
2018-08-08 00:00:00+00:00,24.564346313476562,24.61130796457899,24.376492616233286,24.488681738103068,2842751
2018-08-09 00:00:00+00:00,24.71567153930664,24.83047083041029,24.553910594450507,24.65044583806698,2119058
2018-08-10 00:00:00+00:00,24.663494110107422,24.812209576819534,24.444332608417266,24.48085893429606,2462910
2018-08-13 00:00:00+00:00,24.52521514892578,24.804385592568718,24.452160720467308,24.650449792104215,3114983
2018-08-14 00:00:00+00:00,24.749591827392578,24.77829120959838,24.478250118200222,24.551302768686142,2663877
2018-08-15 00:00:00+00:00,24.702627182006836,24.80177081276679,24.525210583923126,24.640008098864453,4963947
2018-08-16 00:00:00+00:00,24.93744468688965,25.054852374786066,24.749590967688505,24.950490182567986,5335949
2018-08-17 00:00:00+00:00,24.788728713989258,25.015717158547805,24.757420941337703,24.856564585679216,2978154
2018-08-20 00:00:00+00:00,24.7939453125,24.89569911201303,24.739154941470566,24.799163865266745,4022896
2018-08-21 00:00:00+00:00,24.812206268310547,24.950488156630925,24.76524461553207,24.851342752167735,4926889
2018-08-22 00:00:00+00:00,24.976581573486328,25.0287635607391,24.812210441490606,24.83830143511699,9033521
2018-08-23 00:00:00+00:00,24.86699867248535,25.060069171522166,24.83569090140295,25.002670409065363,7901124
2018-08-24 00:00:00+00:00,24.874828338623047,25.01311025340516,24.676541038169177,24.820037960021637,7384454
2018-08-27 00:00:00+00:00,24.89308738708496,25.067895594738246,24.8382970194934,25.047023158189482,4435162
2018-08-28 00:00:00+00:00,24.85395622253418,24.95309986698276,24.637403110889398,24.934835817443837,4899096
2018-08-29 00:00:00+00:00,25.065290451049805,25.169654427900166,24.87221993101071,24.90613786884532,5012763
2018-08-30 00:00:00+00:00,25.211393356323242,25.29227293679229,24.94004991771728,24.963530743038927,3314168
2018-08-31 00:00:00+00:00,25.09137535095215,25.33401941034416,25.0000586665963,25.161819599649277,3288156
2018-09-04 00:00:00+00:00,25.086162567138672,25.177479266037516,24.8148190871531,25.065288354947185,5195557
2018-09-05 00:00:00+00:00,24.96614646911621,25.200961867491458,24.80699388902671,25.00006440650008,3957688
2018-09-06 00:00:00+00:00,25.01571273803711,25.250528084264477,24.906132006703224,24.966140924626156,4332185
2018-09-07 00:00:00+00:00,25.11486053466797,25.164432352809346,24.840908680191234,24.916569715685377,3987620
2018-09-10 00:00:00+00:00,25.268795013427734,25.3079315000001,25.080943069655827,25.203567535807128,5450685
2018-09-11 00:00:00+00:00,25.229658126831055,25.328801756424046,25.120075619225936,25.18008453882613,3643767
2018-09-12 00:00:00+00:00,25.36794090270996,25.456649210020135,25.07050643628995,25.17747879231971,5137833
2018-09-13 00:00:00+00:00,25.39925193786621,25.48535009316109,25.216618520035883,25.297498121710483,11293327
2018-09-14 00:00:00+00:00,25.738426208496094,25.834961451841245,25.41229238358894,25.425337878441905,4975349
2018-09-17 00:00:00+00:00,25.39142417907715,25.772346663372563,25.349679297872413,25.70972934156546,4512485
2018-09-18 00:00:00+00:00,25.146167755126953,25.639281082406555,25.143559365411253,25.339238243926868,6427725
2018-09-19 00:00:00+00:00,24.90613555908203,25.17226048359453,24.739156048740995,25.17226048359453,5717928
2018-09-20 00:00:00+00:00,25.036588668823242,25.093989205235168,24.83829961429098,25.00528089733367,4500370
2018-09-21 00:00:00+00:00,25.099206924438477,25.177479902509308,24.937445961534404,25.177479902509308,9117257
2018-09-24 00:00:00+00:00,25.099206924438477,25.12007936394896,24.5826127166475,25.02093571957634,11023589
2018-09-25 00:00:00+00:00,25.29488754272461,25.307933039042062,25.112252367488964,25.227051671157334,6052872
2018-09-26 00:00:00+00:00,25.206178665161133,25.380985120110438,25.096597917124402,25.339240242116315,4822130
2018-09-27 00:00:00+00:00,25.373159408569336,25.383596515178734,25.143562568458677,25.177480505126116,4451910
2018-09-28 00:00:00+00:00,25.3392391204834,25.40446659771735,25.190523664165422,25.31836845561882,4712739
2018-10-01 00:00:00+00:00,25.232267379760742,25.527091662238977,25.193130895220445,25.35489361275355,2540589
2018-10-02 00:00:00+00:00,25.245311737060547,25.378375078564616,25.130514216652056,25.23748656780564,6606243
2018-10-03 00:00:00+00:00,25.206178665161133,25.43838565725884,25.047026096157463,25.336631852194927,5113959
2018-10-04 00:00:00+00:00,25.227048873901367,25.36272060199221,25.026151444664386,25.36272060199221,7052717
2018-10-05 00:00:00+00:00,25.297496795654297,25.54014090758558,24.955709036178806,25.35489733605088,9323925
2018-10-08 00:00:00+00:00,24.92961883544922,25.334023899555135,24.754810604273963,25.13051628591463,7358443
2018-10-09 00:00:00+00:00,24.676536560058594,25.070504472541252,24.329530300818785,24.859169940114512,14442160
2018-10-10 00:00:00+00:00,24.12602424621582,24.713064454409707,24.034707550375572,24.713064454409707,9549122
2018-10-11 00:00:00+00:00,23.93556022644043,24.313876021573847,23.711181976117757,24.12602231881907,7159614
2018-10-12 00:00:00+00:00,24.655668258666992,24.684367642643167,24.154726141300728,24.34257987861527,6043964
2018-10-15 00:00:00+00:00,24.786117553710938,25.292274598411385,24.666099710070945,25.047023904953495,9367040
2018-10-16 00:00:00+00:00,24.95831871032715,25.114862895200005,24.73132848967584,24.89309122779316,5456743
2018-10-17 00:00:00+00:00,24.812206268310547,25.047023398245226,24.590436406203388,25.02875935113685,4550611
2018-10-18 00:00:00+00:00,24.653059005737305,24.856566637606885,24.535651302184494,24.78090381650802,6164758
2018-10-19 00:00:00+00:00,24.467811584472656,24.8513441833774,24.35301228913859,24.70262872793065,6891302
2018-10-22 00:00:00+00:00,24.710458755493164,24.890483776945754,24.423461367932028,24.585222338944213,5229408
2018-10-23 00:00:00+00:00,24.23038673400879,24.488682920375815,23.953824727094986,24.39736623010129,4885556
2018-10-24 00:00:00+00:00,23.44245147705078,24.2251706030389,23.44245147705078,24.154724569525563,8437035
2018-10-25 00:00:00+00:00,23.703353881835938,23.90686145885845,23.442447550210936,23.674654504534693,4320426
2018-10-26 00:00:00+00:00,23.082399368286133,23.52072235651775,22.959773125320513,23.233724992965275,5816630
2018-10-29 00:00:00+00:00,22.63625144958496,23.739885961183465,22.372734891313748,23.455496962246006,4351783
2018-10-30 00:00:00+00:00,23.137189865112305,23.173716189923375,22.638857947691328,22.69886687454488,3753159
2018-10-31 00:00:00+00:00,23.58333969116211,23.79467424253822,23.432014066366104,23.432014066366104,4539565
2018-11-01 00:00:00+00:00,23.78423500061035,24.1181957650559,23.612036952451614,23.71379074754734,6915532
2018-11-02 00:00:00+00:00,23.78945541381836,23.964263638523878,23.35374259340673,23.912081655457488,2761509
2018-11-05 00:00:00+00:00,23.927738189697266,23.966874681329145,23.369399065842973,23.914694465695447,3831193
2018-11-06 00:00:00+00:00,24.029489517211914,24.19386063720453,23.77119330951539,23.901646494912296,1757033
2018-11-07 00:00:00+00:00,25.53230857849121,25.725380839333322,24.640008784006472,24.78611761779015,9221304
2018-11-08 00:00:00+00:00,25.808876037597656,25.934110687390238,25.401862539167336,25.54275107688177,3516916
2018-11-09 00:00:00+00:00,25.581886291503906,25.79322086072351,25.25053385899069,25.654940720169968,4799682
2018-11-12 00:00:00+00:00,25.699289321899414,25.83235265803463,25.083549776589386,25.576663090766687,4936866
2018-11-13 00:00:00+00:00,26.500274658203125,27.029914338430597,25.607974806294372,25.77234415176414,15506143
2018-11-14 00:00:00+00:00,27.57520866394043,27.669135520649604,26.364601951851625,26.925551155917645,21665200
2018-11-15 00:00:00+00:00,27.410839080810547,27.974396706094645,27.264730234841597,27.82046269037326,50323254
2018-11-16 00:00:00+00:00,27.25690269470215,27.509982119872582,27.238640419262627,27.465628852995334,15978628
2018-11-19 00:00:00+00:00,26.951642990112305,27.366483369347502,26.795098815099713,27.25429423430597,16403010
2018-11-20 00:00:00+00:00,26.779443740844727,26.93337774596214,26.52114577487914,26.64638040004672,10983681
2018-11-21 00:00:00+00:00,26.87076187133789,26.985561170489124,26.562892071419224,26.904679805786923,6005838
2018-11-23 00:00:00+00:00,27.113407135009766,27.288213594550147,26.688127854509002,26.69073801770759,6246713
2018-11-26 00:00:00+00:00,27.55955696105957,27.575212621563715,27.371704993889058,27.37692354739044,13889502
2018-11-27 00:00:00+00:00,27.306474685668945,27.517807448215134,27.25429270585497,27.47345418394006,6362161
2018-11-28 00:00:00+00:00,27.81263542175293,27.880469517690887,27.31430350911857,27.489109961758896,13814674
2018-11-29 00:00:00+00:00,27.656091690063477,27.875254974031684,27.395187071721363,27.554337878181055,11596914
2018-11-30 00:00:00+00:00,27.520418167114258,27.937866921225584,27.28299263665597,27.916996256728556,21957029
2018-12-03 00:00:00+00:00,27.533464431762695,27.838724063388245,27.324738275665574,27.74479720448411,12675863
2018-12-04 00:00:00+00:00,27.25429344177246,27.49171897384508,26.980341586768883,27.395183727149394,12579655
2018-12-06 00:00:00+00:00,27.55433464050293,27.575208851654665,26.990777042828643,27.095141005753078,17103542
2018-12-07 00:00:00+00:00,27.134279251098633,27.609130379239012,27.00382605366869,27.486504125405634,12979807
2018-12-10 00:00:00+00:00,27.162979125976562,27.348222693044384,26.823799764748884,27.196897062099332,12304573
2018-12-11 00:00:00+00:00,27.324739456176758,27.65609009328087,27.1160150642707,27.473456693665238,14477080
2018-12-12 00:00:00+00:00,27.397796630859375,27.718711967194437,27.329960753376593,27.70827485994685,14229791
2018-12-13 00:00:00+00:00,27.5256404876709,27.650875131046956,27.309087365275456,27.44736750565428,13518212
2018-12-14 00:00:00+00:00,27.60129737854004,27.632606921275656,27.36909040397713,27.36909040397713,13998537
2018-12-17 00:00:00+00:00,27.416057586669922,27.585647272198912,27.345613322376636,27.551729335093114,16345285
2018-12-18 00:00:00+00:00,27.61956787109375,27.783939019091587,27.36909679038846,27.52564276738708,20432676
2018-12-19 00:00:00+00:00,27.35605239868164,27.890910714220144,27.293435073333914,27.65609352765506,21565429
2018-12-20 00:00:00+00:00,26.980342864990234,27.562164535715024,26.69073711118281,27.41866585376196,21679096
2018-12-21 00:00:00+00:00,26.802927017211914,27.113406991971505,26.171533507788194,26.99860591526523,29978590
2018-12-24 00:00:00+00:00,21.002973556518555,21.53522340581055,19.594079504287727,21.263881701370252,7411179
2018-12-26 00:00:00+00:00,21.167346954345703,21.18039067735072,20.57508816443718,20.67162341785154,5595709
2018-12-27 00:00:00+00:00,20.87251853942871,21.289969052073964,20.67683966446878,21.01601720856328,6841061
2018-12-28 00:00:00+00:00,21.406484603881836,21.910666284705204,21.095495757894334,21.675067169568102,8881065
2018-12-31 00:00:00+00:00,23.02740478515625,23.02740478515625,21.439471650064693,21.439471650064693,11479901
2019-01-02 00:00:00+00:00,22.202810287475586,23.135778632947158,21.703340003165213,22.725837647032215,12052465
2019-01-03 00:00:00+00:00,21.26512908935547,22.146266637040252,21.100210040983264,21.938941302602405,13618830
2019-01-04 00:00:00+00:00,21.684492111206055,22.12741653951645,21.137904141544613,21.514861667726382,17573116
2019-01-07 00:00:00+00:00,21.825851440429688,22.325321735274088,21.453605313474977,21.64208497113092,9718603
2019-01-08 00:00:00+00:00,22.085010528564453,22.532648186446664,21.858837765139246,22.212234702850864,14375870
2019-01-09 00:00:00+00:00,22.117996215820312,22.330034737498234,22.042604702041302,22.179251709940214,6509914
2019-01-10 00:00:00+00:00,21.293397903442383,22.330031511441778,21.156750915285084,22.117993020397407,7030785
2019-01-11 00:00:00+00:00,20.95413589477539,21.543131918270902,20.921152443730005,21.18031041035467,5326903
2019-01-14 00:00:00+00:00,20.167238235473633,20.85047322574078,20.14839080168902,20.76565711389718,7232426
2019-01-15 00:00:00+00:00,20.266185760498047,20.59131237058602,20.016452421429246,20.285034964856994,5581222
2019-01-16 00:00:00+00:00,20.08242416381836,20.36043137652075,19.799705535493317,20.167240284278492,4849239
2019-01-17 00:00:00+00:00,20.596027374267578,20.600740562782825,20.058863967010847,20.12483087413805,6989155
2019-01-18 00:00:00+00:00,20.4263916015625,20.633718646013637,20.31330525117616,20.629007231933254,6425075
2019-01-22 00:00:00+00:00,20.760948181152344,21.03895539885327,20.40755121929857,20.676133832376,6256186
2019-01-23 00:00:00+00:00,21.024812698364258,21.623231458207112,20.930573774906705,21.28868203868705,6218107
2019-01-24 00:00:00+00:00,21.18502426147461,21.269838599215717,20.831625572392948,21.161463639585747,7007899
2019-01-25 00:00:00+00:00,21.632658004760742,21.67506605609188,21.307533157638762,21.312244572272764,5165709
2019-01-28 00:00:00+00:00,22.09914779663086,22.330035534905065,21.496015664860895,21.627951261987764,11741718
2019-01-29 00:00:00+00:00,22.075586318969727,22.301760841476902,21.910667285482713,22.193385881918815,7021315
2019-01-30 00:00:00+00:00,22.61746597290039,22.61746597290039,22.22165917465497,22.311186712842872,7855697
2019-01-31 00:00:00+00:00,22.895469665527344,23.32425808106886,22.480815495009015,22.537359567935788,7381190
2019-02-01 00:00:00+00:00,23.394939422607422,23.442058894828605,22.853062832250895,23.07923558962914,3583363
2019-02-04 00:00:00+00:00,23.950952529907227,24.412724431200537,23.56457036716833,23.56457036716833,6294659
2019-02-05 00:00:00+00:00,24.06403923034668,24.313774392155285,23.86142531557298,24.15827817799916,5435023
2019-02-06 00:00:00+00:00,24.002782821655273,24.459845069435243,23.955663349626032,24.101734954162698,5595823
2019-02-07 00:00:00+00:00,23.767183303833008,23.941526943408682,23.45619443882898,23.84257481250195,3516675
2019-02-08 00:00:00+00:00,24.261943817138672,24.309063291575182,23.394940522522553,23.583418420268597,3539167
2019-02-11 00:00:00+00:00,24.511674880981445,24.53523372935786,24.054614426468703,24.440994789435162,5366757
2019-02-12 00:00:00+00:00,25.256166458129883,25.345692207475995,24.601201764366497,24.700153889951,6666767
2019-02-13 00:00:00+00:00,25.42108726501465,25.73678755030459,25.152504678547572,25.39752664239462,3504245
2019-02-14 00:00:00+00:00,25.623699188232422,25.72265131308344,25.218469632285213,25.29386113634031,5128024
2019-02-15 00:00:00+00:00,25.915842056274414,26.335207653598502,25.444645572781628,25.816891699077296,4529613
2019-02-19 00:00:00+00:00,25.9346923828125,26.14201948285439,25.70380465963504,25.95825123273943,2480850
2019-02-20 00:00:00+00:00,26.170289993286133,26.292800979038024,25.741501543154516,26.043067592146446,2726883
2019-02-21 00:00:00+00:00,26.170289993286133,26.424736568774154,26.047779007534242,26.179714597270376,3834131
2019-02-22 00:00:00+00:00,26.47185516357422,26.47185516357422,26.175002313032433,26.306937898389112,3644723
2019-02-25 00:00:00+00:00,26.688610076904297,26.815832489144505,26.5331156234532,26.603793953271623,4612085
2019-02-26 00:00:00+00:00,26.731016159057617,26.91007122466015,26.207986981808567,26.528402242996616,4619188
2019-02-27 00:00:00+00:00,26.50484275817871,26.764000763609314,26.476570717846826,26.641489770976982,3335948
2019-02-28 00:00:00+00:00,26.302223205566406,26.622638433564514,25.995945768871074,26.481278252621678,8152633
2019-03-01 00:00:00+00:00,26.693321228027344,27.795923731484116,26.476571278504753,27.178655566390276,6934700
2019-03-04 00:00:00+00:00,26.076051712036133,26.924207576387026,25.680246705930937,26.891222348204344,5875989
2019-03-05 00:00:00+00:00,25.972387313842773,26.311648206821985,25.661396684271402,26.033641028900185,5502302
2019-03-06 00:00:00+00:00,25.31742286682129,25.831027399882856,24.90276868973936,25.831027399882856,4962687
2019-03-07 00:00:00+00:00,25.03470230102539,25.637834312443584,24.888630712882424,25.265588220018795,3652220
2019-03-08 00:00:00+00:00,24.667173385620117,24.874500506279308,24.304351811070937,24.7755501349707,3776717
2019-03-11 00:00:00+00:00,25.51532745361328,25.55302232379362,24.624763537192116,24.69073221982073,3516872
2019-03-12 00:00:00+00:00,25.774484634399414,26.127883340516092,25.529462666345374,25.5577347046914,4896000
2019-03-13 00:00:00+00:00,25.89228057861328,26.179710563950906,25.80275306078612,25.986519511102383,4083913
2019-03-14 00:00:00+00:00,26.943056106567383,27.329438297358603,26.240971826522056,26.387043445295845,7633537
2019-03-15 00:00:00+00:00,28.380207061767578,28.399054497069802,27.282316027375973,27.296453820363517,11238800
2019-03-18 00:00:00+00:00,28.502717971801758,28.81842004837328,28.14931925152189,28.436749288614326,5256664
2019-03-19 00:00:00+00:00,28.479156494140625,28.8278420152493,28.422614190086065,28.74302767256314,3981711
2019-03-20 00:00:00+00:00,28.09748649597168,28.62994024879855,27.918431439963552,28.450883419581846,5130984
2019-03-21 00:00:00+00:00,28.606380462646484,28.714757207743805,27.989114087123454,28.031522147395176,3257028
2019-03-22 00:00:00+00:00,28.059789657592773,28.823129347862153,28.040942223726613,28.224708693640938,2970352
2019-03-25 00:00:00+00:00,26.994882583618164,28.036229407510678,26.914779663783538,28.036229407510678,3709832
2019-03-26 00:00:00+00:00,27.74880027770996,27.791208335738354,27.037293214817936,27.29173978977966,3527921
2019-03-27 00:00:00+00:00,27.11268424987793,28.219998061677106,27.060853362005368,27.805343865862156,3628742
2019-03-28 00:00:00+00:00,26.820545196533203,27.277605717081258,26.698034202291815,27.0749917896533,3301224
2019-03-29 00:00:00+00:00,27.65456199645996,27.70168147100043,26.928918896761072,26.961902351618534,3746924
2019-04-01 00:00:00+00:00,28.474443435668945,28.47915485076613,28.04565323877763,28.168165990181247,3523383
2019-04-02 00:00:00+00:00,28.870248794555664,28.889098001614347,28.14931716100527,28.370780271671954,4647599
2019-04-03 00:00:00+00:00,29.02103042602539,29.049302462054865,28.57810599905014,28.865536001071785,4143695
2019-04-04 00:00:00+00:00,28.432037353515625,29.02103343667628,27.904296763703993,28.988049982289677,4261680
2019-04-05 00:00:00+00:00,29.3084659576416,29.397993492139932,28.479157523042883,28.479157523042883,4349676
2019-04-08 00:00:00+00:00,29.445110321044922,29.525213244057483,28.959776048228054,29.28961411692713,2637506
2019-04-09 00:00:00+00:00,29.086999893188477,29.402701939836003,28.889097408801874,29.3508692813011,2530570
2019-04-10 00:00:00+00:00,29.822065353393555,29.98227474189299,29.09171091439729,29.110558347605483,3311089
2019-04-11 00:00:00+00:00,30.090654373168945,30.095364015691885,29.572336580372273,29.906886107917664,3843207
2019-04-12 00:00:00+00:00,29.92573356628418,30.429913535968165,29.765527708691618,30.175468730002486,2378452
2019-04-15 00:00:00+00:00,30.100078582763672,30.14248664591716,29.71840956080002,29.968144750564644,2291048
2019-04-16 00:00:00+00:00,29.586469650268555,30.368658563795965,29.534638762762107,30.326250506813267,2220809
2019-04-17 00:00:00+00:00,29.567623138427734,29.92102007789117,29.45453498294589,29.737253598441836,2039687
2019-04-18 00:00:00+00:00,29.6147403717041,29.680707275272155,29.176527348781327,29.562907713293324,2066915
2019-04-22 00:00:00+00:00,29.803218841552734,29.803218841552734,29.459242999385832,29.581755744758688,2132221
2019-04-23 00:00:00+00:00,30.62782096862793,30.740905590487444,29.72783235797859,29.789089631268,3039407
2019-04-24 00:00:00+00:00,31.216815948486328,31.31105490305201,30.51473165859178,30.618393444688756,3057953
2019-04-25 00:00:00+00:00,31.570205688476562,31.66915780936712,30.919952440469668,31.193246410080025,3190736
2019-04-26 00:00:00+00:00,30.797443389892578,31.40528862392399,30.52414940327129,31.127281449113717,3018098
2019-04-29 00:00:00+00:00,30.88697624206543,30.995351211550084,30.63724107481062,30.816296143180352,2449085
2019-04-30 00:00:00+00:00,31.763397216796875,31.805805269240544,30.934088919787577,30.934088919787577,2385752
2019-05-01 00:00:00+00:00,32.314701080322266,32.60684073770904,31.763399898427704,31.994285839169045,4112718
2019-05-02 00:00:00+00:00,32.10737609863281,32.4890450815144,31.306339716314966,32.24873629466946,3875958
2019-05-03 00:00:00+00:00,32.371246337890625,32.653963175297356,32.15920605002263,32.385382357081824,1860144
2019-05-06 00:00:00+00:00,32.13093185424805,32.28171486669095,31.612615913928764,31.683296005139034,1331183
2019-05-07 00:00:00+00:00,31.801097869873047,32.173344033692175,31.202678931602055,31.82936990998171,2800279
2019-05-08 00:00:00+00:00,31.617328643798828,31.711567581907353,31.339321471207654,31.589056607724576,2022128
2019-05-09 00:00:00+00:00,31.61261749267578,31.7068564368568,30.934092129588382,31.122573564367613,2736354
2019-05-10 00:00:00+00:00,31.645606994628906,31.753981972400357,30.886978603811084,31.461838723476024,1412076
2019-05-13 00:00:00+00:00,30.175474166870117,31.051900445709343,30.015264733994456,30.670231394784906,5181295
2019-05-14 00:00:00+00:00,31.169687271118164,31.4429812381655,30.20373555716639,30.279125284288607,1958400
2019-05-15 00:00:00+00:00,31.994291305541992,32.168636747789556,30.863416711188385,30.938810005806904,2051328
2019-05-16 00:00:00+00:00,32.88955307006836,33.09216692392353,31.998991204131695,32.06495809301288,2041858
2019-05-17 00:00:00+00:00,32.7152214050293,33.24296022636284,32.28171798585877,32.507894299585544,2938389
2019-05-20 00:00:00+00:00,32.041404724121094,32.49375374198338,31.60790136549253,32.31940834236183,2650134
2019-05-21 00:00:00+00:00,32.818878173828125,33.05447728251697,32.239305004808585,32.47490411349744,2322024
2019-05-22 00:00:00+00:00,32.51259231567383,33.16755862568681,32.35709970200659,33.10630138048498,3092283
2019-05-23 00:00:00+00:00,30.957651138305664,31.87177198862115,30.415772835531353,31.87177198862115,6202520
2019-05-24 00:00:00+00:00,31.155553817749023,31.659737288336814,30.769171681806505,31.10843612102454,3735678
2019-05-28 00:00:00+00:00,31.292203903198242,31.980152133226316,31.09901281614581,31.183828934327472,3530881
2019-05-29 00:00:00+00:00,31.193252563476562,31.202678941127314,30.486458653379078,30.995351829072955,4759665
2019-05-30 00:00:00+00:00,31.292203903198242,31.716280947689164,30.872840047412097,31.344038339698628,4113113
2019-05-31 00:00:00+00:00,28.059789657592773,29.289614418603126,26.910069593628588,28.58281880314079,15620241
2019-06-03 00:00:00+00:00,26.321073532104492,28.05036504250296,26.12788245873237,27.989111325765315,6365687
2019-06-04 00:00:00+00:00,27.178651809692383,27.216346676917,26.354056640557786,26.853525157139483,5077516
2019-06-05 00:00:00+00:00,25.680246353149414,27.352995661705346,25.331560826541203,27.23048467450857,7388293
2019-06-06 00:00:00+00:00,25.081825256347656,25.9299810952791,24.55879608832123,25.892284452718116,7644388
2019-06-07 00:00:00+00:00,25.586008071899414,25.986524498449608,24.978162762307452,25.16193102110099,4520538
2019-06-10 00:00:00+00:00,25.53888511657715,26.165576003038243,25.458780423615533,25.826313344703614,3659520
2019-06-11 00:00:00+00:00,25.604854583740234,25.8640125750787,25.251455872017065,25.666110076725534,3505429
2019-06-12 00:00:00+00:00,24.987585067749023,25.87814714713426,24.94988842706175,25.543597662124277,2527018
2019-06-13 00:00:00+00:00,25.364538192749023,25.454065703935413,24.747270216277474,24.96873151387897,4077796
2019-06-14 00:00:00+00:00,24.18183708190918,25.21375933691087,23.917967692604655,24.949888174397806,3634463
2019-06-17 00:00:00+00:00,23.85671043395996,24.346756118752513,23.82844017023734,24.261941781167568,3298461
2019-06-18 00:00:00+00:00,24.2713680267334,24.808533257596658,23.98864939084701,24.12529640643715,4490943
2019-06-19 00:00:00+00:00,25.171354293823242,25.23260979009281,24.29021494817899,24.50696666615563,4167568
2019-06-20 00:00:00+00:00,25.637840270996094,26.98075159145316,25.124235658980222,25.915845721342414,4939406
2019-06-21 00:00:00+00:00,25.439937591552734,25.73207906064596,25.209051620385647,25.477632464180147,4973933
2019-06-24 00:00:00+00:00,25.114805221557617,25.586003435466807,25.001718856001123,25.439931847298286,3584744
2019-06-25 00:00:00+00:00,24.648324966430664,25.383392691054944,24.596494074936775,25.114810082710616,4532178
2019-06-26 00:00:00+00:00,25.081825256347656,25.326847226763817,24.869786739916957,24.954602855772695,1905523
2019-06-27 00:00:00+00:00,24.601205825805664,24.907485082944596,23.82844321923868,24.714292214791893,9568655
2019-06-28 00:00:00+00:00,23.936813354492188,24.860360581723878,23.866133267405985,24.81323934152747,13893669
2019-07-01 00:00:00+00:00,24.29492950439453,24.615343023930947,24.144146463058707,24.60120700298016,6958376
2019-07-02 00:00:00+00:00,24.587066650390625,24.591778065474568,23.842574406700752,24.13471760607597,4973933
2019-07-03 00:00:00+00:00,24.935754776000977,24.954603984738547,24.139431562913526,24.440997624209928,5140454
2019-07-05 00:00:00+00:00,24.676591873168945,24.80852744208263,24.403297906053115,24.563505509248905,4130870
2019-07-08 00:00:00+00:00,24.16770362854004,24.53994978997681,24.02163201331636,24.40801419471699,5919197
2019-07-09 00:00:00+00:00,24.07817268371582,24.186547639287124,23.856709584446833,24.012205782031153,5298492
2019-07-10 00:00:00+00:00,24.638898849487305,24.973448324793765,24.097020516227197,24.280786979575097,9092176
2019-07-11 00:00:00+00:00,25.199623107910156,25.199623107910156,24.582355035383692,24.624761317211373,5895324
2019-07-12 00:00:00+00:00,25.340986251831055,25.60014427229589,25.08182823136622,25.37397148293762,7217037
2019-07-15 00:00:00+00:00,26.019508361816406,26.047778626938758,25.421087687964125,25.444646537767525,7950993
2019-07-16 00:00:00+00:00,26.391752243041992,26.853525905263837,25.97709982597651,26.16086629853537,7118387
2019-07-17 00:00:00+00:00,26.622638702392578,26.632061532411587,26.090184970812132,26.38703958058116,3554359
2019-07-18 00:00:00+00:00,27.04200553894043,27.230483426541053,26.273954423229856,26.500127179067167,4343560
2019-07-19 00:00:00+00:00,26.763996124267578,27.880732657755185,26.66975718830276,27.305872665877963,5908543
2019-07-22 00:00:00+00:00,26.584945678710938,27.037294777406164,26.570809658551166,26.886511744507757,3269853
2019-07-23 00:00:00+00:00,26.13259506225586,26.716879724104608,25.746212897941167,26.716879724104608,4539084
2019-07-24 00:00:00+00:00,26.490707397460938,26.54253829055381,25.995950225754196,25.995950225754196,2860850
2019-07-25 00:00:00+00:00,25.948829650878906,26.698033387009026,25.80746945167961,26.537825752319396,3693851
2019-07-26 00:00:00+00:00,26.047779083251953,26.146731219143856,25.816893130449053,25.977100759394965,3268669
2019-07-29 00:00:00+00:00,26.372901916503906,26.500124299489123,25.65668176574742,26.302221829729675,3832947
2019-07-30 00:00:00+00:00,26.96661949157715,27.042011016530314,26.142024133274134,26.25982195028118,4031431
2019-07-31 00:00:00+00:00,27.206926345825195,27.324724146628924,26.655625119658833,26.99017463314388,5389447
2019-08-01 00:00:00+00:00,27.183364868164062,27.87131308208439,26.99959838961523,27.301164438477514,4970579
2019-08-02 00:00:00+00:00,24.6954402923584,26.151439476852037,24.243091272175114,25.84516204856391,20770166
2019-08-05 00:00:00+00:00,23.757762908935547,24.07346499467519,22.749401155469265,24.03576834987212,11192632
2019-08-06 00:00:00+00:00,23.92268180847168,24.276078763539427,23.300700472275164,23.988648719943097,7244461
2019-08-07 00:00:00+00:00,23.73891258239746,23.83315152311633,23.21588344695322,23.508024872465136,3653601
2019-08-08 00:00:00+00:00,24.186546325683594,24.52109755048035,23.851996874095217,23.851996874095217,4783539
2019-08-09 00:00:00+00:00,23.762474060058594,24.16770367783468,23.465619413420697,24.16770367783468,2521691
2019-08-12 00:00:00+00:00,23.305416107177734,23.67294912088022,23.17348049717854,23.58342157551029,2621131
2019-08-13 00:00:00+00:00,23.333683013916016,23.988647780190053,22.95672544911362,23.206460611574,7019934
2019-08-14 00:00:00+00:00,22.900184631347656,23.08395112364527,22.127420243415962,22.942592692618366,8122644
2019-08-15 00:00:00+00:00,22.09914779663086,22.791809238244724,21.78815889944244,22.683432492585197,5727422
2019-08-16 00:00:00+00:00,22.820077896118164,23.178188017405255,22.264065279701004,22.33003396021678,4909219
2019-08-19 00:00:00+00:00,23.11222267150879,23.385516696256722,22.98499849041036,23.234733663760707,3959219
2019-08-20 00:00:00+00:00,22.83892250061035,23.23001599672581,22.706986939379146,22.956720272315362,3635647
2019-08-21 00:00:00+00:00,23.079233169555664,23.437345021944214,22.87661928292967,22.933163352949357,2741484
2019-08-22 00:00:00+00:00,23.107511520385742,23.35253350769438,22.815368283325046,23.291278010867217,3195865
2019-08-23 00:00:00+00:00,21.585540771484375,22.58919099729983,21.54784590409666,22.49966347074332,7242291
2019-08-26 00:00:00+00:00,21.86825942993164,22.18396148130924,21.651509508834177,21.67506835771422,4026696
2019-08-27 00:00:00+00:00,21.486591339111328,22.226370432206394,21.33109512812352,22.122706882617397,3852085
2019-08-28 00:00:00+00:00,21.345230102539062,21.49601311761398,20.89759247240773,21.44889364705414,3722656
2019-08-29 00:00:00+00:00,22.037893295288086,22.11328658837193,21.510152656162987,21.5572739076426,6461575
2019-08-30 00:00:00+00:00,24.280790328979492,25.067690721918808,23.394941341431235,23.96037860087911,31586941
2019-09-03 00:00:00+00:00,24.06403923034668,24.445709982793957,23.84257610747555,24.045191795457917,8237867
2019-09-04 00:00:00+00:00,24.12529182434082,24.445707044986637,23.6870788198903,24.26665200203999,5511378
2019-09-05 00:00:00+00:00,24.935754776000977,25.20905057060848,24.08288925632699,24.29492778235048,8994907
2019-09-06 00:00:00+00:00,25.143081665039062,25.345695584909585,24.624763893494624,24.97345120035575,6831315
2019-09-09 00:00:00+00:00,25.581295013427734,25.65668652891389,25.03941838504544,25.444648002434622,7168304
2019-09-10 00:00:00+00:00,26.14202117919922,26.316363063522566,25.09124959156602,25.38810424165202,6298408
2019-09-11 00:00:00+00:00,26.057199478149414,26.151438410208414,25.774480908764048,25.972385148579665,5916238
2019-09-12 00:00:00+00:00,25.51532745361328,26.35405870702563,25.46820797928352,26.175003640647322,5659748
2019-09-13 00:00:00+00:00,25.21375846862793,25.750923605325745,25.1807732445433,25.46820501900013,2785284
2019-09-16 00:00:00+00:00,25.49176597595215,25.703804489937813,24.916905925892845,24.97345000247799,3021058
2019-09-17 00:00:00+00:00,25.37397003173828,25.491767835605984,25.025282716165165,25.44464835941715,2821587
2019-09-18 00:00:00+00:00,24.879207611083984,25.411661341115042,24.506963269412026,25.411661341115042,3759551
2019-09-19 00:00:00+00:00,24.99229621887207,25.27972622989307,24.766121696763324,24.860362410881702,4931908
2019-09-20 00:00:00+00:00,24.43157196044922,25.133654368075447,24.3656032839336,25.06297604973456,6002458
2019-09-23 00:00:00+00:00,24.945175170898438,24.97344720602519,24.04047713967604,24.412721464691963,4902708
2019-09-24 00:00:00+00:00,24.59649085998535,25.279725830602914,24.342044304980895,25.001720427347372,6605999
2019-09-25 00:00:00+00:00,25.322139739990234,25.45407534960982,24.525816439383807,24.59178335758914,6056124
2019-09-26 00:00:00+00:00,24.57293128967285,24.973449459159173,24.18183772381522,24.973449459159173,6061253
2019-09-27 00:00:00+00:00,24.00749397277832,24.91690342950634,23.74362282395691,24.700153521923962,4381441
2019-09-30 00:00:00+00:00,24.4362850189209,24.516389719133763,23.969799929738848,24.007496572169956,2619552
2019-10-01 00:00:00+00:00,24.332622528076172,24.921618627686378,24.219536142276866,24.563510261647977,3819136
2019-10-02 00:00:00+00:00,23.927391052246094,24.271365144858205,23.6352478463414,24.26665372966896,3143581
2019-10-03 00:00:00+00:00,24.059326171875,24.205397772006936,23.272427643618936,23.941526608749797,2660788
2019-10-04 00:00:00+00:00,23.68707847595215,24.266651649686395,23.654095026037414,24.139427491604447,3822885
2019-10-07 00:00:00+00:00,23.804880142211914,24.064038122934278,23.55514499189597,23.60697765196559,3134900
2019-10-08 00:00:00+00:00,22.99913215637207,23.734199807851788,22.989709326061043,23.649385469009726,3017112
2019-10-09 00:00:00+00:00,23.305416107177734,23.432638527856618,22.97086655267282,23.154633059524063,2605938
2019-10-10 00:00:00+00:00,23.088661193847656,23.366668397170592,23.03683030412097,23.281852279572,4467661
2019-10-11 00:00:00+00:00,23.70121192932129,24.210104960175922,23.451478601377897,23.498598063759513,3014744
2019-10-14 00:00:00+00:00,23.880271911621094,23.91325536481999,23.611689324358206,23.677656230755996,1551173
2019-10-15 00:00:00+00:00,24.092313766479492,24.37974382785807,23.72477899540556,23.795459100075327,2061193
2019-10-16 00:00:00+00:00,23.814302444458008,23.998070685019044,23.639960580511495,23.993359269920326,1980103
2019-10-17 00:00:00+00:00,23.734201431274414,24.148855643161784,23.70593116519908,23.955664556860107,1985824
2019-10-18 00:00:00+00:00,23.49860382080078,23.76718464485614,23.32426017138806,23.729489774999085,3410133
2019-10-21 00:00:00+00:00,23.55514907836914,23.800172855989914,23.366671159039658,23.51274101455734,2371743
2019-10-22 00:00:00+00:00,23.550434112548828,23.85671157189792,23.456195167088897,23.705930323087202,2048763
2019-10-23 00:00:00+00:00,23.70121192932129,23.75304457918683,23.211166328777654,23.508020892310896,2469210
2019-10-24 00:00:00+00:00,24.035768508911133,24.14885667085988,23.52687709976805,23.87085122808381,3018493
2019-10-25 00:00:00+00:00,24.351469039916992,24.65303686143109,24.007496706800616,24.082888218876978,3189946
2019-10-28 00:00:00+00:00,24.309062957763672,24.71429078699482,24.252518879932847,24.469268814006128,3117143
2019-10-29 00:00:00+00:00,25.091251373291016,25.100675978467766,24.294929865143995,24.337337928626063,5226082
2019-10-30 00:00:00+00:00,25.326847076416016,25.51532674168479,24.84622596917057,25.072402276776554,3210860
2019-10-31 00:00:00+00:00,24.92161750793457,25.35040772729575,24.554084554089535,25.279727631091458,3032698
2019-11-01 00:00:00+00:00,25.086536407470703,25.157216503272657,24.874497893273467,25.058264369149924,2398971
2019-11-04 00:00:00+00:00,25.369253158569336,25.505900151634723,25.199622714282732,25.373966346749864,1979905
2019-11-05 00:00:00+00:00,25.647258758544922,25.845163013823782,25.22789494615288,25.40223680676339,4079177
2019-11-06 00:00:00+00:00,25.600143432617188,25.91584552667106,25.303290548065632,25.91584552667106,2791006
2019-11-07 00:00:00+00:00,25.590717315673828,25.89228335048955,25.505901203428692,25.807467238244413,2908202
2019-11-08 00:00:00+00:00,25.590717315673828,25.722652899207848,25.232607206028014,25.614276164713985,1962346
2019-11-11 00:00:00+00:00,25.689668655395508,25.854587697814857,25.279727643624657,25.35983057055681,1830944
2019-11-12 00:00:00+00:00,26.118459701538086,26.283378749176617,25.75092673587955,25.816893645651483,5463434
2019-11-13 00:00:00+00:00,25.81218147277832,26.10432291589323,25.699093318534715,25.915843249890106,2171878
2019-11-14 00:00:00+00:00,25.939407348632812,26.47657260684573,25.524753091792906,25.633129845200298,3357060
2019-11-15 00:00:00+00:00,26.2174129486084,26.316363317452684,25.991236623915707,26.22212436430324,2799292
2019-11-18 00:00:00+00:00,26.184431076049805,26.335212346283413,25.948831905717597,26.22212595030599,1931764
2019-11-19 00:00:00+00:00,26.485994338989258,26.70745569135202,26.04777950332383,26.22683456997198,2811525
2019-11-20 00:00:00+00:00,26.04306411743164,26.518973750779054,25.88756969829424,26.302222073730114,2832242
2019-11-21 00:00:00+00:00,25.308000564575195,26.198562715408897,25.298575960345115,26.028932251728357,3173373
2019-11-22 00:00:00+00:00,25.260881423950195,25.444647909802057,24.973451383031176,25.30328948373341,2850788
2019-11-25 00:00:00+00:00,25.944110870361328,26.203270588633732,25.44464241166134,25.44464241166134,3744557
2019-11-26 00:00:00+00:00,25.062978744506836,26.358770514054637,25.04412953592798,26.231548108795263,8725790
2019-11-27 00:00:00+00:00,23.710641860961914,24.577643355450498,23.442059269124996,24.054615964198216,25892863
2019-11-29 00:00:00+00:00,22.848352432250977,23.776609445351475,22.824791808489174,23.70121793180586,6382852
2019-12-02 00:00:00+00:00,22.48552894592285,22.93316660844273,22.301762465480586,22.782383582458,7351990
2019-12-03 00:00:00+00:00,22.33474349975586,22.377151553695374,21.87768128268573,22.052024913367575,7722322
2019-12-04 00:00:00+00:00,22.466678619384766,22.66458109386744,22.40070994575158,22.57034215805825,4132843
2019-12-05 00:00:00+00:00,22.306472778320312,22.49023924967912,21.96721010001987,22.433696947636196,4072469
2019-12-06 00:00:00+00:00,22.202810287475586,22.94730075247485,22.16040223240676,22.38186356464087,5935771
2019-12-09 00:00:00+00:00,22.452545166015625,22.603328189814757,21.887107940164565,22.06145158721109,7451034
2019-12-10 00:00:00+00:00,22.315900802612305,22.608042280844852,22.20752582390711,22.33945965543925,6115511
2019-12-11 00:00:00+00:00,22.480817794799805,22.49966522996732,22.099147036707617,22.297051312196963,4372957
2019-12-12 00:00:00+00:00,23.324260711669922,23.399652226339068,22.183963387345845,22.297051545953916,5211877
2019-12-13 00:00:00+00:00,23.253582000732422,23.5975561394216,23.102800735601498,23.29127864692176,5212666
2019-12-16 00:00:00+00:00,23.31954574584961,23.63053458825793,23.21588220731069,23.555143085066756,6638750
2019-12-17 00:00:00+00:00,23.526878356933594,23.658812188645374,23.35253468901609,23.427926209940903,4669302
2019-12-18 00:00:00+00:00,23.559856414794922,23.837861808705718,23.380799598779472,23.559856414794922,4543424
2019-12-19 00:00:00+00:00,23.508026123046875,23.715353222224618,23.45619523485675,23.588129049598383,2995014
2019-12-20 00:00:00+00:00,23.38079833984375,23.819013093565342,23.328967459657605,23.70121354298696,5335979
2019-12-23 00:00:00+00:00,23.776607513427734,24.11587018342119,23.38080076956728,23.39964997632864,3213228
2019-12-24 00:00:00+00:00,23.950952529907227,24.186549895911373,23.67765674820859,23.77189746781889,1891910
2019-12-26 00:00:00+00:00,24.5069637298584,24.634186122803218,24.082886722430946,24.15356504152983,3034474
2019-12-27 00:00:00+00:00,24.021629333496094,24.596491125881197,23.889695526163358,24.596491125881197,3107672
2019-12-30 00:00:00+00:00,23.988645553588867,24.294924765643255,23.795454487082807,23.974509535395327,2622512
2019-12-31 00:00:00+00:00,24.21482276916504,24.455133332018885,23.819017762067656,23.93681733573463,3263145
2020-01-02 00:00:00+00:00,24.638898849487305,24.794393276441912,24.290211582775697,24.53052211891018,4278253
2020-01-03 00:00:00+00:00,23.828439712524414,24.49282724801906,23.757759621554182,24.21953326054551,4447142
2020-01-06 00:00:00+00:00,24.068748474121094,24.16770060147413,23.602263420159492,23.602263420159492,4983403
2020-01-07 00:00:00+00:00,23.465620040893555,24.177128928731392,23.357245066857413,24.049904745395136,6135833
2020-01-08 00:00:00+00:00,23.559856414794922,23.57870384740396,23.159338275904247,23.324257300952354,6934306
2020-01-09 00:00:00+00:00,23.38079833984375,23.682366111392756,23.09808154630565,23.654094077397275,7158833
2020-01-10 00:00:00+00:00,23.328968048095703,23.531583705771205,23.2818485813175,23.380798929589204,4865615
2020-01-13 00:00:00+00:00,23.479753494262695,23.555145003594383,22.937876910115644,23.413786588550686,6736414
2020-01-14 00:00:00+00:00,23.965089797973633,24.280790107549002,23.470332643770902,23.479755474976894,6555490
2020-01-15 00:00:00+00:00,23.842575073242188,24.097021639433542,23.748336129677565,23.89440773344874,3906145
2020-01-16 00:00:00+00:00,24.191261291503906,24.37502775532959,23.884982078585924,24.03576509093651,4445958
2020-01-17 00:00:00+00:00,23.720064163208008,24.26665393858336,23.58341716266632,24.26665393858336,6502416
2020-01-21 00:00:00+00:00,23.22530746459961,23.639959857230824,23.04153922966109,23.630535254113198,5397142
2020-01-22 00:00:00+00:00,23.531585693359375,23.616401804649144,23.324258603456755,23.324258603456755,2705180
2020-01-23 00:00:00+00:00,23.734201431274414,23.7813226788869,23.26300491402769,23.56928238425676,2187860
2020-01-24 00:00:00+00:00,23.550434112548828,24.049902651336822,23.338395598659666,23.8190167029974,3948170
2020-01-27 00:00:00+00:00,22.688146591186523,23.036832147196403,22.603330466802166,22.92845717040005,6143133
2020-01-28 00:00:00+00:00,22.937877655029297,23.18290139822093,22.78238321611065,22.857774727890696,4225377
2020-01-29 00:00:00+00:00,23.065105438232422,23.182905026300777,22.871914326585394,23.065105438232422,2788836
2020-01-30 00:00:00+00:00,23.267717361450195,23.310125422257062,22.692857265736055,22.805945427887696,4742697
2020-01-31 00:00:00+00:00,22.980283737182617,23.206458253077706,22.688142319104646,23.1499159540103,4627869
2020-02-03 00:00:00+00:00,23.173477172851562,23.277140724893634,22.904894575271022,22.98971069236235,3265118
2020-02-04 00:00:00+00:00,24.045196533203125,24.257235093804557,23.29599267336659,23.559863906635805,5845604
2020-02-05 00:00:00+00:00,23.932104110717773,24.686021026401516,23.842576576723317,24.25723079168894,7337587
2020-02-06 00:00:00+00:00,24.90277099609375,24.940467639869055,24.059328318568067,24.106447793380674,6581533
2020-02-07 00:00:00+00:00,24.323198318481445,24.737852543961726,24.031056858317605,24.737852543961726,9318084
2020-02-10 00:00:00+00:00,24.5540828704834,24.582354907026577,23.823726655007285,24.031053740851597,5327100
2020-02-11 00:00:00+00:00,24.6247615814209,25.02056832613039,24.502250603251962,24.549371847047897,8685935
2020-02-12 00:00:00+00:00,25.114805221557617,25.2184687576893,24.775544351679734,24.846222665199395,6874129
2020-02-13 00:00:00+00:00,24.761409759521484,24.893345337938182,24.233667445854696,24.478691169545275,6760485
2020-02-14 00:00:00+00:00,24.916906356811523,25.23260842559357,24.79910678629143,24.949889810987074,4158295
2020-02-18 00:00:00+00:00,24.865070343017578,24.949884668672752,24.445704809539837,24.643607267012957,5139862
2020-02-19 00:00:00+00:00,25.13365364074707,25.251453198850978,24.855648244045298,24.92632656034087,5512759
2020-02-20 00:00:00+00:00,24.94989013671875,25.16193043034839,24.638901252479297,25.133656617989097,5310724
2020-02-21 00:00:00+00:00,24.370315551757812,24.883921870711454,24.130006778497734,24.832089210691933,4403144
2020-02-24 00:00:00+00:00,22.763532638549805,23.49860022021804,22.34416707969768,23.451480753512286,7265770
2020-02-25 00:00:00+00:00,21.778732299804688,23.182900717004976,21.755171677286956,23.112220622660374,6799550
2020-02-26 00:00:00+00:00,21.642086029052734,22.306473618661318,21.34523139600766,22.014332174203812,6851242
2020-02-27 00:00:00+00:00,20.525352478027344,21.45832280340919,20.21436177849709,20.982413035323198,11049984
2020-02-28 00:00:00+00:00,19.06463623046875,20.313310216476605,18.47092875609875,19.41332351464467,16947084
2020-03-02 00:00:00+00:00,19.97404670715332,20.021166177144114,18.565166929632014,19.187146416002392,7908770
2020-03-03 00:00:00+00:00,19.686614990234375,20.596024405860998,19.512271370513194,20.105980541924037,9216475
2020-03-04 00:00:00+00:00,20.440534591674805,20.440534591674805,19.408612204597937,20.02116894559735,6008377
2020-03-05 00:00:00+00:00,19.248403549194336,20.054149495119603,19.078773103716674,19.80441612851248,7139103
2020-03-06 00:00:00+00:00,18.668832778930664,19.262540302001565,18.197634474401745,18.376691319618075,8400837
2020-03-09 00:00:00+00:00,17.080896377563477,17.34005436022449,16.708652016719434,17.18927311371665,10960804
2020-03-10 00:00:00+00:00,18.442655563354492,18.555743707509862,16.727498380526928,17.76413201804772,9943920
2020-03-11 00:00:00+00:00,17.40602684020996,18.164653519676648,17.23168493302513,17.735864989510866,9386942
2020-03-12 00:00:00+00:00,15.426993370056152,16.454204163139025,15.224379478928451,16.01127796908835,13329588
2020-03-13 00:00:00+00:00,16.939537048339844,16.939537048339844,15.615473395357165,16.576715537532035,9643038
2020-03-16 00:00:00+00:00,15.177261352539062,16.166775594525642,13.74953317923037,13.74953317923037,10100379
2020-03-17 00:00:00+00:00,14.757896423339844,15.766259093407179,14.249003229216719,15.459979829850571,9976277
2020-03-18 00:00:00+00:00,13.603462219238281,14.206595219532277,12.020240420802956,13.664718600313691,9067711
2020-03-19 00:00:00+00:00,15.059460639953613,15.412857543394653,13.278334785128658,13.66471691269543,8396299
2020-03-20 00:00:00+00:00,15.309197425842285,17.382463147464396,15.087734302199477,15.474114698204442,13518799
2020-03-23 00:00:00+00:00,15.992432594299316,16.83587526426909,14.856846700616334,15.54950634325306,7340349
2020-03-24 00:00:00+00:00,18.306011199951172,18.310722615564686,16.270438498525017,17.17984987766612,7084254
2020-03-25 00:00:00+00:00,18.536897659301758,19.978761103668525,17.985596409041293,18.5510336797294,7389280
2020-03-26 00:00:00+00:00,20.044727325439453,20.21435777650522,18.612286888679655,18.819613980653685,6317941
2020-03-27 00:00:00+00:00,18.25889015197754,19.314371283132232,18.03271562387296,18.95626117033117,6310246
2020-03-30 00:00:00+00:00,18.753644943237305,19.399185055807582,18.273025636622833,18.71123866118936,6928979
2020-03-31 00:00:00+00:00,18.63585090637207,19.31908602349026,18.32486021174816,18.59344284257669,3495761
2020-04-01 00:00:00+00:00,17.387174606323242,18.310720105714516,17.203406370871736,17.787692755208788,4866207
2020-04-02 00:00:00+00:00,17.500261306762695,17.929051499926675,17.043200850052823,17.236391919069,3894307
2020-04-03 00:00:00+00:00,17.170425415039062,17.75471011108105,16.741635167614607,17.420160589166354,4084899
2020-04-06 00:00:00+00:00,18.334285736083984,18.442660722410157,17.863087367903965,18.126958595941495,6457629
2020-04-07 00:00:00+00:00,18.079835891723633,19.215419997459858,17.976172340126464,18.810190395110443,7205396
2020-04-08 00:00:00+00:00,19.02694320678711,19.173014825226847,18.188211914493948,18.28245086752208,6720038
2020-04-09 00:00:00+00:00,19.582956314086914,20.14368040258335,19.385053798923984,19.634788980682448,8348158
2020-04-13 00:00:00+00:00,19.06463623046875,19.46986581705472,18.810189663393437,19.158876947569357,3434006
2020-04-14 00:00:00+00:00,19.479291915893555,19.955199860323365,19.224845329287763,19.408611815945076,5004120
2020-04-15 00:00:00+00:00,19.05992317199707,19.253114231565863,18.65940503517355,18.862020697602443,4119427
2020-04-16 00:00:00+00:00,19.36620330810547,19.408611367093812,18.786631821557535,19.196572845360794,3042169
2020-04-17 00:00:00+00:00,19.55939292907715,19.917503036088956,19.31908238602539,19.860958961674765,6397453
2020-04-20 00:00:00+00:00,19.300233840942383,19.6771913599834,18.918564907040995,19.008090655430312,4069510
2020-04-21 00:00:00+00:00,17.622772216796875,18.9185637178763,17.52853151305397,18.814900185004944,7012437
2020-04-22 00:00:00+00:00,18.25889015197754,18.470928661250042,17.853658794263847,18.046851642705033,7617950
2020-04-23 00:00:00+00:00,18.334285736083984,18.74422682690506,18.235333582267668,18.4756441826126,2845855
2020-04-24 00:00:00+00:00,18.701814651489258,18.83846165173645,18.141090631632963,18.532184198287332,3493788
2020-04-27 00:00:00+00:00,18.937414169311523,19.135316664277166,18.852598054379694,18.923278150156218,3014349
2020-04-28 00:00:00+00:00,19.243690490722656,19.488714217185137,18.942124464192084,19.31437058231842,5056996
2020-04-29 00:00:00+00:00,20.44524574279785,20.577179554582166,19.5075624021923,19.573529308084456,6579363
2020-04-30 00:00:00+00:00,20.115406036376953,20.464091548810163,19.95048699726831,20.26147764126968,3432231
2020-05-01 00:00:00+00:00,18.847890853881836,19.785572650300022,18.744227281297608,19.597094717026167,3702926
2020-05-04 00:00:00+00:00,19.10704231262207,19.11646691532075,18.27773579101567,18.692389938423073,2514589
2020-05-05 00:00:00+00:00,18.937414169311523,19.630073788295586,18.91856673484066,19.319083140087503,2149781
2020-05-06 00:00:00+00:00,19.07877540588379,19.38034146677008,18.946839810943857,19.130606296819803,2265201
2020-05-07 00:00:00+00:00,19.672481536865234,19.710176405215083,19.25311593052376,19.34735487460697,2209365
2020-05-08 00:00:00+00:00,20.56775665283203,20.638434973697546,19.912791918565446,19.97875882422888,4143695
2020-05-11 00:00:00+00:00,20.435823440551758,20.624301349017014,20.040016640998903,20.38399077447766,3142200
2020-05-12 00:00:00+00:00,19.908079147338867,20.63372399088581,19.908079147338867,20.515924422696628,4281805
2020-05-13 00:00:00+00:00,19.333221435546875,20.12012002057082,19.0128061751611,19.955199201731098,4291472
2020-05-14 00:00:00+00:00,19.72431182861328,19.743159262219145,18.518047706501303,18.923277281674366,3262750
2020-05-15 00:00:00+00:00,19.832691192626953,19.912795906355775,19.116472597675724,19.394478068026988,3069593
2020-05-18 00:00:00+00:00,20.629013061523438,20.911729903986828,20.049439810735304,20.20022283599924,3665439
2020-05-19 00:00:00+00:00,20.751523971557617,21.175601006901246,20.539485453885803,20.539485453885803,4253591
2020-05-20 00:00:00+00:00,21.04366111755371,21.185021282592768,20.61958416885313,20.93057475873076,4144484
2020-05-21 00:00:00+00:00,20.91644287109375,21.222720333789816,20.515924688699272,21.0578012908284,3477018
2020-05-22 00:00:00+00:00,20.294462203979492,20.63843631996647,19.738449565147295,20.449958421085697,5418450
2020-05-26 00:00:00+00:00,20.94942855834961,21.250994637832108,20.916445100882864,21.10021159809086,3831961
2020-05-27 00:00:00+00:00,21.472455978393555,21.472455978393555,20.58189206232515,21.20387337893248,5659748
2020-05-28 00:00:00+00:00,21.47716522216797,21.764595227647852,21.31695760714291,21.331093625327725,8541906
2020-05-29 00:00:00+00:00,23.39022445678711,23.55985667174386,22.617461979304075,23.088658438919733,23420102
2020-06-01 00:00:00+00:00,23.263004302978516,23.465618214913682,22.74939974029661,23.201748810541698,7528179
2020-06-02 00:00:00+00:00,23.159337997436523,23.390223920444324,22.909602868837876,23.277137552941387,5828439
2020-06-03 00:00:00+00:00,22.99913215637207,23.352530850041106,22.952012685191246,23.3242588126909,5198658
2020-06-04 00:00:00+00:00,23.182907104492188,23.201754543774175,22.688149854178803,22.824796892089083,5245812
2020-06-05 00:00:00+00:00,23.804880142211914,24.195973707501356,23.295987011173608,23.295987011173608,8202353
2020-06-08 00:00:00+00:00,24.342044830322266,24.52109988301224,23.93681525421472,24.031054195669906,7115624
2020-06-09 00:00:00+00:00,23.573993682861328,24.172414328906825,23.508025005418197,24.172414328906825,4731057
2020-06-10 00:00:00+00:00,23.272428512573242,23.66823349902912,23.069812830862503,23.59284198859902,2883540
2020-06-11 00:00:00+00:00,21.95307731628418,22.735264498654363,21.887108633028337,22.61275173638171,6145698
2020-06-12 00:00:00+00:00,22.09914779663086,22.937879082326745,21.717478798622913,22.791809238244724,3785003
2020-06-15 00:00:00+00:00,22.174541473388672,22.339460542561802,21.496017759044374,21.58083388829076,4336259
2020-06-16 00:00:00+00:00,22.466678619384766,22.947299674503455,22.20752065930527,22.862483568350118,3159957
2020-06-17 00:00:00+00:00,22.391284942626953,22.909600812474256,22.367724324357408,22.50908448755814,4104235
2020-06-18 00:00:00+00:00,22.34416961669922,22.40071191924101,22.01904295434307,22.259353503073633,4487391
2020-06-19 00:00:00+00:00,23.050966262817383,23.333683107648362,22.6457366573759,22.777670475680218,6059478
2020-06-22 00:00:00+00:00,22.754112243652344,23.21117275110608,22.542073717661747,22.904895274277155,3595003
2020-06-23 00:00:00+00:00,23.093372344970703,23.333681110546696,22.777668526167,23.00855623485551,10216983
2020-06-24 00:00:00+00:00,25.020570755004883,25.868724854329724,24.365605971879667,25.84516600335332,31476453
2020-06-25 00:00:00+00:00,24.31377410888672,24.756698576260003,23.927391945520977,24.704867687617597,7400723
2020-06-26 00:00:00+00:00,24.620054244995117,24.935756346119,23.936819148477234,24.13001025113645,10050659
2020-06-29 00:00:00+00:00,25.331560134887695,25.40695164596635,24.417437398105797,24.81795557648991,7782696
2020-06-30 00:00:00+00:00,25.887575149536133,26.024222165202627,25.171354841318276,25.35983274987532,6045272
2020-07-01 00:00:00+00:00,25.576581954956055,26.184427228599972,25.47762982145773,25.94411490438975,5496778
2020-07-02 00:00:00+00:00,25.326847076416016,26.264530441003707,25.312711057190644,25.99123466038269,3671556
2020-07-06 00:00:00+00:00,25.472919464111328,25.76034949955157,25.331561040737153,25.68024657029374,3368306
2020-07-07 00:00:00+00:00,24.94989013671875,25.421088424950828,24.916906682112586,25.26088079416688,3580008
2020-07-08 00:00:00+00:00,25.51532745361328,25.51532745361328,24.926329591469543,25.062978372197144,4085294
2020-07-09 00:00:00+00:00,25.29857635498047,25.63312764525826,24.973451442288503,25.63312764525826,2747008
2020-07-10 00:00:00+00:00,25.176063537597656,25.298574519568085,24.935752988899175,25.209048763920045,2285129
2020-07-13 00:00:00+00:00,24.393875122070312,25.298573193707515,24.384452292079406,25.209047442751388,4150008
2020-07-14 00:00:00+00:00,24.737850189208984,24.766122226728633,24.068749438730652,24.19597360756907,2630404
2020-07-15 00:00:00+00:00,24.822669982910156,25.157219521157927,24.57764621247296,24.827381398792596,3846166
2020-07-16 00:00:00+00:00,27.84775161743164,29.039879757499516,27.588593634496643,27.621577087617872,50015945
2020-07-17 00:00:00+00:00,28.4461727142334,28.57339511340938,27.30116402881508,27.687546188075345,11194999
2020-07-20 00:00:00+00:00,28.955062866210938,29.14354251105549,28.356642254670245,28.413186325444453,6124389
2020-07-21 00:00:00+00:00,28.771299362182617,29.44982296148424,28.76658617366209,29.07286540631667,5450018
2020-07-22 00:00:00+00:00,29.10113525390625,29.45453215949377,28.832552683591317,28.903231000783727,5695459
2020-07-23 00:00:00+00:00,28.988048553466797,29.633588682733578,28.705329950986478,29.10113670374236,4228534
2020-07-24 00:00:00+00:00,28.648784637451172,28.841977476890325,28.380203838573784,28.578106319792727,2538265
2020-07-27 00:00:00+00:00,28.72418212890625,28.903235430013112,28.483869784716912,28.672349463599748,2799687
2020-07-28 00:00:00+00:00,27.974977493286133,28.71004520329407,27.909008809813507,28.57339642081817,3281099
2020-07-29 00:00:00+00:00,28.12575912475586,28.370781091513543,27.890159988591247,28.0032463681684,3532459
2020-07-30 00:00:00+00:00,27.876026153564453,28.036233791493604,27.381268992779987,27.843042697487242,3671161
2020-07-31 00:00:00+00:00,28.191726684570312,28.234134742847008,27.565033960857107,28.102199152611284,3420985
2020-08-03 00:00:00+00:00,28.49800682067871,28.667637285918254,27.974977631880684,28.229424216344352,3327070
2020-08-04 00:00:00+00:00,28.4226131439209,28.582818992658336,28.18230082439758,28.48386686108991,3335159
2020-08-05 00:00:00+00:00,28.55925941467285,28.82313059303268,28.446173033381957,28.62522809586713,2275856
2020-08-06 00:00:00+00:00,28.719465255737305,28.856112251783856,28.22942134528307,28.394338604987063,3726208
2020-08-07 00:00:00+00:00,28.648784637451172,28.700617295156434,28.29538772953345,28.634650392486286,2072834
2020-08-10 00:00:00+00:00,29.134119033813477,29.242493991512248,28.724178051278894,28.823128405748356,3092086
2020-08-11 00:00:00+00:00,28.997474670410156,29.774950424504624,28.922083157361364,29.327312761649708,4107589
2020-08-12 00:00:00+00:00,29.134119033813477,29.350868949211023,28.884383893717597,29.26134142476236,1955046
2020-08-13 00:00:00+00:00,28.064504623413086,29.035169694103793,28.036232584218975,28.841980381625156,5350381
2020-08-14 00:00:00+00:00,28.229421615600586,28.436746932588843,28.0739254113487,28.16816612620724,2139719
2020-08-17 00:00:00+00:00,28.12575912475586,28.596955623876468,28.102198501855952,28.366069676217005,1871588
2020-08-18 00:00:00+00:00,28.281251907348633,28.441459523354446,28.09277225480012,28.09277225480012,1631276
2020-08-19 00:00:00+00:00,28.20115089416504,28.59224447078803,28.139893628705234,28.42261401326238,3573103
2020-08-20 00:00:00+00:00,28.11161994934082,28.252978351242977,27.95141234195164,28.15873941664154,1906510
2020-08-21 00:00:00+00:00,28.488582611083984,28.592246167169098,27.94670597935334,27.965553415039157,4371182
2020-08-24 00:00:00+00:00,29.006895065307617,29.308462865386012,28.818417185118207,29.167102682035434,2523467
2020-08-25 00:00:00+00:00,28.57339859008789,29.167107920371926,28.483871048956452,29.006900274871235,2681110
2020-08-26 00:00:00+00:00,29.27547836303711,29.341447041298448,28.667634879252507,29.12940676103904,4099499
2020-08-27 00:00:00+00:00,29.416841506958008,29.770238463164556,28.964492410016728,29.49694443874696,7382966
2020-08-28 00:00:00+00:00,31.19796371459961,31.862353067543882,30.533577908072584,30.877552009421304,17972452
2020-08-31 00:00:00+00:00,31.13671112060547,31.74455287254613,30.830431877082567,30.896398786624495,5917619
2020-09-01 00:00:00+00:00,31.27335548400879,31.494815044512816,30.962363078094576,31.296914332620844,4548357
2020-09-02 00:00:00+00:00,32.26287078857422,32.32883769479932,31.259220537010993,31.53722418084656,4577755
2020-09-03 00:00:00+00:00,30.882265090942383,31.88591546849643,30.345099850391087,31.62675745309686,4005387
2020-09-04 00:00:00+00:00,30.46289825439453,31.19325097867777,29.746678003034454,30.78802315280774,4566114
2020-09-08 00:00:00+00:00,30.227298736572266,30.901110921493242,29.54877336312425,29.70898098924512,5832188
2020-09-09 00:00:00+00:00,31.49481964111328,31.749268010361096,30.533580885429853,30.67965073312706,6426653
2020-09-10 00:00:00+00:00,30.835145950317383,31.72099493190082,30.64666450082556,31.60790677148922,3963757
2020-09-11 00:00:00+00:00,31.282777786254883,31.452410004799994,30.759748658824474,30.96707574379616,3386852
2020-09-14 00:00:00+00:00,31.499530792236328,31.937743853395453,31.32518891479059,31.570210890232534,4197755
2020-09-15 00:00:00+00:00,31.617328643798828,32.10265935237857,31.44298323920194,31.805806520015878,2875450
2020-09-16 00:00:00+00:00,31.74454689025879,32.30527083532232,31.725701231893932,31.88590706007874,4367433
2020-09-17 00:00:00+00:00,31.36288070678711,31.87648700420644,30.858700785787025,31.254505749301906,4471213
2020-09-18 00:00:00+00:00,31.27335548400879,31.645601605597758,31.014197510024992,31.395866461775366,21878202
2020-09-21 00:00:00+00:00,30.86341094970703,30.872837326285744,30.024683312060045,30.51943686501081,4275294
2020-09-22 00:00:00+00:00,31.245084762573242,31.254507593131365,30.613680640417403,31.155555459810806,2148794
2020-09-23 00:00:00+00:00,30.915245056152344,31.730413836604313,30.792734079672563,31.67386976339564,4193414
2020-09-24 00:00:00+00:00,30.80216407775879,31.08488096317665,30.321542890055923,30.689075905024502,3206322
2020-09-25 00:00:00+00:00,30.96708106994629,31.03304798414296,30.458187873201428,30.627820120922255,2413768
2020-09-28 00:00:00+00:00,31.71628189086914,31.871778112159674,31.320476874001642,31.48068628413711,3783622
2020-09-29 00:00:00+00:00,32.22989273071289,32.27230079695068,31.518385530086668,31.801102425253926,2713467
2020-09-30 00:00:00+00:00,31.895334243774414,32.45606181180803,31.65031228024599,32.225172320774334,3286229
2020-10-01 00:00:00+00:00,31.82465934753418,32.281718072048406,31.62675507249486,32.12622540236346,2183716
2020-10-02 00:00:00+00:00,31.645606994628906,31.867066592845994,30.967081539866705,31.047184475922325,1975565
2020-10-05 00:00:00+00:00,32.14036178588867,32.18748303924627,31.711575048498236,31.989582286547098,4981036
2020-10-06 00:00:00+00:00,31.796382904052734,32.45606262091512,31.664449088530624,32.08381647789961,3792698
2020-10-07 00:00:00+00:00,31.763397216796875,32.21103304181316,31.603191382954236,32.18747419481673,4220050
2020-10-08 00:00:00+00:00,32.352394104003906,32.61626525541872,31.777534105889057,31.805806141626963,4895013
2020-10-09 00:00:00+00:00,32.22517395019531,32.719931090711896,32.2016150996233,32.555012043873035,2297559
2020-10-12 00:00:00+00:00,32.630409240722656,32.75292024336171,32.27700870770829,32.34768881431116,1562221
2020-10-13 00:00:00+00:00,33.22410583496094,33.47383738719487,32.77175687277811,32.98379356476758,3167454
2020-10-14 00:00:00+00:00,33.29008102416992,33.66703681339937,33.11573560255485,33.33719872461494,2077372
2020-10-15 00:00:00+00:00,33.00265121459961,33.172279902321655,32.441923622777985,32.76233888290215,2558192
2020-10-16 00:00:00+00:00,33.05447769165039,33.553944403692775,33.040341674025754,33.37017972098936,2992055
2020-10-19 00:00:00+00:00,32.748199462890625,33.412588764530504,32.62097530049676,33.17227645778654,2087631
2020-10-20 00:00:00+00:00,32.70579147338867,33.16756688159177,32.68694581357106,33.045055907109386,1474620
2020-10-21 00:00:00+00:00,32.90370178222656,33.24767592100067,32.68223864048264,32.85187088856334,3767641
2020-10-22 00:00:00+00:00,32.4089469909668,33.18171144944497,31.937748631443345,33.18171144944497,2001214
2020-10-23 00:00:00+00:00,32.1262321472168,32.44664393123202,31.96602270879107,32.39009984077801,2602979
2020-10-26 00:00:00+00:00,30.505306243896484,31.801096192470162,30.12834691113678,31.735129284501966,3910486
2020-10-27 00:00:00+00:00,29.954002380371094,30.623101324272287,29.91630396794685,30.5335755742029,1867642
2020-10-28 00:00:00+00:00,28.601667404174805,29.421551202708788,28.587533158104826,29.23307330993872,3457485
2020-10-29 00:00:00+00:00,28.516849517822266,28.75716004248591,28.187011473256145,28.502713500300377,3550216
2020-10-30 00:00:00+00:00,28.394336700439453,28.681768464894617,27.744085215763064,28.479152805348363,3561265
2020-11-02 00:00:00+00:00,28.408479690551758,28.959779153735173,28.300102945596525,28.832556746295534,2206603
2020-11-03 00:00:00+00:00,29.09642219543457,29.624162735293826,28.74773670325005,28.77600873953643,1673893
2020-11-04 00:00:00+00:00,29.32259750366211,29.708979645722838,28.903231909446852,29.435685651858826,3366135
2020-11-05 00:00:00+00:00,30.396930694580078,30.439338756639994,29.685423564048637,29.779662519820352,3003301
2020-11-06 00:00:00+00:00,30.43462562561035,30.571272627779525,29.873898051450066,30.49587934395314,1501650
2020-11-09 00:00:00+00:00,30.269710540771484,31.12257789186135,30.246148141637057,31.066033808207028,2973508
2020-11-10 00:00:00+00:00,30.44405174255371,30.71734577639357,29.81264755132004,30.222588602079835,3444266
2020-11-11 00:00:00+00:00,30.571269989013672,30.75503467459757,30.18960105358273,30.75503467459757,1970830
2020-11-12 00:00:00+00:00,30.354522705078125,30.830430618507176,30.128346399976174,30.55713661412047,2410809
2020-11-13 00:00:00+00:00,31.150842666625977,31.188541082171298,30.519438536457645,30.608967840356204,2973903
2020-11-16 00:00:00+00:00,31.73512840270996,31.810521685733942,30.915246398420877,31.348746249952892,2832636
2020-11-17 00:00:00+00:00,31.975435256958008,32.135644643853034,31.362880384762253,31.494814189106883,1966094
2020-11-18 00:00:00+00:00,31.852928161621094,32.40422938694414,31.777538420362212,32.253446358008965,2527413
2020-11-19 00:00:00+00:00,32.27700424194336,32.38066956609063,31.43356336148694,31.786960299188404,4564141
2020-11-20 00:00:00+00:00,32.20161437988281,32.60213256274195,32.182765171996074,32.366533423035555,2840331
2020-11-23 00:00:00+00:00,32.6916618347168,32.90841178983441,32.29585679788949,32.32412883954985,2931286
2020-11-24 00:00:00+00:00,33.1392936706543,33.21939658808192,32.70108067238341,32.983797477378005,5787006
2020-11-25 00:00:00+00:00,32.67752456665039,32.9743809927537,31.688013785558624,32.90370089130053,8768407
2020-11-27 00:00:00+00:00,32.89898681640625,33.087464717593846,32.52674065638942,32.68223687539877,2779365
2020-11-30 00:00:00+00:00,32.5267448425293,33.181711485038115,32.046123650153554,33.09689535466277,4739935
2020-12-01 00:00:00+00:00,33.228824615478516,33.346625962465986,32.54087638132077,32.91312253796325,6792842
2020-12-02 00:00:00+00:00,33.228824615478516,33.50211863364839,32.828306419272444,33.26651948609085,4693964
2020-12-03 00:00:00+00:00,33.412593841552734,33.695310698969664,33.02621165392401,33.37018578097757,4426623
2020-12-04 00:00:00+00:00,33.973323822021484,34.05813995792166,33.290088637966974,33.47385338599922,5061337
2020-12-07 00:00:00+00:00,33.16286087036133,34.227768551529245,32.964956574528166,34.03457744487898,6222645
2020-12-08 00:00:00+00:00,33.86493682861328,33.88849567587459,33.049764539920126,33.13458064576106,3625585
2020-12-09 00:00:00+00:00,33.70473861694336,34.38326052431799,33.4597130736172,33.99216867636497,4662396
2020-12-10 00:00:00+00:00,34.0015869140625,34.03928178239743,33.12987047540761,33.431436514921444,4902116
2020-12-11 00:00:00+00:00,33.756561279296875,34.180638254594555,33.52567535953019,33.789542955596794,2887091
2020-12-14 00:00:00+00:00,34.12881088256836,34.38325567534581,33.88849856221789,33.92619697674706,4259312
2020-12-15 00:00:00+00:00,34.74607849121094,34.812045396089175,34.105248010178315,34.5481742301591,3963362
2020-12-16 00:00:00+00:00,34.807334899902344,35.00523917626106,34.70367311942128,34.84502977040297,3201982
2020-12-17 00:00:00+00:00,35.20314025878906,35.25497114432719,34.92984271980683,34.94869192655573,3632490
2020-12-18 00:00:00+00:00,34.359703063964844,35.523559369647835,34.10525467857599,35.339794637729256,9961677
2020-12-21 00:00:00+00:00,34.425662994384766,34.55760034957605,33.46913401472917,34.07697571917142,3446042
2020-12-22 00:00:00+00:00,34.27016830444336,34.80733348632742,34.18535573586566,34.72723055986017,2565492
2020-12-23 00:00:00+00:00,34.58586883544922,34.797909113539525,34.1099609398471,34.35027325501611,3252096
2020-12-24 00:00:00+00:00,34.392677307128906,34.81675426752743,34.27958917197818,34.7554970121819,3294318
2020-12-28 00:00:00+00:00,34.32671356201172,34.75079060515826,34.13352247557173,34.656551656283185,6292884
2020-12-29 00:00:00+00:00,33.69060134887695,34.73665975930682,33.619921247305,34.36912323113265,8200972
2020-12-30 00:00:00+00:00,34.16179275512695,34.42095073778796,33.70002086550074,33.775410602150366,8683962
2020-12-31 00:00:00+00:00,34.53403854370117,34.571733411648886,33.91206081010388,34.26074454485024,2456188
2021-01-04 00:00:00+00:00,34.157081604003906,34.816757729420324,33.78012229815865,34.816757729420324,6927203
2021-01-05 00:00:00+00:00,34.6141471862793,34.859172734460714,33.69060326369586,33.879081180988265,4051555
2021-01-06 00:00:00+00:00,34.90157699584961,35.44816862626387,34.35498891185306,34.548180016909456,5155844
2021-01-07 00:00:00+00:00,35.97119903564453,35.975908678525094,35.11833165054064,35.33979480487989,4542635
2021-01-08 00:00:00+00:00,36.38584899902344,36.475378315325955,35.693191053859,36.09370928978455,5304213
2021-01-11 00:00:00+00:00,35.63663864135742,36.20678545183422,35.63663864135742,35.93820465852565,2937402
2021-01-12 00:00:00+00:00,36.16437911987305,36.169092308196504,35.613077942712856,35.74501529801568,2739511
2021-01-13 00:00:00+00:00,33.56337356567383,35.330361729756135,33.068616454160725,35.22198676777713,15098974
2021-01-14 00:00:00+00:00,34.51519012451172,34.79790693115081,33.57750686423757,33.59635252349672,8655156
2021-01-15 00:00:00+00:00,34.9911003112793,35.29266634359774,34.336137360616426,34.468071169849324,6529052
2021-01-19 00:00:00+00:00,35.27381896972656,35.35392189709614,35.009947791131204,35.137171965056744,4898170
2021-01-20 00:00:00+00:00,36.30573654174805,36.36699379962154,35.30208639370015,35.78270744150829,6958771
2021-01-21 00:00:00+00:00,36.23506546020508,36.62144766966868,35.763870671215805,36.54605792199748,4772095
2021-01-22 00:00:00+00:00,35.78270721435547,35.89579535345521,35.35391705121348,35.72145350328765,2249417
2021-01-25 00:00:00+00:00,35.66020584106445,35.990043971245285,34.637709765354536,35.97119830726897,2686437
2021-01-26 00:00:00+00:00,35.829833984375,36.04187073149564,35.316227637638974,35.81098477614361,2520508
2021-01-27 00:00:00+00:00,34.8026237487793,35.6884726724348,34.49634451649875,35.156020680538546,5637650
2021-01-28 00:00:00+00:00,34.83089828491211,35.42931722684418,34.340850768836304,34.79319986692494,5227858
2021-01-29 00:00:00+00:00,34.3455696105957,35.141892965565354,34.10054758543859,34.60472765822026,3720683
2021-02-01 00:00:00+00:00,34.845027923583984,35.207851228872514,34.25603186086169,34.70367128009433,3231379
2021-02-02 00:00:00+00:00,36.3622932434082,36.62616447917559,36.008896230129736,36.272767465897125,8058324
2021-02-03 00:00:00+00:00,36.63557815551758,36.908872155765636,36.164379891302296,36.164379891302296,2721754
2021-02-04 00:00:00+00:00,37.37064743041992,37.38478344921453,36.77693818746352,36.83348226264195,2943321
2021-02-05 00:00:00+00:00,37.51200485229492,37.73346796921174,37.31410413147072,37.4601739644422,3535616
2021-02-08 00:00:00+00:00,37.66749572753906,38.03031898395708,37.460168659074014,37.69576776171233,9876049
2021-02-09 00:00:00+00:00,37.50258255004883,37.662788404365976,37.13033640641432,37.36593554573896,8452332
2021-02-10 00:00:00+00:00,37.49786376953125,37.69576801004789,36.95127583380287,37.61566509483484,9603578
2021-02-11 00:00:00+00:00,37.460174560546875,37.752317777555945,36.6827005911323,37.62038041515639,3077091
2021-02-12 00:00:00+00:00,37.719329833984375,37.72404302222192,37.153892648576935,37.47902106937601,3497340
2021-02-16 00:00:00+00:00,37.43190383911133,38.124565263435535,36.97484156283221,38.05859480670568,6170952
2021-02-17 00:00:00+00:00,37.347084045410156,37.68163529921383,37.04080837486377,37.14918333394562,3593819
2021-02-18 00:00:00+00:00,37.54970169067383,37.94550666211867,36.83348148214646,37.09263945694467,3027174
2021-02-19 00:00:00+00:00,38.058589935302734,38.3177514474725,37.71461586153985,38.006759051435566,3269853
2021-02-22 00:00:00+00:00,38.058589935302734,38.628740297092484,37.479020290067815,38.01147223957511,5745968
2021-02-23 00:00:00+00:00,37.95964050292969,38.11042350942121,36.29631424348926,37.6957693549653,5043975
2021-02-24 00:00:00+00:00,38.49209976196289,38.600474736015826,37.888967621276514,38.068022697193875,3969676
2021-02-25 00:00:00+00:00,37.54499053955078,38.44968867948968,37.21043926582052,38.166971840665255,5594047
2021-02-26 00:00:00+00:00,38.199951171875,39.19889174306696,37.69577124442617,38.01618647918747,6943776
2021-03-01 00:00:00+00:00,39.15176773071289,39.316686751491446,38.204661658220324,38.204661658220324,4621753
2021-03-02 00:00:00+00:00,38.972713470458984,39.377941248589096,38.704129134632254,39.10936045917924,2937205
2021-03-03 00:00:00+00:00,39.3920783996582,39.66066274321268,38.8926116714624,39.14705645051807,5848564
2021-03-04 00:00:00+00:00,39.0151252746582,39.76904037912135,38.37429832246883,39.307268485893054,5422791
2021-03-05 00:00:00+00:00,40.216678619384766,40.37688802667063,39.283708401071074,39.51930755003005,6930557
2021-03-08 00:00:00+00:00,40.10359191894531,40.84808065148074,40.02348544626428,40.48526088903584,6884981
2021-03-09 00:00:00+00:00,40.753841400146484,41.39938154034364,40.52295545370259,40.56536351077399,4318897
2021-03-10 00:00:00+00:00,41.3145637512207,41.517181197819674,40.87635072566626,40.96116683637043,4408866
2021-03-11 00:00:00+00:00,41.75748825073242,42.15800639278097,41.46534860996782,41.46534860996782,7447286
2021-03-12 00:00:00+00:00,41.85173416137695,41.86116053913916,41.305146107869525,41.710377505536506,2858088
2021-03-15 00:00:00+00:00,42.07790756225586,42.08733039294604,41.56901441589247,41.81403638517535,5621472
2021-03-16 00:00:00+00:00,41.974246978759766,42.30879828983761,41.5878683198249,42.17215127052198,5880329
2021-03-17 00:00:00+00:00,43.01087951660156,43.11925448647683,41.526608073917394,41.832887321384185,6162468
2021-03-18 00:00:00+00:00,41.51718521118164,42.62449730641488,41.48891317154727,42.62449730641488,6201731
2021-03-19 00:00:00+00:00,41.2910041809082,41.82345613802184,41.25330931450422,41.333412235519056,7791772
2021-03-22 00:00:00+00:00,41.15907287597656,41.597285920496134,40.96116860910188,41.19676774467076,6212385
2021-03-23 00:00:00+00:00,40.40515899658203,41.44179096885337,39.962232750123356,41.03184995001421,5250745
2021-03-24 00:00:00+00:00,40.68787384033203,41.18263095180525,40.44756152078528,40.678451009939835,5446269
2021-03-25 00:00:00+00:00,40.518245697021484,40.94703236216838,40.00463937155452,40.12715035394181,3417039
2021-03-26 00:00:00+00:00,41.93183898925781,41.93654863153596,40.62190944155165,40.83865937886794,5169063
2021-03-29 00:00:00+00:00,41.56430435180664,42.23340694870446,41.356977236116585,41.781054298895214,4094567
2021-03-30 00:00:00+00:00,41.743350982666016,41.96010088590848,41.281579141287125,41.31456081771886,4601036
2021-03-31 00:00:00+00:00,41.536033630371094,41.93655185416507,41.43708148508262,41.77163279415682,3239271
2021-04-01 00:00:00+00:00,41.974246978759766,42.092048334566975,41.50776183745223,41.597291151579114,3805720
2021-04-05 00:00:00+00:00,42.10618209838867,42.32293204204086,41.91299100606803,42.04963801805898,5019707
2021-04-06 00:00:00+00:00,42.16272735595703,42.393613326138286,41.936551028323095,42.13916495755011,4943154
2021-04-07 00:00:00+00:00,43.1192512512207,43.54332826782358,42.22868916171295,42.22868916171295,5613974
2021-04-08 00:00:00+00:00,43.62342834472656,43.76478852317331,42.68574507172467,43.49149454245421,6963309
2021-04-09 00:00:00+00:00,44.235992431640625,44.29724615255184,43.41610683782977,43.49150012481747,4034193
2021-04-12 00:00:00+00:00,44.03337860107422,44.3113822596957,43.609298010463725,43.70353695957137,4027090
2021-04-13 00:00:00+00:00,43.59986877441406,44.14174353878296,43.52918868636228,44.14174353878296,3293332
2021-04-14 00:00:00+00:00,43.67997360229492,44.061642548048965,43.60929351115213,43.66583758406637,5620682
2021-04-15 00:00:00+00:00,46.61083221435547,47.69929523391983,44.91923345775857,46.20560077892618,26547702
2021-04-16 00:00:00+00:00,47.788814544677734,48.14221146282958,46.752179092637334,46.99249140854422,11333504
2021-04-19 00:00:00+00:00,48.7312126159668,48.91026768797573,47.52494836092448,47.7793967220823,7467805
2021-04-20 00:00:00+00:00,47.81709289550781,48.77833519322147,47.66159667056609,48.745349963367374,5472510
2021-04-21 00:00:00+00:00,47.78410720825195,48.212897460162914,47.60505213308131,47.718140295592775,4750787
2021-04-22 00:00:00+00:00,47.35060501098633,48.06682527683607,47.171549944523896,47.77468205336212,3146540
2021-04-23 00:00:00+00:00,47.78410720825195,47.9631622834226,47.350607313848045,47.58149328136393,5709862
2021-04-26 00:00:00+00:00,47.29876708984375,47.93488078563566,47.19510177918804,47.80294698634677,5005304
2021-04-27 00:00:00+00:00,47.45426940917969,47.7464126487742,47.21867025121105,47.25165548096533,3814598
2021-04-28 00:00:00+00:00,46.84642791748047,47.56735786988347,46.82286551904397,47.56735786988347,1792668
2021-04-29 00:00:00+00:00,47.119712829589844,47.468396539086655,46.86526450992979,47.190392918384305,2896167
2021-04-30 00:00:00+00:00,46.33281326293945,46.987776184874825,46.24799715511682,46.940658489251334,2448888
2021-05-03 00:00:00+00:00,46.073665618896484,46.88883456282795,46.012408345163124,46.742764708689734,5167682
2021-05-04 00:00:00+00:00,45.479949951171875,45.80507484568172,45.168961075832776,45.70612625790377,4061618
2021-05-05 00:00:00+00:00,46.36581039428711,46.51659700050683,45.48938762725967,45.8333582684906,4055107
2021-05-06 00:00:00+00:00,47.01134490966797,47.03962049796643,46.05952895679588,46.445911164887946,3599936
2021-05-07 00:00:00+00:00,47.61918640136719,47.92075245935738,47.01134109664972,47.119719612680726,4147641
2021-05-10 00:00:00+00:00,46.96893310546875,47.70871217586712,46.92652504922771,47.61447323302609,3178306
2021-05-11 00:00:00+00:00,46.092506408691406,46.23386304782058,45.22078999304552,45.58361328714192,7071824
2021-05-12 00:00:00+00:00,44.33494186401367,45.93701099076,44.27839778882746,45.71083469001517,4925595
2021-05-13 00:00:00+00:00,45.42340850830078,45.68256651051315,44.58467723289945,44.74959628398163,2962854
2021-05-14 00:00:00+00:00,46.37994384765625,46.42706155277103,45.80979337227666,45.99827128557112,1881058
2021-05-17 00:00:00+00:00,46.361087799072266,46.57783772203005,46.017113707519506,46.17731955554619,2311567
2021-05-18 00:00:00+00:00,46.24799728393555,46.6626514479454,46.087791444102315,46.53542728585709,1869220
2021-05-19 00:00:00+00:00,45.61189270019531,45.97471250654656,44.95221290977427,45.432837618353894,3021847
2021-05-20 00:00:00+00:00,46.464744567871094,46.69092084323609,45.72967876576837,45.753237612313306,2802055
2021-05-21 00:00:00+00:00,46.39878845214844,46.97836174603951,46.323398707118386,46.85113756158151,2296769
2021-05-24 00:00:00+00:00,47.18568801879883,47.4307100053814,46.714489708344644,46.79459264091,3656364
2021-05-25 00:00:00+00:00,46.88882827758789,47.562640466244545,46.85584659696753,47.44955585872397,4078783
2021-05-26 00:00:00+00:00,46.95950698852539,47.33175311997829,46.818150346690274,46.95479734652842,3318586
2021-05-27 00:00:00+00:00,46.978363037109375,47.336473201887756,46.64381172499814,47.21867184571667,6532208
2021-05-28 00:00:00+00:00,46.478885650634766,46.9924919676409,44.87681652905752,46.49773485777507,6509124
2021-06-01 00:00:00+00:00,48.46263122558594,48.52388494755081,46.85113559597973,46.9265288842643,8253256
2021-06-02 00:00:00+00:00,47.491966247558594,48.68880411408915,47.491966247558594,48.50974904370453,4747433
2021-06-03 00:00:00+00:00,47.90190505981445,48.0432617062083,46.780453440874965,47.25165171930054,5104151
2021-06-04 00:00:00+00:00,48.78303909301758,48.80188475241631,47.95844396785838,48.090377769317094,4336851
2021-06-07 00:00:00+00:00,48.457916259765625,49.19298572130967,48.25530234620833,49.08932039702217,2438431
2021-06-08 00:00:00+00:00,48.962100982666016,49.0846119715573,48.453207818649396,48.50032552015206,2725305
2021-06-09 00:00:00+00:00,48.98565673828125,49.17884781363723,48.660531851353106,49.10345453101231,2267372
2021-06-10 00:00:00+00:00,48.905555725097656,49.29664753309746,48.759482342558044,48.95738661406842,3439925
2021-06-11 00:00:00+00:00,48.995079040527344,49.0563363036508,47.97258314582288,48.76890628792509,3788949
2021-06-14 00:00:00+00:00,48.410797119140625,49.108168143968356,48.17991117368477,49.00450636918225,3681223
2021-06-15 00:00:00+00:00,48.46733856201172,48.679378850457496,48.24116580075349,48.47676493910971,2075201
2021-06-16 00:00:00+00:00,48.41550827026367,48.726500697149824,48.06211133158309,48.39666260866999,3290767
2021-06-17 00:00:00+00:00,46.954795837402344,48.41550473219915,46.86526653891431,48.41550473219915,5055813
2021-06-18 00:00:00+00:00,46.44590759277344,46.57784141379165,45.86633432520981,46.29041137438828,5546695
2021-06-21 00:00:00+00:00,47.119712829589844,47.19510256002601,46.68149982548109,46.76160274397584,3652418
2021-06-22 00:00:00+00:00,47.006629943847656,47.11971809856443,46.64851981818942,47.11971809856443,2206998
2021-06-23 00:00:00+00:00,46.7521858215332,47.044329065485094,46.648524034618,46.97836215141018,2387133
2021-06-24 00:00:00+00:00,46.68621063232422,47.11971400561072,46.46003788895399,47.11971400561072,7347452
2021-06-25 00:00:00+00:00,46.884117126464844,47.02547731433741,46.77102897616679,46.884117126464844,9249424
2021-06-28 00:00:00+00:00,47.00191879272461,47.21395909201018,46.80401805980886,46.88412099073315,7946652
2021-06-29 00:00:00+00:00,48.15634536743164,48.20346660944466,46.82285713010827,47.02547456970561,8192291
2021-06-30 00:00:00+00:00,46.96421432495117,47.906607187565875,46.93122910299672,47.73226534139009,5759582
2021-07-01 00:00:00+00:00,46.50244903564453,46.84642313495845,46.130202898227154,46.69564011387908,5603123
2021-07-02 00:00:00+00:00,46.82285690307617,46.978353099906535,46.130199119120256,46.71919513613389,4022750
2021-07-06 00:00:00+00:00,46.35166931152344,47.21395944217847,46.22915477341594,46.79459202928698,3589084
2021-07-07 00:00:00+00:00,46.87940979003906,47.15270382309666,46.33753491291369,46.62967460909537,3040985
2021-07-08 00:00:00+00:00,46.648521423339844,46.97364633292063,46.007694435256475,46.18674950424678,3542916
2021-07-09 00:00:00+00:00,47.237510681152344,47.52494067838473,46.7521764350112,46.78987484670033,5137100
2021-07-12 00:00:00+00:00,45.76737976074219,47.17154820129769,45.75795693014524,47.17154820129769,4087069
2021-07-13 00:00:00+00:00,44.179447174072266,45.60246129372458,44.16531115479038,45.588325274442695,6977514
2021-07-14 00:00:00+00:00,44.00981903076172,45.15482960612,43.887308034411085,44.57525630814337,5163538
2021-07-15 00:00:00+00:00,44.122901916503906,44.16059678477471,43.45851257444724,43.79306383969572,5192147
2021-07-16 00:00:00+00:00,43.486778259277344,44.43388429462822,43.45379658426512,44.39147624411251,3884442
2021-07-19 00:00:00+00:00,43.76478958129883,43.948557817722666,42.681036461977406,42.79883424925315,4358160
2021-07-20 00:00:00+00:00,44.938072204589844,45.206653004950454,43.98625288635363,44.01452492285654,4929541
2021-07-21 00:00:00+00:00,45.33387756347656,45.564763499313614,44.820271260151635,45.093565251111876,3306156
2021-07-22 00:00:00+00:00,45.2066535949707,45.52706883071326,44.862679510640575,45.46109838040077,2737538
2021-07-23 00:00:00+00:00,45.49408721923828,45.5647673170323,45.04173813977394,45.23492922493846,2062574
2021-07-26 00:00:00+00:00,45.45167922973633,45.74853564092299,45.36215347000589,45.57419021729329,2463488
2021-07-27 00:00:00+00:00,45.282047271728516,45.413981080674,44.74016892455271,45.05587097477385,1734859
2021-07-28 00:00:00+00:00,45.1830940246582,45.517641727075805,45.1453991582368,45.352722696763024,1140591
2021-07-29 00:00:00+00:00,45.607173919677734,45.66371799610775,45.02760068268732,45.39513363306518,1576822
2021-07-30 00:00:00+00:00,45.52706527709961,45.83334092408281,45.25376775986441,45.40926395052263,1586884
2021-08-02 00:00:00+00:00,45.37157440185547,45.76737938712024,45.23021421196905,45.743820537611576,2405876
2021-08-03 00:00:00+00:00,46.37994384765625,46.558998929211285,45.29147733750806,45.593043417346266,3140424
2021-08-04 00:00:00+00:00,45.889892578125,46.224443861484986,45.77680442077319,46.17261297150453,1653571
2021-08-05 00:00:00+00:00,46.3375244140625,46.4600353822817,45.97941433883195,46.17731503530138,1729137
2021-08-06 00:00:00+00:00,46.43177032470703,46.56370414217851,46.2103072017663,46.35637703871095,1464163
2021-08-09 00:00:00+00:00,46.41291809082031,46.535429069461955,45.99355426901183,46.11135205933057,2125710
2021-08-10 00:00:00+00:00,46.37522888183594,46.728625842328015,46.24329151045051,46.624964057912884,1717102
2021-08-11 00:00:00+00:00,47.294063568115234,47.345894460828184,46.37522933402605,46.37522933402605,2432906
2021-08-12 00:00:00+00:00,47.36002731323242,47.49667431929009,46.93123708696211,47.322332443455174,2042450
2021-08-13 00:00:00+00:00,47.13385009765625,47.51080585267025,46.954795050099506,47.36002284138125,2552076
2021-08-16 00:00:00+00:00,46.954795837402344,47.05374441958157,46.43176670409622,46.89353857565611,1763073
2021-08-17 00:00:00+00:00,46.092506408691406,46.77102820647932,45.75324196338035,46.72391050890863,2405087
2021-08-18 00:00:00+00:00,45.68727493286133,46.22444009003781,45.67785210265661,45.89460202228473,1565970
2021-08-19 00:00:00+00:00,45.33858871459961,45.682562808882366,45.00404099715828,45.2349269406813,2248431
2021-08-20 00:00:00+00:00,46.41291809082031,46.620245180771654,45.715547086302415,45.8804661205989,3037828
2021-08-23 00:00:00+00:00,47.17626190185547,47.336471314289476,46.3752290253556,46.62967384470043,3252885
2021-08-24 00:00:00+00:00,47.46840286254883,47.72756085837409,47.06788821672084,47.590913850640455,4843912
2021-08-25 00:00:00+00:00,48.09039306640625,48.26473497659393,47.19040792454175,47.322341767967345,3476426
2021-08-26 00:00:00+00:00,47.85007095336914,48.382522915260964,47.6427438666612,48.29770680527811,4156322
2021-08-27 00:00:00+00:00,45.68256378173828,47.80766565649158,44.76844281860334,46.48831332664349,10634075
2021-08-30 00:00:00+00:00,46.24799728393555,46.676787465955215,45.423402144058095,45.96999011188156,5722687
2021-08-31 00:00:00+00:00,45.922874450683594,46.38935951925749,45.80036347130984,46.23386331426048,4847858
2021-09-01 00:00:00+00:00,45.58831787109375,46.163177833312616,45.574181854107486,45.95585431273644,3568170
2021-09-02 00:00:00+00:00,45.73910903930664,46.09721916930709,45.47052821501498,45.72025983115286,4295616
2021-09-03 00:00:00+00:00,45.7720947265625,46.17261291911749,45.65900656933899,45.73910949856652,5029966
2021-09-07 00:00:00+00:00,45.23963928222656,45.80036329069075,45.16424600099236,45.61188540723089,5111648
2021-09-08 00:00:00+00:00,44.71189498901367,45.343299062647205,44.372634104403446,45.16424401729962,3880891
2021-09-09 00:00:00+00:00,45.41398620605469,45.61189048822531,44.54226969171696,44.54226969171696,3654391
2021-09-10 00:00:00+00:00,44.87682342529297,45.790948049771515,44.77316163613442,45.673146693272045,4062407
2021-09-13 00:00:00+00:00,46.59668731689453,46.83699609093426,45.96999284547132,46.36108818486016,11731655
2021-09-14 00:00:00+00:00,45.9134521484375,46.601400334749705,45.7862279792495,46.5684151087471,5554982
2021-09-15 00:00:00+00:00,47.327049255371094,47.46840591446214,45.828641716232205,45.9935607738531,5807131
2021-09-16 00:00:00+00:00,47.77939224243164,47.86891799683371,47.063172021546535,47.21866468125809,5478035
2021-09-17 00:00:00+00:00,47.36945343017578,48.12807819584969,46.44119288539317,47.78410408828145,8707836
2021-09-20 00:00:00+00:00,47.52965545654297,48.10451547023955,46.55427728998119,46.57783613826237,8217150
2021-09-21 00:00:00+00:00,46.808719635009766,48.15634384776856,46.56841088365252,48.06210491313335,5475667
2021-09-22 00:00:00+00:00,46.77574157714844,47.072594421535726,46.14433747446982,46.99249149821961,5756425
2021-09-23 00:00:00+00:00,48.387237548828125,49.58407894930402,46.64852130047809,47.487252563916556,11649184
2021-09-24 00:00:00+00:00,48.94796371459961,49.05162549239567,48.344828070124784,48.35896763591585,6315968
2021-09-27 00:00:00+00:00,49.41444396972656,49.518105737373894,48.71235980478838,48.73591865263242,4292853
2021-09-28 00:00:00+00:00,49.61235046386719,49.796118719176604,49.01864118543876,49.098747661005724,4103643
2021-09-29 00:00:00+00:00,49.654762268066406,50.069416511146834,48.96210434633633,49.7584240556277,4778211
2021-09-30 00:00:00+00:00,49.02334976196289,49.87621695592629,48.39665886094759,49.78197801600359,4859104
2021-10-01 00:00:00+00:00,49.84323501586914,50.06469813517016,49.065761050456494,49.2825109812048,3768825
2021-10-04 00:00:00+00:00,49.58878707885742,50.21547798152753,49.20240494166218,49.970456027798114,4091805
2021-10-05 00:00:00+00:00,49.91391372680664,50.15893568923654,49.34847651928224,49.904490896380004,3353114
2021-10-06 00:00:00+00:00,49.711307525634766,49.805546483758654,48.9762379780001,49.277804062563625,3063674
2021-10-07 00:00:00+00:00,50.4416618347168,50.644275763772015,49.749000378342764,50.017584767180324,4105024
2021-10-08 00:00:00+00:00,49.50397491455078,50.842176483050466,49.12701912381892,50.64427221042411,5286654
2021-10-11 00:00:00+00:00,49.56993865966797,50.0741221398993,49.32020351371701,49.532243792283985,2772065
2021-10-12 00:00:00+00:00,48.8867073059082,49.725438559432796,48.71236542818561,49.53696066208852,3830579
2021-10-13 00:00:00+00:00,48.85372543334961,49.31078773489786,48.50975129654198,49.009221659867954,5377017
2021-10-14 00:00:00+00:00,49.946903228759766,50.15423034081473,49.08461309801463,49.117594780539925,3618679
2021-10-15 00:00:00+00:00,50.752647399902344,50.875158387068595,50.06941236639494,50.29558513254134,3345024
2021-10-18 00:00:00+00:00,51.195579528808594,51.68562353376727,50.983539211422,51.101340569887135,5004909
2021-10-19 00:00:00+00:00,52.213356018066406,52.27932292210963,51.19556978123158,51.454727755526655,7436829
2021-10-20 00:00:00+00:00,52.59974670410156,52.75995257515084,52.170956438532286,52.38770639263841,7434461
2021-10-21 00:00:00+00:00,53.23585510253906,53.480877073121256,52.33587014754479,52.538484060170376,7329695
2021-10-22 00:00:00+00:00,53.970924377441406,54.07929934304564,53.08036225621124,53.16988801398189,5251140
2021-10-25 00:00:00+00:00,52.910728454589844,54.18767270037967,52.8683203980359,54.09343375684328,13385424
2021-10-26 00:00:00+00:00,51.93063735961914,53.17459993291951,51.897655679719456,53.0662249699029,5858824
2021-10-27 00:00:00+00:00,51.073062896728516,51.92593016860246,50.85159977179156,51.732739082866715,7104576
2021-10-28 00:00:00+00:00,51.869384765625,52.03430380794805,51.26153948473893,51.71860174254155,6544638
2021-10-29 00:00:00+00:00,51.82698059082031,52.70340675650421,51.464157251959705,51.464157251959705,8913619
2021-11-01 00:00:00+00:00,52.54319381713867,52.57146585392996,51.52540758548663,51.52540758548663,6635002
2021-11-02 00:00:00+00:00,50.76939010620117,53.30739432155499,49.28191273092283,52.67521705768473,18238300
2021-11-03 00:00:00+00:00,51.31789016723633,51.44804366727545,50.45329500678573,51.14125023454019,9923000
2021-11-04 00:00:00+00:00,50.73220443725586,51.55031684961235,49.97916878590775,51.150557576893696,5980600
2021-11-05 00:00:00+00:00,52.39630889892578,52.46138564827143,50.750789208864035,50.955318161902845,7625100
2021-11-08 00:00:00+00:00,51.62468338012695,52.730995294581376,51.382970228252724,52.4056079770995,4450600
2021-11-09 00:00:00+00:00,52.13600540161133,52.32193695712862,51.141253138224926,51.550311071764,3980100
2021-11-10 00:00:00+00:00,52.63802719116211,53.15864478336381,51.98725608751429,52.01514865883646,5205200
2021-11-11 00:00:00+00:00,52.2382698059082,53.15864667104427,52.04303953180633,52.74029355052787,3695300
2021-11-12 00:00:00+00:00,52.06163024902344,52.60084169316854,51.912882875882914,52.3963127251939,3945600
2021-11-15 00:00:00+00:00,52.71240234375,53.49332695426545,52.321938265283684,52.4985782124254,7123900
2021-11-16 00:00:00+00:00,52.71240234375,53.10286287579913,52.535762396608284,52.75888523379149,6305700
2021-11-17 00:00:00+00:00,52.06163024902344,53.177237320785935,52.015147359870234,52.898336439449594,3566600
2021-11-18 00:00:00+00:00,51.968666076660156,52.69380909982655,51.633983590147295,51.97796123621119,5020300
2021-11-19 00:00:00+00:00,51.15055465698242,52.06163280550875,51.10407176554668,51.93147929092175,3828900
2021-11-22 00:00:00+00:00,51.2528190612793,51.76413795906196,50.4997834541626,51.43875417313225,6228400
2021-11-23 00:00:00+00:00,50.82516098022461,51.33648336144767,50.388217599566055,51.10406538686149,4646700
2021-11-24 00:00:00+00:00,53.27020263671875,53.92097371846642,50.946022735060716,51.457341604142066,13025100
2021-11-26 00:00:00+00:00,52.22896957397461,53.66996036344352,52.05233318309573,52.5264643093585,3858600
2021-11-29 00:00:00+00:00,53.521217346191406,53.80011823998197,52.48928084739076,53.03778747529303,5353600
2021-11-30 00:00:00+00:00,52.49857711791992,53.78152187912032,51.80132314258258,53.48402713335642,9760600
2021-12-01 00:00:00+00:00,51.782737731933594,53.22372880694283,51.67117807066272,52.98201561645298,6301600
2021-12-02 00:00:00+00:00,53.13075637817383,53.24231602551213,51.596796154998856,51.596796154998856,6671100
2021-12-03 00:00:00+00:00,54.36722183227539,54.515969220535915,53.3910668751646,53.45614363587749,8107200
2021-12-06 00:00:00+00:00,54.618228912353516,55.12954779288786,54.05112843621978,54.618228912353516,5165000
2021-12-07 00:00:00+00:00,54.7669792175293,55.30619069791935,54.10691292650066,55.08306785000204,4197500
2021-12-08 00:00:00+00:00,54.2928466796875,54.85064846585813,53.846600995050274,54.85064846585813,3505900
2021-12-09 00:00:00+00:00,53.5955924987793,54.460187747013016,53.53981090177745,54.246360065047895,4445000
2021-12-10 00:00:00+00:00,53.54910659790039,53.98605357941607,53.09356929694843,53.6048881954611,3037400
2021-12-13 00:00:00+00:00,51.80132293701172,53.446842737847746,51.74554134249594,53.13075412842584,3542400
2021-12-14 00:00:00+00:00,50.78798294067383,51.28070797152172,50.44400174327315,50.843760991612214,4771500
2021-12-15 00:00:00+00:00,52.09882354736328,52.12671257455263,50.62064481723044,51.16915147926508,3518100
2021-12-16 00:00:00+00:00,51.1226692199707,52.47069089831845,51.085481485644785,52.29405447989667,2863300
2021-12-17 00:00:00+00:00,50.80657958984375,51.159852419864805,50.25807293159084,51.05758792565227,5389000
2021-12-20 00:00:00+00:00,49.830413818359375,50.36032653250139,49.34698753765403,50.21157916618814,3697400
2021-12-21 00:00:00+00:00,51.55030822753906,51.5781972500445,50.14650165448399,50.49977797402603,3567200
2021-12-22 00:00:00+00:00,51.47593688964844,51.82921323744758,50.983211871751315,51.429453999615774,3787400
2021-12-23 00:00:00+00:00,51.950077056884766,52.294054735033846,51.53172390972098,51.68976646175088,2885900
2021-12-27 00:00:00+00:00,52.61943817138672,52.786779429061106,52.10811923801167,52.10811923801167,2009400
2021-12-28 00:00:00+00:00,52.944820404052734,53.307391911796486,52.57295019043919,52.57295019043919,2353700
2021-12-29 00:00:00+00:00,53.03779220581055,53.7350462756847,52.98201414992787,53.0006044709437,2207800
2021-12-30 00:00:00+00:00,52.535762786865234,53.102863270268735,52.48927989647845,53.00059878356748,1581300
2021-12-31 00:00:00+00:00,52.21967315673828,52.693807850193146,52.210377997407676,52.461389856339586,1252900
2022-01-03 00:00:00+00:00,52.972713470458984,53.08427312448778,52.20108750600175,52.21038266616354,2906500
2022-01-04 00:00:00+00:00,54.37651824951172,54.85064942137455,53.22372337921514,53.22372337921514,5745700
2022-01-05 00:00:00+00:00,53.90238571166992,55.31548767102071,53.800121217456365,54.26495724830528,6049000
2022-01-06 00:00:00+00:00,53.958160400390625,54.571743740658434,53.5305121579288,53.90237880712373,3751300
2022-01-07 00:00:00+00:00,53.91168212890625,54.35792427400132,53.28880002988248,54.0139430723598,3516200
2022-01-10 00:00:00+00:00,55.668766021728516,55.78962084061471,54.48808203592979,55.008696139236726,10511600
2022-01-11 00:00:00+00:00,56.01274108886719,56.41250035462561,55.52931119663799,55.78032307605031,7313500
2022-01-12 00:00:00+00:00,55.73383331298828,56.25444732781977,54.96220390326734,56.198669281326104,3098100
2022-01-13 00:00:00+00:00,55.93836212158203,56.45897971441925,55.65946123294028,56.24515558158,4133000
2022-01-14 00:00:00+00:00,56.273048400878906,56.49617125468728,55.445640838670776,55.76172947948913,5790400
2022-01-18 00:00:00+00:00,55.2968864440918,56.533351823854304,55.222514533192104,56.040623285173716,5053900
2022-01-19 00:00:00+00:00,53.8837890625,56.207969096732235,53.85590003694274,55.78032082157365,3957500
2022-01-20 00:00:00+00:00,53.36317443847656,54.897131116947655,53.3166880011512,54.13480035751947,2893700
2022-01-21 00:00:00+00:00,51.6618766784668,53.2237260407561,51.37367705987642,53.20513217377438,4212100
2022-01-24 00:00:00+00:00,51.52241897583008,51.68046505517591,49.6723737379074,50.9274294812938,5523700
2022-01-25 00:00:00+00:00,51.541015625,52.0895222598583,49.83041896259592,50.9925089901417,4421900
2022-01-26 00:00:00+00:00,51.44804382324219,52.7402872152865,51.085472344486384,52.23826353097065,3126700
2022-01-27 00:00:00+00:00,51.55030822753906,53.54910071040578,51.17843804418777,51.91287970577728,4359300
2022-01-28 00:00:00+00:00,52.28475570678711,52.41490922151701,50.862355111654075,51.5503139634772,3920500
2022-01-31 00:00:00+00:00,52.81467056274414,52.81467056274414,52.01515203041699,52.26616391008371,3319000
2022-02-01 00:00:00+00:00,54.45089340209961,54.497376296782136,52.51717732124969,52.87974886475795,3395200
2022-02-02 00:00:00+00:00,55.22251510620117,55.51071114025128,54.53455630455125,54.84134974954051,3886500
2022-02-03 00:00:00+00:00,55.03658676147461,55.8732894891473,54.70190425183854,54.766981012443615,2814900
2022-02-04 00:00:00+00:00,54.60893630981445,55.138849080359705,54.15339545713339,54.9250249401763,1952100
2022-02-07 00:00:00+00:00,54.81346130371094,55.4363433996076,54.70190165460157,54.9250244992376,2132500
2022-02-08 00:00:00+00:00,55.73383331298828,55.80820522378549,54.497367934929514,54.95290874432406,2933500
2022-02-09 00:00:00+00:00,56.49616241455078,56.709986528349944,55.83609620937725,56.049920323176416,3346900
2022-02-10 00:00:00+00:00,56.449684143066406,57.212014888120066,55.910472688731424,56.189373575338365,3676800
2022-02-11 00:00:00+00:00,55.32478332519531,56.98889718163308,55.176035935852234,56.47757825241733,2449800
2022-02-14 00:00:00+00:00,54.4787712097168,55.45492952909765,54.134793604207275,55.036576470279684,2902500
2022-02-15 00:00:00+00:00,55.61297607421875,56.180076534295736,54.72049184840105,54.75767957774772,3400900
2022-02-16 00:00:00+00:00,56.04991912841797,56.282337101038955,55.1574349646934,55.185323986554536,3001700
2022-02-17 00:00:00+00:00,55.09236145019531,56.12429794306566,55.073771130944415,55.98484927018039,2716100
2022-02-18 00:00:00+00:00,54.7576789855957,55.696646089734166,54.62752193428988,55.083062747817685,3198000
2022-02-22 00:00:00+00:00,53.11215591430664,54.87853037232193,52.9076269642478,54.246353205246244,3316400
2022-02-23 00:00:00+00:00,52.786773681640625,54.27425097163235,52.57294955265286,53.632775038251886,3477400
2022-02-24 00:00:00+00:00,51.912879943847656,52.024439580797896,50.54626109214384,51.21562600667908,6516000
2022-02-25 00:00:00+00:00,47.840919494628906,49.31909809256357,45.70267463851653,47.18085323645119,14711100
2022-02-28 00:00:00+00:00,47.3760871887207,48.35224213959918,46.77180247932805,47.23663850797661,6844300
2022-03-01 00:00:00+00:00,46.37204360961914,46.98562703085327,46.11173301977429,46.50219713133282,5359800
2022-03-02 00:00:00+00:00,49.830413818359375,50.06283179987489,46.73460814870955,46.92054324320535,6072200
2022-03-03 00:00:00+00:00,48.89145278930664,50.15580733278461,48.77989313735782,49.625894553005956,4004200
2022-03-04 00:00:00+00:00,48.30575180053711,48.79848032652303,47.78513779840137,48.41731498363783,2984600
2022-03-07 00:00:00+00:00,45.860721588134766,48.101230972426656,45.535334259391476,47.80373266890638,4649800
2022-03-08 00:00:00+00:00,46.706722259521484,47.896701269867926,45.600410323573904,46.251181424763566,5920600
2022-03-09 00:00:00+00:00,48.3243522644043,48.86356375045119,47.534132448140966,47.83162721754015,4199800
2022-03-10 00:00:00+00:00,48.31505584716797,48.52887998545843,47.44116188168303,47.701472457946586,3590400
2022-03-11 00:00:00+00:00,48.35223388671875,49.02159878857738,47.91529050593157,48.342938728155985,2977400
2022-03-14 00:00:00+00:00,47.17155838012695,48.86356111990313,46.836875895966,48.21279001696986,3406400
2022-03-15 00:00:00+00:00,48.41731643676758,48.528876076799584,47.004214659499745,47.17155589275627,2477400
2022-03-16 00:00:00+00:00,48.31505584716797,48.742704123748894,47.05999649665789,47.89670273033128,5130700
2022-03-17 00:00:00+00:00,46.95773696899414,47.84092618754212,46.03736356112299,47.81303715894532,5634300
2022-03-18 00:00:00+00:00,48.184898376464844,48.240676423185725,46.51148604649828,46.864762376870885,4907200
2022-03-21 00:00:00+00:00,48.640438079833984,49.24472628999692,48.04544857553538,48.11052533091697,3853500
2022-03-22 00:00:00+00:00,49.26332473754883,49.57941338441067,48.62184873709588,48.752002259965316,2764900
2022-03-23 00:00:00+00:00,48.90074920654297,49.63519098912493,48.80778341859835,48.87286017944308,2895900
2022-03-24 00:00:00+00:00,49.74674987792969,50.06283851705867,48.74270590720183,48.92864102664549,2806000
2022-03-25 00:00:00+00:00,50.93672561645508,51.02039623155283,49.607294480133575,49.737447982192975,3715400
2022-03-28 00:00:00+00:00,50.48119354248047,50.74150413803141,49.94198557693025,50.43471064748059,2892100
2022-03-29 00:00:00+00:00,51.15985107421875,51.41086294984243,50.49048961897297,50.93673177127595,3417800
2022-03-30 00:00:00+00:00,50.499778747558594,51.36437392263945,50.36962524531708,50.85305507251196,2829000
2022-03-31 00:00:00+00:00,46.66024398803711,48.036158346125596,46.641650119444556,47.69218064320793,6459300
2022-04-01 00:00:00+00:00,45.36799621582031,45.55393133873129,44.26168773144714,45.15417206571882,8086300
2022-04-04 00:00:00+00:00,45.907196044921875,46.334844236387916,45.32150179792132,45.49813816924427,3326400
2022-04-05 00:00:00+00:00,45.23783874511719,46.10243397673204,45.23783874511719,45.42377385179879,3335000
2022-04-06 00:00:00+00:00,43.806148529052734,45.03331542210302,43.46217084371439,44.847383838515356,6815300
2022-04-07 00:00:00+00:00,44.336063385009766,45.28432939990585,43.62951411417112,44.178020822402644,6182900
2022-04-08 00:00:00+00:00,44.05715560913086,44.71722187943735,43.806143743010665,44.103638499949284,3707700
2022-04-11 00:00:00+00:00,43.64810562133789,44.6521496409924,43.462170492833685,43.629511753845705,3663000
2022-04-12 00:00:00+00:00,43.78755187988281,44.41972915389229,43.70388125401634,43.72247512047749,3970200
2022-04-13 00:00:00+00:00,43.982784271240234,44.363949655229185,43.61091404697025,43.63880307254445,3200100
2022-04-14 00:00:00+00:00,43.6388053894043,44.33605943711597,43.59232249550701,43.84333437825332,3678200
2022-04-18 00:00:00+00:00,44.1036376953125,44.45691404263833,43.35060565710764,43.41568241234961,3565000
2022-04-19 00:00:00+00:00,44.927486419677734,45.077275765798625,44.06619500103782,44.14109145972812,4394000
2022-04-20 00:00:00+00:00,45.87302780151367,46.453461030886295,45.40493568109006,45.40493568109006,3039900
2022-04-21 00:00:00+00:00,45.13344192504883,46.33176019588558,44.84322709257844,46.02281767856735,3098800
2022-04-22 00:00:00+00:00,43.87895202636719,44.94620143256341,43.84150737288923,44.94620143256341,4111900
2022-04-25 00:00:00+00:00,44.2534294128418,44.27215352617579,43.00830266057704,43.57001534681853,6537200
2022-04-26 00:00:00+00:00,43.541927337646484,44.63726475315186,43.504482682284,43.981935072305674,4114600
2022-04-27 00:00:00+00:00,43.579376220703125,44.3002385233663,42.81170541968717,43.541927993517106,3404400
2022-04-28 00:00:00+00:00,45.0491828918457,45.3394012807089,43.86959236628239,44.12236252988724,2604600
2022-04-29 00:00:00+00:00,44.01002502441406,46.078995166281615,43.93513213295483,44.69344274731659,4124000
2022-05-02 00:00:00+00:00,44.46875,44.5061982255233,43.43894879692479,43.775972112856415,3573200
2022-05-03 00:00:00+00:00,44.79641342163086,45.18024880832186,44.20661993534963,44.609179434959636,2943600
2022-05-04 00:00:00+00:00,45.695152282714844,45.910474221082886,44.21597952619615,45.095991392299354,4166600
2022-05-05 00:00:00+00:00,44.24406051635742,45.7419572706308,43.916397498591486,45.54535945997124,3265300
2022-05-06 00:00:00+00:00,42.67127990722656,43.93512721853364,42.465318229046936,43.76661376752476,5542700
2022-05-09 00:00:00+00:00,42.30615997314453,42.89595698090948,41.82870763341229,42.100201890936056,4320500
2022-05-10 00:00:00+00:00,42.596378326416016,43.2985164306976,41.8755161108025,43.111278888637365,5163100
2022-05-11 00:00:00+00:00,41.57594680786133,43.279802037816815,41.5104141891138,42.47468292605018,4552400
2022-05-12 00:00:00+00:00,40.948699951171875,42.03467351935461,40.41507165243313,41.35125588608236,5832700
2022-05-13 00:00:00+00:00,42.21255111694336,42.69936739172492,41.360623528890564,41.42615614556695,4100500
2022-05-16 00:00:00+00:00,42.15637969970703,42.446598130845324,41.622754911452,41.950421573303586,5127700
2022-05-17 00:00:00+00:00,43.63554382324219,43.747884921342006,42.55893062173668,43.055110649924174,4664700
2022-05-18 00:00:00+00:00,40.546142578125,43.20490608441614,40.480609964022655,42.99894439937469,4560600
2022-05-19 00:00:00+00:00,38.4771728515625,39.83464078494086,38.27121473642747,39.797192556276435,7072800
2022-05-20 00:00:00+00:00,37.49418258666992,38.83292649584932,35.883947929543986,38.72058537355214,9450800
2022-05-23 00:00:00+00:00,38.58951187133789,38.88909051414593,37.70013621307568,37.70013621307568,8961000
2022-05-24 00:00:00+00:00,38.27121353149414,38.804838273752736,37.35375338565901,38.15886884903794,6600600
2022-05-25 00:00:00+00:00,40.536773681640625,40.892524664744215,38.27120971367275,38.327378478038085,6045400
2022-05-26 00:00:00+00:00,41.12656784057617,41.52912728968678,39.31973224003572,39.68484346800605,6899900
2022-05-27 00:00:00+00:00,46.416019439697266,49.24329289099816,45.35813017774764,47.17432643923928,15886600
2022-05-31 00:00:00+00:00,46.7530403137207,47.239856553879264,45.283231322068296,46.27558791599838,13254200
2022-06-01 00:00:00+00:00,47.43645477294922,48.2509376510219,46.71559603495683,47.05261936893295,5584400
2022-06-02 00:00:00+00:00,48.00752258300781,48.06369491826229,46.743675395484864,46.809208000985514,3747400
2022-06-03 00:00:00+00:00,47.764122009277344,48.44753609961937,47.44581921379178,47.70794966727651,2721800
2022-06-06 00:00:00+00:00,46.84665298461914,48.01688310371179,46.75303243233638,47.84836968086174,2722900
2022-06-07 00:00:00+00:00,47.88582229614258,47.98879955621523,46.21941202517609,46.58452328443696,2451900
2022-06-08 00:00:00+00:00,47.11815643310547,48.02625275444694,47.11815643310547,47.913911641022565,2511100
2022-06-09 00:00:00+00:00,47.136878967285156,48.119875357869496,46.80921588459688,46.99645346238722,3142800
2022-06-10 00:00:00+00:00,46.0228157043457,47.09006513428277,45.90111075687202,46.434735471840554,2544600
2022-06-13 00:00:00+00:00,44.23469924926758,45.28322445374215,44.07554966458563,44.78704801766435,2612700
2022-06-14 00:00:00+00:00,44.32832336425781,44.87131195026391,44.01938441494295,44.562369429689504,2352400
2022-06-15 00:00:00+00:00,44.85258483886719,45.479830109358694,44.12236230632598,44.71215578048959,2515300
2022-06-16 00:00:00+00:00,42.96149826049805,44.084920168872465,42.5027699394702,43.89768258893343,2830700
2022-06-17 00:00:00+00:00,44.55300521850586,44.87130798219512,43.38277499483346,43.61682103956794,5094900
2022-06-21 00:00:00+00:00,46.088356018066406,46.29431772187418,45.24579222943997,45.71388441354131,5271400
2022-06-22 00:00:00+00:00,45.5079231262207,46.59389686042421,45.32068553661458,45.56409190322055,3735800
2022-06-23 00:00:00+00:00,45.91047668457031,46.406653196509474,45.23642287872124,45.51727744073852,3014000
2022-06-24 00:00:00+00:00,47.04325485229492,47.46453844582105,45.919833126644996,46.15387917068626,9204600
2022-06-27 00:00:00+00:00,47.033897399902344,47.249219344770125,46.72495488905329,47.14623850782044,3329700
2022-06-28 00:00:00+00:00,45.81686019897461,47.41773813051488,45.760691424321855,47.15560408751598,3149800
2022-06-29 00:00:00+00:00,44.36577224731445,45.901113887828814,44.234707020137805,45.863669230963765,3346400
2022-06-30 00:00:00+00:00,43.261070251464844,44.27215088359294,42.980215710737895,43.68235384818488,3976900
2022-07-01 00:00:00+00:00,40.012516021728516,43.47639485555822,39.703573508070924,42.877237512868966,6384400
2022-07-05 00:00:00+00:00,40.38698196411133,40.45251456615947,38.91717319601615,39.32909291907005,3849800
2022-07-06 00:00:00+00:00,39.50697708129883,40.35890462788002,38.879731760596414,39.93762099028282,3685400
2022-07-07 00:00:00+00:00,40.19974899291992,40.69592905639362,39.918894442067646,39.984427051557866,2983500
2022-07-08 00:00:00+00:00,40.181026458740234,40.48996897669764,39.43207976995495,39.70357406065822,3315000
2022-07-11 00:00:00+00:00,39.769107818603516,40.29337230148877,39.60995820507705,39.69421493319683,2400000
2022-07-12 00:00:00+00:00,40.302730560302734,40.91125174091941,39.66612499546848,39.72229733516307,4518200
2022-07-13 00:00:00+00:00,40.38698196411133,40.7989052584242,39.70356799185285,39.78782470466603,3584700
2022-07-14 00:00:00+00:00,39.97506332397461,40.078044150342556,38.701852327532805,39.900166878885535,3574700
2022-07-15 00:00:00+00:00,40.68656539916992,40.69592924128785,39.90953435257303,40.31209385341868,2208800
2022-07-18 00:00:00+00:00,40.16230773925781,41.32317426674948,40.06868716687321,41.18274876506209,2183000
2022-07-19 00:00:00+00:00,41.54916000366211,41.64350270382119,40.577412917095614,40.577412917095614,2321500
2022-07-20 00:00:00+00:00,41.671810150146484,42.17183660229919,41.01140396626443,41.51142681947336,2559000
2022-07-21 00:00:00+00:00,42.124664306640625,42.20957418538081,41.266132687798205,41.605768603815235,2177600
2022-07-22 00:00:00+00:00,40.88875198364258,42.0774866095676,40.7566707584224,41.775585637937645,3365400
2022-07-25 00:00:00+00:00,41.369911193847656,41.78502778585382,40.79441486219686,41.181225759965535,2262200
2022-07-26 00:00:00+00:00,40.97366714477539,41.634076955050055,40.83214947152227,41.36991087157383,2309300
2022-07-27 00:00:00+00:00,41.78502655029297,41.973715577539615,40.917058464535934,41.124616754401636,1889000
2022-07-28 00:00:00+00:00,41.983150482177734,42.33222286050499,41.398217707883184,41.72842082265978,1625700
2022-07-29 00:00:00+00:00,42.511470794677734,42.5397728850259,41.53029087458379,41.99257514533927,2121300
2022-08-01 00:00:00+00:00,42.85111618041992,43.153020806519685,42.06806151590504,42.2378812935481,1807400
2022-08-02 00:00:00+00:00,41.75672149658203,42.68129738436019,41.624640255169126,42.45486982840671,2242000
2022-08-03 00:00:00+00:00,41.93597412109375,42.33221781156591,40.973663388448166,41.70954658443566,3057300
2022-08-04 00:00:00+00:00,41.700111389160156,41.9737102640857,41.08687302797439,41.9737102640857,3152100
2022-08-05 00:00:00+00:00,42.84168243408203,42.86998453010417,41.32274089919694,41.37934869018527,3221300
2022-08-08 00:00:00+00:00,42.879417419433594,43.813422500453,42.64355704154776,43.058670011007074,2821200
2022-08-09 00:00:00+00:00,42.53977584838867,42.85110966073624,42.049185854166716,42.75676695370815,2767400
2022-08-10 00:00:00+00:00,44.558738708496094,44.56817513828945,43.29452703694795,43.39830617101394,1967200
2022-08-11 00:00:00+00:00,44.90781021118164,45.74747609919275,44.64364776489789,44.72855763676672,2342400
2022-08-12 00:00:00+00:00,45.49275588989258,45.558796515118395,44.95499445651422,45.190854860590484,1987300
2022-08-15 00:00:00+00:00,45.5682258605957,45.94560391781619,45.26632485439687,45.332365474568874,2258300
2022-08-16 00:00:00+00:00,45.841827392578125,46.45506587087984,45.436147217506665,45.577664896789855,2257200
2022-08-17 00:00:00+00:00,45.12480926513672,45.549355066557496,44.51157084250531,45.549355066557496,2086900
2022-08-18 00:00:00+00:00,46.17203140258789,46.2663777235772,45.105944967489826,45.71917985867166,2147200
2022-08-19 00:00:00+00:00,44.97385787963867,45.54935781272481,44.65309120107287,45.445578664273995,2123000
2022-08-22 00:00:00+00:00,44.1907958984375,44.54930464283469,43.91719702510956,44.322877120335576,2883200
2022-08-23 00:00:00+00:00,44.28514099121094,45.1153704866103,43.96437074973461,43.96437074973461,2737700
2022-08-24 00:00:00+00:00,43.98324203491211,44.55874192983354,43.57756189911319,44.16249822451017,1981400
2022-08-25 00:00:00+00:00,45.19084930419922,45.29462484612008,44.48326817897028,44.70969212363506,3798400
2022-08-26 00:00:00+00:00,39.08678436279297,43.26623078760704,38.850923971320135,43.26623078760704,12423800
2022-08-29 00:00:00+00:00,38.29429244995117,39.97361724814546,38.22825182972626,38.59619345639185,6315200
2022-08-30 00:00:00+00:00,37.44519805908203,39.00187823222635,37.44519805908203,38.53015740387284,4619700
2022-08-31 00:00:00+00:00,36.1243782043457,37.37915360797965,36.02059905689112,36.9451713540277,6819900
2022-09-01 00:00:00+00:00,35.52057647705078,35.879081681674066,35.001680735462394,35.784738964445616,4298400
2022-09-02 00:00:00+00:00,35.65266036987305,36.29420097173847,35.34132290178649,36.13381402179999,3422400
2022-09-06 00:00:00+00:00,35.180938720703125,35.70926372228355,34.709217912752514,35.67152879284506,3994600
2022-09-07 00:00:00+00:00,35.831912994384766,35.99229994436299,34.66204737818322,35.06772397166455,3571500
2022-09-08 00:00:00+00:00,36.32249069213867,36.331923521770534,35.322441600839525,35.48282849612531,3894700
2022-09-09 00:00:00+00:00,37.53954315185547,37.68105723634963,36.67157498472567,36.67157498472567,3104800
2022-09-12 00:00:00+00:00,38.020687103271484,38.45466927671139,37.73765540750386,37.73765540750386,2611400
2022-09-13 00:00:00+00:00,36.133811950683594,37.26594257137493,35.98286144118768,37.04895143890856,3918700
2022-09-14 00:00:00+00:00,35.973426818847656,36.46401685003365,35.66208938409845,36.29419708543297,3267800
2022-09-15 00:00:00+00:00,35.52057647705078,35.96399156675726,35.180936936718005,35.68095981612794,3472000
2022-09-16 00:00:00+00:00,35.81303405761719,35.97342096427927,34.84129058417354,35.09602018961807,5918500
2022-09-19 00:00:00+00:00,35.68095779418945,35.84134472312191,35.0677193701231,35.26584482338599,2780400
2022-09-20 00:00:00+00:00,34.860164642333984,35.35075466120922,34.6431735261102,35.27527761263899,2601800
2022-09-21 00:00:00+00:00,34.69977569580078,35.67152284544473,34.68090643475547,35.077153718819886,2533300
2022-09-22 00:00:00+00:00,34.22805404663086,34.79412106594665,34.15258060342149,34.48278366548144,2568400
2022-09-23 00:00:00+00:00,33.51103973388672,34.11484166800196,32.83176075853536,33.6431209571065,2881200
2022-09-26 00:00:00+00:00,32.737422943115234,33.6431259794953,32.67138232164652,33.08649531358473,3611400
2022-09-27 00:00:00+00:00,32.756282806396484,33.661985582873264,32.59589591532333,33.312913312574636,3306600
2022-09-28 00:00:00+00:00,33.29405212402344,33.39783126711515,32.55816529071117,32.55816529071117,2908400
2022-09-29 00:00:00+00:00,32.25626754760742,32.95441592681375,31.897762324854043,32.71855552287088,4703500
2022-09-30 00:00:00+00:00,32.23739242553711,32.98271203031058,32.161918981440685,32.38834651161695,3041500
2022-10-03 00:00:00+00:00,33.850685119628906,34.09597834849878,32.265702966941,32.56760398660116,4119700
2022-10-04 00:00:00+00:00,35.3413200378418,35.36962573197493,34.454486265455934,34.51109405477824,2670300
2022-10-05 00:00:00+00:00,35.718692779541016,35.96398596549785,34.680905056939864,34.86016123027699,2512400
2022-10-06 00:00:00+00:00,35.36018753051758,36.15267854663137,35.265844818647935,35.76586766965581,2757500
2022-10-07 00:00:00+00:00,32.6430778503418,34.426185493626726,32.586473657787536,34.01106888719371,5615000
2022-10-10 00:00:00+00:00,32.52986145019531,33.05818996895765,31.784541825229763,32.93554157016676,3266600
2022-10-11 00:00:00+00:00,31.954368591308594,32.77516544151346,31.831723764542303,32.45439512738549,3090600
2022-10-12 00:00:00+00:00,31.860023498535156,32.1902266213896,31.680770888834765,31.850587067056964,2873300
2022-10-13 00:00:00+00:00,33.01101303100586,33.2657390177176,31.039220548516724,31.19960384377545,3036300
2022-10-14 00:00:00+00:00,32.32231140136719,33.246887444247015,32.09588740637399,33.08650048209437,2288100
2022-10-17 00:00:00+00:00,32.52043533325195,33.18084161937391,32.16192649296836,32.49212963602934,3412400
2022-10-18 00:00:00+00:00,32.920501708984375,33.53014002389929,32.396590375481566,33.19674157224014,2468800
2022-10-19 00:00:00+00:00,32.85382843017578,33.33010890033139,32.291817330042896,32.41564763599659,2225700
2022-10-20 00:00:00+00:00,33.206268310546875,34.03499514520666,32.88239751035223,32.88239751035223,2122100
2022-10-21 00:00:00+00:00,35.101863861083984,35.225697781945094,33.58729205087242,33.682550310662144,2964700
2022-10-24 00:00:00+00:00,35.511470794677734,35.73055937553494,34.911360016833406,35.273330558911425,2346600
2022-10-25 00:00:00+00:00,35.949649810791016,36.168738380804406,35.33048377495167,35.44479006501704,2434300
2022-10-26 00:00:00+00:00,35.99728012084961,36.406881630838015,35.425741355554926,35.54957529976187,2339600
2022-10-27 00:00:00+00:00,35.968692779541016,36.62596203100498,35.71150457144661,36.29256358401764,3395800
2022-10-28 00:00:00+00:00,37.30228805541992,37.52137664608755,36.168741790557355,36.168741790557355,3062300
2022-10-31 00:00:00+00:00,36.57833480834961,37.05461519057431,36.473552542863224,36.84505065960154,2578800
2022-11-01 00:00:00+00:00,37.29275894165039,37.38801357369595,36.26399147364812,37.09271840038464,2227300
2022-11-02 00:00:00+00:00,35.88296890258789,37.445171898132365,35.87344489201998,37.15940070885257,2865600
2022-11-03 00:00:00+00:00,35.57814025878906,36.035372586910995,35.263797121152216,35.39715503613334,2385300
2022-11-04 00:00:00+00:00,37.149871826171875,37.4642186396612,36.31161729059815,36.444975223448964,2816400
2022-11-07 00:00:00+00:00,37.97860336303711,38.09291329122899,37.09272140507377,37.23560699844782,2497900
2022-11-08 00:00:00+00:00,38.50251007080078,39.10262445893943,38.1500635530762,38.26436984433497,2523800
2022-11-09 00:00:00+00:00,37.4642219543457,38.38820355673274,37.35943967391188,37.99765373294487,2106400
2022-11-10 00:00:00+00:00,39.7408447265625,39.75036873739546,38.56919517259508,39.08357533340468,3582200
2022-11-11 00:00:00+00:00,40.65530014038086,41.02679831581081,39.58843293309175,39.73131489009399,2524200
2022-11-14 00:00:00+00:00,40.245697021484375,40.893438708031624,39.69320996906939,39.69320996906939,2918200
2022-11-15 00:00:00+00:00,40.34095001220703,41.36971746083616,40.17901641403276,41.15062890427208,2967200
2022-11-16 00:00:00+00:00,39.22645568847656,39.98850363385811,39.10262176181105,39.98850363385811,2679800
2022-11-17 00:00:00+00:00,39.77893829345703,39.921823870125856,38.43582768094849,38.740646853026234,2382100
2022-11-18 00:00:00+00:00,40.045658111572266,40.140912740952004,39.407440466788245,39.855145219081614,3992300
2022-11-21 00:00:00+00:00,39.121681213378906,39.73131969121261,38.00718655241391,39.58843771694456,7317500
2022-11-22 00:00:00+00:00,41.76979446411133,41.87457674564375,38.48346223048687,39.75036635167427,12566200
2022-11-23 00:00:00+00:00,42.49374008178711,43.17958505628883,41.47450026341999,41.76979180120613,4938500
2022-11-25 00:00:00+00:00,42.512794494628906,42.931919987515386,42.31275394159236,42.388960558698,2034700
2022-11-28 00:00:00+00:00,41.51259994506836,42.19844122595857,41.493548293692115,42.10318660280828,2959900
2022-11-29 00:00:00+00:00,41.455448150634766,41.85552195883639,41.341141867395905,41.579282077153415,3448800
2022-11-30 00:00:00+00:00,42.66520309448242,42.684254748312014,40.721978008641194,41.388771357751196,6805600
2022-12-01 00:00:00+00:00,42.76998519897461,43.20816233407109,42.26512545888123,42.86523983400205,2331400
2022-12-02 00:00:00+00:00,42.427059173583984,42.60804441859038,41.84599650049621,42.179391329121444,2518000
2022-12-05 00:00:00+00:00,41.026798248291016,41.97935916166435,40.912491956131035,41.80789790655863,2304100
2022-12-06 00:00:00+00:00,40.455257415771484,41.10299903569118,40.07423165097249,40.96963747439983,2844600
2022-12-07 00:00:00+00:00,39.93135452270508,40.26475304582137,39.52175664448912,40.04566445654986,2906000
2022-12-08 00:00:00+00:00,40.22664260864258,40.436207149836534,39.74083819392064,40.05518137198045,3438600
2022-12-09 00:00:00+00:00,39.84562301635742,40.502888709834856,39.77894041229059,39.9027743430842,1835200
2022-12-12 00:00:00+00:00,40.83628463745117,40.8458122813109,39.416970935793195,39.66463517017443,3319500
2022-12-13 00:00:00+00:00,40.817230224609375,42.2460714735511,40.569566006967875,42.21749581136625,2816400
2022-12-14 00:00:00+00:00,39.70273971557617,40.864865208944906,39.531278458071554,40.569570013524384,3367900
2022-12-15 00:00:00+00:00,37.51184844970703,38.969265432452886,37.426117825208365,38.969265432452886,4463300
2022-12-16 00:00:00+00:00,37.38801193237305,37.578524821832005,36.87362822095321,37.11176842434412,4645900
2022-12-19 00:00:00+00:00,37.149871826171875,37.549945624724316,36.80694935099484,37.47374264898006,2648600
2022-12-20 00:00:00+00:00,37.10224914550781,37.283234415016935,36.835529612766656,36.911736231758866,1893400
2022-12-21 00:00:00+00:00,37.26417922973633,37.673780683683496,37.17844860835829,37.292758526016506,2863900
2022-12-22 00:00:00+00:00,37.283233642578125,37.292761286620554,36.216366434911755,36.63549192949066,2285900
2022-12-23 00:00:00+00:00,37.26417922973633,37.41658881954937,36.7974264506913,37.34038584150847,1466400
2022-12-27 00:00:00+00:00,37.540428161621094,37.71188942910864,37.08319932623156,37.35944288315392,1832500
2022-12-28 00:00:00+00:00,36.921260833740234,37.626157535784195,36.768851227045815,37.5118512391963,1822900
2022-12-29 00:00:00+00:00,37.93097686767578,38.026231509508015,37.149877176710156,37.254659462964604,1582800
2022-12-30 00:00:00+00:00,38.3120002746582,38.3120002746582,37.511848979284935,37.61663125889939,1582400
2023-01-03 00:00:00+00:00,38.959739685058594,39.035942662474966,38.07385781598952,38.63586885514376,2679200
2023-01-04 00:00:00+00:00,38.997840881347656,39.62653091296626,38.654922018972265,39.4264940014811,2790000
2023-01-05 00:00:00+00:00,38.9311637878418,39.150252363421515,38.36915269962199,38.81685749487228,2483700
2023-01-06 00:00:00+00:00,40.407630920410156,40.56956816009151,38.88353496081073,39.21692981643204,3179700
2023-01-09 00:00:00+00:00,40.27426528930664,41.055364773696226,40.188534680837996,40.6743426734039,2966400
2023-01-10 00:00:00+00:00,40.474308013916016,40.60766593800531,39.83609041954893,40.083758250341255,2780300
2023-01-11 00:00:00+00:00,38.83591079711914,40.198073261384806,37.797619204785136,40.08376696356531,5620300
2023-01-12 00:00:00+00:00,38.0357551574707,38.77875146014332,37.89286957600384,38.59776620618573,4410100
2023-01-13 00:00:00+00:00,38.273902893066406,38.3024785614835,37.1403565631607,37.49280313065542,3383600
2023-01-17 00:00:00+00:00,38.131011962890625,38.283421562735214,37.57852852610332,38.226270233875674,2691600
2023-01-18 00:00:00+00:00,38.12148666381836,38.57871544789378,37.807139830792615,38.35962688263252,2757400
2023-01-19 00:00:00+00:00,37.58804702758789,37.96907278822354,37.1784456067104,37.54994372477813,3341700
2023-01-20 00:00:00+00:00,38.35009765625,38.378676952265536,37.53089838967267,37.95954785886235,2907900
2023-01-23 00:00:00+00:00,39.093101501464844,39.64558495220303,38.66444835553685,38.82638196970321,2745200
2023-01-24 00:00:00+00:00,38.97787094116211,39.43880615029666,38.516935732027555,38.6033613126895,1903000
2023-01-25 00:00:00+00:00,38.910648345947266,39.160320190602356,38.200037665766104,38.411300993449956,2705600
2023-01-26 00:00:00+00:00,39.361976623535156,39.41959122226978,38.622558746552556,39.32356444892101,1645300
2023-01-27 00:00:00+00:00,38.70899200439453,39.534831943681766,38.69938712723795,39.08350162338013,2677300
2023-01-30 00:00:00+00:00,38.4208984375,38.805012875024666,38.25765218262341,38.37288504860611,2444000
2023-01-31 00:00:00+00:00,39.006675720214844,39.006675720214844,37.9311603019039,38.36328817722126,2562500
2023-02-01 00:00:00+00:00,39.59244155883789,39.79409997677883,38.73779083816641,38.891435870386154,3476500
2023-02-02 00:00:00+00:00,40.73517990112305,41.3689698368121,39.842120589894954,39.85172180262349,4623200
2023-02-03 00:00:00+00:00,40.56233215332031,41.08088189042569,40.043778753028114,40.29345057732427,2936700
2023-02-06 00:00:00+00:00,39.33317184448242,40.50471771208439,38.70899039321575,40.50471771208439,4299200
2023-02-07 00:00:00+00:00,40.322265625,40.52392408002825,39.17952705346553,39.23714532483954,3268800
2023-02-08 00:00:00+00:00,40.17822265625,40.562337147430476,39.918945924181266,40.02457759241526,2643200
2023-02-09 00:00:00+00:00,40.370277404785156,41.263340427831245,40.25504086664647,40.90803326335085,2878400
2023-02-10 00:00:00+00:00,41.02326583862305,41.532214345082934,40.06298342601997,40.216628465509,3964200
2023-02-13 00:00:00+00:00,41.676265716552734,42.07958264452549,40.94644889947723,41.10969884402861,3705100
2023-02-14 00:00:00+00:00,41.32095718383789,42.06037519102818,41.2249303935793,41.53222051823147,2277200
2023-02-15 00:00:00+00:00,41.10009002685547,41.340160650450635,40.783198708567085,40.860019403260296,2139900
2023-02-16 00:00:00+00:00,41.02326583862305,41.98354825122612,40.658357496141605,40.78319523547228,2960900
2023-02-17 00:00:00+00:00,40.79279327392578,41.26333323129322,40.63914824639106,40.89842491720336,2728400
2023-02-21 00:00:00+00:00,40.226226806640625,40.75438136323735,40.03416960519097,40.24543289310423,3973200
2023-02-22 00:00:00+00:00,40.1494140625,40.58153827222027,39.94775194635176,40.389484695983334,2240600
2023-02-23 00:00:00+00:00,40.36066818237305,40.744782608433745,39.79410141868618,40.52391809556418,3414200
2023-02-24 00:00:00+00:00,39.95735168457031,40.139804023806946,39.47721047934969,39.678868906377545,3712800
2023-02-27 00:00:00+00:00,39.37158203125,40.514316873897506,39.24674428204393,40.45670226902315,5148200
2023-02-28 00:00:00+00:00,39.025882720947266,40.024577464269186,38.90104496223521,39.23714605673886,7672500
2023-03-01 00:00:00+00:00,38.83382034301758,39.32356643613066,38.38249008964657,39.21793478219699,7083400
2023-03-02 00:00:00+00:00,38.574546813964844,38.6513711733846,37.354991245266405,38.60335778034079,9033100
2023-03-03 00:00:00+00:00,38.20964050292969,39.361980203863574,37.278165331336865,37.50863473679841,7775700
2023-03-06 00:00:00+00:00,37.51823425292969,38.70898607811863,37.51823425292969,38.660969026061686,5330200
2023-03-07 00:00:00+00:00,36.4907341003418,37.9599651168989,36.4811328873808,37.56624944813321,4813000
2023-03-08 00:00:00+00:00,37.23015594482422,37.25896324991037,36.519545226138156,36.682795169063425,3009800
2023-03-09 00:00:00+00:00,36.29867935180664,37.374194773060715,36.221858653310655,37.047702225468804,2730900
2023-03-10 00:00:00+00:00,35.26158142089844,36.24107020072203,34.83905469439351,36.17384704253355,3661900
2023-03-13 00:00:00+00:00,35.117530822753906,35.357601448374695,34.53175791012926,34.73341635648583,5580600
2023-03-14 00:00:00+00:00,36.05860900878906,36.77882092106789,35.68409940051403,36.000994400246576,4433900
2023-03-15 00:00:00+00:00,36.02019500732422,36.615572795548246,35.386408703075276,35.453628185102666,5072600
2023-03-16 00:00:00+00:00,36.538753509521484,36.5963717863381,35.0023027596203,35.069522250979254,5951500
2023-03-17 00:00:00+00:00,35.74171447753906,36.673185976527904,35.41521829329508,36.3562946683073,13488400
2023-03-20 00:00:00+00:00,37.01888656616211,37.297369347185594,36.00098954518715,36.09701632193269,5994100
2023-03-21 00:00:00+00:00,37.595062255859375,37.787115829987,37.20134656779837,37.45101841207654,3619400
2023-03-22 00:00:00+00:00,36.56755828857422,37.91195155133282,36.53874732344988,37.66227972043907,3286300
2023-03-23 00:00:00+00:00,36.3178825378418,37.07650656445267,35.8953595719356,36.798023770402565,3216000
2023-03-24 00:00:00+00:00,35.89535903930664,36.18344304193103,35.34799833536426,36.13542965202477,4260900
2023-03-27 00:00:00+00:00,36.48113250732422,36.64437876826902,36.13543023333888,36.28907528142271,3018900
2023-03-28 00:00:00+00:00,36.788421630859375,36.798022843466505,36.06820980016023,36.375499888203585,3981900
2023-03-29 00:00:00+00:00,37.566253662109375,37.68149020968955,37.10531846135073,37.35499398458709,3746600
2023-03-30 00:00:00+00:00,38.276859283447266,38.3632848510174,37.873538747057694,37.90234971170564,4139600
2023-03-31 00:00:00+00:00,38.61295700073242,38.78580813731838,38.35368029585349,38.35368029585349,3915700
2023-04-03 00:00:00+00:00,39.34278106689453,39.515632235737705,38.468924008048496,38.545744714652365,4756200
2023-04-04 00:00:00+00:00,39.246742248535156,39.70767737958228,38.881837559281266,39.602049388389915,3749300
2023-04-05 00:00:00+00:00,39.17952346801758,39.496418436793746,38.73779441746916,39.11230398915964,3046600
2023-04-06 00:00:00+00:00,38.632164001464844,39.169923512779555,38.632164001464844,38.97786628279666,2186500
2023-04-10 00:00:00+00:00,39.78450393676758,39.79410514988534,38.31527289622178,38.31527289622178,3470200
2023-04-11 00:00:00+00:00,39.947750091552734,40.28385116073631,39.75569652423296,39.77489895041535,2897800
2023-04-12 00:00:00+00:00,40.20703125,40.322267798960965,39.51563027217119,40.13981176136647,3519200
2023-04-13 00:00:00+00:00,40.9560546875,41.071287574742264,40.10140008948984,40.29345734368524,4411800
2023-04-14 00:00:00+00:00,41.56102752685547,41.99315540631786,40.99446067671304,41.04247773468781,7116900
2023-04-17 00:00:00+00:00,42.18520736694336,42.2524268438673,41.01366163223455,41.05207380853016,6329400
2023-04-18 00:00:00+00:00,43.692848205566406,43.836892027562676,42.44448184661611,42.482894020906656,9277600
2023-04-19 00:00:00+00:00,42.08918380737305,43.51040147029081,42.079578930971415,42.703764022344295,7267000
2023-04-20 00:00:00+00:00,41.2153205871582,41.83950563874623,41.052074330605926,41.68586059479658,4489200
2023-04-21 00:00:00+00:00,41.39778137207031,41.426588676388995,40.8312145202838,41.032872976889024,4904900
2023-04-24 00:00:00+00:00,41.33966064453125,41.52369247899504,41.03939467734392,41.359032999985175,2814400
2023-04-25 00:00:00+00:00,40.40012741088867,41.32997843410459,40.39044307924871,41.26217702792631,2396000
2023-04-26 00:00:00+00:00,40.36137771606445,40.86504788190495,40.16766154796347,40.438867139224094,2501400
2023-04-27 00:00:00+00:00,41.45589065551758,41.46557868059429,40.47761073201045,40.51635544251938,2988500
2023-04-28 00:00:00+00:00,42.12422180175781,42.26950891630626,41.47526086643203,41.55275028344355,3792400
2023-05-01 00:00:00+00:00,42.4438591003418,42.724752712467186,42.027362694748696,42.12422447215349,4516200
2023-05-02 00:00:00+00:00,43.354339599609375,44.21639283045995,42.50197808928617,43.59648851172602,6777900
2023-05-03 00:00:00+00:00,43.74177932739258,44.3132509076589,43.39308430283697,43.63523321490068,5124900
2023-05-04 00:00:00+00:00,42.79255676269531,43.7320957398365,42.70538300507501,43.61586159974327,3549600
2023-05-05 00:00:00+00:00,43.964561462402344,44.361685580787686,43.209057943254535,43.33497642807905,3699600
2023-05-08 00:00:00+00:00,44.574771881103516,44.739431366665606,43.751463368595616,44.090474060180924,3888000
2023-05-09 00:00:00+00:00,44.536033630371094,44.76849824389777,43.84833151165835,44.642579757616666,3220600
2023-05-10 00:00:00+00:00,44.3907356262207,45.09780993108615,44.02266828433911,44.962203450993826,3062200
2023-05-11 00:00:00+00:00,43.296226501464844,44.27450648689734,43.08313427507592,44.18733273018361,3737500
2023-05-12 00:00:00+00:00,43.354339599609375,43.393084312323836,42.802240375575344,43.31559858179408,2397200
2023-05-15 00:00:00+00:00,43.519004821777344,43.58680622475724,43.05407933210119,43.39308634700067,2996400
2023-05-16 00:00:00+00:00,43.954872131347656,44.6813188771075,43.27685442965862,43.431829587624755,3910100
2023-05-17 00:00:00+00:00,44.41011428833008,44.72006463712661,43.81927397618017,44.3616852391243,2404600
2023-05-18 00:00:00+00:00,45.640228271484375,45.82426381890568,44.21639510744755,44.33262555667723,3923300
2023-05-19 00:00:00+00:00,46.25044250488281,46.67662326272221,45.872690790791204,45.872690790791204,5099700
2023-05-22 00:00:00+00:00,46.04703903198242,46.43447508298739,44.91378017689708,45.28184756601617,3805600
2023-05-23 00:00:00+00:00,44.8944091796875,46.105153803680146,44.88472484845128,45.853320547645396,4141100
2023-05-24 00:00:00+00:00,44.468223571777344,44.61351438883377,43.8289506275472,44.61351438883377,3230700
2023-05-25 00:00:00+00:00,46.5700798034668,46.80254068621971,45.09781399806827,45.330274880821186,4081700
2023-05-26 00:00:00+00:00,46.986572265625,47.0253169775019,45.98891995163893,46.63788094343018,4296700
2023-05-30 00:00:00+00:00,45.83394241333008,47.55804135822112,45.68865159880377,47.25777909405181,5464400
2023-05-31 00:00:00+00:00,43.402774810791016,44.72006186404168,43.054079766292546,44.53603001051166,9937400
2023-06-01 00:00:00+00:00,44.03235626220703,46.00829222561996,43.30590954285514,43.59648749161608,14458300
2023-06-02 00:00:00+00:00,45.78551483154297,46.33761403248687,43.94518169846395,44.07110016207016,7912500
2023-06-05 00:00:00+00:00,44.05173110961914,46.085784255787274,43.87738359152189,45.77583023869272,5765700
2023-06-06 00:00:00+00:00,45.37870407104492,45.60148431884796,43.74177877628187,43.95487099858088,5466200
2023-06-07 00:00:00+00:00,46.163265228271484,46.27949566338355,45.30121575263408,45.38838950269285,4096000
2023-06-08 00:00:00+00:00,46.38604736328125,46.589451572985624,45.71771766215287,46.482909149973345,3976100
2023-06-09 00:00:00+00:00,46.11484146118164,47.141550529384475,46.09546910396469,46.57976694969036,3293500
2023-06-12 00:00:00+00:00,46.560386657714844,46.60881569505433,46.124517931862044,46.22137970143972,3596800
2023-06-13 00:00:00+00:00,47.26746368408203,47.2868360391187,46.73473685271993,46.76379353782547,2805600
2023-06-14 00:00:00+00:00,47.829254150390625,48.12951643664551,47.10280741412363,47.10280741412363,4013600
2023-06-15 00:00:00+00:00,48.623497009277344,48.875330224762465,47.63552911179181,47.80018858059001,3216600
2023-06-16 00:00:00+00:00,48.11014175415039,48.72035801768229,47.97453896112086,48.62349993548948,9352100
2023-06-20 00:00:00+00:00,47.780826568603516,48.02297548810003,47.20935497079578,47.95517039133367,4212100
2023-06-21 00:00:00+00:00,48.4879035949707,49.001258149725274,47.85831489223815,48.31355606790321,5943300
2023-06-22 00:00:00+00:00,49.669586181640625,49.82456134543282,48.19732027816509,48.27480970751087,6326400
2023-06-23 00:00:00+00:00,49.272457122802734,50.03764853335136,48.9237621157224,49.00125153725091,18285400
2023-06-26 00:00:00+00:00,49.70832824707031,49.960165184122886,49.12717233754756,49.51460837892967,3404300
2023-06-27 00:00:00+00:00,49.77613067626953,49.95047819171244,49.253088129940785,49.70832927525276,3496000
2023-06-28 00:00:00+00:00,50.14419937133789,50.289486508062424,49.31120648581293,49.42743693417243,2946800
2023-06-29 00:00:00+00:00,51.43242645263672,51.480859190034906,50.173252873165026,50.36697273806047,4033400
2023-06-30 00:00:00+00:00,52.41071319580078,52.89501103912564,52.07170248853378,52.24605000772268,5019800
2023-07-03 00:00:00+00:00,52.8950080871582,53.059667571147656,52.05233092137291,52.30416416009182,1828600
2023-07-05 00:00:00+00:00,52.507564544677734,52.96280564131917,52.168557575837625,52.38164978190789,2639900
2023-07-06 00:00:00+00:00,52.11043930053711,52.62379744914529,51.664886239019545,51.96515218651117,3596100
2023-07-07 00:00:00+00:00,51.84892272949219,52.80783402595097,51.79080935660923,52.22667443282777,5404100
2023-07-10 00:00:00+00:00,53.14684295654297,53.15653098230967,51.54866233066604,51.59709137480185,3238500
2023-07-11 00:00:00+00:00,53.989524841308594,54.10575528836339,53.15653196513412,53.27276241218891,4597100
2023-07-12 00:00:00+00:00,52.46882247924805,53.94108825149425,52.44945381853737,53.757056415550615,5882000
2023-07-13 00:00:00+00:00,53.89266586303711,53.91203822103835,52.51726169904404,52.84658439526624,5375700
2023-07-14 00:00:00+00:00,53.679569244384766,54.338214583141564,53.11778568773878,53.83454809576207,4227900
2023-07-17 00:00:00+00:00,52.982181549072266,53.91203246444802,52.97249352365636,53.83454673561625,4146500
2023-07-18 00:00:00+00:00,52.13950729370117,53.32119151225979,51.45180155191049,53.25339011016624,5677900
2023-07-19 00:00:00+00:00,52.59474563598633,52.807837871807024,52.255738619816455,52.27511097715464,3292700
2023-07-20 00:00:00+00:00,51.91672897338867,52.52694530990733,51.56803761884888,52.15887790273265,3414800
2023-07-21 00:00:00+00:00,51.877986907958984,52.575373297892185,51.75206843266436,51.76175276388732,2875600
2023-07-24 00:00:00+00:00,52.4046630859375,52.89232978547602,52.258365308436936,52.443677314844976,2937600
2023-07-25 00:00:00+00:00,53.02887725830078,53.311724844403564,52.66800493293619,52.66800493293619,2395400
2023-07-26 00:00:00+00:00,52.5899772644043,53.20443837296962,52.433924062930764,52.902087387953166,1931200
2023-07-27 00:00:00+00:00,52.385154724121094,53.42876113863569,52.26811576078717,53.08739594532776,2957500
2023-07-28 00:00:00+00:00,51.312286376953125,53.077637298653634,51.234257925743584,52.80454516062291,4747700
2023-07-31 00:00:00+00:00,51.61463928222656,51.84872092413527,51.06845498544203,51.2440152867232,3865500
2023-08-01 00:00:00+00:00,52.05353927612305,52.35589395071936,51.478092457118066,51.478092457118066,3681300
2023-08-02 00:00:00+00:00,51.64390563964844,51.94625662045791,51.175746041741924,51.74143749398664,2788900
2023-08-03 00:00:00+00:00,52.19009017944336,52.62899096687204,50.76610426520965,51.20500505263833,2615500
2023-08-04 00:00:00+00:00,51.9267463684082,53.214186022776886,51.75118607730327,52.26811153411155,2533600
2023-08-07 00:00:00+00:00,53.22393798828125,53.29221102176775,52.20959046133719,52.20959046133719,2738300
2023-08-08 00:00:00+00:00,56.159698486328125,57.271577957695655,53.46777624139468,53.68235077818547,8258000
2023-08-09 00:00:00+00:00,55.17461013793945,56.44254281376369,55.15510302346811,56.05241168614174,2754100
2023-08-10 00:00:00+00:00,54.61867141723633,55.964632576072425,54.05297624881184,55.77931684543598,3189100
2023-08-11 00:00:00+00:00,55.437950134277344,56.15969848121601,54.37483658847678,54.68694297617955,3118100
2023-08-14 00:00:00+00:00,55.359920501708984,55.55498792003216,54.90151634734129,55.12584257620241,2253900
2023-08-15 00:00:00+00:00,54.35532760620117,55.29164673713204,54.316313378928676,55.16485607939868,2279300
2023-08-16 00:00:00+00:00,53.857913970947266,54.92102757378413,53.7993926248877,54.30656646226511,1834700
2023-08-17 00:00:00+00:00,53.50679397583008,54.45286861846638,53.28246772748781,53.935939356928074,3966900
2023-08-18 00:00:00+00:00,53.57505798339844,53.98469617981487,52.98985949691747,53.165416066380764,2324600
2023-08-21 00:00:00+00:00,54.66743469238281,55.057569528966,53.72136385266112,53.72136385266112,4076000
2023-08-22 00:00:00+00:00,54.42360305786133,55.16485852651485,54.179769707494025,55.03806414255539,2188400
2023-08-23 00:00:00+00:00,55.428192138671875,55.515968562174514,54.33581618524607,54.83323824203488,2643700
2023-08-24 00:00:00+00:00,55.3111572265625,56.237724717526994,54.83324593541143,56.02315017503369,3925900
2023-08-25 00:00:00+00:00,54.823486328125,55.476961602779326,54.24803950681507,55.37942603609883,2680900
2023-08-28 00:00:00+00:00,55.77931213378906,56.08166680729709,54.68693983948489,54.96978739980516,3252400
2023-08-29 00:00:00+00:00,55.1063346862793,55.86709351436466,54.930774384320905,55.76956166687733,4939400
2023-08-30 00:00:00+00:00,54.316314697265625,54.56990346009031,52.29737489443014,53.33122961863542,6340600
2023-08-31 00:00:00+00:00,54.852752685546875,55.39893701465962,54.18952566825138,54.60891933273535,7050300
2023-09-01 00:00:00+00:00,66.50797271728516,68.54641551597982,62.28477821171181,62.50910067870988,32041900
2023-09-05 00:00:00+00:00,66.42020416259766,68.1075342469467,65.87401983064811,66.37144195650413,9466400
2023-09-06 00:00:00+00:00,68.73175048828125,68.74150590647103,66.15687073526057,66.32267563846783,7585600
2023-09-07 00:00:00+00:00,67.27849578857422,68.87804184047559,66.87860555499752,67.75640703255381,7649300
2023-09-08 00:00:00+00:00,68.76101684570312,69.14139634359574,67.38579293701085,67.65889258786098,5549400
2023-09-11 00:00:00+00:00,70.38006591796875,71.02378213097747,68.81952643183078,69.36571822846057,7449200
2023-09-12 00:00:00+00:00,68.98533630371094,70.48734322732456,68.84878277854258,69.88264126725254,4782500
2023-09-13 00:00:00+00:00,68.71222686767578,69.44372683053054,68.03925196186705,69.17063470165715,2801500
2023-09-14 00:00:00+00:00,69.40472412109375,69.40472412109375,68.39037655345452,68.73174173458241,5116800
2023-09-15 00:00:00+00:00,67.58084869384766,69.33644425859084,66.95663594533414,69.15113598216531,6092400
2023-09-18 00:00:00+00:00,67.44430541992188,67.73690097225712,66.71280537727891,67.30775934059145,3527400
2023-09-19 00:00:00+00:00,68.1758041381836,68.6732262410548,67.57109476917931,68.08802026534605,3844000
2023-09-20 00:00:00+00:00,67.23948669433594,68.7122347644743,67.17121365427127,68.18556127894871,3089800
2023-09-21 00:00:00+00:00,66.75182342529297,67.49307148658487,66.36168855865301,66.57626310736516,3898800
2023-09-22 00:00:00+00:00,68.32210540771484,68.84877887819799,66.92737839376888,67.03466565954957,4494700
2023-09-25 00:00:00+00:00,68.3025894165039,69.22916051090898,67.68813211986243,68.4586463153857,3643700
2023-09-26 00:00:00+00:00,67.22972106933594,68.31234156970353,67.22972106933594,68.07826367376524,3214200
2023-09-27 00:00:00+00:00,66.2739028930664,68.25383598569617,65.57166908148342,68.07827567249957,5517400
2023-09-28 00:00:00+00:00,66.8103256225586,67.56132892842054,66.38117662423636,66.52747809559185,3375100
2023-09-29 00:00:00+00:00,67.20046997070312,67.88320034600311,66.85910478305313,67.39553366615941,6379700
2023-10-02 00:00:00+00:00,66.03005981445312,67.61985781684069,65.67893923976645,66.91761666746733,3902500
2023-10-03 00:00:00+00:00,65.58141326904297,67.2394844514832,65.17177504231891,67.04441331408863,4329700
2023-10-04 00:00:00+00:00,65.54239654541016,66.19587552929072,64.82065196754515,65.64968380659043,6075300
2023-10-05 00:00:00+00:00,64.55731964111328,65.40585493035428,62.733443518012606,64.65485149213826,7329800
2023-10-06 00:00:00+00:00,64.77189636230469,65.4156125537394,64.26471881394667,65.0742473430389,8053800
2023-10-09 00:00:00+00:00,65.52288818359375,65.79598030363053,64.37199464829435,64.60607254529698,6012500
2023-10-10 00:00:00+00:00,66.30316925048828,66.85910900295083,65.67894901498312,65.67894901498312,8039300
2023-10-11 00:00:00+00:00,68.60494995117188,68.61470536901693,66.40070175521508,66.55675123471833,5088600
2023-10-12 00:00:00+00:00,67.34677124023438,69.02433836273981,66.95663640940867,68.30259376249421,4301700
2023-10-13 00:00:00+00:00,66.36167907714844,68.89754418618791,66.08858694187992,67.70763636148719,4633600
2023-10-16 00:00:00+00:00,66.08859252929688,66.91762442179554,65.60092583474433,66.20562777361941,5387500
2023-10-17 00:00:00+00:00,66.22514343261719,66.9566435277318,65.05473881571154,65.60093061341568,4220100
2023-10-18 00:00:00+00:00,65.24005126953125,66.64453376262173,65.22054787543983,65.59117189280387,3434600
2023-10-19 00:00:00+00:00,65.3765869140625,66.98588827359461,65.14250901632033,65.58140600473718,4750700
2023-10-20 00:00:00+00:00,64.28422546386719,65.59116859722401,63.73803372110645,65.17177495389848,4616500
2023-10-23 00:00:00+00:00,64.28422546386719,65.00023414987963,63.45051333705826,64.19594601246683,2945000
2023-10-24 00:00:00+00:00,65.6672134399414,65.8731963575209,64.75503224019616,65.11794561496374,4078500
2023-10-25 00:00:00+00:00,65.06889343261719,66.24590540565372,64.81388053252284,65.54951020946616,4581200
2023-10-26 00:00:00+00:00,63.27396011352539,65.32391113727267,62.67564740215541,64.87272585190071,4406100
2023-10-27 00:00:00+00:00,64.69617462158203,64.89234701787528,63.75456956900976,63.75456956900976,5273200
2023-10-30 00:00:00+00:00,65.15716552734375,65.51026833105989,64.57846635556017,64.68635929465184,3741900
2023-10-31 00:00:00+00:00,65.62797546386719,65.67701294963288,64.4705845381918,64.76483190242082,3114100
2023-11-01 00:00:00+00:00,67.35425567626953,67.42291415112273,65.47104538039983,66.00069967921553,3407600
2023-11-02 00:00:00+00:00,67.33463287353516,68.59010623066303,67.00114355374161,68.05064151476675,3747200
2023-11-03 00:00:00+00:00,68.17816162109375,68.71761890269842,67.32482848853226,67.66812084650108,3924400
2023-11-06 00:00:00+00:00,70.59102630615234,70.91470516598206,68.4233717158714,68.4233717158714,6350300
2023-11-07 00:00:00+00:00,70.2379150390625,70.92449967471646,69.78672978088828,70.22810454906421,5657300
2023-11-08 00:00:00+00:00,71.09125518798828,71.11086868673684,69.66903332432632,70.28696704148057,3526300
2023-11-09 00:00:00+00:00,70.85585021972656,71.8661138048666,70.28696894209085,71.23837706296963,3555700
2023-11-10 00:00:00+00:00,72.09171295166016,72.37615734292432,71.0226013447272,71.3168487443983,2560000
2023-11-13 00:00:00+00:00,72.35652923583984,72.63117059165732,70.96373889150428,71.4541586592178,3234700
2023-11-14 00:00:00+00:00,72.47423553466797,73.03331379260021,71.92496776777652,73.0137002937307,5171800
2023-11-15 00:00:00+00:00,71.54244232177734,72.69983334106794,71.12068099737792,71.6209038019911,5267000
2023-11-16 00:00:00+00:00,71.15010070800781,71.67975495445494,70.43408455543714,71.40512108219609,4044300
2023-11-17 00:00:00+00:00,72.18978881835938,72.59193662265365,71.21875976675852,71.40512167442776,4052500
2023-11-20 00:00:00+00:00,71.95438385009766,72.60173400661884,71.70917398351014,72.47422756994939,3241800
2023-11-21 00:00:00+00:00,72.20940399169922,72.63116526030272,71.51300887064902,72.41537938103426,3737300
2023-11-22 00:00:00+00:00,73.24909210205078,73.93567673948273,72.5919314514786,72.82733082956793,3521000
2023-11-24 00:00:00+00:00,72.9842758178711,73.61201254248513,72.74886893373181,73.2000542368474,1695900
2023-11-27 00:00:00+00:00,73.03331756591797,73.69047831857463,71.934774492166,72.89600061710053,3686200
2023-11-28 00:00:00+00:00,72.6115493774414,73.47469295510413,72.43499796230238,72.58212538878686,3126700
2023-11-29 00:00:00+00:00,73.62181854248047,74.63208214086622,72.99408179235316,73.02350578326345,5427800
2023-11-30 00:00:00+00:00,74.41630554199219,74.52419850012308,73.20986950253429,73.67086532669127,10519900
2023-12-01 00:00:00+00:00,70.5517807006836,71.66012656579244,67.18750114684872,70.48312223971598,14355400
2023-12-04 00:00:00+00:00,67.9917984008789,69.69845715004521,67.35425118647633,69.51210272113026,7444100
2023-12-05 00:00:00+00:00,67.96237182617188,68.97263534318954,67.78582041171751,67.88390286792288,4977400
2023-12-06 00:00:00+00:00,66.33417510986328,68.48221608781746,66.21647915482697,68.14873423759886,5260000
2023-12-07 00:00:00+00:00,67.2757797241211,67.49156561788539,66.2753266968278,66.2753266968278,5460600
2023-12-08 00:00:00+00:00,67.38367462158203,67.98198735044377,67.11885123361284,67.11885123361284,3002200
2023-12-11 00:00:00+00:00,67.91332244873047,68.42336316103437,67.17769285011663,67.27577529995622,3945500
2023-12-12 00:00:00+00:00,68.64895629882812,68.9628246476797,67.61907928691441,67.77600971973433,3436300
2023-12-13 00:00:00+00:00,68.53125762939453,69.1295703149359,67.9427479508079,68.64895357854273,4234200
2023-12-14 00:00:00+00:00,71.04222106933594,71.07164506355987,69.53172700573099,69.63961997336085,7684300
2023-12-15 00:00:00+00:00,70.24773406982422,71.591479517722,70.02213767170332,70.64006391891974,5538900
2023-12-18 00:00:00+00:00,71.96419525146484,72.26825309525655,69.68864796004203,70.24772616361368,4810300
2023-12-19 00:00:00+00:00,72.12113189697266,72.59193818000152,71.46397118548846,72.28787282677396,2684000
2023-12-20 00:00:00+00:00,71.03239440917969,72.85675646795232,70.92450146610733,72.130937337184,4336900
2023-12-21 00:00:00+00:00,73.87683868408203,73.95530764838375,71.98381794877395,71.98381794877395,4381800
2023-12-22 00:00:00+00:00,74.25936126708984,74.69093306275626,73.6120110568021,74.2299372779693,4244000
2023-12-26 00:00:00+00:00,75.52464294433594,75.81889779324788,74.41629698209603,74.53399293509149,3001100
2023-12-27 00:00:00+00:00,75.7796630859375,75.96601750535541,75.44617375929576,75.54425621423334,2050300
2023-12-28 00:00:00+00:00,75.21078491210938,75.70120473874462,75.1813609198253,75.52465330182743,1546500
2023-12-29 00:00:00+00:00,75.03422546386719,75.45598676907099,74.73997060601825,75.34809382007384,2293400
