Price,Close,High,Low,Open,Volume
Ticker,GS,GS,GS,GS,GS
Date,,,,,
2015-01-02 00:00:00+00:00,158.77783203125,159.85589115629196,157.38124155919482,159.5047090999996,1877700
2015-01-05 00:00:00+00:00,153.82032775878906,158.47560765605388,153.11795132080871,157.67522926089967,3413200
2015-01-06 00:00:00+00:00,150.70864868164062,154.08169078349252,150.21861394658526,153.7876724348795,3429200
2015-01-07 00:00:00+00:00,152.95462036132812,153.53449438995588,151.72138329358893,152.60343835091078,1896800
2015-01-08 00:00:00+00:00,155.39657592773438,155.84577227541814,154.56352201585705,154.64519861074453,1962500
2015-01-09 00:00:00+00:00,153.0118408203125,156.24603117224353,152.69332188471165,155.56815498373817,1980700
2015-01-12 00:00:00+00:00,151.14968872070312,153.15880380135073,150.36563560443233,153.01996352846868,2084200
2015-01-13 00:00:00+00:00,151.03536987304688,154.66976811155695,149.76129418173196,152.38295951740247,2745300
2015-01-14 00:00:00+00:00,147.19674682617188,149.05885863350662,145.45714991743242,147.97262466887813,5204700
2015-01-15 00:00:00+00:00,145.77566528320312,148.315652924262,144.96711183506318,147.15590506293432,3146000
2015-01-16 00:00:00+00:00,144.7466583251953,147.09064309806575,142.1576685778998,144.33830008501423,5124100
2015-01-20 00:00:00+00:00,143.43988037109375,145.64501177513026,142.29647013270736,145.02431190544698,3606600
2015-01-21 00:00:00+00:00,144.68130493164062,145.69403775159327,141.14493389468794,142.55784977394433,3737000
2015-01-22 00:00:00+00:00,148.67501831054688,149.12421473334842,144.7629530183678,146.03702835424073,6228200
2015-01-23 00:00:00+00:00,147.40914916992188,149.44276505290512,147.35197303947325,148.1768521263356,3123800
2015-01-26 00:00:00+00:00,147.35195922851562,147.81749351989495,145.42450818514425,145.96354395555116,2736500
2015-01-27 00:00:00+00:00,144.1422576904297,145.89819267039604,143.98707960658035,144.75479488745532,3335600
2015-01-28 00:00:00+00:00,141.3327178955078,145.35095944994447,141.26737911469198,145.154943107497,3017300
2015-01-29 00:00:00+00:00,143.73385620117188,143.98703617230018,141.34904692892502,141.43887372710836,2421400
2015-01-30 00:00:00+00:00,140.81005859375,143.4888870288179,140.73655711853146,142.21481160995654,3037400
2015-02-02 00:00:00+00:00,143.32554626464844,143.41538555506145,140.6875436743851,141.2837555389904,2975300
2015-02-03 00:00:00+00:00,147.20489501953125,147.400898882049,143.6685132754741,143.75017739749083,3766900
2015-02-04 00:00:00+00:00,146.0125274658203,147.5887962793333,145.808348407113,145.96352648566668,2980500
2015-02-05 00:00:00+00:00,147.63780212402344,148.3156781167193,146.3800521021681,146.55156800045788,2434400
2015-02-06 00:00:00+00:00,149.81028747558594,150.78218201280498,147.94001235041,148.68322728617792,3250900
2015-02-09 00:00:00+00:00,148.82203674316406,149.41823611896467,147.94814436991427,148.38917812567993,2421900
2015-02-10 00:00:00+00:00,150.73312377929688,150.9291401327178,148.92818814884575,149.74490426161793,2556300
2015-02-11 00:00:00+00:00,153.2567901611328,153.69782388853045,150.07160196148428,150.33295712766068,4079600
2015-02-12 00:00:00+00:00,154.9964141845703,155.17609276263198,153.05262545577645,153.74683927666038,3086700
2015-02-13 00:00:00+00:00,154.35940551757812,156.26235629798273,153.82036968200867,155.06994482494457,2720400
2015-02-17 00:00:00+00:00,155.19244384765625,155.69064131813565,153.79585341004932,154.17971109035815,2123300
2015-02-18 00:00:00+00:00,154.0898895263672,155.2087870633781,153.39568802833645,154.80042884261746,1850700
2015-02-19 00:00:00+00:00,154.44923400878906,155.05360861199674,152.94647887130836,153.2813231135004,1470400
2015-02-20 00:00:00+00:00,156.4093780517578,156.51555518844856,152.76682930958225,153.8285632901739,2317100
2015-02-23 00:00:00+00:00,155.4292449951172,155.7804394119612,154.57986570166287,155.7804394119612,1691100
2015-02-24 00:00:00+00:00,156.98919677734375,157.85491399851114,154.9147305472815,155.2005862163541,2627300
2015-02-25 00:00:00+00:00,156.58087158203125,157.17707107369327,155.55181338876622,156.4420312873759,2775700
2015-02-26 00:00:00+00:00,157.4656524658203,157.686861620902,155.6632385200435,156.08106692299884,2449300
2015-02-27 00:00:00+00:00,155.49122619628906,157.7114816462384,155.49122619628906,156.6382262908162,2572400
2015-03-02 00:00:00+00:00,157.1297149658203,157.23622537249213,155.48296656914664,155.66320917987366,1659400
2015-03-03 00:00:00+00:00,156.7037353515625,158.01457623772572,156.13024168253958,156.23673961314245,1487800
2015-03-04 00:00:00+00:00,155.39288330078125,156.33506308770285,154.8275779288732,155.95000037064153,1648500
2015-03-05 00:00:00+00:00,155.72877502441406,156.25311382916064,154.901306559474,155.76974153284584,1330100
2015-03-06 00:00:00+00:00,153.13169860839844,156.81025950858395,152.86133458323562,153.6806149620709,4103600
2015-03-09 00:00:00+00:00,153.9673614501953,154.67194310284202,152.8531520937769,153.45122329273136,2233700
2015-03-10 00:00:00+00:00,149.69068908691406,152.50081413936854,149.69068908691406,152.05020753440866,2768500
2015-03-11 00:00:00+00:00,150.89500427246094,152.25501225186855,149.93644804636446,150.17404627834003,2098600
2015-03-12 00:00:00+00:00,155.622314453125,155.66328097467957,152.3370044445749,152.3370044445749,3114800
2015-03-13 00:00:00+00:00,155.1224822998047,155.45020182187508,152.51717773075802,154.73741967463542,3095100
2015-03-16 00:00:00+00:00,157.21983337402344,157.7032180945501,155.58127330758768,155.69597201218932,2127700
2015-03-17 00:00:00+00:00,156.13023376464844,156.6791499986776,154.6801043098408,156.457940844264,1883200
2015-03-18 00:00:00+00:00,157.5640106201172,158.1538809998438,155.00784730224413,155.39291008567824,2790100
2015-03-19 00:00:00+00:00,155.63865661621094,157.1051626361908,154.91768605824623,157.1051626361908,2097100
2015-03-20 00:00:00+00:00,158.22755432128906,158.8747800367903,155.58127085483494,156.04826646699308,3473800
2015-03-23 00:00:00+00:00,157.2689971923828,159.14514292634408,157.2689971923828,158.3422520119224,1590500
2015-03-24 00:00:00+00:00,156.7119598388672,157.7196712686361,156.61365018754162,157.25268792361237,1799100
2015-03-25 00:00:00+00:00,153.49220275878906,156.67100251683948,153.49220275878906,156.54811544546658,2542000
2015-03-26 00:00:00+00:00,153.40203857421875,154.00010965662455,151.5832354183646,152.81215579387555,2377200
2015-03-27 00:00:00+00:00,154.0738525390625,154.41794876786628,152.60734629002562,153.36108267234223,1539600
2015-03-30 00:00:00+00:00,156.49891662597656,157.30180776945699,154.999632270527,155.04059878321186,2403800
2015-03-31 00:00:00+00:00,154.0001220703125,156.11386678672363,154.0001220703125,155.94181241974428,2146600
2015-04-01 00:00:00+00:00,157.49024963378906,157.5721826648333,153.17265142447064,153.97554262355766,4031400
2015-04-02 00:00:00+00:00,156.9331512451172,157.89989604337475,156.3596575087588,157.0806157053697,2296300
2015-04-06 00:00:00+00:00,157.34275817871094,157.8261304757373,154.80298466687955,155.8106957694244,1997000
2015-04-07 00:00:00+00:00,157.62135314941406,158.64545363312854,157.49846609185897,157.7278636001129,1778000
2015-04-08 00:00:00+00:00,157.7606201171875,158.8174987554489,157.46567869502454,158.15387117966281,1997300
2015-04-09 00:00:00+00:00,159.66957092285156,159.83342451724695,157.63775884964727,158.00643256234386,1986500
2015-04-10 00:00:00+00:00,160.28396606445312,160.46420869532272,159.0140793474074,159.4728742255399,1764800
2015-04-13 00:00:00+00:00,160.23477172851562,161.70947811673923,159.57115697911993,160.02176344513543,2196100
2015-04-14 00:00:00+00:00,161.98809814453125,162.61894746118628,160.34134928031358,161.38182623620597,3267400
2015-04-15 00:00:00+00:00,164.75730895996094,165.60935515568045,161.71777288910917,162.38958888098037,5066100
2015-04-16 00:00:00+00:00,164.02810668945312,166.20738268456407,162.79098549354788,166.06810654022715,5976900
2015-04-17 00:00:00+00:00,161.68495178222656,162.4222989585983,160.2921654471764,162.0863910777345,4578400
2015-04-20 00:00:00+00:00,162.2993927001953,163.5283128493602,162.15191578166,163.09409539675303,2616600
2015-04-21 00:00:00+00:00,161.26710510253906,163.44639334746552,161.0540967595191,163.01217585897112,1868300
2015-04-22 00:00:00+00:00,162.4796600341797,163.1678524220879,161.04591964209223,162.1437521420254,1938100
2015-04-23 00:00:00+00:00,163.2907257080078,164.25748279163352,161.8897636435127,162.3485585301596,2053400
2015-04-24 00:00:00+00:00,162.2093048095703,163.11870640736734,161.76688646403403,163.03677338005326,1445700
2015-04-27 00:00:00+00:00,161.00491333007812,163.29069908959056,160.88201382611703,162.84009257750859,1767100
2015-04-28 00:00:00+00:00,161.79965209960938,161.89796172376532,159.26806676657924,160.74277363503762,1909400
2015-04-29 00:00:00+00:00,162.67623901367188,163.63479513835526,160.15285504816117,160.40682985454467,2480600
2015-04-30 00:00:00+00:00,160.92303466796875,163.65123956104838,160.08736526348414,162.54520615801803,2732800
2015-05-01 00:00:00+00:00,161.83241271972656,162.68447110637138,161.25891909480606,162.58614898408254,2029500
2015-05-04 00:00:00+00:00,163.28257751464844,163.62667376415533,162.13557751506596,162.4305189433899,1581600
2015-05-05 00:00:00+00:00,161.63580322265625,164.1755771270031,161.1688199571003,162.47147262039732,2287500
2015-05-06 00:00:00+00:00,160.78378295898438,162.70089614785687,158.9485903116477,162.0127035930658,2433700
2015-05-07 00:00:00+00:00,161.71774291992188,162.17653790191932,159.60399818038312,160.79195215188912,1795300
2015-05-08 00:00:00+00:00,164.2656707763672,164.95386310501206,163.11868356195907,163.11868356195907,3192500
2015-05-11 00:00:00+00:00,165.27342224121094,165.45366491911173,164.09365653176062,164.09365653176062,1966700
2015-05-12 00:00:00+00:00,164.2902374267578,164.70806577725133,162.27481538176298,164.2492709215199,2247500
2015-05-13 00:00:00+00:00,165.02764892578125,165.28982466065236,163.73319686384338,164.24114672362222,2143300
2015-05-14 00:00:00+00:00,166.0026092529297,166.2156301815899,165.02766346746293,165.76502341084122,1957000
2015-05-15 00:00:00+00:00,166.28932189941406,166.28932189941406,165.34715456392237,165.9452256768547,1742900
2015-05-18 00:00:00+00:00,167.6739501953125,168.0999670545933,166.01900008432685,166.02718838888782,2164600
2015-05-19 00:00:00+00:00,168.28013610839844,168.93556272201744,167.5837554886718,167.94424075122342,2370100
2015-05-20 00:00:00+00:00,168.0179901123047,168.73896071099315,167.25605300210452,168.09172233229123,1831200
2015-05-21 00:00:00+00:00,167.9114990234375,168.12451990734533,167.28064967692094,167.62475841227584,2225000
2015-05-22 00:00:00+00:00,170.24647521972656,170.6233372154347,167.64935776645345,167.67393517916366,3040400
2015-05-26 00:00:00+00:00,169.08309936523438,170.01707855660848,167.95248836996095,170.01707855660848,3336300
2015-05-27 00:00:00+00:00,171.2787322998047,171.7866820699379,168.665226222229,169.50089560311343,3011500
2015-05-28 00:00:00+00:00,171.3362579345703,171.4266603392825,170.35005786330103,171.007528757552,3084900
2015-05-29 00:00:00+00:00,169.4542694091797,171.1636888110796,168.98581713923602,171.13080836746164,2255500
2015-06-01 00:00:00+00:00,170.78562927246094,171.61569113387336,170.02954213488934,170.3829379125734,2088200
2015-06-02 00:00:00+00:00,169.65147399902344,170.8102649117208,169.0104433963,169.99665589914798,2230700
2015-06-03 00:00:00+00:00,171.18006896972656,172.72512334524413,169.9308883437704,170.54726481823178,2417000
2015-06-04 00:00:00+00:00,171.65676879882812,172.63475500426614,170.11994049897638,170.61304679187057,3462500
2015-06-05 00:00:00+00:00,172.9552764892578,174.17981588473276,171.3937940731988,173.16073536190845,3225100
2015-06-08 00:00:00+00:00,172.412841796875,173.98255040913264,172.13342077255425,173.5305384343709,2180700
2015-06-09 00:00:00+00:00,171.78009033203125,172.94709544516283,170.6295129028726,172.58548575429057,2278800
2015-06-10 00:00:00+00:00,175.1577606201172,175.37964712104792,172.05943804345503,172.3552992515741,2677300
2015-06-11 00:00:00+00:00,175.82350158691406,176.37412990689387,174.9441315190404,175.19068469490693,2024100
2015-06-12 00:00:00+00:00,175.1002655029297,175.8810067015136,174.2373357401941,175.44543489998108,2006200
2015-06-15 00:00:00+00:00,174.03187561035156,174.50854169050973,172.89775118259584,173.3168827602214,1903800
2015-06-16 00:00:00+00:00,175.5111541748047,175.5193805539859,173.5141003068598,174.10582275814988,1954200
2015-06-17 00:00:00+00:00,174.993408203125,176.28369581886375,174.69755949350218,175.5358225845265,1778400
2015-06-18 00:00:00+00:00,176.36590576171875,176.70284879082803,174.23734225663932,175.42078739948425,2167200
2015-06-19 00:00:00+00:00,175.2070770263672,176.69459697586964,175.2070770263672,175.9713778684029,4163400
2015-06-22 00:00:00+00:00,177.93563842773438,178.18219163959134,176.69467106635125,176.74397920067918,2006100
2015-06-23 00:00:00+00:00,179.4888458251953,179.79293344966135,178.04242003985215,178.2725329479701,2735600
2015-06-24 00:00:00+00:00,176.2261505126953,178.3382734106394,175.62621421017707,177.68080261352543,3945200
2015-06-25 00:00:00+00:00,174.9029998779297,177.35206563506014,174.63179271586645,176.81786514970705,2434700
2015-06-26 00:00:00+00:00,175.19064331054688,176.37408824297484,174.68110939694523,175.5604667168775,2762600
2015-06-29 00:00:00+00:00,170.6541290283203,173.5880876531541,170.6541290283203,172.7005038474955,3292800
2015-06-30 00:00:00+00:00,171.59097290039062,173.23464336754023,171.06499885251117,172.49499667340712,4167300
2015-07-01 00:00:00+00:00,172.5360870361328,174.63176934233496,171.72246565884205,173.92499055585688,2820300
2015-07-02 00:00:00+00:00,171.92796325683594,173.10319440032688,171.3526809845945,172.53612596761286,1816600
2015-07-06 00:00:00+00:00,170.974609375,171.37731318431085,169.51174355208255,169.88157946726318,2816800
2015-07-07 00:00:00+00:00,171.11436462402344,171.73895505177217,166.99696099229888,170.9253334415012,3304200
2015-07-08 00:00:00+00:00,167.7037811279297,169.94738894645832,167.40791979162353,169.54469750274774,2185100
2015-07-09 00:00:00+00:00,168.32012939453125,170.57196321440696,168.0160542676199,170.2267938038067,2256200
2015-07-10 00:00:00+00:00,170.2760467529297,170.9252910800641,169.44598512811208,170.71161843041963,1840600
2015-07-13 00:00:00+00:00,172.68405151367188,172.84020224726208,171.47595246351014,172.1252094568365,2041700
2015-07-14 00:00:00+00:00,174.360595703125,174.85368940267807,172.33887516834082,172.59364212747514,2090700
2015-07-15 00:00:00+00:00,175.01809692382812,175.5522849928943,173.7606770479341,175.4947504874979,2536700
2015-07-16 00:00:00+00:00,173.55520629882812,175.98784477637483,172.0266043829315,173.72779726299828,4405200
2015-07-17 00:00:00+00:00,174.60716247558594,174.8865835145353,172.41285082324623,173.2100322004121,2849000
2015-07-20 00:00:00+00:00,174.54965209960938,175.87280783775435,173.57989216915314,174.7879788916013,2175400
2015-07-21 00:00:00+00:00,173.8181915283203,174.88658008358198,173.20181496261705,174.21266901911068,1985300
2015-07-22 00:00:00+00:00,175.2564239501953,175.6426876462922,174.0236706750474,174.06476495892863,2301300
2015-07-23 00:00:00+00:00,173.44837951660156,176.37411180133276,173.16073208424964,175.59337060808144,2192700
2015-07-24 00:00:00+00:00,170.40757751464844,173.7770951761685,170.03774154746773,173.7770951761685,2453900
2015-07-27 00:00:00+00:00,168.49269104003906,169.16658952241406,167.24349776659173,168.846074229777,2910500
2015-07-28 00:00:00+00:00,169.495361328125,170.26787617935636,168.14755158354282,170.23500827641206,2018100
2015-07-29 00:00:00+00:00,169.98841857910156,171.04859318936684,169.02687273690108,169.7665320664329,1987300
2015-07-30 00:00:00+00:00,170.28428649902344,170.40756932889934,168.55843974267398,169.32274061901177,1342900
2015-07-31 00:00:00+00:00,168.53382873535156,170.50622911507406,168.39410565109188,170.4486946050594,1644000
2015-08-03 00:00:00+00:00,168.22152709960938,169.25703541730425,166.70112625850783,169.09267080912954,2075500
2015-08-04 00:00:00+00:00,168.61599731445312,170.24322818279109,168.31192217557887,168.4845006175612,1451500
2015-08-05 00:00:00+00:00,169.05152893066406,170.7609479629203,168.41871220011535,170.07060927880113,1535500
2015-08-06 00:00:00+00:00,168.55018615722656,169.87334139362787,167.9009418361078,169.2980592343687,1485800
2015-08-07 00:00:00+00:00,167.19419860839844,169.82406942480668,166.27374695770888,168.72281297984404,1691100
2015-08-10 00:00:00+00:00,169.27346801757812,169.7665743601128,167.93387206785724,168.13933095387748,1640300
2015-08-11 00:00:00+00:00,165.7642059326172,167.5886816147548,164.9095025917178,167.24351223437924,2554000
2015-08-12 00:00:00+00:00,165.2957763671875,165.64094576868513,161.55642237397507,164.2849096840005,2771900
2015-08-13 00:00:00+00:00,164.97523498535156,165.96964875026788,164.02190295634114,164.95879476686173,3353600
2015-08-14 00:00:00+00:00,166.0271759033203,166.46274762244667,164.97522769031195,165.04918985992694,3567100
2015-08-17 00:00:00+00:00,166.47923278808594,166.71755957903983,164.18630458925645,165.19715880088506,1600700
2015-08-18 00:00:00+00:00,165.3367919921875,166.91472653976012,165.3367919921875,166.10931905146322,1665400
2015-08-19 00:00:00+00:00,165.1477813720703,166.6270872440546,163.6602616625397,164.38348065333426,2721400
2015-08-20 00:00:00+00:00,161.6961212158203,163.72605573569854,161.6961212158203,163.07679872202016,3140000
2015-08-21 00:00:00+00:00,154.29139709472656,159.92918897324208,154.15990040864583,159.15666161778557,5406200
2015-08-24 00:00:00+00:00,147.4866485595703,153.59288213572484,141.43793696474754,146.66481281320972,7183600
2015-08-25 00:00:00+00:00,146.46749877929688,153.95441940625656,146.0483672604112,152.77097448209418,7204800
2015-08-26 00:00:00+00:00,151.54641723632812,152.08883151868258,147.1989142197733,150.42872077884505,5561800
2015-08-27 00:00:00+00:00,155.49949645996094,156.03368450509015,152.39294681312944,153.5270837867312,3798500
2015-08-28 00:00:00+00:00,154.83148193359375,155.73862214740637,153.6027215682367,154.69953197823185,2413100
2015-08-31 00:00:00+00:00,155.5325164794922,156.8932147540997,154.36147589252118,154.78206496839448,2858000
2015-09-01 00:00:00+00:00,150.18861389160156,153.77592667780402,149.33096424143352,151.936919560064,5494500
2015-09-02 00:00:00+00:00,152.15960693359375,153.23993342703773,150.51026964603608,152.45648814869193,3043800
2015-09-03 00:00:00+00:00,152.61317443847656,154.9469881680872,151.96993391466242,152.56369633409773,2902200
2015-09-04 00:00:00+00:00,148.75369262695312,150.77412772569124,147.7228571088784,150.30406068939732,4295600
2015-09-08 00:00:00+00:00,153.2893829345703,153.64398434518708,151.45036314195164,151.6647850027362,3060100
2015-09-09 00:00:00+00:00,153.12445068359375,158.13019483390372,152.77809140179346,156.31592653633118,4756800
2015-09-10 00:00:00+00:00,153.31411743164062,154.88923722067423,152.3739958843665,152.93476440081955,3042600
2015-09-11 00:00:00+00:00,152.78628540039062,153.23985544032746,151.17818488010414,152.91822275283167,2536800
2015-09-14 00:00:00+00:00,151.68951416015625,153.2728760475656,151.16172686435314,153.05846678420366,2746000
2015-09-15 00:00:00+00:00,154.58412170410156,155.05418883140905,151.8957066824754,152.38225812118597,3092800
2015-09-16 00:00:00+00:00,155.5654296875,156.10971379279883,153.87485713322076,155.00466127605742,2717800
2015-09-17 00:00:00+00:00,153.75936889648438,157.15701011732588,153.38827075811182,155.40870514119524,3712600
2015-09-18 00:00:00+00:00,149.21554565429688,151.22773914816042,148.89392538820852,151.07929224964934,6529900
2015-09-21 00:00:00+00:00,151.2029266357422,152.07707295562628,149.8422164914935,151.16169070710941,2947200
2015-09-22 00:00:00+00:00,148.20938110351562,149.26495547255806,146.7991928383048,149.17424146036976,4166900
2015-09-23 00:00:00+00:00,147.95376586914062,148.59700623709497,146.58481325695405,148.28362820736893,2732600
2015-09-24 00:00:00+00:00,145.89210510253906,146.7744938405253,144.16855098417597,146.51060646798976,3910000
2015-09-25 00:00:00+00:00,148.3000946044922,149.3556689698959,146.9229001212458,147.78054957434668,3026500
2015-09-28 00:00:00+00:00,142.6841278076172,147.17032584516343,142.46146381981754,147.17032584516343,3898500
2015-09-29 00:00:00+00:00,141.72750854492188,142.91503302760722,138.12371174454438,142.6758721502504,4419100
2015-09-30 00:00:00+00:00,143.29440307617188,144.38297160494596,141.97494094293953,143.97063732891522,2931500
2015-10-01 00:00:00+00:00,145.15814208984375,145.28183732226054,142.70062108266814,143.82217066253355,3613000
2015-10-02 00:00:00+00:00,145.97454833984375,146.04877805894674,140.08641649195286,141.95841727544084,4469900
2015-10-05 00:00:00+00:00,149.0176239013672,149.31450512142055,146.65082888092064,146.98069131055988,3411900
2015-10-06 00:00:00+00:00,148.70425415039062,149.49592899244774,148.0032807779833,148.60528535754992,1859100
2015-10-07 00:00:00+00:00,150.27931213378906,151.56579276558568,148.88562058819588,149.92471077806283,2572200
2015-10-08 00:00:00+00:00,149.32269287109375,150.47722344032172,148.234124691445,149.41339430262502,3253400
2015-10-09 00:00:00+00:00,147.77232360839844,150.32878794261708,146.96415214898846,149.2319901108523,3334900
2015-10-12 00:00:00+00:00,148.62998962402344,149.42991901860847,147.62389311915237,149.10005667552758,3059800
2015-10-13 00:00:00+00:00,149.24029541015625,151.02982497631865,148.02803141639367,148.08576426535654,2918800
2015-10-14 00:00:00+00:00,148.03622436523438,150.2710813325441,147.73110107484328,149.04232084988993,3252000
2015-10-15 00:00:00+00:00,152.5306854248047,153.18216797801006,144.94372545012257,145.74365487100343,5720100
2015-10-16 00:00:00+00:00,152.71209716796875,153.92436079326268,151.4338711402605,152.66261907443706,2977500
2015-10-19 00:00:00+00:00,153.17388916015625,153.80063251597412,151.03798877520694,151.3101308146045,2665700
2015-10-20 00:00:00+00:00,152.9842529296875,153.36360598638234,151.65653610642008,152.7286077013128,2736200
2015-10-21 00:00:00+00:00,148.1929168701172,153.5697586483611,148.06922163689393,153.5697586483611,3613800
2015-10-22 00:00:00+00:00,151.37612915039062,151.89567426792397,148.60524282928128,148.6299818745504,2609600
2015-10-23 00:00:00+00:00,152.97596740722656,153.68518263816637,152.09356629911238,152.69558320936278,2935700
2015-10-26 00:00:00+00:00,154.2212371826172,155.03766345104194,153.8996170011362,154.2954669040678,2573700
2015-10-27 00:00:00+00:00,153.6439208984375,154.07275185947978,152.1512735614019,153.38827578547833,1932300
2015-10-28 00:00:00+00:00,157.77557373046875,157.9075111189161,153.52852366730698,153.97385167657274,3231900
2015-10-29 00:00:00+00:00,156.59628295898438,158.30335259778812,156.13447066542625,157.51166539208756,3068100
2015-10-30 00:00:00+00:00,154.6253204345703,156.76120850748072,154.41091118693973,156.48906643350298,2791600
2015-11-02 00:00:00+00:00,156.4231414794922,157.0416429590349,154.77380420071165,155.30160421002844,2531500
2015-11-03 00:00:00+00:00,157.25599670410156,158.229099236787,155.90354122499207,156.06847236470017,2443200
2015-11-04 00:00:00+00:00,158.0476837158203,159.07027699644064,156.94263115053985,157.51165432348824,2174300
2015-11-05 00:00:00+00:00,158.35284423828125,159.3919219876962,157.51167886964495,158.78166278559658,2186300
2015-11-06 00:00:00+00:00,164.24917602539062,164.49657902036643,161.5525072886885,161.6349791481601,4270800
2015-11-09 00:00:00+00:00,162.2617950439453,164.85125403777317,161.89895141698378,164.14203851291867,2604400
2015-11-10 00:00:00+00:00,163.1276397705078,163.46575680464485,161.04122990961736,162.11330125153674,2149900
2015-11-11 00:00:00+00:00,162.7812957763672,164.0512795819234,162.237011609654,163.52349230665519,1637500
2015-11-12 00:00:00+00:00,158.97132873535156,161.79169311331395,158.55073980391793,161.79169311331395,3166900
2015-11-13 00:00:00+00:00,157.00863647460938,159.47439983948286,156.7364943574072,158.85589845950776,2484000
2015-11-16 00:00:00+00:00,158.46826171875,158.46826171875,155.04588076319243,156.67873303842015,4626600
2015-11-17 00:00:00+00:00,157.15704345703125,159.16098137942586,156.9508763827056,158.88883933130322,1783800
2015-11-18 00:00:00+00:00,159.70530700683594,160.02692722308336,157.51992790061487,157.55292168781315,2509200
2015-11-19 00:00:00+00:00,159.18577575683594,160.15889122931006,158.06422597930052,159.83727098489996,1835800
2015-11-20 00:00:00+00:00,157.8992919921875,159.56512602576606,157.60241080386106,159.16103389671395,2932100
2015-11-23 00:00:00+00:00,156.0189971923828,157.9157367930169,155.46647094315907,157.75904780316665,2671700
2015-11-24 00:00:00+00:00,155.5902099609375,156.5220894260353,153.85015886024087,155.05418045010467,2679400
2015-11-25 00:00:00+00:00,155.9860382080078,156.49734122316607,155.16136972668934,155.85410081441307,1495600
2015-11-27 00:00:00+00:00,157.07461547851562,157.66837782513818,155.73865649033644,155.99430172057387,1092700
2015-11-30 00:00:00+00:00,157.24008178710938,158.1172215569224,156.59463883850998,157.63727453397138,3415000
2015-12-01 00:00:00+00:00,159.76397705078125,159.83016533695226,157.23183948935008,158.23311093251598,4140900
2015-12-02 00:00:00+00:00,157.4386749267578,160.40109877196804,157.05803555297433,159.95425850132438,1817200
2015-12-03 00:00:00+00:00,153.25155639648438,158.5888786824396,152.86263404352596,157.76966946680614,3599000
2015-12-04 00:00:00+00:00,157.21524047851562,157.73655195478366,152.8791770020283,153.59082076674707,3517200
2015-12-07 00:00:00+00:00,153.49154663085938,157.32282727795805,153.0860708705703,157.22353224545057,3499900
2015-12-08 00:00:00+00:00,151.36488342285156,152.64749895741818,150.47119026250573,152.19237568689067,2663800
2015-12-09 00:00:00+00:00,149.53611755371094,152.9619346772917,148.80792039409016,150.62013029035546,3907500
2015-12-10 00:00:00+00:00,150.69459533691406,152.20062447807663,149.20510694758485,149.76780817312172,2212300
2015-12-11 00:00:00+00:00,146.10205078125,149.07274535825312,145.20008712859973,148.68382293435226,3750100
2015-12-14 00:00:00+00:00,145.96961975097656,147.81493645719956,143.07339703665934,146.19304618150915,5102400
2015-12-15 00:00:00+00:00,150.6118621826172,151.66278089163367,147.99699622874962,148.10456163685612,3398700
2015-12-16 00:00:00+00:00,154.08738708496094,154.64180555594638,150.33883436803077,152.26689344705798,3191700
2015-12-17 00:00:00+00:00,151.10841369628906,155.47757331071966,151.10841369628906,154.64181038831762,2807900
2015-12-18 00:00:00+00:00,145.2166748046875,150.52089255116792,145.13392049755817,149.94165028086596,6740800
2015-12-21 00:00:00+00:00,147.0867462158203,147.41773806245928,145.49796262420008,146.87987315503858,2472900
2015-12-22 00:00:00+00:00,148.99002075195312,149.51961542414844,146.50754335856274,148.03839684190038,2312800
2015-12-23 00:00:00+00:00,151.38973999023438,151.43111713770966,149.32929188721036,149.52788199263958,2367900
2015-12-24 00:00:00+00:00,150.99256896972656,151.57181123847747,150.62019984171062,150.82707298244551,1107600
2015-12-28 00:00:00+00:00,150.28915405273438,150.54567465669874,148.81621870449356,150.41328547907685,1723300
2015-12-29 00:00:00+00:00,151.8697052001953,152.4075703018004,151.0173888921868,151.28219256632318,1848900
2015-12-30 00:00:00+00:00,150.6118621826172,151.8696539573006,150.47119001314724,151.66278089163367,1514300
2015-12-31 00:00:00+00:00,149.138916015625,151.34004830308456,148.97342010054788,149.90849032920056,1773900
2016-01-04 00:00:00+00:00,146.5819091796875,146.62328629844512,143.78498262178735,145.46479010585105,3745500
2016-01-05 00:00:00+00:00,144.0581512451172,146.8799034057015,143.08998663644377,146.2261899546686,4521600
2016-01-06 00:00:00+00:00,140.54127502441406,142.34521462223597,139.92893886516347,141.75768959282965,5539400
2016-01-07 00:00:00+00:00,136.22178649902344,140.25995320403067,135.37775339385388,137.91814834036663,5687900
2016-01-08 00:00:00+00:00,135.65908813476562,139.36625006104904,135.40256754493666,137.98433945099632,4929800
2016-01-11 00:00:00+00:00,137.1403350830078,137.74441372815485,135.1626284179849,136.5362690643949,4386500
2016-01-12 00:00:00+00:00,137.12374877929688,139.16764305729734,135.12948939041823,138.10018359119468,4441300
2016-01-13 00:00:00+00:00,131.56295776367188,138.27391839577848,130.67753526200988,137.7443240202835,5252500
2016-01-14 00:00:00+00:00,133.5490264892578,134.4758141349532,129.71773181747793,132.6470626107482,4272500
2016-01-15 00:00:00+00:00,128.76611328125,130.73554954593808,127.27662419982765,129.6680771098629,6237200
2016-01-19 00:00:00+00:00,129.7673797607422,131.3727046025985,128.49303424135638,130.37971612905295,5860600
2016-01-20 00:00:00+00:00,127.22692108154297,131.04993086477242,125.48918247469588,127.51654839152698,9369100
2016-01-21 00:00:00+00:00,125.48918914794922,128.39369489880553,125.3567999899289,127.40897714432884,5738800
2016-01-22 00:00:00+00:00,129.8004608154297,129.90803886994746,127.31798356864208,127.91377911799368,5583800
2016-01-25 00:00:00+00:00,125.05062103271484,129.52735700144896,125.05062103271484,129.41977897168275,5051700
2016-01-26 00:00:00+00:00,127.8061752319336,129.17154501762442,125.05062452975355,125.05062452975355,5237700
2016-01-27 00:00:00+00:00,127.20211791992188,131.09959959903327,126.76354800913491,127.09453987996376,5153100
2016-01-28 00:00:00+00:00,129.96597290039062,130.78519503903735,126.21743280271706,128.26961071261536,4292900
2016-01-29 00:00:00+00:00,133.68968200683594,133.71450577091986,130.56176146693156,131.2734054992477,4887900
2016-02-01 00:00:00+00:00,132.1091766357422,133.22629659569856,131.116188130522,132.7380790360576,2963500
2016-02-02 00:00:00+00:00,125.53057861328125,129.9162903016362,124.2562460347857,129.9162903016362,6316200
2016-02-03 00:00:00+00:00,126.341552734375,127.3014470943366,121.6496716299083,126.1926101405192,5893200
2016-02-04 00:00:00+00:00,129.4942626953125,130.70239427164537,125.7870884402333,126.02706825607936,4573100
2016-02-05 00:00:00+00:00,129.4777069091797,132.15050320793034,128.83226399649723,130.3879533893878,4596100
2016-02-08 00:00:00+00:00,123.5031967163086,127.2931120737746,120.193228295101,127.2931120737746,8680000
2016-02-09 00:00:00+00:00,122.67574310302734,124.08247759812676,120.06914720406463,120.41669248215756,6919400
2016-02-10 00:00:00+00:00,121.83168029785156,126.9207652056628,121.81513954397117,124.12383736325464,7609600
2016-02-11 00:00:00+00:00,116.41990661621094,119.49817932366089,115.06281959879453,118.67068693190622,10252200
2016-02-12 00:00:00+00:00,120.92146301269531,121.23590152450817,118.91065000535748,118.95202714880247,9009300
2016-02-16 00:00:00+00:00,123.31292724609375,124.52105914059294,122.01375805137779,123.79287437765254,10198000
2016-02-17 00:00:00+00:00,124.90167236328125,125.67123403422248,124.38034824649611,124.78582396249885,5578800
2016-02-18 00:00:00+00:00,122.2454833984375,125.77888048431498,121.94758554486059,125.15826100824106,5895500
2016-02-19 00:00:00+00:00,121.56686401367188,122.24540095074562,120.34216664910366,121.6413352702055,5257300
2016-02-22 00:00:00+00:00,123.12257385253906,124.11557471449908,122.65918018444064,123.46184872615773,4287900
2016-02-23 00:00:00+00:00,119.91193389892578,122.51025968554394,119.20028988722615,122.46888253775842,4249600
2016-02-24 00:00:00+00:00,120.44979095458984,120.51599186135093,116.0640787372896,118.39761335112354,5714700
2016-02-25 00:00:00+00:00,122.67574310302734,123.35429290301695,120.17671262546604,120.81388528190213,4299600
2016-02-26 00:00:00+00:00,124.33071899414062,125.75400677078503,123.30462398900404,123.89214908202085,5924500
2016-02-29 00:00:00+00:00,124.2725601196289,124.90418229452611,123.26695096378738,124.45540045367167,5506400
2016-03-01 00:00:00+00:00,128.52769470214844,128.62743383938326,125.2282758531362,125.45267306017627,6490400
2016-03-02 00:00:00+00:00,128.15371704101562,129.15933870830213,127.53040128431672,128.61081779887311,5047500
2016-03-03 00:00:00+00:00,129.09286499023438,129.3671254764295,127.45562106686515,127.98751673304547,3615800
2016-03-04 00:00:00+00:00,130.34776306152344,132.01825708599785,129.05957487450067,129.95715091420578,5256700
2016-03-07 00:00:00+00:00,129.10948181152344,129.95718215162432,128.32825732910754,129.6496837546108,2771900
2016-03-08 00:00:00+00:00,125.99286651611328,128.17861795607095,125.90975269590383,127.98747138725537,3830400
2016-03-09 00:00:00+00:00,124.5883560180664,126.74087004613567,123.98165288658795,126.4167463611422,3250900
2016-03-10 00:00:00+00:00,125.5108642578125,127.65507198156676,123.69908653157717,125.00390026869162,4631800
2016-03-11 00:00:00+00:00,127.9376220703125,128.12046234953127,126.63280850328677,127.3891012326562,4058700
2016-03-14 00:00:00+00:00,127.56365203857422,128.36148910648055,126.43337229121397,127.70493542182031,3317900
2016-03-15 00:00:00+00:00,126.35027313232422,126.94035103104956,125.4111398906573,126.86554349361042,3731400
2016-03-16 00:00:00+00:00,125.1119613647461,127.03178498139222,124.42216959781554,125.42777881085483,4310300
2016-03-17 00:00:00+00:00,127.08163452148438,127.97089184502937,123.6243063393177,124.98728978094587,4431700
2016-03-18 00:00:00+00:00,130.97946166992188,131.46148150538585,127.87949458812331,127.91274520660757,7413200
2016-03-21 00:00:00+00:00,129.8906707763672,132.05980984200545,129.44188906823751,130.6802141132276,4410200
2016-03-22 00:00:00+00:00,128.15371704101562,129.30892840284193,127.45560643704682,129.23413355557201,3521500
2016-03-23 00:00:00+00:00,128.05398559570312,129.27568544581075,127.64674808520357,128.1952689732909,3633400
2016-03-24 00:00:00+00:00,127.15640258789062,127.18964051202342,124.77118523791432,126.65774495616628,3693400
2016-03-28 00:00:00+00:00,127.85453796386719,128.51941070819257,126.64115693576173,127.27277906810478,2308600
2016-03-29 00:00:00+00:00,128.84353637695312,129.10949055126468,125.90979755406619,127.04838374452915,2919500
2016-03-30 00:00:00+00:00,130.0652313232422,131.32848823896072,128.72717955445026,129.75773291745648,3130600
2016-03-31 00:00:00+00:00,130.46420288085938,130.87974691969123,129.69960337117647,129.79932988244886,2927300
2016-04-01 00:00:00+00:00,132.824462890625,132.9823589257318,128.89340832965715,130.0320072785016,3373400
2016-04-04 00:00:00+00:00,131.12075805664062,132.9740807563918,130.80494055679728,132.9491491307617,2478100
2016-04-05 00:00:00+00:00,129.10948181152344,130.09015922977855,128.44460910214445,130.01536437883885,2822700
2016-04-06 00:00:00+00:00,128.9765625,129.8741391574637,127.92107707667725,129.03473207187565,2927400
2016-04-07 00:00:00+00:00,125.00386810302734,128.01240065501813,124.13953004166083,127.69658336166633,4786800
2016-04-08 00:00:00+00:00,124.89585876464844,127.04837286796042,124.67146153445776,126.383512851886,3122200
2016-04-11 00:00:00+00:00,126.49153900146484,127.90438548367649,125.00389767357294,125.64382603958136,3464300
2016-04-12 00:00:00+00:00,128.2451171875,128.89336445883478,125.74354823947168,126.8821341193872,2732900
2016-04-13 00:00:00+00:00,132.8494110107422,132.96576281397336,129.96553487201723,130.09019298926654,5151100
2016-04-14 00:00:00+00:00,133.7303466796875,134.86062664344172,132.26762397283264,132.58344140842976,3067100
2016-04-15 00:00:00+00:00,131.74400329589844,134.45334417072593,131.47804919016852,133.9962434773712,3467900
2016-04-18 00:00:00+00:00,132.1595458984375,132.97400814755215,130.60540355486802,130.98770940810368,3031500
2016-04-19 00:00:00+00:00,135.1763916015625,136.04903610837744,130.48075178503916,131.1040674782798,5832200
2016-04-20 00:00:00+00:00,138.7750244140625,139.16563665832282,134.5863478706097,134.63621110495913,4802200
2016-04-21 00:00:00+00:00,137.39541625976562,140.370698884428,137.13776843613203,138.41765051754385,4165100
2016-04-22 00:00:00+00:00,138.58389282226562,139.1989023692074,137.6780101496006,137.78604294194645,2680300
2016-04-25 00:00:00+00:00,137.2042236328125,139.11572729790225,136.34820457659464,137.96051625339737,2473000
2016-04-26 00:00:00+00:00,137.8275909423828,137.9605680273893,136.48123283052266,137.44529767473026,2251600
2016-04-27 00:00:00+00:00,138.72515869140625,140.1712558685629,137.07128958725886,137.81927613326073,3323600
2016-04-28 00:00:00+00:00,136.53936767578125,139.0575746130014,136.3066641768615,137.42033112899412,2528000
2016-04-29 00:00:00+00:00,136.38980102539062,136.86351441336745,135.1016125723302,136.13216587105688,2890800
2016-05-02 00:00:00+00:00,138.11013793945312,138.94954457201217,136.29006666007237,137.1959491442128,1998400
2016-05-03 00:00:00+00:00,135.58363342285156,136.38978942640415,134.1126047889661,136.0158025347765,2777000
2016-05-04 00:00:00+00:00,133.0322265625,135.13487762397307,132.21775141036937,133.97134712724065,3203900
2016-05-05 00:00:00+00:00,132.5834197998047,133.65553003465357,131.72740048310092,133.62227942506573,2366200
2016-05-06 00:00:00+00:00,132.0182647705078,133.115293761966,130.48905401307815,131.4697439340838,2307000
2016-05-09 00:00:00+00:00,130.90463256835938,132.84938762487587,130.30624834810712,131.47808516955058,2097900
2016-05-10 00:00:00+00:00,134.15415954589844,134.22064807600015,131.63596511972682,131.8686686343876,2379600
2016-05-11 00:00:00+00:00,132.49203491210938,135.07671885500287,132.37568311036543,134.1043475087008,2096900
2016-05-12 00:00:00+00:00,131.37002563476562,134.19571845847162,130.73839093009934,133.239972771998,2448100
2016-05-13 00:00:00+00:00,129.10122680664062,132.74139686664367,129.0347382346088,131.21219775410665,2550100
2016-05-16 00:00:00+00:00,129.13441467285156,130.397658883313,128.48616726234332,129.10116406229653,3177700
2016-05-17 00:00:00+00:00,128.52769470214844,130.57217581668888,127.79634622363993,128.6025022254222,2701500
2016-05-18 00:00:00+00:00,132.92420959472656,132.97407284301937,128.52774720977257,128.66072432615059,3653300
2016-05-19 00:00:00+00:00,128.5692901611328,132.93250145176896,128.41970043252317,131.877016312577,4712000
2016-05-20 00:00:00+00:00,128.4113311767578,129.9904051108126,127.92099257193316,129.45019060124537,3247800
2016-05-23 00:00:00+00:00,129.19256591796875,129.72446147897122,127.77141321217037,128.35317200054953,2767600
2016-05-24 00:00:00+00:00,130.97109985351562,131.76894957814127,130.0153541275975,130.2065007365029,3038800
2016-05-25 00:00:00+00:00,134.01290893554688,134.87723467538004,131.3368051813612,131.3617368010703,3259900
2016-05-26 00:00:00+00:00,132.32579040527344,134.07938603634844,132.28423348217459,133.93810264292628,2576100
2016-05-27 00:00:00+00:00,133.12689208984375,133.8528981512162,132.11716098533427,132.43426020215688,2157000
2016-05-31 00:00:00+00:00,133.08514404296875,134.8959951003042,132.30907047555593,133.85287725160597,2916100
2016-06-01 00:00:00+00:00,133.4940948486328,133.97810321805434,130.181150449923,131.76668500948816,2581600
2016-06-02 00:00:00+00:00,132.91830444335938,133.79452635677984,132.2340254640197,133.63597033879032,2257100
2016-06-03 00:00:00+00:00,129.90576171875,130.63176788383765,128.39532865956144,130.06431771649926,4329300
2016-06-06 00:00:00+00:00,131.06573486328125,131.7750604479451,129.98924230856426,130.38979619713587,2540400
2016-06-07 00:00:00+00:00,129.4884796142578,131.40781905999273,129.4884796142578,131.1825020325848,2489700
2016-06-08 00:00:00+00:00,129.0462188720703,130.66514011272068,128.43704150008702,129.5135337181602,2426800
2016-06-09 00:00:00+00:00,127.81953430175781,128.75416416407097,127.22705027596173,128.33691687077018,2711700
2016-06-10 00:00:00+00:00,125.08234405517578,126.55940245993004,124.81531251347197,126.30071127680787,4335700
2016-06-13 00:00:00+00:00,124.03092956542969,126.2757219517581,123.99754265259783,124.33968847555431,3385800
2016-06-14 00:00:00+00:00,121.99474334716797,124.38139793780884,121.37721288197608,123.68876602956477,5069600
2016-06-15 00:00:00+00:00,121.96971130371094,124.08932159421956,121.75273459835493,122.80420574985011,2981400
2016-06-16 00:00:00+00:00,122.36190795898438,122.66232642779791,119.77497043679152,121.00167812333238,3499200
2016-06-17 00:00:00+00:00,121.5357666015625,123.69710408947759,121.38556371825148,122.36192065989604,4296500
2016-06-20 00:00:00+00:00,123.29656982421875,125.5914298378675,123.15470727865291,123.92244073703205,3338900
2016-06-21 00:00:00+00:00,123.79723358154297,124.1977872772323,122.77079643211627,123.92240263226701,2424600
2016-06-22 00:00:00+00:00,123.62199401855469,125.2742892865112,123.4968249578661,123.51350567704229,2487600
2016-06-23 00:00:00+00:00,127.39391326904297,127.51074197122266,125.2909838964349,125.64147000297397,2940500
2016-06-24 00:00:00+00:00,118.38137817382812,122.18667066736438,117.59695138670237,119.35773511098223,9442200
2016-06-27 00:00:00+00:00,116.4203109741211,117.85564238315726,115.32712533042621,116.88763854143747,7381000
2016-06-28 00:00:00+00:00,118.84036254882812,119.01559925981685,116.67902489079846,118.67346619866613,5041500
2016-06-29 00:00:00+00:00,121.4189453125,121.4606725826501,119.27428841386055,119.83341091379677,3804100
2016-06-30 00:00:00+00:00,123.98918914794922,124.23954003414491,121.3104563123929,122.39530166365753,4528600
2016-07-01 00:00:00+00:00,123.71379852294922,125.7583073178003,123.56359563844866,123.91408176899104,3096800
2016-07-05 00:00:00+00:00,120.54273223876953,122.62062820122557,119.60810244041629,122.43703838606676,3943000
2016-07-06 00:00:00+00:00,121.4856948852539,121.78611337513983,119.01558588692812,119.28263020388178,2941800
2016-07-07 00:00:00+00:00,122.67069244384766,123.58028839983609,121.30212196265268,121.83619793742692,2578300
2016-07-08 00:00:00+00:00,125.49127197265625,125.94189334606496,123.76386245227914,124.64008411913532,3281400
2016-07-11 00:00:00+00:00,127.001708984375,127.66095397954922,126.32577053530255,126.41756543168118,3041600
2016-07-12 00:00:00+00:00,130.9489288330078,131.22431365835695,128.4454443117037,128.51220542694418,5110800
2016-07-13 00:00:00+00:00,131.78330993652344,132.07538797194698,130.3062517783974,131.015576873929,4276400
2016-07-14 00:00:00+00:00,135.6387176513672,136.22287393304538,133.52744778389987,133.7611052032214,5087700
2016-07-15 00:00:00+00:00,134.88768005371094,136.13942170704286,134.1032532469497,135.90576428375752,3078400
2016-07-18 00:00:00+00:00,136.2979736328125,136.93218480095388,135.19643489862705,135.4885130357328,4734500
2016-07-19 00:00:00+00:00,134.69580078125,136.92390023785748,134.12833772935457,135.2048430885679,5399700
2016-07-20 00:00:00+00:00,134.9961395263672,135.93076901957065,132.86817662424613,135.647044028187,3547800
2016-07-21 00:00:00+00:00,133.5608367919922,135.10464385583398,133.32717936899587,134.94610060930935,2855500
2016-07-22 00:00:00+00:00,133.8612823486328,134.12831400028736,133.40230777022032,133.76113433755737,1811700
2016-07-25 00:00:00+00:00,133.94468688964844,134.62897838580832,133.19364704918505,133.21868086164224,1956100
2016-07-26 00:00:00+00:00,134.48715209960938,134.77087720613812,133.0351269190693,134.08658552564017,2150100
2016-07-27 00:00:00+00:00,134.34524536132812,135.32994254837888,133.861237127001,134.5204820381009,2317200
2016-07-28 00:00:00+00:00,133.96142578125,134.32026510380857,132.55112777872006,133.66934755901346,2047400
2016-07-29 00:00:00+00:00,132.52606201171875,133.67766843126174,132.3925398432609,133.1102055820033,2388200
2016-08-01 00:00:00+00:00,132.0003204345703,133.45234530048583,131.79169683084893,132.52605599062795,2316300
2016-08-02 00:00:00+00:00,130.23118591308594,132.23397998833363,129.6553827756194,131.5580288704121,3182800
2016-08-03 00:00:00+00:00,132.1338653564453,132.64290754654075,130.33135405380807,130.55667114998184,2284700
2016-08-04 00:00:00+00:00,131.891845703125,132.6011583205062,131.35776978335446,132.03370822660125,2005700
2016-08-05 00:00:00+00:00,135.26321411132812,135.2966010229224,132.85152545036513,133.31049998446727,2676100
2016-08-08 00:00:00+00:00,135.88075256347656,136.84041622705516,135.19646090303664,135.27157509181475,2266600
2016-08-09 00:00:00+00:00,136.38978576660156,137.3411090057452,135.6053588840246,135.6053588840246,1957400
2016-08-10 00:00:00+00:00,135.34664916992188,136.52328933337932,135.19643355612723,136.39810753298812,1656100
2016-08-11 00:00:00+00:00,136.74026489257812,137.06571722780228,135.1296839378918,135.35500101100857,1827700
2016-08-12 00:00:00+00:00,136.23121643066406,136.33135168812314,135.2465191099844,135.7472081306543,1440800
2016-08-15 00:00:00+00:00,138.1505584716797,138.39255625901745,136.69019318706017,136.74860117709008,2222200
2016-08-16 00:00:00+00:00,138.23399353027344,139.16028283207578,137.45791984319874,137.68323689860313,2523800
2016-08-17 00:00:00+00:00,138.2506866455078,138.7931156491635,137.47461296033194,138.4760037003609,2061700
2016-08-18 00:00:00+00:00,138.576171875,138.993419176916,137.38285070354127,137.9753347415708,1750500
2016-08-19 00:00:00+00:00,138.71800231933594,139.27711204647593,137.27433055423194,137.99199625673796,1840900
2016-08-22 00:00:00+00:00,138.74307250976562,139.2855016589402,137.5998189420882,138.5261084901223,1448100
2016-08-23 00:00:00+00:00,138.5927734375,140.0698314722544,138.50931893910106,139.36050643596937,1965500
2016-08-24 00:00:00+00:00,137.94192504882812,139.11021210008244,137.56640512045166,138.34247879020478,2035300
2016-08-25 00:00:00+00:00,138.4426727294922,138.55950148414254,137.36618011402675,137.75839366179133,1441400
2016-08-26 00:00:00+00:00,138.5010223388672,140.2534654919404,137.99198029789812,139.16026724436512,2402200
2016-08-29 00:00:00+00:00,139.2520751953125,140.07822922786366,138.65123821407056,139.0267708773772,2620900
2016-08-30 00:00:00+00:00,141.89100646972656,142.0082920272341,139.252075034224,139.252075034224,2934100
2016-08-31 00:00:00+00:00,141.96641540527344,142.61986534230925,140.2992730984852,141.7904806761482,3688200
2016-09-01 00:00:00+00:00,141.17054748535156,142.47746025428623,139.6207033876334,142.41881107850963,2843300
2016-09-02 00:00:00+00:00,141.73184204101562,142.20099709250184,140.6595132039547,141.17893167230812,1747500
2016-09-06 00:00:00+00:00,141.85748291015625,142.24284421218158,140.2992534059773,141.34645030977592,2034900
2016-09-07 00:00:00+00:00,142.14231872558594,142.59471495081837,141.28780246483112,141.32969289800678,1584300
2016-09-08 00:00:00+00:00,143.80946350097656,143.99377118386087,141.3380812954205,141.87424561385694,3031600
2016-09-09 00:00:00+00:00,141.22076416015625,144.4461223228107,141.17048798075322,143.1140911897937,3411800
2016-09-12 00:00:00+00:00,143.30682373046875,143.81785641602218,139.26045268580822,139.9139026400349,2647900
2016-09-13 00:00:00+00:00,139.905517578125,142.39365864393417,139.38611196275957,141.19565864257558,2788200
2016-09-14 00:00:00+00:00,139.20181274414062,140.6259981776944,138.72428475268705,139.90552609486124,1995900
2016-09-15 00:00:00+00:00,140.810302734375,141.37997178179776,138.86669891410867,138.88345764584665,1645200
2016-09-16 00:00:00+00:00,139.06773376464844,140.7851390575314,138.7410088773713,140.61759012770077,4534900
2016-09-19 00:00:00+00:00,139.24371337890625,141.0029968845307,138.79969003599714,140.19037089032508,2030700
2016-09-20 00:00:00+00:00,139.46153259277344,140.97787206330665,139.39451043930856,140.4752123039043,1532900
2016-09-21 00:00:00+00:00,139.9306640625,140.977861160964,139.0091255025846,140.25738904589406,2333600
2016-09-22 00:00:00+00:00,140.76004028320312,141.85750073094562,140.49195170623278,141.12026992744418,2467700
2016-09-23 00:00:00+00:00,138.3389434814453,140.82708505996857,138.2719213264315,140.5338647296793,3421200
2016-09-26 00:00:00+00:00,135.2811279296875,137.36714948392824,134.87900775913414,137.24986390155146,2772200
2016-09-27 00:00:00+00:00,136.46234130859375,136.93148354113805,133.89043200405013,134.64440876590103,2602700
2016-09-28 00:00:00+00:00,136.9314727783203,137.2163072852389,135.44863829451947,136.83931893394475,1678100
2016-09-29 00:00:00+00:00,133.16159057617188,137.35876504614066,132.17304257622175,136.8728640216475,3733800
2016-09-30 00:00:00+00:00,135.10520935058594,136.06025276918584,132.19818864648877,133.99936287474918,4497200
2016-10-03 00:00:00+00:00,134.93763732910156,135.48217471459625,134.2506698870507,134.4601093096514,2444700
2016-10-04 00:00:00+00:00,135.94293212890625,137.51790775676503,135.07165704840273,135.08004280580187,2469900
2016-10-05 00:00:00+00:00,139.40284729003906,139.54527731872315,136.56284978665892,136.82256535772112,2548200
2016-10-06 00:00:00+00:00,140.0312042236328,140.1484897984991,138.07923989546595,140.05633593373494,2858000
2016-10-07 00:00:00+00:00,142.27638244628906,142.40204097982692,139.26883556738946,140.32440559860896,3390200
2016-10-10 00:00:00+00:00,143.29005432128906,143.88486784205617,142.50257291491874,142.8544295730416,2532000
2016-10-11 00:00:00+00:00,141.61453247070312,143.14763034113827,140.66787511943386,142.2847410760599,2680000
2016-10-12 00:00:00+00:00,141.83236694335938,142.41042174369758,140.99460932737162,141.61454178197584,2404000
2016-10-13 00:00:00+00:00,140.25738525390625,140.43331998628543,138.65726506275374,140.40818827925517,2713700
2016-10-14 00:00:00+00:00,142.8544921875,144.8902379124615,141.67325038544547,143.75927232631804,5282300
2016-10-17 00:00:00+00:00,141.58103942871094,143.4827528275431,141.1202701757119,142.83767587334447,3061400
2016-10-18 00:00:00+00:00,144.62210083007812,145.32581415707352,143.34033270477698,144.10268241743864,4482500
2016-10-19 00:00:00+00:00,146.1970977783203,147.17727279459453,145.08287845644398,145.24205447145042,3676000
2016-10-20 00:00:00+00:00,146.1970977783203,147.2694266567999,145.60229694485994,145.76984593527828,2471100
2016-10-21 00:00:00+00:00,146.3311309814453,146.52381166664884,144.52157134261822,144.79803290825853,2004400
2016-10-24 00:00:00+00:00,146.70814514160156,147.26944134623233,146.06308082499044,147.0264972033685,1943200
2016-10-25 00:00:00+00:00,147.06838989257812,147.41187367149158,146.30602719786876,146.6411252172375,2423300
2016-10-26 00:00:00+00:00,148.34173583984375,149.03706335868327,145.71116485523382,146.431636861141,2533800
2016-10-27 00:00:00+00:00,148.91143798828125,149.83297661371248,147.92288999297196,149.28005343845373,3021900
2016-10-28 00:00:00+00:00,148.40040588378906,149.54812989953905,146.99297901336593,149.54812989953905,2042800
2016-10-31 00:00:00+00:00,149.3219451904297,149.53975760236352,148.47580168607348,148.8527901149919,1828200
2016-11-01 00:00:00+00:00,149.17112731933594,150.10941181059587,147.95638126550816,149.95862156728657,2900600
2016-11-02 00:00:00+00:00,147.9312744140625,148.7020100589794,147.50402253639749,148.34178033954666,2104800
2016-11-03 00:00:00+00:00,147.62127685546875,149.09572567482337,147.62127685546875,148.090419080574,1972700
2016-11-04 00:00:00+00:00,147.3783416748047,148.56795614444243,146.38140790815586,147.72182541986618,1846500
2016-11-07 00:00:00+00:00,152.0362091064453,152.05296783370173,149.95857433736975,149.95857433736975,3338800
2016-11-08 00:00:00+00:00,152.40489196777344,153.041583270963,149.50625724246473,150.8885524495461,2646200
2016-11-09 00:00:00+00:00,161.3772735595703,162.13962336892632,153.68665104913939,154.98517807068964,7823800
2016-11-10 00:00:00+00:00,168.28036499023438,171.46384642627834,162.5249743699131,162.9689848751776,11345400
2016-11-11 00:00:00+00:00,170.85231018066406,171.7403313118967,166.08546674430985,166.08546674430985,6290200
2016-11-14 00:00:00+00:00,175.24217224121094,177.41197468037427,171.0282514872273,171.0282514872273,8248100
2016-11-15 00:00:00+00:00,176.92604064941406,176.93441362399753,171.88273600285734,173.0472186283255,4893800
2016-11-16 00:00:00+00:00,172.79591369628906,174.32063897941657,171.59792621654813,173.70907938427501,5276200
2016-11-17 00:00:00+00:00,175.61912536621094,175.66938877564144,172.30159972897,172.79587363259148,3572400
2016-11-18 00:00:00+00:00,176.22232055664062,177.66326468631846,175.6945291651985,175.82018769498623,4278200
2016-11-21 00:00:00+00:00,176.83387756347656,177.34491021606715,175.2421304371807,177.15222954536904,2860200
2016-11-22 00:00:00+00:00,176.8590545654297,177.56276806895033,175.83698899848162,177.06849402122774,2945700
2016-11-23 00:00:00+00:00,177.86434936523438,178.78588802167752,175.40133948634912,177.1857676196576,3717400
2016-11-25 00:00:00+00:00,177.08523559570312,178.23295961163646,176.76688356312712,177.0684768615758,1974000
2016-11-28 00:00:00+00:00,176.22232055664062,177.4035490861458,175.5940023413683,175.92910027624683,3297400
2016-11-29 00:00:00+00:00,177.94500732421875,178.92822022973135,176.40715755217454,176.4659885029224,2577600
2016-11-30 00:00:00+00:00,184.28134155273438,185.52507550514258,180.65101660545875,180.84429455940074,6507900
2016-12-01 00:00:00+00:00,190.44949340820312,190.89488014804036,185.1720695880886,185.6594637834365,7606500
2016-12-02 00:00:00+00:00,187.70159912109375,190.1302233394573,185.90324083645217,189.9201346948833,5297400
2016-12-05 00:00:00+00:00,192.06300354003906,192.6092287790438,189.28143248633077,189.5167306960058,4599300
2016-12-06 00:00:00+00:00,194.4412384033203,195.52529012254587,191.5167953591536,193.4328026927565,5259300
2016-12-07 00:00:00+00:00,197.95387268066406,198.39925946944487,193.617641068559,193.617641068559,6595200
2016-12-08 00:00:00+00:00,202.90353393554688,203.71867859526972,198.32360577355425,199.06312162718862,7343700
2016-12-09 00:00:00+00:00,203.23976135253906,203.36580941107323,200.74390721121608,202.19771705174782,5456000
2016-12-12 00:00:00+00:00,199.30690002441406,204.06331016368588,198.6346137762085,202.10528239632924,5022000
2016-12-13 00:00:00+00:00,200.466552734375,201.83632174188108,197.9118680750279,200.84470966500194,4680500
2016-12-14 00:00:00+00:00,201.626220703125,204.30695323314941,197.79420677314025,198.0463156522793,6172400
2016-12-15 00:00:00+00:00,204.20611572265625,206.36583264881875,203.04642256711122,203.77753960215887,4829700
2016-12-16 00:00:00+00:00,200.7606658935547,204.365793537638,200.34048868337746,204.0380558266114,6876400
2016-12-19 00:00:00+00:00,200.903564453125,201.466600451763,198.54215744314587,200.29009641133771,3743300
2016-12-20 00:00:00+00:00,204.2817840576172,204.75238055299263,201.87836953669876,202.12207953645643,4487700
2016-12-21 00:00:00+00:00,202.89520263671875,203.70193581613404,201.7523199468865,203.56748883475996,3277800
2016-12-22 00:00:00+00:00,201.78590393066406,204.08847971134097,201.30690856795007,202.71869787151877,2636500
2016-12-23 00:00:00+00:00,202.50021362304688,203.28173710962017,200.76908550101925,201.2985000870623,2187500
2016-12-27 00:00:00+00:00,202.9960174560547,203.8615815076156,202.02120322347247,203.32375517632735,1998200
2016-12-28 00:00:00+00:00,202.2313232421875,205.46669348341584,202.0548559622911,204.78600832965756,3053000
2016-12-29 00:00:00+00:00,200.15560913085938,202.58424570883813,198.86146896912493,202.31532614012974,2619000
2016-12-30 00:00:00+00:00,201.22293090820312,202.10530591020796,199.50020120386893,200.43299543636633,2355500
2017-01-03 00:00:00+00:00,203.00440979003906,205.86160949744806,199.97912895166135,203.9540015015046,4384200
2017-01-04 00:00:00+00:00,204.3153839111328,204.47505331013883,201.71027995667876,202.89518282244737,2728700
2017-01-05 00:00:00+00:00,202.79437255859375,204.39944005440705,198.97915560046926,203.97086383659197,3562600
2017-01-06 00:00:00+00:00,205.8027801513672,206.89524339728342,202.83633025011767,203.6094547320364,3591100
2017-01-09 00:00:00+00:00,204.1136932373047,205.62633382216183,202.92039144891498,204.4162213542761,3022800
2017-01-10 00:00:00+00:00,203.84474182128906,204.57584593430428,200.88669119481332,202.41612930130782,3432900
2017-01-11 00:00:00+00:00,206.5255126953125,206.59274259254735,203.36578446202492,204.01286100296758,3532600
2017-01-12 00:00:00+00:00,204.91204833984375,206.28183034590242,203.00445276288235,205.937281906387,4022300
2017-01-13 00:00:00+00:00,205.29859924316406,208.21463027502406,204.13050704472386,206.24819107318206,4186100
2017-01-17 00:00:00+00:00,198.10519409179688,204.2565829739627,197.99594389266937,204.15574452725627,6277200
2017-01-18 00:00:00+00:00,196.88665771484375,199.74387081811153,194.55888489296893,198.32366960699093,7590500
2017-01-19 00:00:00+00:00,194.46644592285156,197.2732269908529,193.80255865977557,196.70179206228417,4561800
2017-01-20 00:00:00+00:00,195.1302947998047,195.9958588311963,193.7353033776973,194.64288769487112,5211800
2017-01-23 00:00:00+00:00,195.52525329589844,196.43283757078922,193.91177441480048,194.8445682954279,3136200
2017-01-24 00:00:00+00:00,196.3740234375,198.37407114927495,193.9874198561094,194.84458499298316,4448200
2017-01-25 00:00:00+00:00,199.37411499023438,199.44134489229603,197.05474107167453,197.92870415289062,3716800
2017-01-26 00:00:00+00:00,201.3321075439453,202.3489291813908,199.55895925713355,199.55895925713355,4195600
2017-01-27 00:00:00+00:00,199.1219940185547,199.979159189501,198.33205874560338,199.07997372945883,3253100
2017-01-30 00:00:00+00:00,196.55892944335938,198.56737635938404,194.55889427965013,197.97073179347674,3803300
2017-01-31 00:00:00+00:00,192.7100830078125,196.93706474219312,191.73526879677678,195.67653310396133,5156400
2017-02-01 00:00:00+00:00,193.84454345703125,195.6849216024078,192.87814104834385,193.7100836786498,4024500
2017-02-02 00:00:00+00:00,193.62608337402344,195.23956247488468,190.80249174181824,192.0294021307477,2775700
2017-02-03 00:00:00+00:00,202.4833984375,202.61785822449602,196.81100600436494,197.07992557835698,7381000
2017-02-06 00:00:00+00:00,201.66824340820312,204.75234248820652,200.9875584023079,201.34891745873043,4639200
2017-02-07 00:00:00+00:00,201.36573791503906,202.89518923512966,201.1724599735611,202.65147925332576,2660200
2017-02-08 00:00:00+00:00,199.77740478515625,200.79423903162657,198.58410333355192,200.25641284466704,2744700
2017-02-09 00:00:00+00:00,202.9875946044922,204.44980295824413,199.51692705626084,199.77743485157114,3550800
2017-02-10 00:00:00+00:00,203.9708251953125,205.18093760788548,202.71869249731589,204.51705043744772,3072800
2017-02-13 00:00:00+00:00,206.9541015625,207.97092330343338,205.45827161260414,205.45827161260414,2998200
2017-02-14 00:00:00+00:00,209.6348114013672,210.08859712913838,206.4666717662785,206.73557850275282,4141500
2017-02-15 00:00:00+00:00,210.54244995117188,211.72735309404692,208.83653102467565,210.57607131818935,4296600
2017-02-16 00:00:00+00:00,209.61802673339844,210.74409867626812,208.77767224060756,210.34073211011025,2286300
2017-02-17 00:00:00+00:00,210.40797424316406,210.55923190572167,207.66001130156644,207.99614798911182,3262300
2017-02-21 00:00:00+00:00,211.56765747070312,212.31557250933793,210.685295449023,210.92899262716097,2794900
2017-02-22 00:00:00+00:00,211.5424346923828,212.0634632018759,210.08862499777993,210.13904421613267,2378800
2017-02-23 00:00:00+00:00,211.088623046875,211.68526748801852,209.51716442768267,211.18946147122819,2594700
2017-02-24 00:00:00+00:00,207.8616485595703,209.14738965805927,206.81120564755065,208.15576488126217,3565400
2017-02-27 00:00:00+00:00,209.5255889892578,209.88693526925817,207.2398237238106,207.74404155284444,2372600
2017-02-28 00:00:00+00:00,209.0032196044922,209.79521967956913,206.93897202228038,208.95266859651866,3627100
2017-03-01 00:00:00+00:00,212.92103576660156,214.97684908771123,211.69932672147903,213.7635866356207,5218300
2017-03-02 00:00:00+00:00,211.5308380126953,214.21015670076983,211.45501151322426,213.6035189923872,3020000
2017-03-03 00:00:00+00:00,213.0727081298828,214.63985340303458,211.5308383565958,211.5308383565958,3163700
2017-03-06 00:00:00+00:00,212.33126831054688,212.9379060459915,211.05902095620738,212.46607955315852,2467000
2017-03-07 00:00:00+00:00,211.39601135253906,213.16537334894608,210.89890941719926,212.7356770269872,2497300
2017-03-08 00:00:00+00:00,210.83998107910156,214.65673633785013,210.30916979930578,213.6877949087577,3574400
2017-03-09 00:00:00+00:00,210.78941345214844,212.94635491830888,210.23333953539284,211.66567373509363,3061500
2017-03-10 00:00:00+00:00,209.2728271484375,212.238597492029,208.00056687602472,212.1880464876724,3365900
2017-03-13 00:00:00+00:00,209.0874786376953,210.0648409738564,208.28705768472048,210.0648409738564,1801100
2017-03-14 00:00:00+00:00,208.71669006347656,208.80937116788638,206.77039972717526,207.94996573211387,2144200
2017-03-15 00:00:00+00:00,207.9247283935547,210.8736568033821,206.89681517648165,209.24753959413349,3427000
2017-03-16 00:00:00+00:00,209.1380157470703,210.80626317116491,208.371291231398,208.82627598289275,2940600
2017-03-17 00:00:00+00:00,205.53189086914062,210.36812533103407,205.46448524708154,210.36812533103407,5438100
2017-03-20 00:00:00+00:00,204.01531982421875,206.36603170169693,203.492942263959,205.00953679280428,2759100
2017-03-21 00:00:00+00:00,196.31434631347656,205.00104344312837,196.1374049797672,205.00104344312837,5660900
2017-03-22 00:00:00+00:00,194.68821716308594,196.24692841037682,193.07894206911286,194.81459463902945,6291300
2017-03-23 00:00:00+00:00,195.3875732421875,197.6877467462078,193.7446013509645,194.418644727348,4770700
2017-03-24 00:00:00+00:00,192.44705200195312,196.90414055632482,191.23377666251483,196.31435750418296,6387300
2017-03-27 00:00:00+00:00,189.9784393310547,191.31810549824982,186.07743605112816,188.14168390198995,9194800
2017-03-28 00:00:00+00:00,193.22219848632812,193.57606831982523,189.65821179667995,190.06263262691857,4471200
2017-03-29 00:00:00+00:00,192.48077392578125,193.76145504918725,191.69720766458212,193.27277392504143,2636000
2017-03-30 00:00:00+00:00,194.8146514892578,195.4718402685526,193.2643606691937,193.34860805897262,3156800
2017-03-31 00:00:00+00:00,193.55079650878906,194.46075303639134,192.71666647774364,194.2332606904141,2858400
2017-04-03 00:00:00+00:00,192.91049194335938,193.8709996155444,190.0542444295216,193.78673936894754,3735600
2017-04-04 00:00:00+00:00,193.16322326660156,194.3680777922793,191.4949760104317,191.865700479871,3042700
2017-04-05 00:00:00+00:00,191.8151397705078,196.2216773499677,191.52024181484396,195.59818505962724,5286900
2017-04-06 00:00:00+00:00,192.64083862304688,193.88781036409281,190.17217063962912,191.33488214755704,2927200
2017-04-07 00:00:00+00:00,192.00054931640625,192.8009702923721,190.6103322837512,190.92208493390936,2853300
2017-04-10 00:00:00+00:00,192.8515167236328,193.6098075552194,191.21696556687456,192.10164677459838,2653900
2017-04-11 00:00:00+00:00,191.882568359375,193.28119324122713,189.9025683772624,191.9162647424223,3374700
2017-04-12 00:00:00+00:00,190.2058563232422,192.31223346967897,189.76772627701772,191.80669781201183,2947500
2017-04-13 00:00:00+00:00,188.15855407714844,192.24491998571784,187.95633714591415,189.72568708304425,3653700
2017-04-17 00:00:00+00:00,190.63558959960938,191.15797997551206,187.9057325165076,188.64716867353968,4190900
2017-04-18 00:00:00+00:00,181.64556884765625,185.2685407556804,179.61501783153818,184.78829336608743,12464000
2017-04-19 00:00:00+00:00,180.38174438476562,182.98522394525642,179.97732349583217,181.88148416852263,6428800
2017-04-20 00:00:00+00:00,183.72669982910156,184.5018453364004,181.14849539353347,181.56977096421608,5168200
2017-04-21 00:00:00+00:00,182.71559143066406,184.67030286272333,182.31117059235984,184.1395045300449,3845700
2017-04-24 00:00:00+00:00,188.07420349121094,189.41385626948977,185.6139565293932,186.35539254190851,5353500
2017-04-25 00:00:00+00:00,190.9473114013672,192.08474738364274,189.7003268335913,190.5850078351209,3996900
2017-04-26 00:00:00+00:00,190.5850067138672,193.24747058338158,190.49232560270352,191.34331022056253,3765300
2017-04-27 00:00:00+00:00,190.2564239501953,191.0062937656291,188.32698797216014,191.0062937656291,2805800
2017-04-28 00:00:00+00:00,188.5629119873047,191.0652894276308,188.49550636611488,189.83515933945495,2936600
2017-05-01 00:00:00+00:00,189.44761657714844,190.74513959108316,186.1448050108779,189.48973384634488,3004800
2017-05-02 00:00:00+00:00,189.67507934570312,190.2817171016909,188.04052832853097,189.45602071127183,2602400
2017-05-03 00:00:00+00:00,190.67767333984375,190.99784676432407,189.00100544203517,189.11052830595852,3042200
2017-05-04 00:00:00+00:00,190.9136199951172,192.85148978507965,189.41388030654016,192.32067856333012,2935400
2017-05-05 00:00:00+00:00,191.14955139160156,191.65508716093055,189.82675293674092,191.15798513008588,2435800
2017-05-08 00:00:00+00:00,189.59922790527344,191.54551842630747,189.23693718947868,191.04841648106543,2316800
2017-05-09 00:00:00+00:00,188.5291748046875,190.89675350801818,187.8298560518425,189.96994242441502,2145400
2017-05-10 00:00:00+00:00,189.47291564941406,189.86891573706887,187.93946631316598,188.2764945028248,2630400
2017-05-11 00:00:00+00:00,189.3717498779297,189.6497932385681,187.17269134952372,189.02631375377965,2440300
2017-05-12 00:00:00+00:00,187.73724365234375,189.14430245692435,187.45076650544377,188.30175135073407,2166100
2017-05-15 00:00:00+00:00,189.67507934570312,190.89678859581983,187.76249780865237,187.99841106305783,2468100
2017-05-16 00:00:00+00:00,190.0795135498047,191.10742681349055,189.07687578798746,189.94470230229973,1710700
2017-05-17 00:00:00+00:00,180.0699920654297,190.07950157678414,179.5644563472837,190.07950157678414,7525700
2017-05-18 00:00:00+00:00,181.28326416015625,183.34751140128037,180.18794536191476,180.30590197979876,4792400
2017-05-19 00:00:00+00:00,181.47705078125,183.5076016805999,180.3059054609661,181.038920682233,3747100
2017-05-22 00:00:00+00:00,182.0078887939453,183.37281743622006,181.4854983794932,183.14532504373784,2506100
2017-05-23 00:00:00+00:00,185.0579376220703,186.02686632063504,180.86203641433914,181.96577638500466,3308800
2017-05-24 00:00:00+00:00,188.5881805419922,189.0684278978578,184.89780326969907,185.36120886311832,4141600
2017-05-25 00:00:00+00:00,187.44229125976562,189.9530892282526,187.29905915601128,189.07684198872425,2640000
2017-05-26 00:00:00+00:00,188.33541870117188,188.92520181331201,186.35541876437182,187.05473761744784,1787100
2017-05-30 00:00:00+00:00,184.64950561523438,188.04796641417133,184.30289370174845,187.53227960861022,3097800
2017-05-31 00:00:00+00:00,178.59654235839844,184.54807704073008,177.21010750051238,184.49735585927877,8312000
2017-06-01 00:00:00+00:00,181.7667694091797,182.5445243940822,178.1992329765158,179.73784448331145,4057900
2017-06-02 00:00:00+00:00,180.32960510253906,181.93584908820856,179.14606776538426,180.01681585620304,3692000
2017-06-05 00:00:00+00:00,180.90451049804688,182.44310933563327,179.79704182478505,180.13520462945766,2696600
2017-06-06 00:00:00+00:00,181.36093139648438,182.62056308232667,179.6278848997335,179.65324548606173,2891300
2017-06-07 00:00:00+00:00,182.4176788330078,183.64348789366974,181.17495841369487,182.07106692839136,2679400
2017-06-08 00:00:00+00:00,184.9369659423828,186.83063859735762,181.44552431859657,182.41771478947095,3765600
2017-06-09 00:00:00+00:00,188.04798889160156,189.23998830753084,185.77389455754314,186.68691456338755,4455400
2017-06-12 00:00:00+00:00,187.59994506835938,190.4066248882126,187.59994506835938,189.05401261464598,3388200
2017-06-13 00:00:00+00:00,189.53582763671875,191.73383974821812,188.32693000510454,188.81725618073398,2767800
2017-06-14 00:00:00+00:00,191.48870849609375,191.85223181087383,187.47311806999892,188.51295393119696,3652900
2017-06-15 00:00:00+00:00,188.71585083007812,191.35346864117074,188.35234039145496,190.05156464796707,3378900
2017-06-16 00:00:00+00:00,187.51541137695312,189.0878327441159,186.94055403176628,188.22553382674525,3758300
2017-06-19 00:00:00+00:00,191.1674346923828,191.9367273333692,188.6143614289493,188.88487865775232,2900900
2017-06-20 00:00:00+00:00,190.2967071533203,191.51405416249375,189.52740153047978,190.6433061804524,2264200
2017-06-21 00:00:00+00:00,188.09022521972656,190.15295939825492,187.61679749557334,189.82325886688977,3015300
2017-06-22 00:00:00+00:00,185.79083251953125,187.59149929758104,185.38503719244076,187.20262823360778,3344600
2017-06-23 00:00:00+00:00,183.60968017578125,186.56853589377684,182.9925510236266,186.40791023372313,4448700
2017-06-26 00:00:00+00:00,186.35719299316406,187.65063463095626,184.04082696686794,184.51424182781315,2589500
2017-06-27 00:00:00+00:00,186.22195434570312,188.0226338183803,185.61327432394154,187.54075675965683,2899400
2017-06-28 00:00:00+00:00,188.70741271972656,189.89941227866808,186.61930440853362,187.56613435059697,3482800
2017-06-29 00:00:00+00:00,189.71339416503906,193.4161822957869,188.5467553966672,193.0611211270625,5063400
2017-06-30 00:00:00+00:00,187.5915069580078,191.09987330654607,187.2871669000574,190.47428182642818,3154300
2017-07-03 00:00:00+00:00,192.1396942138672,193.65294525359232,188.87649753610546,189.7557078708219,2846600
2017-07-05 00:00:00+00:00,192.7821502685547,193.52609535954824,190.38971511377923,193.06959180799512,2772000
2017-07-06 00:00:00+00:00,191.64089965820312,194.4898514829246,190.42353956111444,192.7229946557064,3076600
2017-07-07 00:00:00+00:00,190.44886779785156,193.162566961524,189.72183413558943,192.9427579871455,2697600
2017-07-10 00:00:00+00:00,190.92234802246094,192.19042952563817,189.33302797686812,189.59509609025667,2357500
2017-07-11 00:00:00+00:00,191.8606719970703,192.706059415343,189.93318971537562,191.09136635054097,2742900
2017-07-12 00:00:00+00:00,192.2326202392578,193.61060568482222,191.11671569590203,191.39568215705097,2567300
2017-07-13 00:00:00+00:00,194.7772674560547,194.98016509221497,191.86068327154186,192.2326558213745,2852600
2017-07-14 00:00:00+00:00,193.25555419921875,194.1093907825317,190.29669846152038,192.088915523344,3703600
2017-07-17 00:00:00+00:00,193.8135223388672,194.13477369806,192.08048838428812,193.3654680218818,2551800
2017-07-18 00:00:00+00:00,188.783447265625,194.74343066939,188.31848164271236,192.32562232983148,6400700
2017-07-19 00:00:00+00:00,188.41148376464844,189.5358505429891,187.3970214750411,188.44530648406848,4884600
2017-07-20 00:00:00+00:00,187.92967224121094,190.00931858184268,187.3463527140901,188.5214410007569,3497800
2017-07-21 00:00:00+00:00,186.13743591308594,187.93811563221414,185.21596652332002,187.58305438752242,3446600
2017-07-24 00:00:00+00:00,184.4465789794922,185.75693176114868,184.294415470446,185.0890815276926,3123100
2017-07-25 00:00:00+00:00,187.32095336914062,188.41149750760684,186.13740319527926,186.27266828365006,3509500
2017-07-26 00:00:00+00:00,187.8873748779297,189.14700691691414,187.56612349492661,188.05644980071403,2792500
2017-07-27 00:00:00+00:00,187.23638916015625,188.27622490220995,186.3487298509149,187.5407291261936,2812500
2017-07-28 00:00:00+00:00,189.03707885742188,189.08780003797813,186.71226348494767,187.48156912228575,2483200
2017-07-31 00:00:00+00:00,190.4911651611328,190.63487948685287,188.56368271092688,189.32452629405418,1994900
2017-08-01 00:00:00+00:00,191.9029541015625,193.27247766375805,191.67469587466692,191.97903587733137,2986800
2017-08-02 00:00:00+00:00,191.2858123779297,192.5200707695686,190.69404377237763,191.39570396922556,1863300
2017-08-03 00:00:00+00:00,189.3583526611328,191.683168309365,189.34144129907875,191.05757690926114,2106400
2017-08-04 00:00:00+00:00,194.26156616210938,194.26156616210938,190.26288734745938,191.09982552244625,3400300
2017-08-07 00:00:00+00:00,196.9076690673828,197.08520613092898,193.83890809452993,194.27006400617466,3809800
2017-08-08 00:00:00+00:00,196.1721954345703,199.367759535077,195.87630461431962,196.4680733552299,3322500
2017-08-09 00:00:00+00:00,195.29293823242188,195.69873347129882,193.64443538569677,194.70963176326373,2571100
2017-08-10 00:00:00+00:00,190.6348876953125,193.97416585329464,190.60952710142223,193.61065540780743,3325500
2017-08-11 00:00:00+00:00,189.4936065673828,191.63243595107417,188.22552529327695,190.27137443380676,2956600
2017-08-14 00:00:00+00:00,192.20729064941406,194.2953986774648,191.3111820186727,191.37035243223303,2266100
2017-08-15 00:00:00+00:00,192.40170288085938,194.9547762763451,192.3256211156596,194.07557911277758,1867000
2017-08-16 00:00:00+00:00,190.7279052734375,193.6022180790073,190.21221829895444,192.96817735134408,2393900
2017-08-17 00:00:00+00:00,187.18569946289062,191.04066441462533,186.92363140075975,189.68805214888118,3460300
2017-08-18 00:00:00+00:00,187.8028564453125,189.44291050795968,186.45024397994365,186.65312875497366,3149300
2017-08-21 00:00:00+00:00,186.6531219482422,188.01419649599694,185.3174208960324,188.01419649599694,2203300
2017-08-22 00:00:00+00:00,189.01173400878906,189.18080892458715,187.10961218198483,187.5576665136649,2021300
2017-08-23 00:00:00+00:00,188.30160522460938,190.05155053802355,187.10960582441217,187.5914699630435,2568000
2017-08-24 00:00:00+00:00,188.51295471191406,189.8486684492344,188.17479198751016,189.1723559000155,2263000
2017-08-25 00:00:00+00:00,188.07334899902344,190.16990628504973,187.78592035892083,189.0624507779099,2232500
2017-08-28 00:00:00+00:00,186.28114318847656,188.59749671262784,185.0215111533709,188.4453331524674,2641600
2017-08-29 00:00:00+00:00,186.58651733398438,186.7307224864143,183.01527498666522,184.30465621449994,2369100
2017-08-30 00:00:00+00:00,188.67323303222656,190.20012988520224,186.69675168138068,186.83247872245474,2411400
2017-08-31 00:00:00+00:00,189.79299926757812,190.429205336926,188.80899744051175,189.37733997589174,2240600
2017-09-01 00:00:00+00:00,191.60829162597656,193.03338689599659,189.614840921746,190.48008473205508,2346900
2017-09-05 00:00:00+00:00,184.7372589111328,190.01352846011508,184.330090688653,189.88629243547902,5646200
2017-09-06 00:00:00+00:00,185.6279754638672,187.48569934111242,184.5930791755721,185.75521150601568,3613600
2017-09-07 00:00:00+00:00,183.09158325195312,185.61095980395925,182.07365633905962,185.54309628394728,3594600
2017-09-08 00:00:00+00:00,184.25375366210938,186.00967556403458,182.71836557928205,182.81167631422025,3120900
2017-09-11 00:00:00+00:00,187.5196075439453,188.22367711482676,185.7636856041309,186.6798238550256,2971500
2017-09-12 00:00:00+00:00,191.6676483154297,193.14365081790848,188.3339352628183,188.77502874698055,3745800
2017-09-13 00:00:00+00:00,192.1851043701172,192.6771052248015,190.62428210648395,191.0738666395561,2383500
2017-09-14 00:00:00+00:00,192.4311065673828,193.4914498635583,191.75248426910176,191.79490058967752,1986600
2017-09-15 00:00:00+00:00,191.04844665527344,192.73651812425408,189.86086714279443,192.68561076487993,4365800
2017-09-18 00:00:00+00:00,193.00794982910156,194.25491472769232,191.421680213248,191.9645755270556,2466800
2017-09-19 00:00:00+00:00,194.17861938476562,195.22199393547004,192.83834342796442,193.41516417350886,1858000
2017-09-20 00:00:00+00:00,194.925048828125,196.5028403786111,193.8307800973962,194.67905484618132,2682300
2017-09-21 00:00:00+00:00,196.1974334716797,196.88454679461998,194.59419493877297,195.00985416717236,1800800
2017-09-22 00:00:00+00:00,195.97689819335938,196.36711024118063,194.1531128096691,195.6460715860597,1861800
2017-09-25 00:00:00+00:00,195.32371520996094,196.68095982019656,193.71199856099454,195.75634356309104,2261800
2017-09-26 00:00:00+00:00,195.0522918701172,196.32470395456835,194.280358765742,195.8327030620098,1770000
2017-09-27 00:00:00+00:00,199.1409912109375,199.85355189378674,197.5716905670014,198.55569246036512,3072100
2017-09-28 00:00:00+00:00,199.7432403564453,200.36247724993115,198.07213819782862,199.34455022051273,2121800
2017-09-29 00:00:00+00:00,201.2022705078125,201.55006622805286,198.9797950203487,199.35302500148492,1902300
2017-10-02 00:00:00+00:00,204.1372833251953,204.51901726135344,201.12591876141323,201.2107384577256,2501300
2017-10-03 00:00:00+00:00,204.9601287841797,205.88475804395335,203.3229648268309,204.49358805429546,2010800
2017-10-04 00:00:00+00:00,203.84890747070312,206.02897983787946,203.68773319376535,204.96014534603754,1840400
2017-10-05 00:00:00+00:00,208.72645568847656,208.94701537864063,203.68770225973046,204.43418808432804,3521300
2017-10-06 00:00:00+00:00,208.6925506591797,209.59171979320848,207.49648019509453,208.93006654576672,2396100
2017-10-09 00:00:00+00:00,205.96112060546875,208.97249868414616,205.2994673079577,207.95455858614827,2165200
2017-10-10 00:00:00+00:00,205.7914581298828,206.74999978919422,205.0280030938803,205.96111049000154,2187100
2017-10-11 00:00:00+00:00,205.6217803955078,206.30040273860297,204.73110232281783,205.28247569578255,2175700
2017-10-12 00:00:00+00:00,203.41627502441406,206.4870252870232,202.5255840034188,205.5624089733357,2148200
2017-10-13 00:00:00+00:00,202.3389434814453,203.11935457632606,200.9053573068543,202.73763358717096,2491000
2017-10-16 00:00:00+00:00,205.63027954101562,205.92716792907999,202.18628622268224,202.39835490429041,2969200
2017-10-17 00:00:00+00:00,200.2691650390625,207.73398477244268,199.50572300854452,207.3522637571837,7088400
2017-10-18 00:00:00+00:00,205.3079376220703,205.83386382744783,200.9308367860866,200.9308367860866,4235900
2017-10-19 00:00:00+00:00,203.5774688720703,204.42574365107092,201.97423005750497,203.88284831025638,2710900
2017-10-20 00:00:00+00:00,207.5982208251953,208.03932720230068,204.15422832557113,206.08829320657821,3022800
2017-10-23 00:00:00+00:00,205.39276123046875,208.1072377343066,204.75655519314842,207.3098574298819,1963300
2017-10-24 00:00:00+00:00,207.6916046142578,208.88767522149362,206.13078204598153,206.63975211738085,2285300
2017-10-25 00:00:00+00:00,205.03648376464844,209.09971388903287,204.2645506799221,208.81130359703997,2904300
2017-10-26 00:00:00+00:00,205.04498291015625,206.97904839242992,204.88380862935912,205.79994695416968,1948800
2017-10-27 00:00:00+00:00,205.03648376464844,205.65572067243195,203.3059961254016,204.30696700371982,2111500
2017-10-30 00:00:00+00:00,204.3408660888672,205.78293030752468,203.18721212521257,203.67073485593187,1764400
2017-10-31 00:00:00+00:00,205.6896209716797,207.13168520006187,204.1203207310097,204.1627241060102,2658700
2017-11-01 00:00:00+00:00,207.19956970214844,209.86315169277995,206.0544066446697,206.8857122109619,2969600
2017-11-02 00:00:00+00:00,209.42208862304688,210.15160547526182,206.45312679671918,207.56436472358985,2509100
2017-11-03 00:00:00+00:00,207.31832885742188,208.91308941504104,206.29192373195855,208.1411563414152,1954600
2017-11-06 00:00:00+00:00,206.54640197753906,207.4710182520511,205.00253588074068,206.55488006444173,1744800
2017-11-07 00:00:00+00:00,203.4247589111328,207.81033766846437,202.60193139570856,206.90269044706912,2483900
2017-11-08 00:00:00+00:00,204.6462860107422,205.55394621760502,201.50767198500603,202.90732016264715,2349800
2017-11-09 00:00:00+00:00,204.25608825683594,205.59636402596382,201.75368012602326,203.1702975224925,2122400
2017-11-10 00:00:00+00:00,203.71315002441406,206.4021920289782,203.5859140056181,205.01950022105734,1845600
2017-11-13 00:00:00+00:00,203.81494140625,204.34934560162878,201.17680688716365,201.8639072409672,1953900
2017-11-14 00:00:00+00:00,201.24472045898438,204.33244024771867,199.87899749798768,203.289052912642,3000200
2017-11-15 00:00:00+00:00,201.5585479736328,202.01661060731348,198.11455483115313,199.31910332794465,2564100
2017-11-16 00:00:00+00:00,203.05148315429688,204.1712118188103,202.05900344364707,202.21169959955478,2304300
2017-11-17 00:00:00+00:00,201.90631103515625,202.80547998280886,201.14285617767663,202.6188585472233,2826400
2017-11-20 00:00:00+00:00,201.99969482421875,202.55106830103895,201.1344508502059,202.55106830103895,2000700
2017-11-21 00:00:00+00:00,201.90631103515625,203.23809534149763,201.49912993371018,203.08541213618713,2223800
2017-11-22 00:00:00+00:00,200.5575714111328,202.6952271759981,200.4981989156987,201.83847443013403,2177200
2017-11-24 00:00:00+00:00,200.15040588378906,202.36440329118633,199.81110119310094,201.39737068471652,1268500
2017-11-27 00:00:00+00:00,199.4378662109375,200.93931606150718,199.17490312363353,199.98076150384904,1999600
2017-11-28 00:00:00+00:00,203.0854034423828,203.58588229655447,198.77616738053538,200.26912585766576,3212900
2017-11-29 00:00:00+00:00,205.38296508789062,208.02939011757204,204.56605663205815,205.2893611292465,4500000
2017-11-30 00:00:00+00:00,210.72686767578125,213.4073245835506,207.62944532231296,207.68901737926393,6364600
2017-12-01 00:00:00+00:00,211.8415985107422,213.313721687409,207.63795108490174,212.54788056261154,4765400
2017-12-04 00:00:00+00:00,213.2882080078125,216.9047047407331,212.74360666622786,216.8962000110109,3326100
2017-12-05 00:00:00+00:00,211.31402587890625,213.883869459141,210.53116228833085,213.4158496538188,2526800
2017-12-06 00:00:00+00:00,209.28880310058594,211.101310431562,208.5910386766983,209.53558310468742,2331400
2017-12-07 00:00:00+00:00,211.509765625,212.29262931586072,207.96985007859564,208.15705802470595,2667000
2017-12-08 00:00:00+00:00,213.0329132080078,213.31371208596033,210.35244342322846,213.1605490616226,1959100
2017-12-11 00:00:00+00:00,212.8457489013672,213.92643397486785,211.67995160082344,212.73512248269333,1494200
2017-12-12 00:00:00+00:00,219.27032470703125,219.71283035245267,213.32225938587587,213.4243680829297,3464200
2017-12-13 00:00:00+00:00,217.46636962890625,221.67001811518486,217.46636962890625,219.38098590821207,3482300
2017-12-14 00:00:00+00:00,217.39825439453125,220.86157514457395,217.39825439453125,218.80231387507857,3353200
2017-12-15 00:00:00+00:00,218.83636474609375,220.36804715319255,216.78558218171472,218.43642169988084,5283400
2017-12-18 00:00:00+00:00,221.2615203857422,222.9463917791965,220.52972408378105,221.24451092592017,2575600
2017-12-19 00:00:00+00:00,218.24923706054688,222.77622095595467,217.99393931968496,222.6060484306909,2195500
2017-12-20 00:00:00+00:00,217.14297485351562,220.47015508412758,216.60689120662443,220.28294714892095,2052400
2017-12-21 00:00:00+00:00,222.1039581298828,223.02296231919613,218.0790007613717,218.3597996621331,3337800
2017-12-22 00:00:00+00:00,220.36807250976562,223.0655654456542,219.3043968355996,222.65710463806246,2100600
2017-12-26 00:00:00+00:00,219.3043670654297,220.5637682413928,217.84074849771503,219.70431010337035,1289300
2017-12-27 00:00:00+00:00,217.79820251464844,219.52562354940636,217.43230435877325,219.52562354940636,1567900
2017-12-28 00:00:00+00:00,218.26622009277344,218.69169030737922,217.0749086856054,218.67468084750575,1301000
2017-12-29 00:00:00+00:00,216.7855987548828,218.39387579274523,215.2113666084995,217.73014323644148,2519300
2018-01-02 00:00:00+00:00,217.55992126464844,219.46603235400326,216.07077562792986,219.34688823811905,2258300
2018-01-03 00:00:00+00:00,215.53469848632812,217.95989692008544,215.47513940733293,217.39826012873218,2988200
2018-01-04 00:00:00+00:00,218.54701232910156,221.00624255931316,216.41116957573078,217.18551547456462,2583200
2018-01-05 00:00:00+00:00,217.43231201171875,219.10865278804744,215.87508939721215,218.8448633204676,2594700
2018-01-08 00:00:00+00:00,214.27532958984375,217.14299497824234,214.11364881406072,216.77709678826756,2940500
2018-01-09 00:00:00+00:00,216.0878143310547,217.50037855755747,214.96456673379112,215.11774276265456,2637300
2018-01-10 00:00:00+00:00,216.41969299316406,217.1174574321979,214.73483448493968,216.98982155442383,2927200
2018-01-11 00:00:00+00:00,217.10043334960938,217.74714339397752,215.26239892752687,217.62801225463812,2422400
2018-01-12 00:00:00+00:00,218.71717834472656,218.94692287079295,216.21541185301393,217.62797582898094,2849200
2018-01-16 00:00:00+00:00,219.93405151367188,222.75066219861193,218.18111634324515,220.60630171006363,4445500
2018-01-17 00:00:00+00:00,215.841064453125,222.946423211022,211.7480425014371,222.07847320219497,8608100
2018-01-18 00:00:00+00:00,213.56051635742188,216.5983668781086,213.24567255978886,216.55583024494112,4984500
2018-01-19 00:00:00+00:00,217.94285583496094,217.95989126326128,212.95634446309293,213.586045047149,4643400
2018-01-22 00:00:00+00:00,222.5379180908203,223.6866927937382,217.1514769294864,217.3727167531975,5264700
2018-01-23 00:00:00+00:00,221.3211212158203,221.46579253335548,218.56408218511262,219.54265860921555,4003600
2018-01-24 00:00:00+00:00,226.07785034179688,226.162949579704,221.49978660999412,221.8742024818722,4314000
2018-01-25 00:00:00+00:00,228.9285430908203,230.17942678157692,225.50777130954407,226.64802856996948,5055000
2018-01-26 00:00:00+00:00,228.17123413085938,228.90303061135762,226.39274535288197,227.61810194368363,3535400
2018-01-29 00:00:00+00:00,231.86424255371094,232.97897236662843,228.74127995361667,228.93700558842912,3881100
2018-01-30 00:00:00+00:00,228.85191345214844,231.45578900091755,227.2946779763582,230.0857874206756,3970400
2018-01-31 00:00:00+00:00,227.95846557617188,229.7539375864355,226.63097449007603,228.520063460088,3710200
2018-02-01 00:00:00+00:00,231.6514892578125,231.95781530356444,226.35012179341518,226.47775764581183,3388200
2018-02-02 00:00:00+00:00,221.278564453125,231.24306996686184,220.6914134583305,229.75392416210744,5913900
2018-02-05 00:00:00+00:00,211.977783203125,224.05261769103015,205.5021256397822,219.12569101597106,6528500
2018-02-06 00:00:00+00:00,220.13829040527344,220.18082703753484,206.02117939495758,207.8081594168163,6739900
2018-02-07 00:00:00+00:00,218.77679443359375,222.90386080123628,217.5514381106516,217.7556555082614,4125000
2018-02-08 00:00:00+00:00,209.6291961669922,220.20638028888226,209.37391142159134,219.4830756743001,4166200
2018-02-09 00:00:00+00:00,212.13946533203125,214.1561901248316,203.62154277425563,212.4117595351591,5978600
2018-02-12 00:00:00+00:00,215.42410278320312,217.96840659997218,211.73102408337687,213.71370404690364,3692500
2018-02-13 00:00:00+00:00,217.44082641601562,218.18114050110486,213.22867350902104,214.44551219988367,2700500
2018-02-14 00:00:00+00:00,223.43992614746094,223.55055255807824,216.5473164715795,216.9898091297283,3793800
2018-02-15 00:00:00+00:00,227.77976989746094,228.05207711753897,223.72079264971575,226.14597851428442,3523100
2018-02-16 00:00:00+00:00,227.72869873046875,229.14126311563155,226.2650799913905,226.34166152226365,2602500
2018-02-20 00:00:00+00:00,225.4056396484375,228.77535672938862,224.06113912710086,227.10752063438252,2618400
2018-02-21 00:00:00+00:00,224.1377410888672,229.7539540482194,223.9079964835313,224.58024680548567,3017900
2018-02-22 00:00:00+00:00,222.4613800048828,226.6224917266148,221.85721949035366,224.9886744572573,2678900
2018-02-23 00:00:00+00:00,227.00540161132812,227.184117824596,223.28679555566026,223.79736508037104,2507100
2018-02-26 00:00:00+00:00,230.82611083984375,231.26859051758552,227.00537062583646,227.62656649245196,2751400
2018-02-27 00:00:00+00:00,227.9924774169922,232.4088606020144,227.9924774169922,230.60487093272647,3140600
2018-02-28 00:00:00+00:00,224.36585998535156,229.96369794501945,224.05867394634745,229.66505353205753,3104300
2018-03-01 00:00:00+00:00,219.11785888671875,224.8948878781294,218.6229394362084,224.09275639090924,3483500
2018-03-02 00:00:00+00:00,220.26132202148438,221.2170465288296,215.12428977373395,217.59893916772563,3122800
2018-03-05 00:00:00+00:00,224.5279541015625,225.74820849435537,218.6570455837258,218.84477903196608,2445800
2018-03-06 00:00:00+00:00,227.7791748046875,228.58130639833712,224.60478889237308,225.9359804644847,2217300
2018-03-07 00:00:00+00:00,226.4308319091797,227.35241567546555,222.6761899063165,224.16097387926158,2509400
2018-03-08 00:00:00+00:00,227.2756805419922,228.77754816511668,224.10983671698835,227.3951591218038,2565400
2018-03-09 00:00:00+00:00,231.05592346191406,231.32899503857317,227.87302241427093,229.28955192145892,4410600
2018-03-12 00:00:00+00:00,233.2831268310547,234.93004583802553,231.05592421141614,231.25219929056513,3065600
2018-03-13 00:00:00+00:00,229.14447021484375,234.69110955930168,228.21434458821926,234.10231037633613,2288100
2018-03-14 00:00:00+00:00,225.64584350585938,231.06448935989442,225.20212167832966,230.74022008373973,2478700
2018-03-15 00:00:00+00:00,227.50608825683594,229.54555756938083,226.4309111601119,226.74663880127454,2255200
2018-03-16 00:00:00+00:00,228.3509063720703,230.2708971329764,226.4138323600364,226.99411602601498,4114400
2018-03-19 00:00:00+00:00,224.02452087402344,228.26556817295457,221.4133355232935,227.83036193398578,2426900
2018-03-20 00:00:00+00:00,224.58773803710938,225.82507592488057,223.47842037614043,224.67307617446312,1514800
2018-03-21 00:00:00+00:00,223.4442596435547,227.4036936504718,222.13012536383738,224.4341246556692,2817600
2018-03-22 00:00:00+00:00,215.5509490966797,222.5653157708132,215.1925393944076,220.51733101343578,4489300
2018-03-23 00:00:00+00:00,209.2874755859375,216.73704747735002,209.00587544034894,216.42984850223232,3634200
2018-03-26 00:00:00+00:00,217.4965057373047,217.9061000228846,212.00959334386218,213.886914591935,3787200
2018-03-27 00:00:00+00:00,210.99415588378906,219.3567839574827,209.58616802834769,218.35839043840747,2981500
2018-03-28 00:00:00+00:00,212.794677734375,214.38187041278644,208.52803214948062,212.29121668034202,2660200
2018-03-29 00:00:00+00:00,214.91944885253906,215.8751731943168,211.90719843461605,214.0063805454161,3073900
2018-04-02 00:00:00+00:00,211.07095336914062,215.55093104387026,208.01603369702326,214.40746017967905,3429900
2018-04-03 00:00:00+00:00,213.82720947265625,214.09173941284726,209.8336224759024,212.14615008801835,2488200
2018-04-04 00:00:00+00:00,215.5679931640625,216.0799958325807,208.6474936393839,209.67149897642028,2853200
2018-04-05 00:00:00+00:00,218.2901153564453,220.15890817192536,216.23358909698663,217.17225631687987,1924800
2018-04-06 00:00:00+00:00,213.3066864013672,217.8890597215459,210.49922623605778,214.59520871670318,3621900
2018-04-09 00:00:00+00:00,215.20108032226562,219.73225602334625,212.62402264464237,214.59521089690733,3256700
2018-04-10 00:00:00+00:00,218.9386444091797,221.7717031543294,218.40957153487292,220.12475826767158,3113900
2018-04-11 00:00:00+00:00,215.84107971191406,217.45387130272255,213.15308504672015,215.54240929774707,3322000
2018-04-12 00:00:00+00:00,221.51573181152344,222.48853963419387,217.69282050485432,218.68267251640842,3059100
2018-04-13 00:00:00+00:00,218.38397216796875,223.9988789631369,217.20637389477386,223.52101677133842,3026200
2018-04-16 00:00:00+00:00,220.0565185546875,222.4287724765701,219.015455982262,219.41652171200474,3257400
2018-04-17 00:00:00+00:00,216.4298553466797,223.78554773474698,215.3290535590425,223.23088904971743,10134400
2018-04-18 00:00:00+00:00,216.74557495117188,219.3226192626464,215.2522491395004,217.51356587458153,4524800
2018-04-19 00:00:00+00:00,216.8907012939453,218.58883124673488,215.7472431850019,216.7456368789992,3990000
2018-04-20 00:00:00+00:00,215.0047607421875,218.17913235035277,214.5951534850076,216.83088411295842,2930600
2018-04-23 00:00:00+00:00,210.49066162109375,215.6789034728638,210.08106734933395,214.74877799335562,3775900
2018-04-24 00:00:00+00:00,206.92381286621094,212.60697573000428,204.83314580380306,212.32538853803325,4705100
2018-04-25 00:00:00+00:00,204.14193725585938,206.89819989801444,202.6742100161838,206.66779737227805,5041400
2018-04-26 00:00:00+00:00,204.8757781982422,206.21551112019856,203.1008521276392,204.17605511488281,2891100
2018-04-27 00:00:00+00:00,204.62835693359375,206.4459393835633,203.96276115967177,204.7990201795892,2136800
2018-04-30 00:00:00+00:00,203.37391662597656,207.41870106170515,203.28004990845645,205.6267048256913,2790500
2018-05-01 00:00:00+00:00,201.95738220214844,203.00697327484662,199.6448677968917,202.6741754702951,3269800
2018-05-02 00:00:00+00:00,199.72164916992188,203.0154995337086,199.18404774911525,201.8976406599659,3710900
2018-05-03 00:00:00+00:00,199.17555236816406,199.67901342232125,194.04703604056357,198.35635068652388,4511400
2018-05-04 00:00:00+00:00,200.48114013671875,202.05979115374075,198.21128161366653,198.23688044491558,2622300
2018-05-07 00:00:00+00:00,202.40965270996094,203.23738294915483,200.7712624587807,201.38566043056932,1979400
2018-05-08 00:00:00+00:00,202.239013671875,205.36220156495708,201.38568450026372,203.29714653215015,3267000
2018-05-09 00:00:00+00:00,206.27523803710938,206.54830959688073,202.45232734569092,203.07525393786244,2434000
2018-05-10 00:00:00+00:00,207.7344207763672,209.4240086069416,204.93550260461592,206.59949160599737,2599000
2018-05-11 00:00:00+00:00,207.29071044921875,208.98884010336496,206.25818949478423,207.73444524210348,1540100
2018-05-14 00:00:00+00:00,208.13548278808594,209.81654198618335,207.78561476759984,207.87095287724875,1928500
2018-05-15 00:00:00+00:00,206.13018798828125,208.16964414186316,205.37072556341022,207.35898405116683,2165700
2018-05-16 00:00:00+00:00,205.6181640625,206.3690847374841,205.30242347454956,205.88269397238497,1965200
2018-05-17 00:00:00+00:00,204.0309600830078,206.88107569194895,203.75788856511883,205.15734754238315,2462700
2018-05-18 00:00:00+00:00,202.239013671875,203.7238111179558,202.1280767129192,203.17768096895537,2699000
2018-05-21 00:00:00+00:00,202.8363037109375,204.85870232512144,202.51204754023925,204.03097214115616,1951700
2018-05-22 00:00:00+00:00,203.09231567382812,205.39630152479776,203.075245446864,203.68964340989163,2551500
2018-05-23 00:00:00+00:00,202.93019104003906,202.98138870267883,200.00327847913746,202.1366012275854,3114000
2018-05-24 00:00:00+00:00,201.4710235595703,202.3840790066262,199.38035666281635,201.8976881473536,2308700
2018-05-25 00:00:00+00:00,200.5408935546875,201.48808950145255,199.91796687533926,200.53236495003932,1985600
2018-05-29 00:00:00+00:00,193.73130798339844,198.3734204534383,192.01612114931262,197.56276039814708,5323600
2018-05-30 00:00:00+00:00,196.2404022216797,196.67713431084434,193.7741196786018,196.05200491259384,3348600
2018-05-31 00:00:00+00:00,193.4315948486328,195.34124431188346,191.8987269535017,194.68185370075057,5334900
2018-06-01 00:00:00+00:00,195.54676818847656,197.1738216419673,195.32410969052864,195.58957506871587,3330900
2018-06-04 00:00:00+00:00,196.8655242919922,197.94451633101892,196.06055637710026,197.25944948727573,2133600
2018-06-05 00:00:00+00:00,195.53823852539062,196.39458538385355,194.63907171064133,196.05205186719482,1986200
2018-06-06 00:00:00+00:00,198.86941528320312,199.16914189230735,196.41170412908352,196.83131876846636,2566400
2018-06-07 00:00:00+00:00,199.9141387939453,202.02931623370486,199.13486014417833,200.29093344072558,2905000
2018-06-08 00:00:00+00:00,199.86273193359375,200.6163211210215,198.97213722129814,199.5287572831314,2253100
2018-06-11 00:00:00+00:00,200.46218872070312,201.37848592910868,200.03401538596705,200.9160514101783,1936800
2018-06-12 00:00:00+00:00,199.2119140625,201.4384073860241,198.5525235207231,200.48786213580982,2080000
2018-06-13 00:00:00+00:00,200.23956298828125,204.00748347788425,199.6144335167802,200.08541377786972,3637400
2018-06-14 00:00:00+00:00,200.08541870117188,202.00364018073768,199.17769321059293,201.98650958653388,2899600
2018-06-15 00:00:00+00:00,198.60391235351562,199.65721506822769,196.8227097637803,198.24424833060937,4738100
2018-06-18 00:00:00+00:00,198.15003967285156,198.38981567601667,196.23181858071857,197.1309851259938,2327500
2018-06-19 00:00:00+00:00,195.52110290527344,196.1376605648475,193.67139072610667,195.43546300062474,3326600
2018-06-20 00:00:00+00:00,195.09286499023438,196.90831538036986,194.35640648100406,196.89118479174294,2678300
2018-06-21 00:00:00+00:00,194.37356567382812,195.61526574586583,192.3097801068029,193.86832426890732,3094600
2018-06-22 00:00:00+00:00,193.5514678955078,197.3878971178766,193.1746732897121,195.05863325187815,2731800
2018-06-25 00:00:00+00:00,189.7150115966797,192.797864446614,188.73021827710122,192.24980316960475,3817700
2018-06-26 00:00:00+00:00,189.749267578125,190.79401140049097,187.64264934391508,189.92053427247114,2692900
2018-06-27 00:00:00+00:00,188.5504150390625,193.08049651732807,188.51616691956954,189.6636683913865,3104200
2018-06-28 00:00:00+00:00,191.32493591308594,192.38681029074166,188.03656844699253,188.6103190413257,3072600
2018-06-29 00:00:00+00:00,188.88436889648438,192.82355527171364,188.7815984228268,192.16416475522516,3393700
2018-07-02 00:00:00+00:00,191.18792724609375,191.2564365385401,187.44569698054096,188.18215554082485,1723200
2018-07-03 00:00:00+00:00,188.72166442871094,192.36969617376306,188.38768978350765,192.21556006065936,1204400
2018-07-05 00:00:00+00:00,189.0299530029297,190.22883301503072,188.20785451833746,189.68077171423994,2218200
2018-07-06 00:00:00+00:00,189.92913818359375,191.13659022600692,188.29352583693895,188.8587047559539,1846400
2018-07-09 00:00:00+00:00,195.2384796142578,195.41830509534745,190.96530507906374,191.27359039917332,2743900
2018-07-10 00:00:00+00:00,194.26226806640625,195.99207911647102,193.4059213049353,195.24706161537196,2524800
2018-07-11 00:00:00+00:00,193.2431640625,194.60475193006843,192.8492389032556,193.3287908767279,2527000
2018-07-12 00:00:00+00:00,194.57913208007812,195.07581482052868,193.3374317623597,194.93879618864938,2223100
2018-07-13 00:00:00+00:00,193.8854522705078,195.77797108969057,191.76170312540532,194.07384958284453,2541500
2018-07-16 00:00:00+00:00,198.19287109375,198.19287109375,194.16804444547077,194.5619565877056,3271200
2018-07-17 00:00:00+00:00,197.83319091796875,199.72570954567993,194.2793447646363,198.22710302804634,9280200
2018-07-18 00:00:00+00:00,198.02162170410156,200.14535792672956,197.08819384160668,198.96359526299278,6149900
2018-07-19 00:00:00+00:00,196.6428985595703,198.66387731127446,196.08626535979113,197.9102880275433,4638500
2018-07-20 00:00:00+00:00,198.40696716308594,198.71525249488303,195.93212574584211,196.11195123374918,2683500
2018-07-23 00:00:00+00:00,200.1796112060547,201.12159785603984,198.43266958868102,198.50117889657218,2788500
2018-07-24 00:00:00+00:00,201.9950408935547,203.36518761824388,200.6762598075425,201.0273650508014,2887400
2018-07-25 00:00:00+00:00,202.68869018554688,202.82570878524825,200.3422956662088,201.250021022308,2181500
2018-07-26 00:00:00+00:00,203.04835510253906,204.10165782539795,202.46603258465387,202.95415644818175,1885500
2018-07-27 00:00:00+00:00,203.5022430419922,204.49560841727617,202.08927611806283,203.77628027661447,1998200
2018-07-30 00:00:00+00:00,204.62400817871094,205.29195745108026,202.85993635338627,203.81048155895976,2454100
2018-07-31 00:00:00+00:00,203.3223876953125,205.09503161010917,202.5688114959152,205.09503161010917,2503700
2018-08-01 00:00:00+00:00,202.13204956054688,205.0093747139659,201.909404144363,204.23866798602663,2510500
2018-08-02 00:00:00+00:00,200.37655639648438,201.42130034992277,199.331812443046,200.3251646216029,2579700
2018-08-03 00:00:00+00:00,200.46218872070312,201.68677125279117,199.94838855910774,200.76191528174365,3053100
2018-08-06 00:00:00+00:00,202.03785705566406,202.93702364348565,200.4108036619395,200.50500231526962,2259600
2018-08-07 00:00:00+00:00,203.6649169921875,205.06076615587162,202.51741566424238,203.16823438752192,2399500
2018-08-08 00:00:00+00:00,202.4146728515625,204.8038875511416,202.29478483176092,203.9132796324892,2522400
2018-08-09 00:00:00+00:00,200.1967315673828,202.82572222272432,199.86275687524247,202.39754887040007,2951900
2018-08-10 00:00:00+00:00,196.625732421875,198.2099787705608,195.34121259325775,197.7903642558271,3863400
2018-08-13 00:00:00+00:00,194.27081298828125,196.86554244532,194.0224781945468,196.52300899186278,2662700
2018-08-14 00:00:00+00:00,196.5829315185547,197.27657020249217,194.647592826733,194.69041277186267,2359000
2018-08-15 00:00:00+00:00,196.31744384765625,198.27847167039076,195.5124760112007,196.40308372818558,3218500
2018-08-16 00:00:00+00:00,199.5287628173828,199.77709758823013,197.34507631910904,197.5334736211915,2438300
2018-08-17 00:00:00+00:00,199.85418701171875,200.1453417390923,198.36413912433935,199.10915653462254,2107200
2018-08-20 00:00:00+00:00,201.909423828125,202.08069055471773,200.45363705186648,200.49645700021807,2604900
2018-08-21 00:00:00+00:00,204.3671112060547,205.12070039669854,201.48978610255614,201.48978610255614,2437300
2018-08-22 00:00:00+00:00,204.95797729492188,205.2405732205151,203.45081209190243,203.71627742802636,1870900
2018-08-23 00:00:00+00:00,202.38897705078125,204.9066384532648,201.96080369843546,204.70968236989359,2064700
2018-08-24 00:00:00+00:00,201.33567810058594,203.6392528708074,200.9845728089343,203.26245822287044,1948100
2018-08-27 00:00:00+00:00,207.7497100830078,208.64886364480483,202.57736881121497,202.94560467886888,4106900
2018-08-28 00:00:00+00:00,207.55274963378906,209.87345498643475,206.88480023982308,208.1436309592545,2951000
2018-08-29 00:00:00+00:00,207.4066619873047,208.60092520545126,206.47015615575432,207.96513850994398,1911700
2018-08-30 00:00:00+00:00,205.68829345703125,207.16608846475967,205.06968098355958,206.89115687104174,1963700
2018-08-31 00:00:00+00:00,204.3222198486328,205.6453684450528,203.72938173427067,205.29310041911495,1965500
2018-09-04 00:00:00+00:00,204.19332885742188,204.58854549047348,201.55563212473922,204.2792392467401,2083500
2018-09-05 00:00:00+00:00,204.10743713378906,205.73129188867227,202.91317372263248,203.63488403367228,2092000
2018-09-06 00:00:00+00:00,201.4955291748047,205.02677057342513,200.94565277475593,203.62629858623276,2651400
2018-09-07 00:00:00+00:00,200.971435546875,202.45781799914377,199.91463134957408,201.95090333479894,1952900
2018-09-10 00:00:00+00:00,199.25303649902344,202.33749883376296,199.1069770327359,201.9164946473442,1948100
2018-09-11 00:00:00+00:00,197.79244995117188,199.02966199427019,196.46071417906,198.18766664116396,2719400
2018-09-12 00:00:00+00:00,196.0224609375,199.32173134445526,195.29216375750866,198.39381277156937,3577700
2018-09-13 00:00:00+00:00,196.1771240234375,197.48308497593362,195.52415010223112,197.18236588414666,3003600
2018-09-14 00:00:00+00:00,196.9590301513672,198.08455729522768,196.5466130511067,196.8215577846137,2228300
2018-09-17 00:00:00+00:00,195.7991180419922,197.74946617350213,195.29220346515078,197.09647902087926,1918800
2018-09-18 00:00:00+00:00,196.65834045410156,197.09651893993538,194.66504327785665,196.19438753440033,2498100
2018-09-19 00:00:00+00:00,202.40621948242188,203.0076446239521,197.19957551275544,197.52605595525193,3716500
2018-09-20 00:00:00+00:00,203.96994018554688,204.9236333781341,202.7928642407637,203.62627239600144,2503000
2018-09-21 00:00:00+00:00,202.1999969482422,204.93220398772186,201.76181861336286,204.53697428776653,3760300
2018-09-24 00:00:00+00:00,200.10366821289062,202.54375732047274,199.53661753043735,201.68457452331975,2057000
2018-09-25 00:00:00+00:00,199.7599639892578,201.59861431619632,199.52798100541375,201.59861431619632,2003200
2018-09-26 00:00:00+00:00,196.6497039794922,200.18953184958812,196.09982767821433,200.1551703164205,2372700
2018-09-27 00:00:00+00:00,195.67027282714844,197.4831488486401,195.48125158433223,196.55522995938446,2451500
2018-09-28 00:00:00+00:00,192.6631317138672,195.37813905889578,192.28508923149818,193.9604928600995,3097800
2018-10-01 00:00:00+00:00,193.59957885742188,195.54132643292482,193.3160470818252,194.36425069703108,2451300
2018-10-02 00:00:00+00:00,194.2353973388672,194.45878007299862,192.4311088144482,193.55663581078915,2272700
2018-10-03 00:00:00+00:00,195.70460510253906,197.4143831395866,194.67358863867676,195.67883067419893,2573900
2018-10-04 00:00:00+00:00,195.44683837890625,198.81483232545577,193.65115003647517,196.97618223448015,2903600
2018-10-05 00:00:00+00:00,193.9261016845703,196.24589197812435,192.63732784258636,195.89362398156155,1722400
2018-10-08 00:00:00+00:00,193.61679077148438,194.9657005430047,191.16811528669933,192.68027183855,2522900
2018-10-09 00:00:00+00:00,191.5203857421875,193.41917183976025,191.19389217732046,193.3074870228994,1862900
2018-10-10 00:00:00+00:00,184.62977600097656,192.14762487527074,184.34624412736403,191.80395702790963,3955500
2018-10-11 00:00:00+00:00,182.98013305664062,185.60922991166777,181.24458040400742,184.03692406285825,6217400
2018-10-12 00:00:00+00:00,183.7533416748047,187.28458197816641,181.6827219870594,186.44258686957878,4161300
2018-10-15 00:00:00+00:00,184.91329956054688,186.5629287518682,183.04887469676046,184.25172521852994,3333800
2018-10-16 00:00:00+00:00,190.48077392578125,190.73853131985223,185.84119327284614,188.46170274407746,5924200
2018-10-17 00:00:00+00:00,196.13418579101562,196.66687476137758,189.06311727990607,189.4755212211513,4953700
2018-10-18 00:00:00+00:00,193.27310180664062,196.52081062553924,192.3365960229554,195.46401981560166,2995400
2018-10-19 00:00:00+00:00,195.00010681152344,196.15140845624512,192.62016711721756,193.53948576752637,2759100
2018-10-22 00:00:00+00:00,190.39483642578125,196.64108340660803,190.3261002564767,194.97426735370317,2736800
2018-10-23 00:00:00+00:00,187.78294372558594,188.607764775824,184.14001795475625,186.09035298391805,3318200
2018-10-24 00:00:00+00:00,179.7238311767578,188.10086251497657,179.0536697185073,187.42211394934404,4152700
2018-10-25 00:00:00+00:00,183.87367248535156,185.31710614108258,180.7204737625838,181.51952043684787,3179700
2018-10-26 00:00:00+00:00,182.45603942871094,184.5524473227391,180.02455080474138,181.05556742686196,3557900
2018-10-29 00:00:00+00:00,184.2860565185547,187.4822164218162,182.18964915081497,183.99392450905333,3278200
2018-10-30 00:00:00+00:00,188.4015655517578,189.32089725623104,184.7586264907075,185.57486047508522,3897400
2018-10-31 00:00:00+00:00,193.63394165039062,196.75277809223223,190.22298632636054,190.64399044016176,4369600
2018-11-01 00:00:00+00:00,195.0086669921875,196.64970883073408,193.71989315020366,193.96905032454958,2557600
2018-11-02 00:00:00+00:00,197.34564208984375,199.0640071905641,194.42441355256796,197.61198658284175,3699000
2018-11-05 00:00:00+00:00,196.5122528076172,198.55711166875068,194.99149587685463,196.1685849985584,2565200
2018-11-06 00:00:00+00:00,196.06549072265625,197.19961818646664,195.07743585562042,196.056903615235,2275600
2018-11-07 00:00:00+00:00,198.7117462158203,200.0177074093105,194.9485223171206,197.65495531238156,3514300
2018-11-08 00:00:00+00:00,199.0296173095703,201.10025024383506,198.1274861888258,198.4711539386252,2404800
2018-11-09 00:00:00+00:00,191.29698181152344,199.06399909245786,190.99627579718157,199.06399909245786,3721700
2018-11-12 00:00:00+00:00,177.03457641601562,191.00488069852207,176.24413000140513,190.73853619154406,11019400
2018-11-13 00:00:00+00:00,176.17539978027344,180.07608312716573,173.83842199276643,175.61692320828223,6984800
2018-11-14 00:00:00+00:00,173.97592163085938,178.1429501469459,170.49622883406528,177.19785697787455,5742500
2018-11-15 00:00:00+00:00,175.04986572265625,175.7028397718596,171.2522802455408,173.3830493993339,4260000
2018-11-16 00:00:00+00:00,173.6580352783203,175.90910328392314,172.13729105704593,174.3539712965459,2829600
2018-11-19 00:00:00+00:00,170.30715942382812,173.81262566341954,169.55967482990044,173.4088088319659,3419100
2018-11-20 00:00:00+00:00,164.39598083496094,168.30526393735465,163.54539852748715,167.6265155124958,5513800
2018-11-21 00:00:00+00:00,165.47857666015625,167.7468182361607,164.26712602829042,165.04038513666768,4111700
2018-11-23 00:00:00+00:00,162.47145080566406,164.85137740133356,162.33397842978852,164.6279946231013,1862600
2018-11-26 00:00:00+00:00,166.97352600097656,167.73819791117842,163.83751508061815,164.24991901497478,3143300
2018-11-27 00:00:00+00:00,166.38072204589844,167.2141303008569,164.58503337700333,166.1659263742099,2345400
2018-11-28 00:00:00+00:00,170.41888427734375,170.50479467649623,165.16067753196364,167.40314477820698,3762900
2018-11-29 00:00:00+00:00,168.0896759033203,170.33258893771617,166.63177519121626,169.09898874327484,2665700
2018-11-30 00:00:00+00:00,164.5010223388672,165.15664073388425,162.28397463400773,164.39750710891127,6220000
2018-12-03 00:00:00+00:00,165.31187438964844,168.78840016858877,165.3032393477682,167.35637851287365,4017000
2018-12-04 00:00:00+00:00,158.99720764160156,164.86331100824148,158.41060388652537,164.50099460131048,5797500
2018-12-06 00:00:00+00:00,158.80740356445312,159.48891374050038,155.40851405277712,156.42646179574197,5275500
2018-12-07 00:00:00+00:00,154.9944610595703,160.67077790695134,154.4164791696338,158.6003946246959,3921200
2018-12-10 00:00:00+00:00,154.2698516845703,155.14113559206035,150.6897963788701,154.07144310428603,4528300
2018-12-11 00:00:00+00:00,152.51866149902344,159.10076435321182,151.35406240191008,157.13389582360006,4713900
2018-12-12 00:00:00+00:00,152.43235778808594,155.27914474097236,152.24257111368178,153.9851518681309,3677300
2018-12-13 00:00:00+00:00,151.7594451904297,154.14902179308567,151.069313195494,153.40713220208505,4008600
2018-12-14 00:00:00+00:00,149.04209899902344,152.05278058236732,148.69702634377964,150.3964713267247,5078300
2018-12-17 00:00:00+00:00,144.93582153320312,147.88612366084215,143.6590856029024,146.13492105142345,8395800
2018-12-18 00:00:00+00:00,147.94656372070312,149.25781391867037,146.0659664885274,146.46278371954602,5150800
2018-12-19 00:00:00+00:00,146.0055694580078,150.83648278215622,144.58218217021792,148.02419573773233,5316100
2018-12-20 00:00:00+00:00,145.28089904785156,148.0759152815705,144.20257163344112,145.2636421235316,6488200
2018-12-21 00:00:00+00:00,138.06907653808594,146.33338132300463,137.52559518397265,145.14290337139624,8960000
2018-12-24 00:00:00+00:00,134.87721252441406,138.02592364223133,133.11737462659602,137.16326161946736,3783500
2018-12-26 00:00:00+00:00,140.55349731445312,140.70878330159826,130.8658078448236,135.43791855610436,7054700
2018-12-27 00:00:00+00:00,142.69290161132812,142.69290161132812,137.18049284513197,138.12941299448738,4973000
2018-12-28 00:00:00+00:00,140.63978576660156,143.15875724420846,139.76850187940025,142.8913341284921,4110500
2018-12-31 00:00:00+00:00,144.10768127441406,144.16806076601787,141.28677301429408,141.28677301429408,4550000
2019-01-02 00:00:00+00:00,148.4037322998047,148.5935189794218,140.91583298828107,141.7612380027358,3999400
2019-01-03 00:00:00+00:00,146.2298126220703,148.1794369230614,145.17736406043153,147.22188169610075,4060200
2019-01-04 00:00:00+00:00,151.0089874267578,151.8285137033163,147.6014751211655,149.2319057929297,3788300
2019-01-07 00:00:00+00:00,151.84573364257812,153.4071493936567,148.61075189426353,151.1642234495555,3152100
2019-01-08 00:00:00+00:00,151.28500366210938,153.64007997826178,149.15422785026206,153.3640218693248,2692700
2019-01-09 00:00:00+00:00,152.23394775390625,153.28639633331065,150.88819728533696,151.91476706059012,3321400
2019-01-10 00:00:00+00:00,151.8284912109375,153.6142076247541,151.39716026999733,151.53518933026035,2808700
2019-01-11 00:00:00+00:00,152.6307830810547,152.7256764286632,148.74018215546133,151.05212318666048,3182700
2019-01-14 00:00:00+00:00,154.1749725341797,154.88234861577308,150.18947781934463,150.55179432404063,3361700
2019-01-15 00:00:00+00:00,155.20150756835938,155.27052210082104,152.17355583629347,153.82987828902114,2911800
2019-01-16 00:00:00+00:00,170.01339721679688,170.93643854188608,160.11004296705235,161.31776427927423,15194200
2019-01-17 00:00:00+00:00,171.74734497070312,172.35984067747438,166.34708651544875,169.03858728171065,8177000
2019-01-18 00:00:00+00:00,174.72352600097656,175.12035624534934,169.86674871715093,172.86018640159097,5650900
2019-01-22 00:00:00+00:00,170.53102111816406,173.80051753236177,169.01274070773655,172.96373432323006,4648500
2019-01-23 00:00:00+00:00,169.858154296875,170.88472425407016,167.81364942751622,170.41889253361086,3410700
2019-01-24 00:00:00+00:00,170.6345672607422,172.2563630696431,168.8747291924896,169.271559553191,2631800
2019-01-25 00:00:00+00:00,173.17074584960938,173.55894105248237,172.03202588046156,172.3857204008643,3275000
2019-01-28 00:00:00+00:00,172.29087829589844,172.59281530078056,170.03070777160343,170.7984765257999,2369600
2019-01-29 00:00:00+00:00,172.96372985839844,174.2318440430828,170.6949246011563,171.6697368669391,2694100
2019-01-30 00:00:00+00:00,174.67181396484375,175.37056814230357,172.23047870316526,173.30880630126467,2773300
2019-01-31 00:00:00+00:00,170.815673828125,174.5596363849399,169.90125434299588,172.61864715825712,5604500
2019-02-01 00:00:00+00:00,169.54759216308594,172.22184976203044,169.54759216308594,170.80708453784013,3174200
2019-02-04 00:00:00+00:00,170.5655517578125,170.60005245007295,168.03794495562104,168.9092421025511,2400200
2019-02-05 00:00:00+00:00,170.815673828125,171.9543938261032,169.82361793309073,170.91056716128983,2601000
2019-02-06 00:00:00+00:00,169.6165771484375,171.72147427295675,168.93508004492963,170.09966570229255,2063100
2019-02-07 00:00:00+00:00,166.55418395996094,168.97826244209998,164.81160276955166,168.46065989819877,2948800
2019-02-08 00:00:00+00:00,165.34642028808594,166.1659465372488,162.3702390868222,165.38955601976338,2757500
2019-02-11 00:00:00+00:00,165.05313110351562,166.76983331653264,164.8288437099427,166.39025990957987,2056500
2019-02-12 00:00:00+00:00,167.77908325195312,168.77976084666284,166.49371254588758,166.536848264674,2392900
2019-02-13 00:00:00+00:00,167.95166015625,171.47994443570832,167.8740237385235,169.01273068804298,2757300
2019-02-14 00:00:00+00:00,166.08831787109375,167.46858237013953,163.4226953850291,165.81227286919128,2865000
2019-02-15 00:00:00+00:00,171.23841857910156,171.5748562553243,166.58004872937468,166.67494208231844,3065400
2019-02-19 00:00:00+00:00,171.3850555419922,171.72149319071758,168.7453119653502,169.65110968520392,2558200
2019-02-20 00:00:00+00:00,171.32470703125,171.9285678992998,170.38439529045138,171.4368441589866,2266000
2019-02-21 00:00:00+00:00,169.3922576904297,172.05787927478235,168.2621729311641,171.64380533041043,2785900
2019-02-22 00:00:00+00:00,169.08175659179688,170.59141513279505,168.39162434041927,169.59935907112452,2626600
2019-02-25 00:00:00+00:00,171.36782836914062,173.82642072657495,170.55693701686667,170.8071032449719,3032200
2019-02-26 00:00:00+00:00,171.5834503173828,173.01547226119672,169.55620270689622,171.21251201076754,2499800
2019-02-27 00:00:00+00:00,171.5834503173828,173.13384514129376,170.73461810535727,171.9299032742233,1804200
2019-02-28 00:00:00+00:00,170.37086486816406,171.84330998681585,169.77322219135985,171.53149699093257,2964300
2019-03-01 00:00:00+00:00,171.6700897216797,174.47640678663635,171.0031537752883,172.14647254053068,2580500
2019-03-04 00:00:00+00:00,169.74725341796875,173.9480659145499,168.16220498780524,172.19844766463672,2683600
2019-03-05 00:00:00+00:00,169.76455688476562,169.92045676663557,167.16611978959062,169.63464031654067,2338600
2019-03-06 00:00:00+00:00,168.67324829101562,171.1157727257169,168.49135184656808,169.67796743679386,2247500
2019-03-07 00:00:00+00:00,166.96688842773438,167.55586108277654,164.63695468519114,167.27870136756047,3567800
2019-03-08 00:00:00+00:00,169.1062774658203,169.56533359216047,164.3164931918685,164.91412257451879,3162700
2019-03-11 00:00:00+00:00,169.7385711669922,172.33700822536366,169.5306914444421,170.82990997362785,2669000
2019-03-12 00:00:00+00:00,170.31024169921875,170.977164405661,169.49606258607085,169.7645656518249,1977400
2019-03-13 00:00:00+00:00,170.8472442626953,172.30236273690946,170.21496158399523,171.28031712521164,1904500
2019-03-14 00:00:00+00:00,171.03778076171875,171.92990971451763,170.37084491766836,170.90786420212032,1482300
2019-03-15 00:00:00+00:00,171.72201538085938,172.23305130987742,170.50076017562202,170.7692631868184,2985200
2019-03-18 00:00:00+00:00,175.36849975585938,176.5637849067237,172.29368024895936,172.51887334588082,3354900
2019-03-19 00:00:00+00:00,174.19920349121094,178.81576124836195,173.90471715127262,177.45591949256826,3284900
2019-03-20 00:00:00+00:00,168.30941772460938,173.51494797289683,168.0062614809783,173.51494797289683,5033500
2019-03-21 00:00:00+00:00,168.53463745117188,169.37479986519187,166.0834434533577,167.07950575467956,4031500
2019-03-22 00:00:00+00:00,163.66693115234375,167.78112407863233,162.64487214237036,166.88032496309606,5703100
2019-03-25 00:00:00+00:00,163.2771453857422,165.82361623635015,161.53619702819879,163.98739130901066,3751000
2019-03-26 00:00:00+00:00,165.1653289794922,166.6551006708521,163.4330375445467,164.59366963403983,2910100
2019-03-27 00:00:00+00:00,164.59365844726562,165.96217017382045,163.476336362853,165.08736781651032,2343800
2019-03-28 00:00:00+00:00,165.5897216796875,166.22201753009162,163.9527069035785,165.20862868929404,2343400
2019-03-29 00:00:00+00:00,166.2913055419922,167.2613844258349,165.55507646428995,166.8889349295737,2632800
2019-04-01 00:00:00+00:00,170.4054718017578,171.5747603063862,167.69443213567422,168.03222835474443,3562600
2019-04-02 00:00:00+00:00,171.0637664794922,171.2889595914078,169.24485532153113,169.97242771451585,2247000
2019-04-03 00:00:00+00:00,173.9739990234375,174.17320880316808,171.96453496523017,172.57950413265831,3227900
2019-04-04 00:00:00+00:00,175.16062927246094,176.94488717824242,173.66220101415908,173.9220473497163,2582300
2019-04-05 00:00:00+00:00,175.29055786132812,177.99292801362208,175.01338491425514,176.1567034964309,2447100
2019-04-08 00:00:00+00:00,175.4291229248047,176.37323166738395,174.25116438743018,175.64565932346667,1891500
2019-04-09 00:00:00+00:00,173.7661590576172,174.60632150655118,172.2417472698652,174.29450850265468,2400900
2019-04-10 00:00:00+00:00,175.8102569580078,175.9748267616801,173.46300942573956,174.78821133822106,1907100
2019-04-11 00:00:00+00:00,175.68031311035156,177.94961034636142,174.58897441548413,176.89291166020425,2802100
2019-04-12 00:00:00+00:00,180.0197296142578,181.86462429207324,178.74649430370002,179.29217035574916,5096600
2019-04-15 00:00:00+00:00,173.15118408203125,178.2008149246866,172.9692876761228,176.78899325319327,6617200
2019-04-16 00:00:00+00:00,174.82286071777344,175.77562636042478,172.5708896240255,172.90001603266674,4852600
2019-04-17 00:00:00+00:00,180.07167053222656,180.59136319486024,174.77086352523003,174.9267766105535,4195300
2019-04-18 00:00:00+00:00,178.34808349609375,180.0370651500056,177.6898042346356,179.37012918849416,2874300
2019-04-22 00:00:00+00:00,177.2134246826172,178.07090051156302,176.8149918247992,177.66381095417725,1591400
2019-04-23 00:00:00+00:00,176.8149871826172,177.7244428340983,175.60238845819896,176.91026374070253,2120900
2019-04-24 00:00:00+00:00,173.69683837890625,176.27796186543722,172.99526253502145,175.8275624384206,4606100
2019-04-25 00:00:00+00:00,174.44171142578125,175.44644345264783,172.44958720024582,172.96926660921193,2075300
2019-04-26 00:00:00+00:00,175.89688110351562,175.93152111844776,173.50632358313925,174.7275790504427,1543100
2019-04-29 00:00:00+00:00,179.22286987304688,180.15830883178748,176.06144329786912,176.260653111869,2997000
2019-04-30 00:00:00+00:00,178.35671997070312,180.14964790361853,176.8236383896162,179.24019228038614,1833000
2019-05-01 00:00:00+00:00,177.32603454589844,180.5134581172018,176.71973509971855,178.7724965161907,1981800
2019-05-02 00:00:00+00:00,177.5511932373047,178.61654863634453,175.93149196054244,177.06614059429756,1514700
2019-05-03 00:00:00+00:00,179.74256896972656,180.80792453708378,178.14019405256442,178.43468043438102,1897600
2019-05-06 00:00:00+00:00,178.79843139648438,179.27481412383364,174.71023628847442,175.6543318286455,1927800
2019-05-07 00:00:00+00:00,175.50711059570312,176.6937259969457,174.10394554920796,176.1220666526823,2839500
2019-05-08 00:00:00+00:00,174.05194091796875,176.00076835271759,173.92202437551825,174.44170376165215,1817600
2019-05-09 00:00:00+00:00,174.6409454345703,175.151968177996,171.41888267372806,172.80470773469608,2333400
2019-05-10 00:00:00+00:00,175.00473022460938,175.04804015012837,172.35432666538506,174.07794804057104,2089400
2019-05-13 00:00:00+00:00,168.87242126464844,171.41022171778977,168.03225891277782,171.41022171778977,3605600
2019-05-14 00:00:00+00:00,170.007080078125,171.60945493924905,168.81179476082525,168.8897579196792,2463300
2019-05-15 00:00:00+00:00,170.1110076904297,171.14172317287714,167.52989724298217,168.58659603874054,2271100
2019-05-16 00:00:00+00:00,172.48428344726562,173.22916940435783,170.30159221219643,170.31026212912218,2008100
2019-05-17 00:00:00+00:00,171.0031280517578,172.4409329918828,170.02439246171318,170.02439246171318,1928300
2019-05-20 00:00:00+00:00,170.83859252929688,171.30630541922272,169.39213071240644,170.7086627369642,2483400
2019-05-21 00:00:00+00:00,172.45826721191406,172.6401636202581,171.49684497657384,172.06850429841597,2327600
2019-05-22 00:00:00+00:00,169.34881591796875,171.9125998638112,169.29684928906227,171.01181412465073,2427200
2019-05-23 00:00:00+00:00,166.2739715576172,167.1661004665309,164.18655749386133,167.1661004665309,3184100
2019-05-24 00:00:00+00:00,167.1660919189453,168.09287400554788,166.0227734438467,167.07081537935375,1637200
2019-05-28 00:00:00+00:00,164.0826416015625,167.43462119209107,164.03933167380265,166.29997245298887,3040000
2019-05-29 00:00:00+00:00,163.61282348632812,164.13484526021048,160.88956409737722,163.3431102451035,2815800
2019-05-30 00:00:00+00:00,163.02117919921875,164.76127829136271,161.83791128552474,163.64761593446278,1919300
2019-05-31 00:00:00+00:00,158.77536010742188,160.86347388735265,158.61874427218007,160.7590721811272,2640100
2019-06-03 00:00:00+00:00,159.3843994140625,159.64541696736538,157.24407140806397,158.0880206407309,2857800
2019-06-04 00:00:00+00:00,165.20498657226562,165.30069253860626,161.57688211791748,161.98579312766327,2420800
2019-06-05 00:00:00+00:00,163.95213317871094,165.44861941067194,162.70795546539242,165.39641856377364,1967800
2019-06-06 00:00:00+00:00,165.14410400390625,165.95325699398376,162.96898011517476,163.6215172817942,1653500
2019-06-07 00:00:00+00:00,165.14410400390625,165.84014630348088,164.02174591871795,165.20501384522402,1838600
2019-06-10 00:00:00+00:00,168.89402770996094,171.39977485975308,166.52749168535806,166.52749168535806,2372000
2019-06-11 00:00:00+00:00,169.42471313476562,170.63408124967174,168.36325182229842,169.92064765697248,1632200
2019-06-12 00:00:00+00:00,165.50083923339844,168.83313086013203,165.16152041375213,168.45030690444827,2059400
2019-06-13 00:00:00+00:00,166.5709686279297,167.26701086016135,165.37030938512896,165.66612301915947,1411400
2019-06-14 00:00:00+00:00,166.7537384033203,167.1974589968458,164.70911617883831,166.43181096794947,1403900
2019-06-17 00:00:00+00:00,166.03155517578125,168.1196687597158,165.95325390346173,167.06691625168048,1155600
2019-06-18 00:00:00+00:00,169.64224243164062,171.51285676306574,165.8923313292912,165.8923313292912,2363000
2019-06-19 00:00:00+00:00,170.2165069580078,171.93050576979087,169.4769594713752,169.96419840985408,2196800
2019-06-20 00:00:00+00:00,170.26864624023438,172.43507378782354,168.4502463799942,171.83473764355796,2749300
2019-06-21 00:00:00+00:00,170.47747802734375,172.56559123371173,168.76347968279086,169.95544308780174,3365500
2019-06-24 00:00:00+00:00,171.82608032226562,173.44437292130448,170.55580221243653,170.99082696189964,2069800
2019-06-25 00:00:00+00:00,170.58189392089844,171.85217196583343,168.79828988403742,171.83476725949157,1828300
2019-06-26 00:00:00+00:00,171.408447265625,172.15669036687913,170.63410374143544,170.96472679982034,1649900
2019-06-27 00:00:00+00:00,173.41824340820312,173.67055187917123,171.1909059128213,171.8956570404899,2239200
2019-06-28 00:00:00+00:00,178.0121612548828,179.09101430948323,176.567875669507,177.055101342669,4854900
2019-07-01 00:00:00+00:00,179.97842407226562,182.57987662490646,179.00397296733823,180.97027988289545,2465700
2019-07-02 00:00:00+00:00,179.21279907226562,179.49991701123534,177.6293158258323,178.70816875006753,1621400
2019-07-03 00:00:00+00:00,179.26498413085938,180.44825192243837,178.5602461954155,180.36125494235088,978800
2019-07-05 00:00:00+00:00,180.88327026367188,181.63151330068993,179.40418889539913,179.97842470248523,1511400
2019-07-08 00:00:00+00:00,179.01271057128906,180.31778501044792,178.10786480153655,179.5434413742498,1853900
2019-07-09 00:00:00+00:00,180.77020263671875,180.9181094703145,177.08988340184337,177.2725996526986,1812100
2019-07-10 00:00:00+00:00,179.2041015625,181.83165484285058,178.92567934232147,180.2568540522824,1779800
2019-07-11 00:00:00+00:00,183.88494873046875,184.9638015059101,179.23017906100006,179.40418628840348,3691600
2019-07-12 00:00:00+00:00,186.1383819580078,186.3558943210931,183.3977182175926,184.45048389632183,2626000
2019-07-15 00:00:00+00:00,184.0851287841797,186.71268276193538,182.52773228798418,186.2863536025941,2600200
2019-07-16 00:00:00+00:00,187.51309204101562,189.08787968054042,184.9290436871766,186.88665527184838,5283700
2019-07-17 00:00:00+00:00,185.58160400390625,187.73932354659118,185.45979757672012,186.04272928367553,2583500
2019-07-18 00:00:00+00:00,186.6430206298828,187.78278333957942,184.23297982122634,185.0682331744454,2858100
2019-07-19 00:00:00+00:00,185.77294921875,187.73056034360187,185.6250424157581,186.20797391316154,1822300
2019-07-22 00:00:00+00:00,186.1905975341797,186.93884065343724,184.72021171922805,185.6685625111062,1907100
2019-07-23 00:00:00+00:00,190.91494750976562,191.4108820766696,187.0171296283658,187.0171296283658,3330600
2019-07-24 00:00:00+00:00,193.17706298828125,193.2292638269937,190.21890040344147,190.75832677133698,3180000
2019-07-25 00:00:00+00:00,191.3935089111328,192.95090514282398,189.8709220982422,192.95090514282398,2776700
2019-07-26 00:00:00+00:00,193.27279663085938,193.35980689177467,191.73280528879116,191.80241084234302,2304500
2019-07-29 00:00:00+00:00,191.68934631347656,193.264134064483,191.5849313272882,192.28097370629268,1372800
2019-07-30 00:00:00+00:00,192.6289825439453,193.14232191472541,189.08788745750095,190.09714821332489,1644600
2019-07-31 00:00:00+00:00,191.52401733398438,193.13360108337713,190.54955278165326,192.4897728939812,1991100
2019-08-01 00:00:00+00:00,184.1024932861328,191.36739918920026,183.37164156176024,190.84537741568022,3070100
2019-08-02 00:00:00+00:00,182.16224670410156,184.08506180472696,178.6298481076711,184.08506180472696,2503000
2019-08-05 00:00:00+00:00,175.4716033935547,179.07362161457857,173.6445071320612,179.07362161457857,2794200
2019-08-06 00:00:00+00:00,179.2388916015625,179.29110572299547,174.78424243754029,177.10727299499257,2349400
2019-08-07 00:00:00+00:00,179.00401306152344,179.19542503942193,173.18337899702743,174.97567908471007,2454200
2019-08-08 00:00:00+00:00,180.10025024414062,180.79629251379114,177.08987307016048,180.24815706910726,2342200
2019-08-09 00:00:00+00:00,180.0132293701172,181.23130658917495,177.36828483244824,178.899567114688,1790100
2019-08-12 00:00:00+00:00,175.3323974609375,177.6206188598115,174.4275384509383,176.86367996321658,1479300
2019-08-13 00:00:00+00:00,177.58578491210938,179.75221271386687,174.20998896621424,175.3236511445899,2115900
2019-08-14 00:00:00+00:00,170.1468963623047,173.93161740398145,169.71187156560174,173.83591141767067,3025100
2019-08-15 00:00:00+00:00,170.6863250732422,171.3736716954435,168.53731476351933,170.45142123862965,1981900
2019-08-16 00:00:00+00:00,173.50527954101562,174.59284147772036,171.39976122466362,171.42586164907232,1878700
2019-08-19 00:00:00+00:00,175.9239959716797,177.88160723236433,175.59338620859896,177.32477611591673,1646100
2019-08-20 00:00:00+00:00,173.99249267578125,175.74130064105512,173.7488798815175,174.19261361642057,1545600
2019-08-21 00:00:00+00:00,174.60153198242188,176.63745795685116,174.15781150481533,176.39384515237282,1160800
2019-08-22 00:00:00+00:00,176.11541748046875,177.01156739975113,174.8016475201377,175.9936110820003,1275900
2019-08-23 00:00:00+00:00,170.70372009277344,175.64560847029165,169.8249748212552,174.71464907369776,2200500
2019-08-26 00:00:00+00:00,173.70535278320312,173.7575668975717,172.26977662171547,172.50469367072432,1441900
2019-08-27 00:00:00+00:00,172.33070373535156,174.7581358989156,170.96471970421356,174.2970107449916,1513300
2019-08-28 00:00:00+00:00,174.3753204345703,175.28887507123488,170.747215586927,171.02563780133607,1437800
2019-08-29 00:00:00+00:00,178.1137237548828,178.92794149259578,176.29266168695037,176.29266168695037,1816800
2019-08-30 00:00:00+00:00,178.52523803710938,179.66340364985984,177.7372710624875,179.34821953185542,1529600
2019-09-03 00:00:00+00:00,174.2002410888672,176.5115871577708,172.10777253921287,176.06508182782272,2633600
2019-09-04 00:00:00+00:00,176.61663818359375,176.94058598551752,175.14578771587108,176.40652432204658,1720600
2019-09-05 00:00:00+00:00,181.27435302734375,182.92030278715987,179.51456933030497,179.71594625433906,2237900
2019-09-06 00:00:00+00:00,181.41444396972656,182.3249685468362,179.9786080171,181.28310944623573,1438800
2019-09-09 00:00:00+00:00,185.59060668945312,187.25408371063367,182.49130715698962,183.17420389057008,2734500
2019-09-10 00:00:00+00:00,188.78622436523438,190.06446147587906,186.6762420725415,186.92138380223287,2615800
2019-09-11 00:00:00+00:00,189.8105926513672,189.85437082828105,186.79883576513876,188.41853479638425,1886300
2019-09-12 00:00:00+00:00,191.5090789794922,193.27759971571885,188.36598765124722,189.4428746641888,2913800
2019-09-13 00:00:00+00:00,192.52467346191406,193.92549502247047,191.91181903887983,192.91866371028738,2722400
2019-09-16 00:00:00+00:00,190.17828369140625,192.0256103298808,189.39033003334401,190.70359503626273,2205500
2019-09-17 00:00:00+00:00,189.03135681152344,189.23272035976183,186.08087919105756,188.93505018250133,2429100
2019-09-18 00:00:00+00:00,190.0557098388672,190.76487079182357,186.7462831522559,188.08581236544512,2474900
2019-09-19 00:00:00+00:00,188.4359588623047,190.79983250430104,188.2871238086136,190.4934121087788,1596200
2019-09-20 00:00:00+00:00,187.1315460205078,189.70553466383282,187.0352393687381,187.93701376293416,5458900
2019-09-23 00:00:00+00:00,186.88636779785156,187.45544394600125,185.22289080617463,186.35230617114183,1485500
2019-09-24 00:00:00+00:00,181.88723754882812,187.5342754651417,181.0555055604017,187.3941906319346,2837600
2019-09-25 00:00:00+00:00,183.8833465576172,184.8113849309447,181.624529371613,182.07104797859893,1593400
2019-09-26 00:00:00+00:00,182.29873657226562,183.83087943621325,182.20242991501988,183.02541164798785,1685500
2019-09-27 00:00:00+00:00,182.95530700683594,184.3386142680857,182.184854010894,183.72576000277783,1530900
2019-09-30 00:00:00+00:00,181.43194580078125,183.60322036591907,181.08174712084204,183.60322036591907,1794500
2019-10-01 00:00:00+00:00,177.45713806152344,183.31430256187787,177.38709565288144,181.23933461362648,3156200
2019-10-02 00:00:00+00:00,173.5698699951172,176.74797579885694,173.00079379783892,176.58162674940604,3386800
2019-10-03 00:00:00+00:00,172.6855926513672,173.6749098409834,169.84018522647034,173.00952706786592,2914500
2019-10-04 00:00:00+00:00,175.8024444580078,176.17890741793067,171.63500750719678,172.46675285442166,3021100
2019-10-07 00:00:00+00:00,175.45217895507812,177.31701932062947,174.63796115893203,175.79362728236856,2202200
2019-10-08 00:00:00+00:00,172.7993927001953,174.18270000944128,171.52990595817752,173.00076960517154,2654900
2019-10-09 00:00:00+00:00,172.34417724609375,174.209004769147,172.19532876544773,173.51735763322105,2443500
2019-10-10 00:00:00+00:00,174.98814392089844,176.25764385070167,172.94820443168447,172.9919825946466,2108000
2019-10-11 00:00:00+00:00,179.19937133789062,181.48445285686145,178.35888926150005,178.35888926150005,3334300
2019-10-14 00:00:00+00:00,180.19747924804688,180.50389974039615,177.65849216719744,178.45520949390652,2286100
2019-10-15 00:00:00+00:00,180.7578125,182.31621933490962,173.8850531992137,176.8530317622408,8241900
2019-10-16 00:00:00+00:00,181.59828186035156,182.64889118424594,180.44261561183447,180.50389436479028,3405800
2019-10-17 00:00:00+00:00,180.7578125,182.92031005334,178.94550026703897,182.35998415044241,2876500
2019-10-18 00:00:00+00:00,180.810302734375,182.15858206090078,179.47077369726088,179.47077369726088,2207000
2019-10-21 00:00:00+00:00,183.20050048828125,184.6100723764669,181.82594312834271,182.69270299373724,1934900
2019-10-22 00:00:00+00:00,183.50689697265625,185.30168174252753,182.37748161839374,183.49813332296264,1868000
2019-10-23 00:00:00+00:00,185.01280212402344,185.62565652674854,182.98161226444984,183.17422555662404,1574500
2019-10-24 00:00:00+00:00,184.77638244628906,186.61494537378516,183.6644810401606,185.26666589362137,1266500
2019-10-25 00:00:00+00:00,187.5605010986328,188.60236012243925,184.01468297330928,184.01468297330928,2602100
2019-10-28 00:00:00+00:00,190.64231872558594,191.66666390966137,188.83877010956132,189.39034573145713,2707800
2019-10-29 00:00:00+00:00,190.54595947265625,191.98179506405256,189.50410063416857,190.17824694599352,2030800
2019-10-30 00:00:00+00:00,188.9437713623047,190.029408344089,187.1927517292962,190.00314411833145,1584900
2019-10-31 00:00:00+00:00,186.81631469726562,188.54982063254914,185.0127663638911,188.36595766765748,1876200
2019-11-01 00:00:00+00:00,190.3271484375,190.76490350666572,188.015802206674,188.46230756790223,2112300
2019-11-04 00:00:00+00:00,192.4983673095703,193.21629187681228,191.36021506858137,192.34953222204442,2538100
2019-11-05 00:00:00+00:00,191.42152404785156,194.17062517460673,191.2726889368211,193.31262903369202,2525100
2019-11-06 00:00:00+00:00,191.2288818359375,191.79797131944676,189.5916825030182,190.86991954992388,1863000
2019-11-07 00:00:00+00:00,195.4926300048828,196.78839447643549,192.97117018619025,193.28635433342967,3748600
2019-11-08 00:00:00+00:00,195.1599578857422,195.4401141684889,193.5752867561149,195.23875058783744,1610800
2019-11-11 00:00:00+00:00,191.76295471191406,193.84667279208804,191.31644942011496,193.4001541410665,2754500
2019-11-12 00:00:00+00:00,192.97117614746094,193.58403051957467,190.79990157308174,191.3514771875958,1891600
2019-11-13 00:00:00+00:00,192.01686096191406,192.47211654647344,189.9944216259536,191.20262970939604,1756000
2019-11-14 00:00:00+00:00,192.1131591796875,193.02369709067412,190.8874504832319,191.55283329570454,1483100
2019-11-15 00:00:00+00:00,192.8311004638672,193.56652574523412,191.77172735965073,192.6122229378015,1693100
2019-11-18 00:00:00+00:00,192.37582397460938,192.5684372587814,190.8962098185714,192.37582397460938,1603400
2019-11-19 00:00:00+00:00,192.6472625732422,193.20758857863336,191.13263363603613,193.10253162738056,1817100
2019-11-20 00:00:00+00:00,190.78236389160156,192.14815718650294,189.46033540395104,191.17634067140452,2177700
2019-11-21 00:00:00+00:00,191.06256103515625,192.01687717545283,189.82810197525419,191.38650884905772,1677700
2019-11-22 00:00:00+00:00,192.8573760986328,193.2338524125169,190.86121401165258,190.86121401165258,1529100
2019-11-25 00:00:00+00:00,195.01988220214844,196.07049169031512,193.39143281976152,193.39143281976152,2181800
2019-11-26 00:00:00+00:00,194.75717163085938,195.02857755826983,193.58399158885646,194.95853516422508,1926300
2019-11-27 00:00:00+00:00,195.1949462890625,196.3593761591259,194.24064362235637,195.63270127664023,1614600
2019-11-29 00:00:00+00:00,194.88681030273438,195.45909507214543,194.0591885614602,194.47299943209728,770400
2019-12-02 00:00:00+00:00,191.6203155517578,195.28297506593432,191.12726781610775,194.55220308825898,2118500
2019-12-03 00:00:00+00:00,186.86593627929688,189.67454882250524,184.89373163871437,189.67454882250524,3207100
2019-12-04 00:00:00+00:00,190.1235809326172,191.04805225767674,186.9891941756527,188.01050169897465,1583600
2019-12-05 00:00:00+00:00,191.18011474609375,191.61153828239586,189.66574599016786,191.18891437292018,1329300
2019-12-06 00:00:00+00:00,197.757080078125,198.45262687088766,192.65930098179743,193.65419634691125,4229400
2019-12-09 00:00:00+00:00,195.29180908203125,197.79227357289122,195.25659713808832,197.75706162894832,2134600
2019-12-10 00:00:00+00:00,195.35345458984375,196.23390100362954,194.18245924736314,195.16855493174845,1854100
2019-12-11 00:00:00+00:00,194.74594116210938,196.20748540887377,194.4377795486129,195.6792121956072,1778600
2019-12-12 00:00:00+00:00,199.02490234375,199.667624424809,194.2264723691692,195.3798549511193,2974300
2019-12-13 00:00:00+00:00,198.1003875732422,200.73292644898407,196.95580486924388,199.61475605523214,1908200
2019-12-16 00:00:00+00:00,200.77699279785156,203.11898346542483,200.62731852076476,201.18200405638635,3218400
2019-12-17 00:00:00+00:00,203.51516723632812,204.3251896959821,201.4461263866773,202.50265931357828,3590000
2019-12-18 00:00:00+00:00,202.8988494873047,204.43963053006829,202.44982670556388,204.23713164040612,2280800
2019-12-19 00:00:00+00:00,202.44985961914062,203.7265042895025,201.58702585658904,203.3391057005272,2418100
2019-12-20 00:00:00+00:00,201.56057739257812,203.63843132560547,201.28764117233834,203.34789585115652,3715500
2019-12-23 00:00:00+00:00,201.70144653320312,202.9252663946293,201.10274947733183,202.2033073899289,1670400
2019-12-24 00:00:00+00:00,202.42340087890625,202.45861281776223,201.06750612843769,201.6045788791608,467700
2019-12-26 00:00:00+00:00,203.56797790527344,204.43961107125094,202.49383243436463,202.73154324260761,1704000
2019-12-27 00:00:00+00:00,203.083740234375,204.4484346422828,202.91645329324163,204.09624807291152,1343900
2019-12-30 00:00:00+00:00,202.32655334472656,203.98178317893522,202.06241677967446,203.98178317893522,1494500
2019-12-31 00:00:00+00:00,202.44102478027344,202.47625015796208,201.3316672048959,202.24733894116696,1447200
2020-01-02 00:00:00+00:00,206.3061981201172,206.587933970168,202.64353802763927,203.38310974788615,3736300
2020-01-03 00:00:00+00:00,203.8937530517578,204.80061165392146,202.76678287752443,203.91136573919576,2274500
2020-01-06 00:00:00+00:00,205.98045349121094,206.04209119404655,202.05366967215767,202.44105484244199,3329300
2020-01-07 00:00:00+00:00,207.33633422851562,209.3437510101957,206.69359866300897,206.9049106422292,5255200
2020-01-08 00:00:00+00:00,209.33494567871094,211.0870389721008,207.32752882289537,207.5036154281421,3564700
2020-01-09 00:00:00+00:00,213.5963134765625,214.30065988672484,211.14867342797245,212.4869423549182,3980700
2020-01-10 00:00:00+00:00,213.16485595703125,214.29182615539622,212.5309335411329,213.72834105621374,2248100
2020-01-13 00:00:00+00:00,215.89425659179688,216.68665293737251,213.94846423630793,215.21630913686514,3359200
2020-01-14 00:00:00+00:00,216.29046630859375,218.80854355533447,215.35719527213493,215.9911177562477,4302800
2020-01-15 00:00:00+00:00,215.89425659179688,219.67136554304042,210.56755345785217,213.068017881426,5411200
2020-01-16 00:00:00+00:00,219.8650665283203,219.95311653831237,216.79230388941357,217.47905097680666,3968400
2020-01-17 00:00:00+00:00,219.6361541748047,220.51660053199063,218.3506965821133,220.3140881969653,3108400
2020-01-21 00:00:00+00:00,216.32566833496094,219.09908243443004,216.23763175953758,217.65515093894305,2492400
2020-01-22 00:00:00+00:00,217.5142822265625,218.80853948802232,216.88915938165198,217.12688366741185,2030900
2020-01-23 00:00:00+00:00,216.22006225585938,217.47029472675814,213.84285929190966,215.2691783833699,2806800
2020-01-24 00:00:00+00:00,212.9976043701172,216.3345039514692,211.8354220377259,215.77101875873927,2877400
2020-01-27 00:00:00+00:00,209.6695098876953,210.41789471839343,206.91370829448377,208.11111596287301,2506200
2020-01-28 00:00:00+00:00,213.57867431640625,214.45912065453908,209.59025347942816,210.85809835586662,3123000
2020-01-29 00:00:00+00:00,211.41278076171875,217.03003297301612,210.92854599967913,215.28675289985492,3711600
2020-01-30 00:00:00+00:00,214.94338989257812,215.12827611836028,208.42807829114633,209.27331276978938,3261700
2020-01-31 00:00:00+00:00,209.32614135742188,213.8516355269891,208.56015725277135,213.0592391038711,3482800
2020-02-03 00:00:00+00:00,210.4355010986328,213.41141439756447,209.59028003029798,209.86321628016748,2733000
2020-02-04 00:00:00+00:00,213.0151824951172,214.59998854080126,212.67180897143103,213.84280417644914,3052500
2020-02-05 00:00:00+00:00,215.09304809570312,215.82382018549612,213.94846514259908,215.7005582326723,3126600
2020-02-06 00:00:00+00:00,212.9095458984375,216.38730634454856,212.34604732908844,216.01752048432223,2225600
2020-02-07 00:00:00+00:00,209.54620361328125,211.76493188379987,208.2695592613695,211.0869845222024,3006500
2020-02-10 00:00:00+00:00,208.98275756835938,209.4317803949065,207.30991478596414,209.01796951307946,2591300
2020-02-11 00:00:00+00:00,208.1903533935547,210.91092943730268,207.9790414295037,210.42668124961,2238800
2020-02-12 00:00:00+00:00,210.11851501464844,212.3460431943697,209.2997063617791,209.55502989081668,2119200
2020-02-13 00:00:00+00:00,209.8544158935547,210.40028839132057,208.28722229357484,209.4141926703121,1461300
2020-02-14 00:00:00+00:00,208.73623657226562,210.43549169561294,207.98785174966997,209.49342102252794,1718700
2020-02-18 00:00:00+00:00,205.3289031982422,208.72742671288907,203.55919740212724,208.26959084028945,2736500
2020-02-19 00:00:00+00:00,208.95639038085938,209.37020135205987,205.39057901188966,206.90494821829384,2207100
2020-02-20 00:00:00+00:00,204.9062957763672,208.57775581108118,203.6032388096584,208.14634565452397,3183700
2020-02-21 00:00:00+00:00,203.04856872558594,204.0875025876632,201.06756408893065,203.3039057354348,3081600
2020-02-24 00:00:00+00:00,197.69541931152344,199.58838704192573,195.93452659554657,196.54203673208585,4139400
2020-02-25 00:00:00+00:00,191.59396362304688,198.86644688498575,190.07959456653893,197.90676342317184,5343100
2020-02-26 00:00:00+00:00,189.9827117919922,193.69819645326848,189.0846527558544,192.55361351459015,4171100
2020-02-27 00:00:00+00:00,181.09901428222656,187.9576855284661,180.81726499790918,185.3251595051702,5848200
2020-02-28 00:00:00+00:00,177.84800720214844,179.15903118585726,172.6038977506266,176.35980649044427,6727100
2020-03-02 00:00:00+00:00,185.5547637939453,185.68763285333569,175.06654251645705,178.41497797999068,5285500
2020-03-03 00:00:00+00:00,180.20433044433594,187.60986732061974,179.04389569317152,185.1384083904066,5677200
2020-03-04 00:00:00+00:00,184.9080810546875,185.06752389940706,179.5576625426405,182.33916702847705,3520400
2020-03-05 00:00:00+00:00,176.0940704345703,180.23976023133164,174.46414712018353,178.3440853182173,4151500
2020-03-06 00:00:00+00:00,170.832275390625,173.88838537302536,167.6698566451979,168.91001290809706,5071900
2020-03-09 00:00:00+00:00,153.08023071289062,158.7849762336918,150.73278737747808,153.76232337734,6443000
2020-03-10 00:00:00+00:00,163.30270385742188,164.23281419065833,153.50541642602258,160.88437914428076,6803900
2020-03-11 00:00:00+00:00,152.26527404785156,160.13144649435128,151.45031230595038,158.10288881267937,5314000
2020-03-12 00:00:00+00:00,133.47682189941406,147.71211264668915,132.87446414994525,141.7327617599416,8357700
2020-03-13 00:00:00+00:00,156.9423828125,157.28785571501976,134.95610558501252,144.23073987190816,6368400
2020-03-16 00:00:00+00:00,137.00244140625,150.18357976342128,132.87447125524798,133.07820832649944,6888000
2020-03-17 00:00:00+00:00,140.5546112060547,147.70326410184566,132.87446854609328,139.0752770782443,6876300
2020-03-18 00:00:00+00:00,124.03385162353516,138.1628295874589,119.95017704675033,132.87442633787657,9543200
2020-03-19 00:00:00+00:00,132.42271423339844,135.08020388556358,115.91084573527993,121.69531379682411,6548200
2020-03-20 00:00:00+00:00,122.60767364501953,132.15691529847933,122.50136490560449,131.97975208836962,7561300
2020-03-23 00:00:00+00:00,119.5604248046875,125.73465833287563,118.04565020826061,120.49940203852604,5472600
2020-03-24 00:00:00+00:00,136.06344604492188,136.32918413906773,127.23172293778396,127.84294758769622,6647400
2020-03-25 00:00:00+00:00,137.4187469482422,143.6904219910539,128.72876093885847,136.94925835259562,8587800
2020-03-26 00:00:00+00:00,146.86172485351562,148.51823586401977,136.69240196231073,138.51720929025947,6762200
2020-03-27 00:00:00+00:00,140.26226806640625,145.03688949342293,139.07525954107993,140.91778689458215,4186700
2020-03-30 00:00:00+00:00,141.39610290527344,142.11362264998874,135.6913586641352,140.4216985484657,4152800
2020-03-31 00:00:00+00:00,136.94039916992188,142.7071587082056,136.16973171765585,140.0762436274569,3588200
2020-04-01 00:00:00+00:00,128.7021942138672,132.4935578550161,128.44530954212604,129.41972764187977,4689100
2020-04-02 00:00:00+00:00,132.81243896484375,133.27307418842454,125.49549058973521,126.69136607819108,4446900
2020-04-03 00:00:00+00:00,130.15493774414062,133.68940274413205,128.64903011470287,132.16577473787163,2801600
2020-04-06 00:00:00+00:00,140.16481018066406,140.7848881812118,136.2140178366837,137.7199254142101,4689400
2020-04-07 00:00:00+00:00,147.0654296875,149.82921363355422,143.90301161972235,147.04770931134445,4953500
2020-04-08 00:00:00+00:00,156.75645446777344,157.76629994492504,149.3066222677504,149.3066222677504,5194800
2020-04-09 00:00:00+00:00,163.22300720214844,165.94251139475827,159.24563973112217,159.9631597641273,6445800
2020-04-13 00:00:00+00:00,158.7229461669922,163.85190727954767,158.67866549896726,162.85978242209046,4774300
2020-04-14 00:00:00+00:00,157.88137817382812,162.44340792489976,154.61266535960237,161.53100467802236,4149600
2020-04-15 00:00:00+00:00,158.13832092285156,160.9375324861343,149.83808749004734,151.14912517055342,6042700
2020-04-16 00:00:00+00:00,156.82723999023438,158.06740933111172,152.70813845153023,156.98669632002185,4662200
2020-04-17 00:00:00+00:00,162.5408935546875,164.1265227414268,157.934568385344,162.5408935546875,5426700
2020-04-20 00:00:00+00:00,159.80364990234375,165.04777288033947,157.69538470546746,159.1835719032625,4674800
2020-04-21 00:00:00+00:00,153.96607971191406,158.74070192772774,153.83321064484772,155.40998665192376,3819000
2020-04-22 00:00:00+00:00,155.88829040527344,157.83711283671204,154.5506925651391,157.23475519215472,2314500
2020-04-23 00:00:00+00:00,155.0644989013672,158.6255382456864,154.5329956499682,156.79186419338015,2013300
2020-04-24 00:00:00+00:00,156.79185485839844,157.633390359103,153.68259751789225,156.79185485839844,2024400
2020-04-27 00:00:00+00:00,162.585205078125,163.21415022034793,158.3155122204429,158.65213188952202,2743100
2020-04-28 00:00:00+00:00,165.65896606445312,168.6796478329903,163.76329151934337,167.5635075550347,3344700
2020-04-29 00:00:00+00:00,168.334228515625,171.6029424986015,167.92675439463483,170.61967092255728,3086300
2020-04-30 00:00:00+00:00,162.4788818359375,166.13736281966453,162.01824660759374,164.7643240823076,2695400
2020-05-01 00:00:00+00:00,156.88043212890625,159.09500619330817,156.481797983964,158.56350301117675,2650200
2020-05-04 00:00:00+00:00,155.93258666992188,156.18061788177755,152.11466317669274,155.02018324416264,2990100
2020-05-05 00:00:00+00:00,157.9434356689453,161.75250602092075,157.80169967522338,158.65210212086674,3272600
2020-05-06 00:00:00+00:00,156.72096252441406,160.51231192095992,155.20620156170787,159.16584721890953,2408700
2020-05-07 00:00:00+00:00,161.50445556640625,162.44343275884333,158.72293770827773,158.72293770827773,2480100
2020-05-08 00:00:00+00:00,164.22396850585938,164.6846037372348,161.876525193762,163.9050692713208,2277500
2020-05-11 00:00:00+00:00,162.24853515625,163.74558918030698,160.5654509890577,161.69931167256055,2212200
2020-05-12 00:00:00+00:00,156.97787475585938,163.25840359160372,156.57038717851904,162.8952101991224,3549200
2020-05-13 00:00:00+00:00,152.185546875,156.68556342361524,151.2642764072927,155.60485009612515,3445300
2020-05-14 00:00:00+00:00,154.53298950195312,154.82531492692362,146.48080071875236,149.7406475486866,4176700
2020-05-15 00:00:00+00:00,152.24752807617188,154.21407085722961,151.10481384664817,153.6737142639356,2867800
2020-05-18 00:00:00+00:00,161.11471557617188,162.19542892782815,155.232806711157,157.4208072250276,4505800
2020-05-19 00:00:00+00:00,157.52706909179688,161.389286435975,157.42962730149958,159.9453799570294,2210500
2020-05-20 00:00:00+00:00,160.7248992919922,162.84203115949873,159.71505424884438,160.290837990837,2599900
2020-05-21 00:00:00+00:00,159.53793334960938,160.48576409382943,157.3942135947242,159.626508209026,2153500
2020-05-22 00:00:00+00:00,159.38734436035156,160.0162894457061,157.73084701233907,159.4759327442121,2176400
2020-05-26 00:00:00+00:00,173.67576599121094,174.59703643355465,164.07337544358057,164.43656885867162,5971200
2020-05-27 00:00:00+00:00,185.72303771972656,186.65316150576695,177.1747739448726,179.82340932257702,8182100
2020-05-28 00:00:00+00:00,178.24664306640625,187.18466098147766,178.23778963592318,186.7683199650816,4886100
2020-05-29 00:00:00+00:00,175.14468383789062,179.0934326032871,173.5045584353305,175.80428662693552,3822600
2020-06-01 00:00:00+00:00,178.2109832763672,179.8511087597706,173.92351053152498,175.87560627882766,2230800
2020-06-02 00:00:00+00:00,181.96360778808594,184.06723386198428,179.44996062587583,181.63380644298596,4128700
2020-06-03 00:00:00+00:00,187.6951446533203,188.90739064472064,184.00487243374022,185.84109977048064,3471900
2020-06-04 00:00:00+00:00,191.48341369628906,191.63494441317727,185.3686371855229,186.1084596264543,3522300
2020-06-05 00:00:00+00:00,194.2467041015625,198.75701915652496,194.0149535671382,197.88348326396087,4737600
2020-06-08 00:00:00+00:00,196.82273864746094,198.11521803489336,194.5319326051037,196.11856472504374,3260300
2020-06-09 00:00:00+00:00,194.4071502685547,196.1185732951471,191.78652908367903,192.30352358148005,2478400
2020-06-10 00:00:00+00:00,190.32470703125,195.96706240730853,189.68292163105113,193.77429335643197,3091200
2020-06-11 00:00:00+00:00,173.04103088378906,184.42377444594143,172.94297999760806,182.46277032349872,4923400
2020-06-12 00:00:00+00:00,179.86000061035156,180.89398941319226,174.89509436419974,178.82601180751087,3380800
2020-06-15 00:00:00+00:00,183.89788818359375,184.50402469949407,173.9502311147684,174.46722550736095,3467400
2020-06-16 00:00:00+00:00,186.8215789794922,191.6260458637286,181.5981685783501,191.6260458637286,3099100
2020-06-17 00:00:00+00:00,183.79095458984375,187.89123442129235,183.12242937373122,187.18706051150653,1798300
2020-06-18 00:00:00+00:00,181.6962432861328,184.74471674819452,180.65334554394175,181.8299564948327,2051700
2020-06-19 00:00:00+00:00,179.72634887695312,184.88735829092167,179.13804333926652,184.55755682336203,4962400
2020-06-22 00:00:00+00:00,181.32183837890625,182.35582716286666,178.27336546165338,179.1558235171128,1806900
2020-06-23 00:00:00+00:00,182.53411865234375,184.96754656044757,181.51796089722063,184.0672708584846,2451800
2020-06-24 00:00:00+00:00,176.50848388671875,180.59985484503832,175.93800959362744,180.3591819647901,2756700
2020-06-25 00:00:00+00:00,184.6020965576172,184.8605869826778,176.14301949942654,176.36586123182292,3466500
2020-06-26 00:00:00+00:00,168.6376953125,178.48730165426034,168.03155878625483,177.3820018718007,9530700
2020-06-29 00:00:00+00:00,172.4527587890625,172.83604003540404,168.16528608779402,170.58980519390997,3736000
2020-06-30 00:00:00+00:00,176.1519012451172,176.85608862810622,172.586434073829,172.78253585634405,3102800
2020-07-01 00:00:00+00:00,176.10739135742188,178.0416561881976,174.28008621830034,177.27507999525216,2620100
2020-07-02 00:00:00+00:00,175.95584106445312,180.94750172492346,175.71518176633933,180.50181822313792,2699400
2020-07-06 00:00:00+00:00,184.8338165283203,185.21709771615758,179.28060528272442,179.46778469035453,3567700
2020-07-07 00:00:00+00:00,177.7029266357422,183.36311255716498,177.5513958770553,183.17591950162173,2853500
2020-07-08 00:00:00+00:00,180.2789306640625,181.17029744114066,177.3998197824297,177.86332071366246,2789700
2020-07-09 00:00:00+00:00,175.44773864746094,180.50178705279782,173.816535680472,180.15415452548402,3160100
2020-07-10 00:00:00+00:00,183.2293701171875,183.90681763758204,175.447741214284,175.48338990427266,4414800
2020-07-13 00:00:00+00:00,186.18873596191406,189.84333235692725,184.5129617156933,186.29569564531351,4449600
2020-07-14 00:00:00+00:00,190.7614288330078,191.0199328553576,184.52186041982137,188.46170055714896,5202000
2020-07-15 00:00:00+00:00,193.3374786376953,200.77148905394606,191.3675653700187,199.9959905882328,12516700
2020-07-16 00:00:00+00:00,191.34976196289062,196.51078477131293,190.30686415213782,190.31577292616447,5769600
2020-07-17 00:00:00+00:00,188.44390869140625,191.79544385650104,188.30128670110054,191.55477094800784,3614300
2020-07-20 00:00:00+00:00,188.71128845214844,190.01267648237646,187.4098868207412,187.8377391154976,2268700
2020-07-21 00:00:00+00:00,188.98757934570312,190.58311982006597,187.5346472123345,189.19258988683868,3393500
2020-07-22 00:00:00+00:00,183.62161254882812,188.07844780486764,183.0422294060157,187.63276427926368,4978400
2020-07-23 00:00:00+00:00,180.96530151367188,183.63940206098755,180.10067458194553,182.81934619195218,4088600
2020-07-24 00:00:00+00:00,179.5836944580078,182.66781638450442,179.44999486048158,180.94748475749455,3191500
2020-07-27 00:00:00+00:00,180.96530151367188,181.9992767217381,177.90790614862803,178.36251194642608,2601200
2020-07-28 00:00:00+00:00,179.71739196777344,181.4823082416956,179.24496859376248,179.97589598822753,2139600
2020-07-29 00:00:00+00:00,180.5731201171875,181.74080865684132,177.93466793503887,179.78871284119026,2635000
2020-07-30 00:00:00+00:00,177.85443115234375,178.26446589860566,174.97531995973864,177.82769123423745,3057900
2020-07-31 00:00:00+00:00,176.4550323486328,178.1307932027009,175.16253920749327,178.1307932027009,2399700
2020-08-03 00:00:00+00:00,177.72967529296875,178.16645004324914,175.1803649896865,176.92745038962624,2294600
2020-08-04 00:00:00+00:00,179.73524475097656,179.8065557444732,176.91852171317453,177.69402026671233,1944700
2020-08-05 00:00:00+00:00,182.3023681640625,182.5608585890053,180.95639539624673,181.0990173691986,2232400
2020-08-06 00:00:00+00:00,182.06170654296875,183.88008920641815,181.68733404170507,182.73023178119263,1882400
2020-08-07 00:00:00+00:00,185.64498901367188,186.11741238497555,180.4572271007724,181.3753339243384,3075000
2020-08-10 00:00:00+00:00,186.63441467285156,187.7575321233739,185.43997263364577,186.82159411401523,2432800
2020-08-11 00:00:00+00:00,188.13189697265625,193.3820475040696,187.65947360064976,189.6115693006515,4042700
2020-08-12 00:00:00+00:00,189.08567810058594,192.49069282459755,186.53636804388196,191.3764841215133,2439400
2020-08-13 00:00:00+00:00,185.75196838378906,189.14807447390393,185.12801420470436,187.5525335301601,2219900
2020-08-14 00:00:00+00:00,185.37757873535156,186.72353788300705,184.16531918471557,184.92298650430547,2287600
2020-08-17 00:00:00+00:00,181.0098876953125,185.27062050182118,180.52854193993093,184.51295317632568,3922600
2020-08-18 00:00:00+00:00,179.44105529785156,181.4644618207316,179.2538758792448,181.348579779856,3067900
2020-08-19 00:00:00+00:00,180.96530151367188,183.7107130410574,179.85109295229034,180.41264481842512,2458500
2020-08-20 00:00:00+00:00,179.9224090576172,181.19705715958142,178.57643637237265,178.95080882751972,1764200
2020-08-21 00:00:00+00:00,180.43939208984375,181.25946159348084,178.11293757599307,178.37142798825005,1780900
2020-08-24 00:00:00+00:00,184.81602478027344,184.8962445435005,179.45000539964883,181.04554629561434,3097400
2020-08-25 00:00:00+00:00,183.62161254882812,187.62385550517706,182.88177626418374,187.1781719795731,2627600
2020-08-26 00:00:00+00:00,184.70904541015625,184.76252524660788,182.7569497725965,183.5235258311547,2563200
2020-08-27 00:00:00+00:00,187.32073974609375,189.86114073156511,183.98703640232213,184.22769566110492,3692400
2020-08-28 00:00:00+00:00,185.1458282470703,188.9697863350867,184.59317150992962,188.87173543020526,3697400
2020-08-31 00:00:00+00:00,183.71995544433594,185.10097905931238,182.60797733118923,184.28492089441966,3046200
2020-09-01 00:00:00+00:00,184.24908447265625,185.37003915028149,182.05200235768777,182.58110336500877,2457000
2020-09-02 00:00:00+00:00,188.35623168945312,189.15435079342646,184.1683470712086,184.54498616351344,3565200
2020-09-03 00:00:00+00:00,186.1322479248047,193.01042299494028,184.58085075071168,189.8896895436272,3533500
2020-09-04 00:00:00+00:00,189.163330078125,191.32453379931923,184.12352264906568,189.11848915807616,3668900
2020-09-08 00:00:00+00:00,181.5767059326172,188.28450810515804,180.49162954356322,187.88095350269668,4574700
2020-09-09 00:00:00+00:00,181.3435516357422,183.68410537718955,181.1731643479562,183.11017717195287,4681400
2020-09-10 00:00:00+00:00,179.36167907714844,184.15040700363804,178.9491754922782,182.6976406962642,2510300
2020-09-11 00:00:00+00:00,180.17771911621094,181.06551989909187,178.4110939428224,179.56792650992705,2376400
2020-09-14 00:00:00+00:00,180.5543670654297,182.31202961685034,179.95353713829536,182.31202961685034,2756900
2020-09-15 00:00:00+00:00,177.55918884277344,181.6753303909914,177.5412497397858,181.14624316282945,3717600
2020-09-16 00:00:00+00:00,179.96250915527344,182.7604208372734,177.62196934129935,177.99860840389954,3571400
2020-09-17 00:00:00+00:00,174.71644592285156,179.2540673441274,174.42947501574628,177.74751113240265,4274800
2020-09-18 00:00:00+00:00,174.7433624267578,176.3485633123189,172.51939244381228,174.8778714985687,9066300
2020-09-21 00:00:00+00:00,173.97213745117188,174.12458562031725,168.11627226979135,170.29540123781382,4871300
2020-09-22 00:00:00+00:00,171.83786010742188,175.89123596405463,168.97718164360361,173.97216214546128,3355800
2020-09-23 00:00:00+00:00,166.90565490722656,173.00365078354372,166.68146398297614,172.17862982432553,3116100
2020-09-24 00:00:00+00:00,174.9675750732422,177.07497535028176,167.7396614680357,169.47040893015554,5114600
2020-09-25 00:00:00+00:00,174.82406616210938,175.21864434693654,170.0353516830388,173.03951530372342,3106000
2020-09-28 00:00:00+00:00,178.51873779296875,181.02966494545743,176.79693962622406,177.36190507729737,3280100
2020-09-29 00:00:00+00:00,176.47412109375,178.2497230577186,175.2545219241429,177.70269665774347,2400000
2020-09-30 00:00:00+00:00,180.22259521484375,182.11476709916818,177.88204149711095,178.1689987550579,3075800
2020-10-01 00:00:00+00:00,178.05242919921875,182.15960844485986,177.4426227889241,180.7247811011893,2288700
2020-10-02 00:00:00+00:00,179.2630615234375,179.9804752336173,175.12898024145167,175.1738211639995,2541200
2020-10-05 00:00:00+00:00,180.9669189453125,181.899547180541,178.9850651306006,181.0834889225109,2551600
2020-10-06 00:00:00+00:00,180.33018493652344,184.81400283449375,179.26303408744232,183.163961132087,2833100
2020-10-07 00:00:00+00:00,182.5811309814453,183.8365949368701,180.40198764309903,182.85014919794287,2326600
2020-10-08 00:00:00+00:00,186.5089111328125,186.67033571479948,183.03843998066617,183.97106821110506,2330600
2020-10-09 00:00:00+00:00,186.11434936523438,188.15000698252504,184.79611919404766,187.20840227436648,3040900
2020-10-12 00:00:00+00:00,192.0150146484375,192.70552644101917,185.99773864937646,185.99773864937646,3474200
2020-10-13 00:00:00+00:00,189.04676818847656,192.00609136656033,187.58503886446056,191.91640951613718,3317300
2020-10-14 00:00:00+00:00,189.4233856201172,192.31096572362316,188.56250016224953,191.7998175486757,7550100
2020-10-15 00:00:00+00:00,187.06488037109375,188.97497741112878,185.54037140257583,187.94370481103795,4325700
2020-10-16 00:00:00+00:00,184.92164611816406,188.32037447483862,184.5629324328571,186.8138180471333,3244500
2020-10-19 00:00:00+00:00,184.45535278320312,186.4461695632291,183.4689071053416,185.97984854428273,3235300
2020-10-20 00:00:00+00:00,186.5537567138672,189.55792066758738,185.15480749150586,185.3610593169749,3335500
2020-10-21 00:00:00+00:00,181.9623260498047,186.48200908695688,181.15523050791913,185.9798236032209,3083600
2020-10-22 00:00:00+00:00,184.1952667236328,185.06512864612006,181.3256254923223,182.22238923232737,2136900
2020-10-23 00:00:00+00:00,183.87240600585938,186.71515871320557,182.957716968674,185.4148405217558,2110200
2020-10-26 00:00:00+00:00,180.37501525878906,181.87260870673435,178.01652280424244,181.58565149355093,3249700
2020-10-27 00:00:00+00:00,175.4787139892578,179.88182703381455,175.23659764275496,179.35273973564117,3430400
2020-10-28 00:00:00+00:00,170.17884826660156,173.40718932120933,169.4345327663223,171.55985832020366,4214600
2020-10-29 00:00:00+00:00,170.331298828125,172.49250262232977,167.60512952597983,170.20575245786358,3581200
2020-10-30 00:00:00+00:00,169.52418518066406,170.74378422585704,166.36758715601005,169.9456651679862,3658800
2020-11-02 00:00:00+00:00,170.56443786621094,172.80634691724822,168.7978124393114,172.17861511966316,2459600
2020-11-03 00:00:00+00:00,177.4963836669922,178.45592712970088,173.27263546654527,173.91830624732464,4545500
2020-11-04 00:00:00+00:00,177.44261169433594,180.08807529904155,174.7792226695128,175.98985902026033,3868500
2020-11-05 00:00:00+00:00,182.00714111328125,183.04737646028997,178.50975496238473,179.03884218732836,2892800
2020-11-06 00:00:00+00:00,180.48263549804688,183.28950991815208,179.72935736523812,183.2446690018721,2475100
2020-11-09 00:00:00+00:00,192.74142456054688,195.494495817446,187.75542034282432,192.34686000810703,6960500
2020-11-10 00:00:00+00:00,195.0191650390625,195.83522313153912,189.37851479933437,193.02834891722026,4166500
2020-11-11 00:00:00+00:00,195.53933715820312,197.21628098111665,192.83110681934923,196.06842448323064,2680700
2020-11-12 00:00:00+00:00,192.3647918701172,194.47219220843513,190.47261976322187,193.0015001692034,3005500
2020-11-13 00:00:00+00:00,196.4629669189453,198.14888682953705,193.1718462195119,193.56642438441858,2832100
2020-11-16 00:00:00+00:00,199.4222869873047,201.41310320650805,197.31488712532442,200.45355961893904,3004700
2020-11-17 00:00:00+00:00,201.4579315185547,201.63729518025835,195.7903928436958,197.30592547381858,2722900
2020-11-18 00:00:00+00:00,201.1440887451172,204.2110187756252,200.4356378012601,201.771820561269,2856200
2020-11-19 00:00:00+00:00,201.38619995117188,201.71799809081972,199.1801555650004,201.1440699577263,1505200
2020-11-20 00:00:00+00:00,200.29217529296875,201.60144261535788,199.64650434258883,199.97830252859342,1848100
2020-11-23 00:00:00+00:00,205.20643615722656,206.2556480290903,202.42646325385806,202.72239691261882,3371300
2020-11-24 00:00:00+00:00,212.9813690185547,213.53735810842167,206.82060705977835,207.24208707420252,3915200
2020-11-25 00:00:00+00:00,212.12046813964844,212.93652634669309,208.4347689840413,210.7394581368653,2272800
2020-11-27 00:00:00+00:00,211.09815979003906,212.8020189517297,209.65436975215354,212.53298711740723,1050400
2020-11-30 00:00:00+00:00,206.7758026123047,210.73949704231094,206.578513477838,208.09404651827302,2705400
2020-12-01 00:00:00+00:00,209.25531005859375,211.77091203009027,208.59710822688731,209.14711626656307,2577600
2020-12-02 00:00:00+00:00,214.27749633789062,214.71029900991542,208.8044783030672,209.25530410117605,2136300
2020-12-03 00:00:00+00:00,212.31192016601562,215.3595072179553,211.56354762777727,213.9529190537513,2142600
2020-12-04 00:00:00+00:00,216.01768493652344,216.17096405255296,213.6463369032367,214.32257558119045,2373000
2020-12-07 00:00:00+00:00,214.99880981445312,216.26113024207075,212.29385515855788,215.0799551521834,1788600
2020-12-08 00:00:00+00:00,215.35044860839844,215.6660321478536,213.3127210989276,213.700424653808,1371800
2020-12-09 00:00:00+00:00,218.9390411376953,221.2292300751315,215.9725997637016,216.39637710284356,3552300
2020-12-10 00:00:00+00:00,220.36363220214844,221.06691930694234,215.95455669527414,216.39637090545932,2541700
2020-12-11 00:00:00+00:00,216.38735961914062,217.47835028597294,213.78158719981892,217.12670673312712,2077300
2020-12-14 00:00:00+00:00,214.40371704101562,219.55215346957948,214.04306192254404,219.35378902698685,1927800
2020-12-15 00:00:00+00:00,218.58738708496094,219.65134310917367,213.86274158610735,215.94555454556212,2348000
2020-12-16 00:00:00+00:00,219.7956085205078,219.91281386986512,217.4062235893855,219.60625563599032,2400900
2020-12-17 00:00:00+00:00,220.3907012939453,221.74317873880378,219.101346067074,220.9046493268853,2983600
2020-12-18 00:00:00+00:00,218.31690979003906,221.25628909996547,216.90131015158425,221.25628909996547,4088100
2020-12-21 00:00:00+00:00,231.70645141601562,235.19583890634664,224.2948599784791,225.67438590526638,7408500
2020-12-22 00:00:00+00:00,225.49404907226562,232.3556321702087,225.23257615750933,231.59822059940294,3599800
2020-12-23 00:00:00+00:00,231.2285614013672,234.95235935668458,226.58504745520133,226.76537502168776,3376100
2020-12-24 00:00:00+00:00,230.96705627441406,232.28345978684527,228.79407281294368,231.76051401326706,968100
2020-12-28 00:00:00+00:00,234.0597381591797,236.818789884732,231.7244637910147,232.45479939388306,2793400
2020-12-29 00:00:00+00:00,232.63514709472656,235.2048322408696,231.27364432101731,234.66386327298108,1430900
2020-12-30 00:00:00+00:00,233.9335174560547,235.0154828609074,232.47281875773552,233.3564472271548,1566500
2020-12-31 00:00:00+00:00,237.7745361328125,237.97290058579625,232.62611319266463,233.3474234673929,2043100
2021-01-04 00:00:00+00:00,238.93765258789062,241.26390140028846,234.57366253691112,240.7409556262898,3572000
2021-01-05 00:00:00+00:00,244.2845001220703,246.60175170542723,236.74670475853458,237.92786634054207,4207100
2021-01-06 00:00:00+00:00,257.4665832519531,260.0182724896182,246.2410382189871,249.11730879949832,6383500
2021-01-07 00:00:00+00:00,262.96673583984375,266.7897580938063,258.4855253976031,259.46832253475725,4009700
2021-01-08 00:00:00+00:00,261.5511169433594,263.53476171953804,257.0248352474583,263.28230034040865,2800800
2021-01-11 00:00:00+00:00,264.9323425292969,265.98728726729473,256.24945860433996,258.59373132659323,2649700
2021-01-12 00:00:00+00:00,272.4881591796875,274.08410033788743,266.90693281964747,267.9168058618388,4814400
2021-01-13 00:00:00+00:00,273.146240234375,273.84952713024654,269.6839026303754,270.567503272037,2413800
2021-01-14 00:00:00+00:00,277.5915222167969,278.9800736280801,273.6873822134296,274.1472058987823,3192200
2021-01-15 00:00:00+00:00,271.4061584472656,274.8774951138059,267.6823329157314,271.5684491322846,3863700
2021-01-19 00:00:00+00:00,265.26593017578125,276.44640529014066,264.9052474977172,275.00375712655955,6727800
2021-01-20 00:00:00+00:00,261.9027404785156,268.19627853135046,259.206811008705,266.72658202566004,4792600
2021-01-21 00:00:00+00:00,260.9109191894531,263.9494806800226,260.1535351471095,261.8847183269115,2516000
2021-01-22 00:00:00+00:00,260.9289855957031,262.01095107175036,257.42154745067137,258.49451512120334,2568800
2021-01-25 00:00:00+00:00,255.20346069335938,258.18792510240996,250.2083034355456,257.4485642325091,4575000
2021-01-26 00:00:00+00:00,254.04937744140625,257.6649818430624,252.5345817586722,256.0059461107581,3296800
2021-01-27 00:00:00+00:00,246.4484100341797,250.09109005954622,244.63610910044412,248.8558318186939,3891800
2021-01-28 00:00:00+00:00,247.97219848632812,252.30914022498504,244.64510207745604,247.6025180502066,3778700
2021-01-29 00:00:00+00:00,244.5009002685547,250.1181726727205,244.00497533056836,247.29599848753327,3412000
2021-02-01 00:00:00+00:00,247.71075439453125,249.57715229737138,245.24923561651048,245.8443289754679,2324100
2021-02-02 00:00:00+00:00,258.7469482421875,259.901061133737,250.6591326805859,250.94766778252875,5195500
2021-02-03 00:00:00+00:00,260.17156982421875,261.30765969628527,257.133008198745,258.42236344058995,2712800
2021-02-04 00:00:00+00:00,264.86016845703125,266.7355917554777,261.04617212540927,261.47897481715427,2994700
2021-02-05 00:00:00+00:00,264.6347961425781,268.0069649781797,263.45363451782265,265.9872738059985,2938100
2021-02-08 00:00:00+00:00,270.6307373046875,271.29797823686926,265.53641098429483,265.98723680939554,2826200
2021-02-09 00:00:00+00:00,270.91021728515625,272.7045225825196,268.4216777156453,270.1348101591507,2071700
2021-02-10 00:00:00+00:00,274.35455322265625,275.1660341756064,268.46676925780247,270.4954853982896,3213700
2021-02-11 00:00:00+00:00,272.5873107910156,275.01275572935816,269.747113832665,274.0840557076442,2159900
2021-02-12 00:00:00+00:00,276.1938781738281,276.53651012668615,272.0913475754211,272.2897119946432,1977300
2021-02-16 00:00:00+00:00,281.27923583984375,282.1448412195551,278.8087191696168,279.51200634299215,2792200
2021-02-17 00:00:00+00:00,281.98248291015625,284.0022009926843,278.3939275301072,279.53901503578703,2333100
2021-02-18 00:00:00+00:00,279.4218444824219,283.5694476298555,277.33000602319794,278.80872795630535,2093300
2021-02-19 00:00:00+00:00,284.57928466796875,285.6252038666328,279.71939666321117,279.71939666321117,2749500
2021-02-22 00:00:00+00:00,285.7063293457031,289.03342584917914,281.50462971634437,282.21694216308737,3162300
2021-02-23 00:00:00+00:00,287.8161926269531,288.52850507840776,280.0349351030242,286.70717879594037,2942500
2021-02-24 00:00:00+00:00,298.12213134765625,298.4196643015685,288.6187147234595,288.6818369463648,3934400
2021-02-25 00:00:00+00:00,295.5252990722656,302.78358250881524,294.19987029071433,300.5474769236305,4244000
2021-02-26 00:00:00+00:00,288.0596618652344,296.3548400406966,287.6629329616011,293.7310305937585,3732200
2021-03-01 00:00:00+00:00,298.64141845703125,299.65523064437554,292.6580757229112,294.1878547777,2957800
2021-03-02 00:00:00+00:00,299.56463623046875,304.3169004735574,298.27021659980323,298.71375242271426,2850300
2021-03-03 00:00:00+00:00,302.7237854003906,307.8562435103271,301.6556639478284,302.0448904327661,3606300
2021-03-04 00:00:00+00:00,298.07110595703125,307.54848080061294,293.2102224135648,301.5470448728938,3647600
2021-03-05 00:00:00+00:00,296.3330993652344,303.7647279504213,286.45743804165573,303.7647279504213,3740200
2021-03-08 00:00:00+00:00,302.5064697265625,305.5841205934453,297.89904038442836,299.944757907357,2998000
2021-03-09 00:00:00+00:00,299.247802734375,304.4979396244106,294.70374302678294,297.46457110846427,3324800
2021-03-10 00:00:00+00:00,309.5942077636719,309.9381856433857,300.09873872566146,300.58755085074466,3153100
2021-03-11 00:00:00+00:00,309.66668701171875,312.2917425108607,304.5613826570888,306.55281931123073,2756600
2021-03-12 00:00:00+00:00,315.74041748046875,316.8175995288109,311.0605844084668,312.49077741736096,2436700
2021-03-15 00:00:00+00:00,313.2420959472656,319.00819983820276,309.57607453538407,316.3107141562736,2276200
2021-03-16 00:00:00+00:00,309.3135986328125,314.01155412784664,305.729040855296,312.5451453836038,2332600
2021-03-17 00:00:00+00:00,312.24639892578125,314.129188588111,308.12775337646053,311.94766970635504,2710900
2021-03-18 00:00:00+00:00,315.0072937011719,323.01826057446874,314.09303955496125,317.4965754761093,3713000
2021-03-19 00:00:00+00:00,311.5675048828125,314.3192722717932,308.3359585871338,313.57703485562155,3513000
2021-03-22 00:00:00+00:00,307.1592712402344,310.3727244577703,304.14498930450264,308.7252658025363,2094500
2021-03-23 00:00:00+00:00,300.3158874511719,309.4764642971023,299.9176003002923,305.6112723043801,2457500
2021-03-24 00:00:00+00:00,297.4918212890625,304.9958827110368,297.3017383997075,301.8096117174503,3332200
2021-03-25 00:00:00+00:00,299.2116394042969,299.97202609874705,291.39984429554585,296.3150373691315,2804700
2021-03-26 00:00:00+00:00,296.3512268066406,303.6470820791746,292.0968075475328,302.79619822735305,3082600
2021-03-29 00:00:00+00:00,294.8486633300781,296.6862048719979,287.5980551791622,289.97871829921286,4533200
2021-03-30 00:00:00+00:00,300.53326416015625,303.91867857539415,297.67284975276476,298.17975583768884,2717300
2021-03-31 00:00:00+00:00,295.99822998046875,301.11256696138565,294.5861305428003,298.9220144904706,2624500
2021-04-01 00:00:00+00:00,296.5775146484375,298.4059949759542,293.42743235344705,293.5541450373817,2659000
2021-04-05 00:00:00+00:00,292.86627197265625,301.2936200750512,292.42270843484476,301.2936200750512,3235000
2021-04-06 00:00:00+00:00,296.0525207519531,297.39221679094834,293.28263144271654,293.7261673233299,1801700
2021-04-07 00:00:00+00:00,295.59088134765625,297.98966585669797,292.6942791634862,296.63187581353134,2157300
2021-04-08 00:00:00+00:00,299.7457275390625,300.0625230998138,292.35028600204345,293.54514780747917,2402800
2021-04-09 00:00:00+00:00,299.44696044921875,303.14919732436897,297.6184801289475,302.33452896877503,2347100
2021-04-12 00:00:00+00:00,300.3793029785156,302.7690262448553,298.65944145311863,301.130628791133,2318800
2021-04-13 00:00:00+00:00,296.61370849609375,298.75901201336455,293.4455322175881,298.27022756275176,3575900
2021-04-14 00:00:00+00:00,303.55657958984375,311.811938090702,295.22879015515633,297.4012485568074,9876800
2021-04-15 00:00:00+00:00,306.4531555175781,308.9877131241754,302.82334946697074,306.7699786714409,4354800
2021-04-16 00:00:00+00:00,309.8567199707031,311.15113977514915,306.51655444433015,308.0282394278698,4231900
2021-04-19 00:00:00+00:00,310.5627746582031,311.77573039917235,304.68807881686143,307.76573059797965,3228200
2021-04-20 00:00:00+00:00,300.4155578613281,308.1911650202631,298.1254199093918,307.73856836870016,3662300
2021-04-21 00:00:00+00:00,303.4841003417969,303.6651500232397,296.50506882373304,298.7137423406811,2733300
2021-04-22 00:00:00+00:00,299.4831848144531,305.0229629463319,298.97627881704625,302.89575333705034,2165200
2021-04-23 00:00:00+00:00,307.1773681640625,308.3722300132387,299.36554515105007,299.84529652051054,2163800
2021-04-26 00:00:00+00:00,310.95196533203125,313.10632961789213,308.57133036522606,309.5217721975506,2171500
2021-04-27 00:00:00+00:00,313.7671813964844,314.5999438249714,311.0787559900364,311.38651842006936,2088600
2021-04-28 00:00:00+00:00,315.1068420410156,316.9262895040869,313.2783614290249,315.00728403274235,2140900
2021-04-29 00:00:00+00:00,319.5060119628906,320.2844647749539,314.5365106471015,317.31543249007984,2584400
2021-04-30 00:00:00+00:00,315.41461181640625,319.37030205959763,314.2831202079736,317.8314624224065,2101100
2021-05-03 00:00:00+00:00,316.9625244140625,320.49277315092843,316.1478558785258,317.12545259630775,1871700
2021-05-04 00:00:00+00:00,316.6728210449219,318.4288982584626,310.0920756926909,315.82193713220386,2831400
2021-05-05 00:00:00+00:00,323.7151794433594,325.0910907515477,315.5050707005584,318.62799821000857,2786800
2021-05-06 00:00:00+00:00,331.2735595703125,331.572261174379,322.70137878212375,325.6613506287277,3048700
2021-05-07 00:00:00+00:00,335.7272033691406,336.41513158906645,326.7114569475373,327.9515675225246,3378100
2021-05-10 00:00:00+00:00,333.7266540527344,341.2397749011205,333.563725891088,338.08969232108916,3396300
2021-05-11 00:00:00+00:00,325.797119140625,333.68134346252054,324.6203515128052,328.58510178899036,3734300
2021-05-12 00:00:00+00:00,320.8004455566406,333.22875740135856,319.7775728813287,328.64848229055673,3309800
2021-05-13 00:00:00+00:00,324.7923583984375,326.6751756574775,319.7594865943281,319.7594865943281,2673900
2021-05-14 00:00:00+00:00,333.80804443359375,334.47790610186684,327.4083503090047,327.6798971851284,2732300
2021-05-17 00:00:00+00:00,334.24267578125,335.55521731136133,329.9430069661899,332.91204032719577,1826100
2021-05-18 00:00:00+00:00,329.9972229003906,337.7094588354418,329.4903169304419,336.17064700677736,2018600
2021-05-19 00:00:00+00:00,324.4032287597656,325.86963770956885,320.37510691057554,325.86963770956885,3696000
2021-05-20 00:00:00+00:00,325.6703796386719,327.63466086394584,319.84999450636735,324.9462361923258,1919600
2021-05-21 00:00:00+00:00,331.53607177734375,332.3326462168498,326.33121085370755,327.21828251418117,2657500
2021-05-24 00:00:00+00:00,333.3736267089844,334.6680464147374,330.8571906021175,332.49558815959347,1834300
2021-05-25 00:00:00+00:00,329.9520263671875,338.33409773739686,329.5718330175687,334.84006477705475,2631000
2021-05-26 00:00:00+00:00,332.5680236816406,333.8262556691176,327.59852114323826,330.3955652160406,2121200
2021-05-27 00:00:00+00:00,336.1616516113281,338.1349664941311,332.47750802900174,336.1254361423448,3897000
2021-05-28 00:00:00+00:00,337.88726806640625,338.84094751602674,334.4722657718326,337.86911303866475,2169700
2021-06-01 00:00:00+00:00,347.3512268066406,348.18680151233025,341.78364835568647,343.04612950392345,3644000
2021-06-02 00:00:00+00:00,348.2595520019531,349.3767100249259,344.56296604756074,348.1596300400919,2809700
2021-06-03 00:00:00+00:00,353.0550231933594,355.3528951189068,345.25315720555045,347.178643218408,3003900
2021-06-04 00:00:00+00:00,355.53466796875,356.07959609260666,350.87533848653715,353.9270468505564,2514100
2021-06-07 00:00:00+00:00,352.5464782714844,357.1785608508185,351.9924311148318,356.9424068773991,2188700
2021-06-08 00:00:00+00:00,349.4039306640625,351.0206152243137,347.15145975369825,350.39392024759144,2452600
2021-06-09 00:00:00+00:00,347.6600341796875,349.0133182004361,344.1178637014068,348.00517371406323,2025900
2021-06-10 00:00:00+00:00,339.6311950683594,353.89073904238865,338.18708009572623,353.89073904238865,3900800
2021-06-11 00:00:00+00:00,343.3641357421875,343.9999222631168,340.6938767024591,341.2297689596588,2117300
2021-06-14 00:00:00+00:00,338.7047424316406,343.9998299282569,336.68842548810954,342.8009327796488,2560500
2021-06-15 00:00:00+00:00,337.23333740234375,340.4485513406282,333.4731954385877,339.23149922107433,2302900
2021-06-16 00:00:00+00:00,336.96087646484375,339.75827531899625,331.7384370048091,336.9517850918028,3264200
2021-06-17 00:00:00+00:00,328.33258056640625,339.24974242322156,323.83672916455345,339.24974242322156,4146300
2021-06-18 00:00:00+00:00,316.8249816894531,325.49878982763664,316.18922302626265,323.80942963394097,6290100
2021-06-21 00:00:00+00:00,324.73583984375,325.1263808443635,318.83221253341173,320.51248123448977,2717300
2021-06-22 00:00:00+00:00,324.7267150878906,326.8611087472663,320.28538571953715,324.24534355769936,1870800
2021-06-23 00:00:00+00:00,327.923828125,329.22264739027815,324.84487337895564,325.8712008668389,1713100
2021-06-24 00:00:00+00:00,334.9173278808594,336.85190562655356,329.49507199941297,329.69488819186967,2716600
2021-06-25 00:00:00+00:00,334.9354248046875,337.0970647705484,331.09354410011696,334.9808539464022,2782400
2021-06-28 00:00:00+00:00,334.8810119628906,335.02633535939935,330.47599178548273,334.05450073639935,1833400
2021-06-29 00:00:00+00:00,338.4322204589844,343.4003506809112,336.73379684229633,340.46669224997765,2365900
2021-06-30 00:00:00+00:00,344.70831298828125,345.2350860853344,336.87010669680745,336.87010669680745,2238400
2021-07-01 00:00:00+00:00,340.58477783203125,346.62466462001044,339.82185089112437,345.77090710379565,2571000
2021-07-02 00:00:00+00:00,339.8309631347656,342.04709626390434,338.25061635422963,341.7836958946144,1598900
2021-07-06 00:00:00+00:00,335.9255065917969,339.3496286137894,331.8838086180816,338.9863339681618,2162900
2021-07-07 00:00:00+00:00,333.93646240234375,336.1344130172381,328.9501484755404,333.7820476267432,2012800
2021-07-08 00:00:00+00:00,326.0073547363281,329.5949543965267,322.9647107826608,326.68854244009253,2940500
2021-07-09 00:00:00+00:00,337.6512145996094,338.0054178812971,331.466030914766,332.41968285230007,2641800
2021-07-12 00:00:00+00:00,345.58929443359375,348.76817099211564,333.62762387335283,336.3342201786603,4135900
2021-07-13 00:00:00+00:00,341.4840087890625,349.97612818868106,337.87825345066904,346.09790880662206,6466800
2021-07-14 00:00:00+00:00,340.0489196777344,346.74272020787726,337.3151050189827,343.99981417614885,3295700
2021-07-15 00:00:00+00:00,339.0953063964844,343.9998532156421,336.5703712888467,337.1788835601357,2183900
2021-07-16 00:00:00+00:00,331.3297424316406,340.5303236294622,330.4487384147317,340.5303236294622,2583300
2021-07-19 00:00:00+00:00,322.174560546875,322.6014393138332,316.97936751218333,321.52061919573896,4394600
2021-07-20 00:00:00+00:00,331.2933654785156,333.6093924969505,319.28629623084515,319.9493011649144,2937900
2021-07-21 00:00:00+00:00,339.23150634765625,340.50305129646995,334.17254523664633,334.27246718848227,2398800
2021-07-22 00:00:00+00:00,338.51397705078125,339.40407236386966,334.64484944360265,338.1415910846198,1887100
2021-07-23 00:00:00+00:00,339.7310485839844,343.31864872516394,337.3060355553227,340.22151155737754,1706900
2021-07-26 00:00:00+00:00,341.4112854003906,342.1197195322726,338.87725927890534,338.94084345272034,1559100
2021-07-27 00:00:00+00:00,340.4485778808594,340.7210696324382,335.34421504862,338.32327526303743,1791800
2021-07-28 00:00:00+00:00,339.8945617675781,342.81003783008265,338.17795518391097,341.3295852232424,1668900
2021-07-29 00:00:00+00:00,342.9099426269531,344.6901334465054,340.4213452903187,342.4376623763638,1296600
2021-07-30 00:00:00+00:00,340.48492431640625,345.08976063092206,338.8319018879744,342.01986975457817,1474900
2021-08-02 00:00:00+00:00,343.4912414550781,351.42934155431556,341.27510812965556,341.6565855161251,2383200
2021-08-03 00:00:00+00:00,345.4620666503906,346.3249155120572,337.660199993297,345.36217242303934,1494600
2021-08-04 00:00:00+00:00,343.1914978027344,347.5420251693465,341.28419405365776,343.7546363580734,1460500
2021-08-05 00:00:00+00:00,349.0406188964844,349.0497102701501,345.0897518162643,345.2713852663603,1583800
2021-08-06 00:00:00+00:00,361.3837585449219,362.26473480838376,352.9824424940677,353.20041371656527,3655800
2021-08-09 00:00:00+00:00,363.191162109375,367.4781049611618,357.46916815224176,360.2030106334588,3319100
2021-08-10 00:00:00+00:00,370.5388488769531,372.9547978242221,362.8459682903536,363.409079000319,3152300
2021-08-11 00:00:00+00:00,375.9157409667969,376.6332387681117,369.7123757144958,371.2927224130883,3000500
2021-08-12 00:00:00+00:00,376.92388916015625,380.2117509392191,372.8912554539022,376.3607783870704,2312800
2021-08-13 00:00:00+00:00,373.0910949707031,378.6405192797743,370.7296384076431,377.83216312632896,1980000
2021-08-16 00:00:00+00:00,370.884033203125,371.46529900964237,365.25286998803386,371.46529900964237,1590700
2021-08-17 00:00:00+00:00,367.8141174316406,370.8840078164565,363.4817735692957,366.78779017922125,2077400
2021-08-18 00:00:00+00:00,362.2101745605469,368.8494814130585,362.01944977637373,365.66154200720536,2187800
2021-08-19 00:00:00+00:00,357.4600524902344,361.2383768029206,355.04410353328416,358.3955491258025,2241500
2021-08-20 00:00:00+00:00,359.54901123046875,360.0758118814965,355.12583708067336,355.57087082017154,1612100
2021-08-23 00:00:00+00:00,364.6170349121094,367.02389227340154,362.391810950812,365.0166671967309,1857600
2021-08-24 00:00:00+00:00,371.07476806640625,372.07384901454816,365.7524342153255,366.56076262954826,1958400
2021-08-25 00:00:00+00:00,375.2164001464844,378.44976934733097,371.4199201334547,372.2918327549767,1845300
2021-08-26 00:00:00+00:00,374.5715637207031,382.128213961791,373.43625068151096,377.7231938262047,2076500
2021-08-27 00:00:00+00:00,381.1835632324219,381.32888660371566,374.6532414846512,374.9075504550156,2174500
2021-08-30 00:00:00+00:00,375.65240478515625,382.15548156042286,374.8531399264211,381.4198008876337,2089400
2021-08-31 00:00:00+00:00,377.3955993652344,378.6276731563189,373.06044651609074,376.1178478226041,1958100
2021-09-01 00:00:00+00:00,377.5324401855469,379.768449365648,374.4750114573641,377.07610837096087,1680400
2021-09-02 00:00:00+00:00,378.299072265625,381.1100639734143,376.60153129355325,378.8557837073421,1830400
2021-09-03 00:00:00+00:00,375.3876953125,378.86494169881723,374.73971189951385,377.8427628354348,1373600
2021-09-07 00:00:00+00:00,374.4841613769531,378.5090114783263,373.86355676984897,375.1047659840573,1557000
2021-09-08 00:00:00+00:00,369.6288146972656,375.0865538892486,369.35502671618246,373.4802567941286,1646200
2021-09-09 00:00:00+00:00,369.2454528808594,373.1699233469492,368.26892392823544,369.32761712061983,2424600
2021-09-10 00:00:00+00:00,368.2414855957031,374.0003901555639,367.94942658593027,372.3667146626945,1956000
2021-09-13 00:00:00+00:00,373.5167541503906,373.61713378812567,368.53359030307433,371.82832073775575,1802800
2021-09-14 00:00:00+00:00,368.4332580566406,380.5899467685751,367.60273064192444,374.4659525104408,3263200
2021-09-15 00:00:00+00:00,366.8451843261719,368.3601815539078,361.60647576332275,363.240151580377,3199800
2021-09-16 00:00:00+00:00,362.0353698730469,370.5231575887153,360.40172217424885,369.1906487537527,2882900
2021-09-17 00:00:00+00:00,357.2713928222656,364.2989158029128,354.87108237388713,361.70695373936496,3843700
2021-09-20 00:00:00+00:00,345.1054992675781,347.5970531260208,339.96719862792366,344.8225757734127,3834500
2021-09-21 00:00:00+00:00,343.0155029296875,348.1811825318044,341.40920599269447,347.5879567296644,2377300
2021-09-22 00:00:00+00:00,351.804443359375,355.29082503906386,346.5474920455942,347.54229203963007,2991300
2021-09-23 00:00:00+00:00,357.6363830566406,359.35219526393877,354.27778733510866,356.2947941597973,2518000
2021-09-24 00:00:00+00:00,356.7146301269531,358.2113841848221,354.66113670172064,356.36781344765905,1789700
2021-09-27 00:00:00+00:00,364.8920593261719,365.9781313206178,360.6664220817403,361.94414564806357,2788500
2021-09-28 00:00:00+00:00,355.4824523925781,368.90772540188505,354.4694092221204,365.4761293966452,2609000
2021-09-29 00:00:00+00:00,351.275146484375,358.1201242659868,350.7366503888766,356.5594492781335,1955000
2021-09-30 00:00:00+00:00,345.0142517089844,354.1317530089413,343.7273925709253,354.11350976206495,2665700
2021-10-01 00:00:00+00:00,346.81219482421875,349.2946411223151,343.02464616172705,346.30110539687115,2382300
2021-10-04 00:00:00+00:00,341.47308349609375,353.0821657084786,340.25925315198424,347.00382273455097,2895600
2021-10-05 00:00:00+00:00,352.11480712890625,354.31433015846363,342.70524588161794,345.07817725578315,2508100
2021-10-06 00:00:00+00:00,354.15911865234375,355.5281141289315,345.5892214520921,348.98433134812115,2111800
2021-10-07 00:00:00+00:00,356.5046691894531,363.1032373813956,355.71979182244945,358.5946767388707,2348000
2021-10-08 00:00:00+00:00,358.50341796875,359.87241348896436,354.27778067332275,356.6963338552444,1446700
2021-10-11 00:00:00+00:00,351.5945129394531,362.2818236453887,351.3937258353102,358.58551938988745,1787400
2021-10-12 00:00:00+00:00,352.7718505859375,354.65193532254955,347.74306537416925,352.4889271058257,2088200
2021-10-13 00:00:00+00:00,352.57110595703125,354.4603264697058,345.5618555401264,354.11350981300785,2391600
2021-10-14 00:00:00+00:00,357.0340881347656,359.2792332742763,348.8201139707967,357.7642080306474,3380900
2021-10-15 00:00:00+00:00,370.6053161621094,371.70049577495246,361.72508927312913,367.17369210017887,6451400
2021-10-18 00:00:00+00:00,377.5597839355469,379.6132769105803,372.00166629206353,372.37586168756553,3832300
2021-10-19 00:00:00+00:00,376.1634521484375,379.5311832345753,373.9091718259047,378.9196863359849,2568300
2021-10-20 00:00:00+00:00,372.26641845703125,378.1439471950506,370.7240145406515,375.1047892597043,2453400
2021-10-21 00:00:00+00:00,371.9925537109375,376.6197648515804,369.2819417024473,371.27154166766024,2162100
2021-10-22 00:00:00+00:00,378.13482666015625,379.0839768439471,373.3707210850862,374.1829772858577,2411000
2021-10-25 00:00:00+00:00,378.5272521972656,382.8532690239319,377.17649995645417,379.859733339453,1824700
2021-10-26 00:00:00+00:00,381.1374206542969,383.145291652137,377.62368818649935,380.00572673857704,1843300
2021-10-27 00:00:00+00:00,375.0956115722656,381.54815003819255,374.6940373520311,380.1700190618293,2067200
2021-10-28 00:00:00+00:00,378.5911560058594,378.68242794469825,373.3342042743374,376.01743773294464,1444700
2021-10-29 00:00:00+00:00,377.24951171875,379.6315503904114,375.2690194145334,377.86098074496084,2061700
2021-11-01 00:00:00+00:00,380.30694580078125,382.15965185577926,377.158245136046,380.6446268875504,1820800
2021-11-02 00:00:00+00:00,386.83245849609375,388.94070910796836,376.73840167188143,378.84665228375604,3000800
2021-11-03 00:00:00+00:00,381.402099609375,386.9693529462754,376.52847949708956,386.16620454983314,3542400
2021-11-04 00:00:00+00:00,372.4306335449219,379.65891349677554,367.83080130592634,378.4359476426054,3802300
2021-11-05 00:00:00+00:00,371.5271301269531,378.25348505317464,370.6327375182649,375.46984403143415,2105600
2021-11-08 00:00:00+00:00,372.67706298828125,377.52330463092983,372.3302463528357,374.091708324847,1728400
2021-11-09 00:00:00+00:00,369.94818115234375,371.98340307413304,365.12018310126086,370.6417865212719,2246900
2021-11-10 00:00:00+00:00,364.2622985839844,370.13071896034404,362.55562207551344,367.1919409977111,2243900
2021-11-11 00:00:00+00:00,367.2010803222656,368.49707492753043,363.70559088607587,365.19323705435954,1252400
2021-11-12 00:00:00+00:00,369.54656982421875,369.71997811209724,364.33526919725136,367.80337925026294,1360100
2021-11-15 00:00:00+00:00,369.45538330078125,371.7644213047657,368.63399155650774,370.5414553117744,1436500
2021-11-16 00:00:00+00:00,367.88555908203125,370.39538392677275,364.1527683824896,368.63394990210185,1311000
2021-11-17 00:00:00+00:00,357.3534851074219,367.48405844280484,357.28048426142,366.7539385736352,2927000
2021-11-18 00:00:00+00:00,357.1891174316406,359.51642611943623,351.9960597737044,358.0378878208493,1847400
2021-11-19 00:00:00+00:00,353.5567932128906,356.15786239587806,347.7613733260907,348.9843393041157,2610400
2021-11-22 00:00:00+00:00,361.560791015625,367.3379389634999,356.10305302463127,358.8228003981471,3058700
2021-11-23 00:00:00+00:00,370.8517150878906,371.41756205010773,362.7929079459898,365.29359723796165,2402300
2021-11-24 00:00:00+00:00,364.32623291015625,371.89222295372633,363.5139488296007,369.62880689946945,2186300
2021-11-26 00:00:00+00:00,355.3821105957031,357.49946908734654,349.29463181998244,350.9009287501736,2687900
2021-11-29 00:00:00+00:00,352.7809753417969,361.7524457559846,349.048184775933,359.58943760543366,2883400
2021-11-30 00:00:00+00:00,347.71575927734375,353.0457123282293,344.31154125580673,350.03393304150256,4570400
2021-12-01 00:00:00+00:00,345.412841796875,357.96396007144824,345.16510430508794,352.14714088278726,2476000
2021-12-02 00:00:00+00:00,355.5602111816406,356.98229399849913,345.0000072988614,346.80744403988655,3343700
2021-12-03 00:00:00+00:00,351.1470642089844,357.7070393710898,347.7523776499446,357.7070393710898,2807500
2021-12-06 00:00:00+00:00,357.1749572753906,361.12013812438096,351.8444006485447,356.5969683875337,1990200
2021-12-07 00:00:00+00:00,367.0928649902344,368.5975454480137,360.6246429717484,361.101722434348,2441000
2021-12-08 00:00:00+00:00,364.5331726074219,368.56089538356827,362.5330728598272,368.12052288825555,1635200
2021-12-09 00:00:00+00:00,363.7716064453125,367.16629336697576,360.56961046733943,363.0468174641494,2111500
2021-12-10 00:00:00+00:00,358.7896728515625,365.94600458059887,356.58772678103315,365.15698533835837,1893800
2021-12-13 00:00:00+00:00,352.8995056152344,358.9089881596784,351.0828852128392,358.9089881596784,2313300
2021-12-14 00:00:00+00:00,356.73455810546875,360.11087757539644,351.6333718630681,351.90860464622193,2788500
2021-12-15 00:00:00+00:00,357.73455810546875,359.1015940703565,349.19282326587563,357.35838802132434,2802300
2021-12-16 00:00:00+00:00,364.5790100097656,366.84518664824407,359.4686398737116,362.5238638434348,3578200
2021-12-17 00:00:00+00:00,350.2938232421875,361.1843334426213,349.2203874123548,357.0923528284336,7058600
2021-12-20 00:00:00+00:00,340.9447021484375,344.63298937359446,336.3940095514381,344.53205202203145,3735600
2021-12-21 00:00:00+00:00,348.93597412109375,350.55990351942995,343.83478794404124,345.36696374941295,2942800
2021-12-22 00:00:00+00:00,350.7801208496094,352.3215085500098,347.97263425137953,349.02775866513934,1487900
2021-12-23 00:00:00+00:00,353.2665100097656,355.6244123501456,351.9178132784562,352.1196600001239,1624000
2021-12-27 00:00:00+00:00,356.0189514160156,357.0006337486392,353.22980434193624,355.0555806046132,1430400
2021-12-28 00:00:00+00:00,355.6244201660156,359.03744698969126,354.36747700770616,356.83550052263854,1528200
2021-12-29 00:00:00+00:00,354.33074951171875,357.32171495408613,352.69763640539367,355.954678859255,1327800
2021-12-30 00:00:00+00:00,353.7069091796875,357.6153832671908,353.41333683451387,355.7528998309865,1160100
2021-12-31 00:00:00+00:00,350.98199462890625,355.0647921988596,349.4131115264279,353.22983203245724,1601300
2022-01-03 00:00:00+00:00,362.7073669433594,366.34976377241935,355.3767104835728,356.89973068909916,3334300
2022-01-04 00:00:00+00:00,373.854736328125,376.4236689624608,368.0745959019707,369.037966639296,3916400
2022-01-05 00:00:00+00:00,365.7350158691406,378.60725770577466,365.05608970503584,375.9832506403917,3469600
2022-01-06 00:00:00+00:00,364.1752624511719,368.0929192474795,354.54172422958254,367.90941208164895,2960900
2022-01-07 00:00:00+00:00,364.70745849609375,367.4965773434159,361.9733582057514,364.85425864583686,2360700
2022-01-10 00:00:00+00:00,366.23052978515625,371.0014093225449,361.68899226469756,368.2031063246184,3009400
2022-01-11 00:00:00+00:00,369.7903137207031,370.0563907683557,363.60650729785254,367.2213808445461,1748800
2022-01-12 00:00:00+00:00,358.1015930175781,370.7719887446537,356.49600312313356,369.9646019178505,4158000
2022-01-13 00:00:00+00:00,358.5511474609375,364.1202573871842,357.5878047287254,361.5329572502084,2497800
2022-01-14 00:00:00+00:00,349.5048522949219,352.67016966539046,344.0550185609745,350.59665579376355,4685300
2022-01-18 00:00:00+00:00,325.15484619140625,331.73318889297593,318.5765314890989,330.329445872877,13123500
2022-01-19 00:00:00+00:00,318.6591491699219,330.02671141255104,317.8058995196013,328.76976833641436,7426100
2022-01-20 00:00:00+00:00,319.37481689453125,327.70552358248165,317.57656380316456,320.108789748359,4599900
2022-01-21 00:00:00+00:00,315.53057861328125,320.19136511389587,312.60381490941523,317.0260756280224,4904100
2022-01-24 00:00:00+00:00,315.0534362792969,315.67731589143114,299.30947783645206,309.48432656685077,6569800
2022-01-25 00:00:00+00:00,313.36529541015625,314.6314223409882,303.60332237695224,309.9797918339817,3959300
2022-01-26 00:00:00+00:00,314.4020690917969,321.55843056081926,310.4844392050475,317.9986033479225,3745900
2022-01-27 00:00:00+00:00,312.8881530761719,319.9894381769834,309.8512970033861,317.14527303275247,2573400
2022-01-28 00:00:00+00:00,318.3747253417969,318.5031579747479,305.93369950145126,309.86051255431454,3714600
2022-01-31 00:00:00+00:00,325.41180419921875,325.89806748600085,315.0993378157736,316.1636179904655,3312400
2022-02-01 00:00:00+00:00,334.0177917480469,334.4581922609934,324.8338072957251,326.7421815192237,3303700
2022-02-02 00:00:00+00:00,333.1002502441406,338.1188664169618,328.3018202875483,333.5039436400698,2742400
2022-02-03 00:00:00+00:00,329.2652282714844,335.57749517804524,328.60464154872176,332.88010172670363,2372900
2022-02-04 00:00:00+00:00,337.2656555175781,340.3392191349082,331.2286214036611,332.28374580907473,3762300
2022-02-07 00:00:00+00:00,337.770263671875,340.8163040572763,333.36637077677227,335.3297634594223,2635600
2022-02-08 00:00:00+00:00,339.5593566894531,341.89891951103345,336.02705305745974,340.4584691781028,3422300
2022-02-09 00:00:00+00:00,343.623779296875,345.2293692782636,340.29332245559755,342.22003603311737,2250400
2022-02-10 00:00:00+00:00,339.9906005859375,346.25697722409535,338.39416620432024,341.036513319426,2406200
2022-02-11 00:00:00+00:00,333.1002502441406,343.96320889990545,330.9992134334091,338.137205935226,3142100
2022-02-14 00:00:00+00:00,330.5129699707031,334.22878058735256,327.7054835488433,333.10027016316724,2585600
2022-02-15 00:00:00+00:00,333.90765380859375,335.69675090311483,331.540539868173,334.0452702006494,1846400
2022-02-16 00:00:00+00:00,330.338623046875,333.0635394389254,327.10910391525624,331.53136370289945,2165300
2022-02-17 00:00:00+00:00,320.25555419921875,331.17356017796516,319.1362275224505,329.1734605749868,3102400
2022-02-18 00:00:00+00:00,317.48480224609375,321.11801538031574,315.03511820908557,317.0535855054694,2910900
2022-02-22 00:00:00+00:00,315.86083984375,320.20053046532325,313.04419743113516,314.2002032294157,2590800
2022-02-23 00:00:00+00:00,313.0350036621094,320.43907398718846,311.7780605411001,318.88853054614657,2217300
2022-02-24 00:00:00+00:00,312.11749267578125,312.8606491625899,299.9700676328695,301.4563806064868,4564000
2022-02-25 00:00:00+00:00,321.22808837890625,321.7602424506417,312.1175188331992,312.1175188331992,2980500
2022-02-28 00:00:00+00:00,313.1267395019531,315.4663021712101,309.6953454546393,312.17255251560107,4245700
2022-03-01 00:00:00+00:00,302.89190673828125,312.08386496716327,301.8028772997127,311.382460949833,5631500
2022-03-02 00:00:00+00:00,310.4411315917969,311.9362059423906,302.1535855669561,306.0297272023794,3469900
2022-03-03 00:00:00+00:00,307.7093811035156,315.16630500534205,304.67307118685665,312.7391046508413,2393700
2022-03-04 00:00:00+00:00,304.24859619140625,305.16224658963336,299.0158071735699,301.78447205480666,3293100
2022-03-07 00:00:00+00:00,297.0685119628906,302.5135469986404,296.10870029800856,301.61834427061797,3689900
2022-03-08 00:00:00+00:00,296.58856201171875,305.0699064134789,293.98601065390585,297.63143013367073,3596400
2022-03-09 00:00:00+00:00,307.8662109375,311.4470209581955,304.58073184237486,306.1034914411553,3202100
2022-03-10 00:00:00+00:00,304.4608154296875,306.25122081366413,299.71718466663833,302.36586932812486,2232600
2022-03-11 00:00:00+00:00,301.78436279296875,310.65330256596894,301.5167173986759,308.58604254901684,2613500
2022-03-14 00:00:00+00:00,299.9201965332031,306.0481591099183,298.0005734385858,303.82399532276156,2342200
2022-03-15 00:00:00+00:00,303.77789306640625,306.3065978031925,299.79100915468484,301.84906004605955,2140700
2022-03-16 00:00:00+00:00,314.4833068847656,315.0093316114442,308.4845352091898,309.23207219561715,3468500
2022-03-17 00:00:00+00:00,316.7997741699219,317.1043430016893,309.07520561516037,311.3547402495936,2403500
2022-03-18 00:00:00+00:00,318.74713134765625,320.02993130152305,311.2901789120293,312.7391201469434,5861900
2022-03-21 00:00:00+00:00,312.8591003417969,319.59617294773875,311.1517515359776,318.6363894963818,3401200
2022-03-22 00:00:00+00:00,316.55987548828125,319.54078620781314,313.89271519784603,315.8123383348628,2840200
2022-03-23 00:00:00+00:00,309.7304992675781,314.54797686012387,309.28753095103986,313.78199203656766,2196800
2022-03-24 00:00:00+00:00,310.30267333984375,311.47473107763636,308.52147791725054,310.4964719531743,1944100
2022-03-25 00:00:00+00:00,311.4654846191406,315.4708154489162,309.61049875679674,311.41011358828314,1580800
2022-03-28 00:00:00+00:00,309.4444274902344,312.39768123737724,305.94670120461313,312.07466470810925,2182600
2022-03-29 00:00:00+00:00,313.4682312011719,317.47356288812404,310.7641753464731,316.0615449704559,2378700
2022-03-30 00:00:00+00:00,309.7120361328125,313.6527584610118,307.90318321413383,312.8590881574172,2650200
2022-03-31 00:00:00+00:00,304.6453857421875,310.55186430411374,304.6453857421875,310.21040019289234,2632000
2022-04-01 00:00:00+00:00,304.7561340332031,308.39231569296226,302.3104860042565,308.1800412737284,2444800
2022-04-04 00:00:00+00:00,302.90118408203125,306.27895889651074,300.7323907793072,304.5531621506148,2569400
2022-04-05 00:00:00+00:00,298.9788513183594,304.3131439508968,298.53588301058295,302.11666554379684,2573900
2022-04-06 00:00:00+00:00,291.8726501464844,295.896429441576,291.4019681212613,295.3242432266148,3151300
2022-04-07 00:00:00+00:00,289.92523193359375,291.47567686638314,284.43406575555537,290.70969229168605,3562600
2022-04-08 00:00:00+00:00,296.6070556640625,298.7204493890319,288.8640100545915,289.39927282469523,3294200
2022-04-11 00:00:00+00:00,296.0256042480469,303.53789894671536,294.42899765124025,295.8871484977267,2747700
2022-04-12 00:00:00+00:00,295.1212158203125,301.89521247934044,293.4877136885423,296.8746979358986,2365200
2022-04-13 00:00:00+00:00,297.142333984375,297.75144361525327,290.45139410420273,291.4481010319852,3022900
2022-04-14 00:00:00+00:00,296.8377380371094,307.349418710232,294.4289854828493,303.1410512836007,5460900
2022-04-18 00:00:00+00:00,304.4423828125,307.00801104112105,295.92411405880114,295.92411405880114,3653400
2022-04-19 00:00:00+00:00,310.04425048828125,311.1978605464095,304.986813854296,304.986813854296,2774800
2022-04-20 00:00:00+00:00,314.76025390625,318.3041412896007,311.4747740978005,312.0285126623926,3040100
2022-04-21 00:00:00+00:00,308.5215148925781,320.5652228362327,307.6539977289072,317.7780824389574,3097800
2022-04-22 00:00:00+00:00,295.1119384765625,306.86031495989346,294.8350832926993,306.6849639553429,3125200
2022-04-25 00:00:00+00:00,296.6347351074219,297.3176633570197,288.62404419483704,291.98337073306817,3093600
2022-04-26 00:00:00+00:00,288.9747009277344,296.80080170970757,288.6793699930996,293.43226596918464,2791700
2022-04-27 00:00:00+00:00,289.0762939453125,294.6228331234804,288.0703491420697,288.0703491420697,2469300
2022-04-28 00:00:00+00:00,293.8567810058594,294.73350773575646,288.07949292560204,292.66624756117824,2176000
2022-04-29 00:00:00+00:00,281.9331359863281,294.4751845249551,281.21328424341516,292.7863113388455,3129600
2022-05-02 00:00:00+00:00,286.4829406738281,287.35966748333897,278.9060089813396,282.2284118238322,2968100
2022-05-03 00:00:00+00:00,290.3960266113281,294.8812500876442,287.3135831671929,287.4981439227269,2606200
2022-05-04 00:00:00+00:00,299.1172180175781,299.7540129946749,288.09796114035015,291.475706456724,2629400
2022-05-05 00:00:00+00:00,288.9286193847656,295.9517851615122,284.8863645085936,295.785672042733,2622100
2022-05-06 00:00:00+00:00,288.8270568847656,289.5192229717355,282.4591345175052,288.19949972534744,2375600
2022-05-09 00:00:00+00:00,285.07098388671875,289.57465518610553,281.46248721120526,285.09866940947444,3234000
2022-05-10 00:00:00+00:00,281.5362854003906,290.84822440061185,277.46634486551625,287.6827244838143,2798400
2022-05-11 00:00:00+00:00,278.2969665527344,286.9352160261705,277.789389233483,281.5363136258125,2320600
2022-05-12 00:00:00+00:00,276.3219909667969,279.53365240952445,271.2368673902239,276.8664916873975,3408300
2022-05-13 00:00:00+00:00,283.31744384765625,285.7538822518682,280.16118192729726,280.2165529670009,2152500
2022-05-16 00:00:00+00:00,280.0411682128906,282.8375180382627,277.3740080764907,282.3576263638792,1568800
2022-05-17 00:00:00+00:00,288.8363037109375,290.0822083388756,284.36952847127174,285.97534483012333,2096200
2022-05-18 00:00:00+00:00,283.0774841308594,288.73476466730665,281.37013547030307,285.1724300310946,2033200
2022-05-19 00:00:00+00:00,284.4341735839844,286.0861232944828,279.99508329737995,280.3919184905624,2108800
2022-05-20 00:00:00+00:00,283.14208984375,288.4856204332252,276.32196065868743,287.2581915136728,2201100
2022-05-23 00:00:00+00:00,292.19561767578125,297.0130951765557,287.082837357711,288.6055972454296,2653000
2022-05-24 00:00:00+00:00,289.7406921386719,291.4480123675869,282.8005565146481,291.0327296758127,1870900
2022-05-25 00:00:00+00:00,290.6174621582031,293.1092713376645,286.0768683985178,287.2489261669388,1929500
2022-05-26 00:00:00+00:00,298.6742858886719,300.400082161621,293.4599736591279,293.7552764517689,2440400
2022-05-27 00:00:00+00:00,303.2425842285156,303.3256689488819,298.2682316094068,301.5537112601212,2106700
2022-05-31 00:00:00+00:00,303.4933166503906,306.15822202172416,299.60273162983265,300.85626634668523,2722900
2022-06-01 00:00:00+00:00,298.8506164550781,305.74036765823064,293.26078729904873,303.63259197633766,2330200
2022-06-02 00:00:00+00:00,301.0791320800781,301.96125652343494,296.4178709072551,297.68067186111807,1957500
2022-06-03 00:00:00+00:00,295.9071044921875,299.4541339023411,294.8114341519172,297.9499037170902,1238900
2022-06-06 00:00:00+00:00,297.6064453125,301.97056749593764,296.9378951974168,299.91850147279615,1099700
2022-06-07 00:00:00+00:00,298.5348815917969,298.8412873001293,294.03145726952454,295.5356874203724,2516800
2022-06-08 00:00:00+00:00,292.1929931640625,296.7149789372461,290.4473332344272,295.59145334556194,1438100
2022-06-09 00:00:00+00:00,282.4804992675781,291.6916304705346,282.29477989385157,291.1530612888064,2896500
2022-06-10 00:00:00+00:00,266.50958251953125,277.3085089520412,266.35174656330787,275.76712890917395,3866900
2022-06-13 00:00:00+00:00,263.0739440917969,265.9524235894599,258.43124436549857,259.06264472744544,4218100
2022-06-14 00:00:00+00:00,262.3497009277344,268.51519182534963,261.19829205260027,264.01176713407193,2487700
2022-06-15 00:00:00+00:00,269.34161376953125,273.43647870934024,263.8632332503992,266.63955887713513,2725800
2022-06-16 00:00:00+00:00,264.6153869628906,265.68320248746005,259.2019819212883,262.4797275769546,2777300
2022-06-17 00:00:00+00:00,259.7962646484375,265.80392074077304,258.2734451530288,261.9690452671471,5234400
2022-06-21 00:00:00+00:00,264.4574890136719,267.4845386403265,262.7582731926734,267.2059596236295,2506300
2022-06-22 00:00:00+00:00,264.2068176269531,265.57177275722046,260.9569271583924,262.1176023257355,2463100
2022-06-23 00:00:00+00:00,265.7203369140625,266.1103078933701,258.99768721911255,263.48255183871765,2547000
2022-06-24 00:00:00+00:00,281.1155090332031,281.46835879725575,269.27662302106984,270.20516310045286,3984300
2022-06-27 00:00:00+00:00,279.2862854003906,282.5733252328574,277.52206490771783,281.4033556589569,2091700
2022-06-28 00:00:00+00:00,278.08843994140625,286.89100948221886,277.8005948037857,284.04038483619127,2276600
2022-06-29 00:00:00+00:00,281.6076354980469,285.4703656472987,278.47845994934295,281.69120070517846,2475900
2022-06-30 00:00:00+00:00,275.79498291015625,278.8684485147321,271.34729603029956,275.3864229805332,2669500
2022-07-01 00:00:00+00:00,277.8470458984375,278.8684172712678,270.87370114211,274.17000694379294,1749400
2022-07-05 00:00:00+00:00,275.96209716796875,276.1013724995168,267.75377869604034,272.0622178638723,2480900
2022-07-06 00:00:00+00:00,272.7679443359375,276.0921053708117,269.8337542680133,275.09856067940046,1774500
2022-07-07 00:00:00+00:00,277.26202392578125,277.69843881873527,272.61932435681905,276.3891941398732,2046500
2022-07-08 00:00:00+00:00,275.2842712402344,279.3884307515372,273.9843208305888,279.02628652842503,1438900
2022-07-11 00:00:00+00:00,272.2293701171875,275.3492794782995,271.02227936447275,272.2479590540808,1519400
2022-07-12 00:00:00+00:00,271.62579345703125,277.70771886236827,268.8216129781292,269.0073039681174,1772600
2022-07-13 00:00:00+00:00,269.4158935546875,270.38158315430405,265.3860330825414,269.75018271242914,1884100
2022-07-14 00:00:00+00:00,261.46759033203125,263.92821580708164,257.9855651305089,263.92821580708164,3171900
2022-07-15 00:00:00+00:00,272.8700866699219,275.24714716366066,264.7732155078754,266.0267503654383,3457600
2022-07-18 00:00:00+00:00,279.7319641113281,289.00806946593127,277.3641701545926,283.9103940313175,6767900
2022-07-19 00:00:00+00:00,295.3221740722656,296.3343077402717,281.8119266499595,281.8954918604122,5641100
2022-07-20 00:00:00+00:00,298.4792175292969,299.14776751472107,293.7065079567533,294.6071929602165,3489800
2022-07-21 00:00:00+00:00,303.2055358886719,303.7812262997577,296.9935994574151,297.6064394121578,2518800
2022-07-22 00:00:00+00:00,300.781982421875,305.5361031151056,299.16633174449595,303.73473308632447,1830300
2022-07-25 00:00:00+00:00,300.9583740234375,303.90185823057027,299.54700345395815,302.67617865516405,4024500
2022-07-26 00:00:00+00:00,295.78643798828125,301.11627743973486,295.0529117106131,298.77633824848374,2054700
2022-07-27 00:00:00+00:00,301.348388671875,303.0661933913212,295.6285786980222,297.4020935522143,2081900
2022-07-28 00:00:00+00:00,305.59173583984375,306.3995893106802,298.8877053391468,302.0540012851401,1820700
2022-07-29 00:00:00+00:00,309.56597900390625,311.2280452808896,305.9539446295326,305.9539446295326,2112200
2022-08-01 00:00:00+00:00,308.3495178222656,310.8751474861818,305.49892186246615,308.02455152638225,1476500
2022-08-02 00:00:00+00:00,304.44970703125,308.1174231170864,303.8368672161458,305.9539373334182,1862900
2022-08-03 00:00:00+00:00,309.36163330078125,311.5344131424002,306.0652998417778,308.3402338016987,1770600
2022-08-04 00:00:00+00:00,308.1545715332031,310.41091697826147,306.9938965095979,309.46381636024495,1533400
2022-08-05 00:00:00+00:00,310.7544860839844,312.834406561433,306.11178620625714,307.2538722406316,1876400
2022-08-08 00:00:00+00:00,310.7637939453125,314.6265241626992,310.44809371164854,313.02013958804906,1460000
2022-08-09 00:00:00+00:00,312.56512451171875,314.00437848729695,310.6616288814793,312.12870958628156,1587900
2022-08-10 00:00:00+00:00,323.04840087890625,324.7104956502834,316.9571798770192,316.96644600932234,2459500
2022-08-11 00:00:00+00:00,326.5489501953125,330.6066655831532,324.784729809746,324.9890097493459,2360800
2022-08-12 00:00:00+00:00,328.53607177734375,329.22318239777957,325.12831707167754,328.1832219981592,2369000
2022-08-15 00:00:00+00:00,330.42095947265625,332.9930050309748,324.1068705698478,325.9175348760983,2045700
2022-08-16 00:00:00+00:00,329.60382080078125,330.99663069880353,326.8646166666215,327.76530153414745,1740900
2022-08-17 00:00:00+00:00,328.4617614746094,330.1795663037917,325.70399628134544,326.753251114076,1576300
2022-08-18 00:00:00+00:00,329.1860046386719,329.7245737302456,325.78754469331113,327.45893376667175,1102200
2022-08-19 00:00:00+00:00,324.3111877441406,326.71610318209827,322.6676819824832,325.9175723046089,1812300
2022-08-22 00:00:00+00:00,317.95068359375,319.9098894187439,316.40930377236526,317.9692441927574,1723900
2022-08-23 00:00:00+00:00,315.87078857421875,319.4828234411202,314.80297304491376,317.51432281246116,1538000
2022-08-24 00:00:00+00:00,317.5049743652344,319.7149041304305,314.30149998513195,314.79362505863253,1530800
2022-08-25 00:00:00+00:00,321.7298278808594,322.073383160159,317.6628179908727,319.8356266106464,1763900
2022-08-26 00:00:00+00:00,312.36083984375,323.8190196585761,311.98942952358016,323.4476093384062,1703900
2022-08-29 00:00:00+00:00,310.0580749511719,312.3608359092944,308.28456023264937,310.0580749511719,1835600
2022-08-30 00:00:00+00:00,309.7888488769531,311.9987789257417,307.51391421807165,311.0609443243324,1830300
2022-08-31 00:00:00+00:00,311.2295837402344,313.54039451586294,308.43226845348346,310.18174324359694,2488000
2022-09-01 00:00:00+00:00,312.0060119628906,312.1837687964929,303.6983210792405,308.6099599482215,1575100
2022-09-02 00:00:00+00:00,310.11627197265625,318.38653448532295,308.7035816636251,313.11001626800953,2215400
2022-09-06 00:00:00+00:00,305.4479064941406,311.7722376912712,302.61318931597646,310.9021824847751,1578100
2022-09-07 00:00:00+00:00,309.2555236816406,310.7524099627728,302.416652857007,303.3522032138732,1496600
2022-09-08 00:00:00+00:00,313.764892578125,314.16717239135664,306.26176022061793,309.0029445462519,1755600
2022-09-09 00:00:00+00:00,318.18072509765625,319.05078019499587,315.30857826159377,316.19736264107075,1445600
2022-09-12 00:00:00+00:00,320.5008544921875,322.1754977599861,318.17134305230644,319.6401640829972,1563200
2022-09-13 00:00:00+00:00,307.2253723144531,314.8313721617386,305.76588760071724,314.41972775158496,2242100
2022-09-14 00:00:00+00:00,306.1682434082031,309.6016975040622,302.65056464884736,307.28155070596233,1953300
2022-09-15 00:00:00+00:00,310.2472229003906,313.6713408326445,306.47695588399137,307.54349705747677,1489400
2022-09-16 00:00:00+00:00,305.1858825683594,307.796076132196,299.1796650954662,305.3449386958561,2946800
2022-09-19 00:00:00+00:00,307.47802734375,308.0674287203266,299.8813619361742,299.9094273088333,1652700
2022-09-20 00:00:00+00:00,302.426025390625,305.73785318384915,299.38548665144674,304.70877060502045,1569900
2022-09-21 00:00:00+00:00,300.04034423828125,308.53515739008105,299.96551277273153,303.9790317615337,1796700
2022-09-22 00:00:00+00:00,292.75238037109375,302.54759208118446,291.1432328893258,301.546546517661,2239900
2022-09-23 00:00:00+00:00,282.50811767578125,289.824127678249,278.2887767994176,287.7284756478129,2918500
2022-09-26 00:00:00+00:00,275.6319274902344,282.6298566192118,273.47080777627986,279.7296438987424,2308800
2022-09-27 00:00:00+00:00,272.6006774902344,279.8698937498418,270.01854927491075,278.32624131488046,2007400
2022-09-28 00:00:00+00:00,281.40423583984375,282.9198230437596,273.6110843816555,275.05184010976956,2289700
2022-09-29 00:00:00+00:00,277.0257873535156,280.056989758885,272.7596802430116,277.923936203633,1930800
2022-09-30 00:00:00+00:00,274.1629943847656,281.6848265273151,273.8355746318258,276.9228790933181,1970800
2022-10-03 00:00:00+00:00,279.8699035644531,281.81586443433173,272.33873407329554,278.0175319978326,1938800
2022-10-04 00:00:00+00:00,294.5767822265625,294.84809986656023,286.16619234325276,287.02688281735266,2399500
2022-10-05 00:00:00+00:00,289.0850524902344,290.21706039736705,284.03308640928896,286.8210081252387,1992800
2022-10-06 00:00:00+00:00,285.0341796875,289.1599322141546,283.8647415777207,287.57887815640925,1367400
2022-10-07 00:00:00+00:00,281.675537109375,285.4832345659219,279.86993146365614,284.40735718146817,1790100
2022-10-10 00:00:00+00:00,281.1703186035156,285.0809123314522,279.1962924595187,284.0611658455012,1309600
2022-10-11 00:00:00+00:00,275.2482604980469,283.02268162301806,274.97697145305466,278.8033689587276,2392800
2022-10-12 00:00:00+00:00,276.27740478515625,280.45931649438415,272.90941741015155,275.04247132253215,1763800
2022-10-13 00:00:00+00:00,287.2794189453125,288.8605011344002,269.20458146286,271.70251316507876,2724900
2022-10-14 00:00:00+00:00,280.6557312011719,291.5361859847093,279.7950408956695,287.644293229632,2397600
2022-10-17 00:00:00+00:00,286.9426574707031,291.5362133973052,284.53831462214765,284.79090295389176,3118600
2022-10-18 00:00:00+00:00,293.62249755859375,303.5674028383534,291.89172361547094,300.93850850908035,6428600
2022-10-19 00:00:00+00:00,291.66717529296875,294.5018916049263,288.2056277077425,292.4623702200049,2363800
2022-10-20 00:00:00+00:00,290.7784729003906,295.680748793486,289.08512863805845,291.9853411403678,2382300
2022-10-21 00:00:00+00:00,304.1474609375,304.774263758693,289.5435033778023,290.95619371180203,3545700
2022-10-24 00:00:00+00:00,307.51544189453125,309.8917194621422,304.8491174230472,307.32832038572286,2232600
2022-10-25 00:00:00+00:00,310.9769287109375,312.0996005443023,304.91458075281366,306.72952215394196,1837700
2022-10-26 00:00:00+00:00,314.054931640625,316.8428822492016,312.60483986897754,312.9603250559982,2176700
2022-10-27 00:00:00+00:00,315.4488830566406,319.8927475416839,314.8407809951497,317.44161001489306,1998800
2022-10-28 00:00:00+00:00,319.7898254394531,320.5008242863989,314.3449155851773,316.70249217380314,1677100
2022-10-31 00:00:00+00:00,322.3065185546875,323.86887193357614,318.62044722442187,319.08822248409274,2224000
2022-11-01 00:00:00+00:00,326.11419677734375,326.2171221837917,321.61420093493587,322.8865645239375,2316600
2022-11-02 00:00:00+00:00,327.2462158203125,334.40317140085335,324.3927696785513,325.21605868272195,3221200
2022-11-03 00:00:00+00:00,326.3854064941406,328.0694140505583,320.51015214996863,325.103707238038,2515600
2022-11-04 00:00:00+00:00,334.84283447265625,335.28254428611655,328.5933648883224,331.18482912040804,3172700
2022-11-07 00:00:00+00:00,339.19317626953125,339.56739074755023,335.4135443748498,336.8075339902673,2526900
2022-11-08 00:00:00+00:00,340.5590515136719,343.5247588891377,338.164044737274,338.9499036591484,3501300
2022-11-09 00:00:00+00:00,338.66925048828125,343.4873294190591,337.6214385907994,339.5580348035022,3047200
2022-11-10 00:00:00+00:00,353.9280700683594,355.91143235120336,345.91039627621313,346.1536485168107,3790400
2022-11-11 00:00:00+00:00,360.34600830078125,362.05805319932233,354.3397613675538,355.5091995238824,3409100
2022-11-14 00:00:00+00:00,357.71710205078125,362.33872414818467,355.97699169585985,359.25141868912004,2609100
2022-11-15 00:00:00+00:00,358.20355224609375,364.47172297984736,356.1172645145235,361.1037642814643,3192400
2022-11-16 00:00:00+00:00,357.68896484375,360.56111136750945,355.51850965693995,358.5122537476957,2303700
2022-11-17 00:00:00+00:00,355.3033447265625,357.11831486302276,350.8407794089733,352.8428425028698,2297600
2022-11-18 00:00:00+00:00,354.7607116699219,358.15673552988693,353.06736778453995,356.7066438769018,2384500
2022-11-21 00:00:00+00:00,355.7055969238281,356.22950284511427,351.22433122392437,354.48002822752676,1877500
2022-11-22 00:00:00+00:00,359.12969970703125,360.96337035502154,356.81888925570564,356.81888925570564,2019400
2022-11-23 00:00:00+00:00,361.3563537597656,363.18068851942866,358.699393963387,359.1578045380709,1865400
2022-11-25 00:00:00+00:00,363.7980651855469,364.3407003318938,360.3552470356263,360.8978821819732,1129300
2022-11-28 00:00:00+00:00,357.71710205078125,363.3584993935919,356.34187012232,360.5892491513322,2232200
2022-11-29 00:00:00+00:00,358.98004150390625,360.1214141514676,354.8168592903972,356.5663339971528,1746900
2022-11-30 00:00:00+00:00,363.6319274902344,363.6319274902344,353.2263119951894,360.1947804310996,2964100
2022-12-01 00:00:00+00:00,361.4284362792969,363.96157346219826,358.2643856832694,363.96157346219826,1706300
2022-12-02 00:00:00+00:00,358.38671875,360.2135912442807,356.33385089163215,359.2719055766294,1932300
2022-12-05 00:00:00+00:00,349.8739318847656,356.7764757931454,347.7739623148976,356.47512945578904,2329600
2022-12-06 00:00:00+00:00,341.7472229003906,348.7721914515669,339.3176572598949,347.9341059701047,3081900
2022-12-07 00:00:00+00:00,338.9315490722656,343.9977942866182,337.2647468961339,341.3516596181033,2128200
2022-12-08 00:00:00+00:00,337.1988525390625,341.44586486853206,335.29665749020796,340.9185230978007,1967800
2022-12-09 00:00:00+00:00,338.197021484375,340.55123577191017,335.43786049852855,335.90870335603563,1588800
2022-12-12 00:00:00+00:00,342.00146484375,342.783080203342,335.56033698907544,337.66030680933676,1750400
2022-12-13 00:00:00+00:00,347.19012451171875,356.48455834766463,344.19557069756615,352.78374021481744,3062600
2022-12-14 00:00:00+00:00,339.36474609375,347.32197416324453,338.4889851635947,345.6081277829967,2519700
2022-12-15 00:00:00+00:00,329.429931640625,335.343717330748,327.65016041766194,333.8087936125829,3163700
2022-12-16 00:00:00+00:00,326.15283203125,327.499435619444,323.38427390927654,324.956872858296,5008800
2022-12-19 00:00:00+00:00,324.5142822265625,328.08327893260144,322.6497630078767,326.07748387422606,1646700
2022-12-20 00:00:00+00:00,324.4013366699219,327.1604979441086,323.4596508564989,325.81386539005626,1623000
2022-12-21 00:00:00+00:00,329.7406921386719,330.4187070414945,326.661390021419,327.95149492615826,1923100
2022-12-22 00:00:00+00:00,325.42779541015625,327.7537606950288,320.060203109816,326.9156752013394,1528900
2022-12-23 00:00:00+00:00,325.36187744140625,327.4806705401641,323.1018084790214,324.7309352961802,1062000
2022-12-27 00:00:00+00:00,322.02825927734375,327.4712014619738,321.85876274882486,326.3035203926657,1035000
2022-12-28 00:00:00+00:00,320.9924011230469,322.85694916146537,319.51394767158223,320.64398201086016,1117200
2022-12-29 00:00:00+00:00,323.4031982421875,324.5426589306714,321.34090371691696,322.47093834976846,1273600
2022-12-30 00:00:00+00:00,323.3560485839844,323.6479688594581,319.6081290558828,321.8116702020236,1031400
2023-01-03 00:00:00+00:00,326.0304260253906,328.27164260198936,322.81927432189053,325.35241116808317,1589700
2023-01-04 00:00:00+00:00,327.4241638183594,329.8819499596054,324.9569228850027,327.7349074873329,1881000
2023-01-05 00:00:00+00:00,323.71392822265625,325.01345925852706,320.30503013607967,324.1753450805055,1397800
2023-01-06 00:00:00+00:00,327.7819519042969,328.6483154091068,321.0677568783817,327.04743819416194,3097800
2023-01-09 00:00:00+00:00,332.41510009765625,335.71100052355365,329.1191996717588,331.36041655944445,1989000
2023-01-10 00:00:00+00:00,336.5208435058594,336.6526933198474,330.06089233176647,332.0761138566348,1610100
2023-01-11 00:00:00+00:00,343.22564697265625,344.1861561324732,335.43788709960177,337.94277474873917,2127000
2023-01-12 00:00:00+00:00,348.3672180175781,348.51789118153397,341.4269988500541,344.8829693537729,2103100
2023-01-13 00:00:00+00:00,352.1905212402344,352.5201170478131,341.22928373681947,342.29339338570117,3310200
2023-01-17 00:00:00+00:00,329.51470947265625,345.40094440215165,323.93991686332475,343.5269701087098,14448300
2023-01-18 00:00:00+00:00,328.7331237792969,334.1007448456532,327.51834093497934,328.0080359899146,5585200
2023-01-19 00:00:00+00:00,330.29632568359375,331.6241062361102,325.37129813671135,325.8515671364225,3100400
2023-01-20 00:00:00+00:00,321.9058837890625,331.70883682264014,318.4875595950576,329.467619927509,11247200
2023-01-23 00:00:00+00:00,328.7801818847656,329.17567381292145,316.55709030573706,321.7457880685907,4915700
2023-01-24 00:00:00+00:00,328.01739501953125,329.8725171551797,320.1731651188265,320.1731651188265,2372000
2023-01-25 00:00:00+00:00,329.24163818359375,329.5523818786829,323.8457677559942,324.6462065000355,1985200
2023-01-26 00:00:00+00:00,334.27020263671875,334.29845206061356,329.13800363806524,331.2191499042031,1919200
2023-01-27 00:00:00+00:00,333.07427978515625,335.2307195811914,331.3133031948734,331.42632963104984,2427400
2023-01-30 00:00:00+00:00,336.6149597167969,341.20096444286446,331.85003241005194,332.6881464709056,3184500
2023-01-31 00:00:00+00:00,344.47808837890625,344.5816887631107,336.0499887735854,338.2158834077985,2311500
2023-02-01 00:00:00+00:00,344.3839111328125,347.42556665895165,337.83921196560556,338.1593816939407,2889400
2023-02-02 00:00:00+00:00,347.92462158203125,351.1451993656634,343.2915152286945,346.54034243420205,2619600
2023-02-03 00:00:00+00:00,348.376708984375,352.727293229116,344.1296963940454,344.29919295834037,2243100
2023-02-06 00:00:00+00:00,349.1771240234375,349.6103202334907,344.449871099681,347.4821008801869,1816200
2023-02-07 00:00:00+00:00,352.56719970703125,354.36582324751737,345.9188994673147,346.70051486754386,2205500
2023-02-08 00:00:00+00:00,353.22637939453125,356.2868585050419,350.2883240465166,351.1735110729021,1893200
2023-02-09 00:00:00+00:00,346.531005859375,357.5393169874548,346.35208322864173,355.0532810065934,2052500
2023-02-10 00:00:00+00:00,349.629150390625,350.5237635179066,343.30101980146543,345.59873576608715,1933400
2023-02-13 00:00:00+00:00,352.2093200683594,353.18868136784016,346.54038177734503,347.56681587263995,1570600
2023-02-14 00:00:00+00:00,350.0999450683594,355.0626188815159,347.8399048992206,352.1339898419752,2155500
2023-02-15 00:00:00+00:00,352.5106201171875,352.53886953855886,346.77575767506823,347.2371744701226,1687200
2023-02-16 00:00:00+00:00,348.6120910644531,352.4259070199825,347.2937079676566,349.13000675393056,1947800
2023-02-17 00:00:00+00:00,347.01123046875,349.42194390919667,345.4668519039167,346.5874603474803,1857300
2023-02-21 00:00:00+00:00,340.06158447265625,345.33503090145365,339.09164921116803,345.33503090145365,2403000
2023-02-22 00:00:00+00:00,339.8450012207031,341.8319444590079,337.1611909504971,340.5418395146345,2203800
2023-02-23 00:00:00+00:00,342.3404541015625,346.42736690947976,338.6396071713186,342.0202843871692,1931400
2023-02-24 00:00:00+00:00,342.63232421875,343.88475346924025,338.5642353763439,339.1669279772774,2428600
2023-02-27 00:00:00+00:00,344.2143859863281,348.70621660210736,343.253876881121,346.74752291561595,2842400
2023-02-28 00:00:00+00:00,331.1437683105469,344.6663898104531,330.8424219915705,344.6569637573705,4945600
2023-03-01 00:00:00+00:00,328.3744201660156,334.35900187125094,328.1183259390735,331.3714577922791,2717400
2023-03-02 00:00:00+00:00,331.0964050292969,331.7413294820643,322.93042034961644,326.2499201987769,3259800
2023-03-03 00:00:00+00:00,338.6743469238281,339.31927139033513,331.53268111109423,332.5570001520099,2396200
2023-03-06 00:00:00+00:00,338.6363830566406,340.35303631959755,335.48762244588653,339.5943050999861,1614200
2023-03-07 00:00:00+00:00,328.23211669921875,337.8302372610267,327.80534124806377,337.2137355920134,2048500
2023-03-08 00:00:00+00:00,331.2765808105469,331.65594640111857,327.36906023455396,328.3364468320726,1584600
2023-03-09 00:00:00+00:00,324.44793701171875,336.01877753457165,323.461563161309,331.19127942324235,3177800
2023-03-10 00:00:00+00:00,310.7715759277344,322.3992895286835,309.21613931176864,321.39395764518974,4559700
2023-03-13 00:00:00+00:00,299.23870849609375,309.29202822050536,298.318731622021,303.184174835223,5660700
2023-03-14 00:00:00+00:00,305.5362243652344,309.54808719395584,302.50127064194623,308.0211023137904,3785900
2023-03-15 00:00:00+00:00,296.0899353027344,296.3934394097953,288.7111617443155,294.7431539174919,6596700
2023-03-16 00:00:00+00:00,298.84033203125,301.9037665002509,289.1948304128358,293.0644059503321,4399100
2023-03-17 00:00:00+00:00,287.8859558105469,294.39216054200205,286.30206769588136,294.09815006251864,6369800
2023-03-20 00:00:00+00:00,293.56707763671875,296.0993945117292,290.465726806642,290.95889921561326,3963700
2023-03-21 00:00:00+00:00,300.9173889160156,303.8006196180449,299.08692888431625,301.239851128045,3242400
2023-03-22 00:00:00+00:00,297.49359130859375,305.6026437053442,297.32285217504995,300.91740442694646,2505900
2023-03-23 00:00:00+00:00,298.6127014160156,304.7869509054133,296.5166826587848,298.95412176289955,2585900
2023-03-24 00:00:00+00:00,296.4503173828125,296.62102757448673,289.6121267309694,294.155107567693,2456700
2023-03-27 00:00:00+00:00,302.10296630859375,304.3507375005791,300.8131172820726,302.1883214109008,2300600
2023-03-28 00:00:00+00:00,302.0176086425781,304.0756825161369,299.8172473226377,302.6340814498367,1224300
2023-03-29 00:00:00+00:00,304.1800231933594,306.06738685431856,302.2452207359287,305.86822495162164,1475900
2023-03-30 00:00:00+00:00,304.5783386230469,308.1159583603816,303.38330946580214,307.8219478445104,1456300
2023-03-31 00:00:00+00:00,310.2404479980469,310.4491034360571,305.79234474255344,306.78818313902735,2281100
2023-04-03 00:00:00+00:00,309.68084716796875,312.0140019951671,306.48464792149986,309.32046866960076,1808800
2023-04-04 00:00:00+00:00,306.01043701171875,310.0128062730418,303.6109141642454,309.9653964275095,1536800
2023-04-05 00:00:00+00:00,304.9482421875,305.5837020755519,302.8996329678951,303.1367401144641,1329300
2023-04-06 00:00:00+00:00,305.77337646484375,306.5605884154945,303.47819544922845,303.85756110248167,1311000
2023-04-10 00:00:00+00:00,308.2013244628906,308.2297761608063,304.73956614568726,305.7733497616129,1114400
2023-04-11 00:00:00+00:00,310.4870300292969,312.22267037387104,306.9778619837958,309.23509747644675,1559600
2023-04-12 00:00:00+00:00,313.20904541015625,314.94468592234085,310.3068562670293,314.61273013015455,1862400
2023-04-13 00:00:00+00:00,315.0015563964844,315.76978115149984,310.13611365222624,313.05726064190054,1765500
2023-04-14 00:00:00+00:00,319.5445861816406,322.11481966008154,317.07866595931506,319.17468512360665,2275700
2023-04-17 00:00:00+00:00,322.16217041015625,322.8924788439606,316.47159968435574,318.67196064482937,3012100
2023-04-18 00:00:00+00:00,316.6897888183594,319.1936252045603,309.31101566571124,311.0845724692167,7549500
2023-04-19 00:00:00+00:00,319.51611328125,319.610932982793,314.5653150122572,315.8077541173954,2625400
2023-04-20 00:00:00+00:00,321.2422790527344,321.8113420653455,317.07869208222826,317.6762067982826,2217900
2023-04-21 00:00:00+00:00,324.04010009765625,324.7039827127874,318.67199106070603,321.5172766951766,2278900
2023-04-24 00:00:00+00:00,326.221435546875,327.26471261139966,323.9167614023378,324.3530303770522,1966300
2023-04-25 00:00:00+00:00,321.9725036621094,325.7567239512999,320.8817877793319,323.4141044999582,2138200
2023-04-26 00:00:00+00:00,319.203125,323.0347846206335,317.3821583096203,320.17051174528024,2041900
2023-04-27 00:00:00+00:00,323.9831848144531,325.65239931035916,321.2896513192214,322.59848729405917,1768200
2023-04-28 00:00:00+00:00,325.7283020019531,326.35426831527053,322.1811885035636,322.5131153395151,1712500
2023-05-01 00:00:00+00:00,323.0062561035156,329.540912505607,322.8165588524989,326.3067682988077,1375000
2023-05-02 00:00:00+00:00,316.1776123046875,322.36138480300696,312.9814128109201,321.5267630711792,2397600
2023-05-03 00:00:00+00:00,311.7010192871094,317.56230044336166,311.32165367762127,315.2196809015032,1825400
2023-05-04 00:00:00+00:00,304.6921081542969,310.1171196017306,302.1313399715316,309.140239535988,2965100
2023-05-05 00:00:00+00:00,310.15509033203125,310.9612603787425,305.79234220863765,308.29617850027057,2412900
2023-05-08 00:00:00+00:00,309.6714172363281,313.26594062587,308.87474072213905,312.6400032490906,1607300
2023-05-09 00:00:00+00:00,308.0211181640625,310.3068343567344,306.6269270903163,308.27721238691345,1253300
2023-05-10 00:00:00+00:00,305.9156188964844,312.90556166092006,302.6245706522528,312.90556166092006,1752200
2023-05-11 00:00:00+00:00,304.1800231933594,305.33710724860055,301.7710064336781,303.17469118808765,1515200
2023-05-12 00:00:00+00:00,303.0229187011719,306.5510740297145,300.955351429302,305.43193529838044,1098800
2023-05-15 00:00:00+00:00,305.46038818359375,306.5795269192758,301.65718045927207,303.8954868743784,1178200
2023-05-16 00:00:00+00:00,304.2653503417969,306.4088080530491,303.97133981691167,305.86819685165057,1618900
2023-05-17 00:00:00+00:00,313.1521301269531,313.3513209609518,306.0199578863564,306.0199578863564,2098100
2023-05-18 00:00:00+00:00,312.58306884765625,313.5504844928801,308.865245139273,312.98142157399707,1645400
2023-05-19 00:00:00+00:00,309.3299255371094,314.8308277774595,308.0400767699685,312.98138076815223,1545600
2023-05-22 00:00:00+00:00,308.1634216308594,310.4586025463551,305.80181482566826,309.32997024013247,1498900
2023-05-23 00:00:00+00:00,306.883056640625,310.26895377288884,306.1622416247944,306.9115083415791,1550900
2023-05-24 00:00:00+00:00,303.31695556640625,305.2991679149673,302.35903339530347,303.8670603761712,1439100
2023-05-25 00:00:00+00:00,307.177001953125,308.4099473242487,302.35896936079666,302.47280508417873,1618500
2023-05-26 00:00:00+00:00,314.88775634765625,315.70339096673456,307.2908347813426,307.97370446082857,2718700
2023-05-30 00:00:00+00:00,313.7685852050781,315.3809252186248,310.8284800355081,314.95412081982107,1998600
2023-05-31 00:00:00+00:00,309.5350646972656,312.736498397568,307.5473253013166,311.6088382675188,2938000
2023-06-01 00:00:00+00:00,302.36767578125,310.2804571803125,300.09322395240616,310.1180130006097,3339700
2023-06-02 00:00:00+00:00,309.2961730957031,310.84432171189025,302.98887611216423,304.12610215277164,3987700
2023-06-05 00:00:00+00:00,307.5377502441406,309.14323538088604,306.1138409559216,308.6080736686376,1462900
2023-06-06 00:00:00+00:00,312.3064270019531,313.52012123953875,307.1459225263172,308.13024091858824,1495600
2023-06-07 00:00:00+00:00,320.8595275878906,322.8568328377373,311.8477539613577,313.1092191183536,3382700
2023-06-08 00:00:00+00:00,320.5919189453125,321.4137639780101,316.64507962788787,320.4867822759415,2009500
2023-06-09 00:00:00+00:00,321.1175231933594,321.28956236917924,317.7918796440978,320.3434489766088,1702100
2023-06-12 00:00:00+00:00,324.4336242675781,325.00702012709036,321.4328982932597,323.43020338652536,2290800
2023-06-13 00:00:00+00:00,327.3101806640625,329.9668869493108,324.39545933401934,325.11219695591143,1772400
2023-06-14 00:00:00+00:00,323.4111022949219,332.30820191468416,322.2738764039034,329.4890226055291,1819400
2023-06-15 00:00:00+00:00,324.67254638671875,328.74362502919354,320.8117410909418,322.35988954255174,3322700
2023-06-16 00:00:00+00:00,323.3059997558594,326.25895521822537,322.15920791076684,326.23985271432076,4542800
2023-06-20 00:00:00+00:00,316.0526123046875,320.5059454122192,314.62870294285716,320.44860873752316,3208100
2023-06-21 00:00:00+00:00,310.6531982421875,315.3645464365304,310.50985655390554,313.8833003840706,2158700
2023-06-22 00:00:00+00:00,305.4066467285156,309.8791113700784,304.86194833517686,309.334383812613,2409100
2023-06-23 00:00:00+00:00,300.752685546875,303.6196363305759,300.1410845450339,302.5206443629835,2609200
2023-06-26 00:00:00+00:00,298.5068664550781,302.5970770891583,298.32531975781933,301.15403603207164,2481000
2023-06-27 00:00:00+00:00,299.5484924316406,301.6795731831222,296.7866500410491,298.5546083046188,2156800
2023-06-28 00:00:00+00:00,299.74920654296875,300.93420330549935,296.9109246487415,297.89524306113003,2423500
2023-06-29 00:00:00+00:00,308.7610168457031,311.0641373067172,302.2243730360962,303.75341917519165,3553600
2023-06-30 00:00:00+00:00,308.23541259765625,311.57062234328555,308.1494075824424,311.3699439744531,2361200
2023-07-03 00:00:00+00:00,312.1249084472656,314.79118076197597,308.1111949691254,308.1111949691254,1106800
2023-07-05 00:00:00+00:00,305.85577392578125,310.2135356366974,305.4544172536337,309.58283229475126,2561000
2023-07-06 00:00:00+00:00,299.1184997558594,304.50838065120024,298.96559223072967,303.8967505506814,2896900
2023-07-07 00:00:00+00:00,301.1922607421875,303.29467350484623,298.83180378243895,299.3096288417878,2901200
2023-07-10 00:00:00+00:00,302.4345703125,305.8844529693804,301.98541362566897,302.6257119867738,1775800
2023-07-11 00:00:00+00:00,306.64898681640625,306.80189432116237,300.6283741186486,304.68988675308555,2042600
2023-07-12 00:00:00+00:00,311.9241638183594,318.5659431895108,309.8695220876118,310.1848737651547,2741300
2023-07-13 00:00:00+00:00,314.10308837890625,314.67648430917313,311.2457037258453,312.83208649512807,2787800
2023-07-14 00:00:00+00:00,311.7235107421875,317.73455808130274,310.60538728475757,317.2662696972564,1814800
2023-07-17 00:00:00+00:00,312.6886901855469,312.96580768606617,309.9746185339651,311.43679102460254,1777400
2023-07-18 00:00:00+00:00,322.31207275390625,323.2486202755187,312.784240858156,312.784240858156,3899100
2023-07-19 00:00:00+00:00,325.4466247558594,330.540256040425,316.606861470295,323.0097287049488,6037400
2023-07-20 00:00:00+00:00,335.29937744140625,336.08301751661304,324.11828885811104,324.11828885811104,3915000
2023-07-21 00:00:00+00:00,336.3506164550781,339.3322402375551,331.4003557094496,336.1786064285801,3216300
2023-07-24 00:00:00+00:00,343.0115051269531,345.5822063919639,336.3888565137299,337.1820333147702,3517500
2023-07-25 00:00:00+00:00,338.9690856933594,344.81765935540375,338.2810164881703,341.56845500583745,2893000
2023-07-26 00:00:00+00:00,341.7022399902344,344.2825068697596,338.5677088969811,338.76838724766054,2281600
2023-07-27 00:00:00+00:00,338.7875061035156,344.550074696701,338.46258858856464,342.246954593192,2010800
2023-07-28 00:00:00+00:00,337.5643310546875,340.6892967133927,336.01615323094006,340.3165791361582,1827400
2023-07-31 00:00:00+00:00,340.0871887207031,341.3582196568361,338.3192302429068,339.1411044756443,1385500
2023-08-01 00:00:00+00:00,341.8551940917969,341.9985357903887,337.7172415170861,338.3001741460696,2024300
2023-08-02 00:00:00+00:00,335.52874755859375,339.2462111893555,333.39763738976063,339.2462111893555,2106600
2023-08-03 00:00:00+00:00,337.49737548828125,339.4564464270502,333.1587160910764,334.4679519945989,1840400
2023-08-04 00:00:00+00:00,337.5547180175781,342.82035922215846,336.8762146355909,337.66939135942096,1724700
2023-08-07 00:00:00+00:00,339.7909851074219,341.8074222085877,338.2237339340291,339.63807757467845,1260300
2023-08-08 00:00:00+00:00,332.814697265625,336.3888191364295,326.86098692784685,336.1021357857701,1917300
2023-08-09 00:00:00+00:00,327.4917297363281,333.0058202238967,327.3005880538093,331.4385692509212,1326000
2023-08-10 00:00:00+00:00,325.30328369140625,331.85905845174665,324.72988780654066,328.8105323419353,1345900
2023-08-11 00:00:00+00:00,325.6186828613281,326.6316696770958,322.57969324989733,324.8541452504757,1256800
2023-08-14 00:00:00+00:00,322.7612609863281,323.4397935671561,320.0089839847854,322.4459092801263,1347000
2023-08-15 00:00:00+00:00,317.4765319824219,319.2158222757233,315.82327586808753,318.51818715874987,1657800
2023-08-16 00:00:00+00:00,314.51397705078125,318.1550306080955,314.3802012078102,315.88057880046034,3340300
2023-08-17 00:00:00+00:00,312.99456787109375,319.1776263228785,309.6306893989336,315.3645910544694,3135200
2023-08-18 00:00:00+00:00,310.51934814453125,313.09004898299196,308.866092306142,309.93641564210174,1730100
2023-08-21 00:00:00+00:00,307.7767028808594,311.9146846029993,305.2251331638329,310.9590343974041,1983500
2023-08-22 00:00:00+00:00,304.6517028808594,308.33096159066446,304.1929803347738,308.1780540753026,1810300
2023-08-23 00:00:00+00:00,308.0346984863281,308.1494010016257,303.89674618961044,306.4005449039059,1429000
2023-08-24 00:00:00+00:00,305.769775390625,312.9658189489664,305.33975037565904,307.86265128916597,1185600
2023-08-25 00:00:00+00:00,305.9513854980469,308.4074133492893,304.0783193956643,306.5725522542111,1159600
2023-08-28 00:00:00+00:00,311.51324462890625,312.11530882021844,307.0885802785323,307.0885802785323,1440100
2023-08-29 00:00:00+00:00,317.8013916015625,317.94476243095176,310.28043086799374,311.12140752305254,1831700
2023-08-30 00:00:00+00:00,316.6258239746094,319.8346907589819,315.72966562871807,317.99417548713376,1131500
2023-08-31 00:00:00+00:00,315.7874450683594,318.46630361615456,314.1011125082324,317.42560846111945,1271100
2023-09-01 00:00:00+00:00,315.4887390136719,319.55521087859415,314.3420304716395,317.67617216211875,1201400
2023-09-05 00:00:00+00:00,311.9715576171875,316.5294847058398,310.89230936627587,315.43094526003455,1846000
2023-09-06 00:00:00+00:00,309.44683837890625,312.347339706405,307.6930455107765,310.58390124216635,2120800
2023-09-07 00:00:00+00:00,310.2467041015625,312.42449202438377,308.4832946169566,308.95545842392454,1471100
2023-09-08 00:00:00+00:00,313.6771240234375,314.1107641673338,309.9575702488155,310.2081205014939,2026400
2023-09-11 00:00:00+00:00,312.83880615234375,318.1387090206201,312.4919175346558,316.31748496314043,1283100
2023-09-12 00:00:00+00:00,318.8614196777344,323.082074258846,312.2124565765474,312.2221021738176,2054700
2023-09-13 00:00:00+00:00,322.79302978515625,324.749174733925,318.7843721280746,321.366863402913,2165000
2023-09-14 00:00:00+00:00,332.03411865234375,332.56409720017507,324.59498075053773,326.66675517475625,2822700
2023-09-15 00:00:00+00:00,330.07794189453125,333.59514409931006,329.42265886041764,332.5929724653489,3058800
2023-09-18 00:00:00+00:00,330.8295593261719,331.73536320250196,326.92688618054353,330.0779379614838,1356600
2023-09-19 00:00:00+00:00,329.4516296386719,332.4195624592357,325.67423118700736,330.9644887316013,1660200
2023-09-20 00:00:00+00:00,324.4504089355469,331.2920777765726,324.0553217629493,330.1453692385546,1224400
2023-09-21 00:00:00+00:00,318.22540283203125,322.5135174428176,318.0712203243549,322.3304275529086,1685100
2023-09-22 00:00:00+00:00,315.9609375,319.47813973819257,314.9394746625827,318.09052651100467,1669100
2023-09-25 00:00:00+00:00,316.8763732910156,317.3100134737452,313.44589303358083,315.170778759744,833300
2023-09-26 00:00:00+00:00,312.0390319824219,315.5176815689017,310.689971608265,313.7638883788425,1481800
2023-09-27 00:00:00+00:00,310.2370300292969,313.176055091075,307.37508151878774,313.1567933050845,1493000
2023-09-28 00:00:00+00:00,313.36883544921875,314.9491549386148,308.56035779482227,308.56035779482227,1389600
2023-09-29 00:00:00+00:00,311.7981262207031,316.0283972444604,310.54540420041104,315.29606699090203,1403900
2023-10-02 00:00:00+00:00,306.9125671386719,311.8077373739122,305.56350679095294,310.3141400973858,1303800
2023-10-03 00:00:00+00:00,294.98291015625,304.19510127705894,293.31586886092396,303.80001413687575,3118600
2023-10-04 00:00:00+00:00,297.3727722167969,297.81602863768865,292.43904858873,293.75920166022684,1872000
2023-10-05 00:00:00+00:00,299.2035827636719,299.2517519319511,293.1424133844296,296.17780616868663,1584600
2023-10-06 00:00:00+00:00,301.111572265625,303.848245756616,295.9947594859917,296.90053398009786,1595100
2023-10-09 00:00:00+00:00,301.2368469238281,302.0752199484932,297.1511127853151,297.66182955262923,1094400
2023-10-10 00:00:00+00:00,303.3182373046875,305.3225806006668,300.9284818305764,303.02916346743467,1193800
2023-10-11 00:00:00+00:00,301.63189697265625,305.110575564849,300.2635749680175,303.9542214306044,1672500
2023-10-12 00:00:00+00:00,298.5772399902344,302.8171561035401,296.8138014197734,302.7207883585613,1727700
2023-10-13 00:00:00+00:00,298.0472412109375,304.6769423288457,296.95837682203035,300.64902336839486,1785200
2023-10-16 00:00:00+00:00,302.9521179199219,304.40716225942634,298.96272211367733,301.7861180399455,2273900
2023-10-17 00:00:00+00:00,298.1050720214844,304.6769587257808,294.7806050939389,301.97883808249964,4123000
2023-10-18 00:00:00+00:00,290.9742736816406,296.0429170927621,290.5117555592798,295.8309198175777,3460300
2023-10-19 00:00:00+00:00,288.3050537109375,294.23130226931005,287.76542964298426,290.9742666687527,3211800
2023-10-20 00:00:00+00:00,289.1337890625,292.21738077090424,287.2547501776089,287.640191789332,2328700
2023-10-23 00:00:00+00:00,288.333984375,292.50644034578494,287.3414583048026,287.4378260548555,2959800
2023-10-24 00:00:00+00:00,288.29541015625,292.07280806598055,288.199042413296,289.0855844782441,1697100
2023-10-25 00:00:00+00:00,285.9635009765625,289.0856162214147,284.2964300030542,287.73655589384333,1809300
2023-10-26 00:00:00+00:00,286.18511962890625,289.22054217988523,284.0555304516708,286.15621224305454,2011200
2023-10-27 00:00:00+00:00,279.3627014160156,287.4185396489481,278.8326934855486,286.72473300723976,2601700
2023-10-30 00:00:00+00:00,289.8853759765625,290.8297328090375,282.6197127685282,282.7738952763184,3065200
2023-10-31 00:00:00+00:00,292.5642395019531,293.2195225229595,289.7601351540178,290.70446259514137,2611000
2023-11-01 00:00:00+00:00,295.9851379394531,297.0354788450971,291.8222978935046,292.29446166932615,2345400
2023-11-02 00:00:00+00:00,302.3450012207031,303.096622601818,296.7945483095114,298.42306620314497,2597000
2023-11-03 00:00:00+00:00,315.70074462890625,317.3485243240501,306.36327734424424,306.8739940641336,3740800
2023-11-06 00:00:00+00:00,312.125732421875,316.93418025946335,310.3815849510633,314.77568381101315,2087600
2023-11-07 00:00:00+00:00,312.16424560546875,314.5154772544749,309.6010166960669,310.4104527610404,1505000
2023-11-08 00:00:00+00:00,312.7521057128906,314.77571101183344,311.89450029918873,312.16431237856034,1484400
2023-11-09 00:00:00+00:00,309.1095886230469,314.76602537969615,308.0303404428265,314.1396791401726,1787900
2023-11-10 00:00:00+00:00,313.66754150390625,314.1975200412848,309.9479579227095,311.55721413738974,1781400
2023-11-13 00:00:00+00:00,315.0166015625,316.76074910573016,311.7595655601733,312.3666500633337,1403300
2023-11-14 00:00:00+00:00,326.39697265625,329.34564393595315,320.37435494324296,321.3957885547839,3592700
2023-11-15 00:00:00+00:00,325.31768798828125,328.67106233623963,323.1399002557815,327.5339992965827,2534500
2023-11-16 00:00:00+00:00,324.4215393066406,327.3894721339361,322.8219286438639,325.4718802211069,1620400
2023-11-17 00:00:00+00:00,326.8498229980469,328.0639919473262,325.818743950875,327.1485424367889,1465200
2023-11-20 00:00:00+00:00,327.10040283203125,328.90236522451715,325.2213344699471,327.63038139194674,3146000
2023-11-21 00:00:00+00:00,322.7833557128906,326.7534600344722,322.37862292143313,326.0500077998973,1900900
2023-11-22 00:00:00+00:00,326.31982421875,326.5799906600191,323.1687725046247,324.68166079868257,1235200
2023-11-24 00:00:00+00:00,326.8112487792969,327.89049692749666,325.3562046614555,326.4739763811578,460100
2023-11-27 00:00:00+00:00,325.42364501953125,327.64960174134706,323.52531510879356,326.8498112036132,1250500
2023-11-28 00:00:00+00:00,325.3658142089844,326.0885281585411,322.6869556789196,325.1056477737741,1419000
2023-11-29 00:00:00+00:00,330.5732421875,333.75013879345613,326.9299998944753,327.4060407331537,2038100
2023-11-30 00:00:00+00:00,331.81683349609375,334.9451657036709,330.4081011454751,331.95283247097035,1903600
2023-12-01 00:00:00+00:00,338.5106506347656,338.9575763889875,330.7287049245111,331.73907614995716,3622800
2023-12-04 00:00:00+00:00,339.4433288574219,340.5119895486217,335.46004467137135,336.4412711050429,2178100
2023-12-05 00:00:00+00:00,332.0208435058594,336.9562097874163,330.8452988575787,336.7327765490132,2429700
2023-12-06 00:00:00+00:00,332.23455810546875,337.1213593329022,331.8750962701581,333.7307246012853,1869300
2023-12-07 00:00:00+00:00,334.8091125488281,334.8771268556754,332.26370528141314,333.9250155061611,2162400
2023-12-08 00:00:00+00:00,340.8423156738281,342.2607727303555,333.9930318132744,334.5079422204629,2238800
2023-12-11 00:00:00+00:00,341.7458801269531,342.97971427858977,339.11300879849864,341.4349829765492,1636000
2023-12-12 00:00:00+00:00,342.5716552734375,343.92209808206866,339.62791646733046,341.4058354420907,1597600
2023-12-13 00:00:00+00:00,352.4035339355469,352.52011293940956,341.5903865955799,342.89223488668017,2876500
2023-12-14 00:00:00+00:00,372.5531311035156,375.2054223848828,354.6089457321589,356.0662427694143,5376300
2023-12-15 00:00:00+00:00,369.6773986816406,374.9139371728586,368.5212740182321,369.36650153796467,4521600
2023-12-18 00:00:00+00:00,365.68438720703125,371.8633418920659,365.2083463422587,370.4060448949745,2740900
2023-12-19 00:00:00+00:00,371.56219482421875,372.84459373581024,363.8870730651299,365.30553025257035,2091800
2023-12-20 00:00:00+00:00,366.77252197265625,374.16589131415503,366.5102191692787,369.89115910118227,1836500
2023-12-21 00:00:00+00:00,369.7357482910156,370.62954066339194,366.2770985395667,369.23053293822284,1301600
2023-12-22 00:00:00+00:00,369.81341552734375,372.57256110107545,368.608726098347,371.1249888259884,1538200
2023-12-26 00:00:00+00:00,370.74609375,371.7176251773248,369.2305070952762,369.81343188142836,837300
2023-12-27 00:00:00+00:00,373.5343933105469,374.76822748183713,369.4830944359196,370.347771590107,1367200
2023-12-28 00:00:00+00:00,375.409423828125,376.720997050045,372.7085679235472,373.57321538768025,1024700
2023-12-29 00:00:00+00:00,374.78765869140625,375.632915917063,372.6503073939084,374.59337020006217,881300
