Price,Close,High,Low,Open,Volume
Ticker,INTC,INTC,INTC,INTC,INTC
Date,,,,,
2015-01-02 00:00:00+00:00,27.896465301513672,28.510248320855627,27.70465792504754,28.13430457521276,23605600
2015-01-05 00:00:00+00:00,27.581890106201172,27.96550470315321,27.574216175283752,27.773697404677193,32785000
2015-01-06 00:00:00+00:00,27.067842483520508,27.79671073466,27.052497549873202,27.681628122425447,30847600
2015-01-07 00:00:00+00:00,27.635602951049805,27.67396383516142,27.06018090913198,27.344054963655374,27725200
2015-01-08 00:00:00+00:00,28.14964485168457,28.38748701271763,27.81973598469424,27.904131684633324,31765400
2015-01-09 00:00:00+00:00,28.203346252441406,28.471878248943398,27.927146177871215,28.21102018400431,22850500
2015-01-12 00:00:00+00:00,28.080589294433594,28.387482164205004,27.79671529228079,28.31076041013581,29400800
2015-01-13 00:00:00+00:00,28.003864288330078,28.763422443097287,27.84274686744663,28.287738257517148,31478000
2015-01-14 00:00:00+00:00,27.88878631591797,28.318435815008115,27.55120644811356,27.873444304118113,34250300
2015-01-15 00:00:00+00:00,27.76603126525879,28.29542143072432,27.64327467685697,28.02688938145614,47181800
2015-01-16 00:00:00+00:00,27.965513229370117,28.12663070679269,27.244315694101072,27.712326113350642,62812200
2015-01-20 00:00:00+00:00,27.689306259155273,27.97318028789459,27.290346661786394,27.696977264581705,35929400
2015-01-21 00:00:00+00:00,27.988525390625,28.14197184078721,27.443793272959375,27.505170096975696,27442600
2015-01-22 00:00:00+00:00,28.318435668945312,28.38748642867958,27.727668708273875,28.049906562616364,31809900
2015-01-23 00:00:00+00:00,27.965513229370117,28.41050477559646,27.91180740356259,28.35679894978894,27427100
2015-01-26 00:00:00+00:00,27.4744815826416,27.850422291030142,27.29034526759088,27.76602660191304,30906800
2015-01-27 00:00:00+00:00,26.231565475463867,26.63819894445916,25.74053925235355,26.392685832904,58456200
2015-01-28 00:00:00+00:00,25.917003631591797,26.622856077203775,25.870971748816423,26.446393697487625,34929100
2015-01-29 00:00:00+00:00,26.246910095214844,26.300615904800136,25.6714881981606,25.963036112157276,29569400
2015-01-30 00:00:00+00:00,25.349252700805664,26.078121004026354,25.31856283131811,25.855623840362146,38719700
2015-02-02 00:00:00+00:00,25.817270278930664,25.893992047631905,25.050040884926755,25.364604819398444,38733800
2015-02-03 00:00:00+00:00,25.855632781982422,26.124161915996005,25.019352573092625,25.91700961543636,36038300
2015-02-04 00:00:00+00:00,25.963809967041016,26.1492670579478,25.731990814212885,26.0179010044429,25052800
2015-02-05 00:00:00+00:00,26.226539611816406,26.265178594453428,25.84790234299389,26.025630461710247,20491400
2015-02-06 00:00:00+00:00,25.73198890686035,26.272902188525094,25.60835183800043,26.211082180225013,29342400
2015-02-09 00:00:00+00:00,25.446086883544922,25.68563507078079,25.245174739994535,25.500177934252832,28705500
2015-02-10 00:00:00+00:00,26.041086196899414,26.06426722894054,25.538808885910644,25.654719941597467,20200000
2015-02-11 00:00:00+00:00,25.925174713134766,26.08744783022438,25.7474465923594,26.01790178750875,18364200
2015-02-12 00:00:00+00:00,26.37335777282715,26.37335777282715,26.087444660985707,26.257446733135733,20056700
2015-02-13 00:00:00+00:00,26.551090240478516,26.55881626878369,26.23427002063423,26.466089190418227,18037900
2015-02-17 00:00:00+00:00,26.844728469848633,26.852454497878146,26.473814274139624,26.58199930073675,19374100
2015-02-18 00:00:00+00:00,26.48154067993164,26.821541887304498,26.419720670732783,26.77517982814564,19992900
2015-02-19 00:00:00+00:00,26.435176849365234,26.59744995912276,26.311539773206107,26.46608685534012,11017500
2015-02-20 00:00:00+00:00,26.589725494384766,26.713362577811004,26.203359240210187,26.388816339219844,20955600
2015-02-23 00:00:00+00:00,26.08744239807129,26.659265624412075,25.94835328934292,26.5819935698141,25565500
2015-02-24 00:00:00+00:00,26.589725494384766,26.65154550996818,25.89426505777429,25.971540077253557,29607500
2015-02-25 00:00:00+00:00,26.23426628112793,26.38881335486791,26.06426420523993,26.29608334197977,24686300
2015-02-26 00:00:00+00:00,26.00245475769043,26.180182912819642,25.83245263202722,25.979270773810192,25928400
2015-02-27 00:00:00+00:00,25.69335174560547,25.99471690346438,25.662441742814785,25.986990876636764,24427300
2015-03-02 00:00:00+00:00,26.319271087646484,26.373362129039567,25.59290062138393,25.7242666845819,25406400
2015-03-03 00:00:00+00:00,26.35017967224121,26.56654679806494,26.203361543933656,26.234271554442884,27332000
2015-03-04 00:00:00+00:00,26.36562728881836,26.589720380599346,26.05653611356805,26.16471817229266,23005800
2015-03-05 00:00:00+00:00,26.06426429748535,26.659268617458917,25.95608222980657,26.47381153876653,21225800
2015-03-06 00:00:00+00:00,25.646987915039062,26.025628097201462,25.561989825085284,25.917446030223704,32373100
2015-03-09 00:00:00+00:00,25.28380584716797,25.708808090662096,25.09834876847112,25.654717056821404,33058800
2015-03-10 00:00:00+00:00,24.495615005493164,25.044254242367497,24.34106795275311,24.912891163569356,50278900
2015-03-11 00:00:00+00:00,24.982440948486328,25.469260258409935,24.68880179887664,24.704255327379663,49683600
2015-03-12 00:00:00+00:00,23.800153732299805,24.418340443163224,23.630153160594045,23.962428278179278,107402400
2015-03-13 00:00:00+00:00,23.90061378479004,23.93924981591605,23.460156544925024,23.668793176423637,47954700
2015-03-16 00:00:00+00:00,23.823339462280273,24.039705061506186,23.684247396625764,23.900612995851677,33074600
2015-03-17 00:00:00+00:00,23.637887954711914,23.746070036102257,23.49879586499844,23.63016045263113,29215600
2015-03-18 00:00:00+00:00,23.869701385498047,24.109249470825315,23.413789189384808,23.498790217976417,39834100
2015-03-19 00:00:00+00:00,23.75379753112793,24.031981710472262,23.715161494605802,23.784707539441886,27414200
2015-03-20 00:00:00+00:00,24.19425392150879,24.433802055311148,23.900616222934314,23.946979759789176,64777100
2015-03-23 00:00:00+00:00,24.109254837036133,24.565167134625817,24.109254837036133,24.178800880659665,29694000
2015-03-24 00:00:00+00:00,23.792434692382812,24.20198197944068,23.753797182557346,24.078344895739782,28471400
2015-03-25 00:00:00+00:00,23.096975326538086,23.86970787247909,23.07379429343689,23.807889327758627,37691000
2015-03-26 00:00:00+00:00,23.243791580200195,23.491065723520915,22.648787251665862,22.795606826963848,45450100
2015-03-27 00:00:00+00:00,24.727441787719727,25.500174343585968,23.066067087381384,23.189704178410352,73857200
2015-03-30 00:00:00+00:00,24.31015968322754,24.804707929009297,24.1865226217821,24.464706746969355,51391500
2015-03-31 00:00:00+00:00,24.163347244262695,24.673350610451315,24.109256201465474,24.28698433461931,32098500
2015-04-01 00:00:00+00:00,23.807884216308594,24.201977906992735,23.684247153412006,24.05515834210177,31532100
2015-04-02 00:00:00+00:00,23.807884216308594,24.13243187487965,23.699702154741594,23.8001567156438,20909600
2015-04-06 00:00:00+00:00,23.985614776611328,24.147887875678233,23.529702535608916,23.807885201705055,21490900
2015-04-07 00:00:00+00:00,24.155614852905273,24.41061648438852,23.95470425327149,24.008795285120954,23258300
2015-04-08 00:00:00+00:00,24.19425392150879,24.387437044586022,24.00107079843156,24.13243538107889,18250300
2015-04-09 00:00:00+00:00,24.140159606933594,24.433798739530125,23.622428848390296,23.707429882647723,34167600
2015-04-10 00:00:00+00:00,24.673351287841797,24.681078790435038,24.20971144934039,24.20971144934039,28084900
2015-04-13 00:00:00+00:00,24.5188045501709,24.766078741368585,24.503349544753434,24.58062309797032,23489000
2015-04-14 00:00:00+00:00,24.333341598510742,24.681071746614435,24.163341011587825,24.480161158140078,39754000
2015-04-15 00:00:00+00:00,25.368812561035156,25.49244965858026,24.781534136890222,24.928352269055992,61083500
2015-04-16 00:00:00+00:00,25.399715423583984,25.492445442211256,25.268352318806002,25.38426042047944,28903200
2015-04-17 00:00:00+00:00,25.09062385559082,25.26835196720944,24.897440741082708,25.12153091362942,30593600
2015-04-20 00:00:00+00:00,25.291528701782227,25.337893702575393,25.136981646878237,25.19880164793579,20649300
2015-04-21 00:00:00+00:00,25.059715270996094,25.47699152945585,24.943804216621533,25.44608152192389,19023800
2015-04-22 00:00:00+00:00,25.26835060119629,25.283805603250283,24.750618349478266,25.044257493023707,21144200
2015-04-23 00:00:00+00:00,24.99788475036621,25.04424974217888,24.73515569223973,24.758339662015725,23775300
2015-04-24 00:00:00+00:00,24.789257049560547,25.098348243941928,24.74289204392025,25.04425721123168,22759900
2015-04-27 00:00:00+00:00,25.113807678222656,25.260625800385608,24.78926142468117,24.78926142468117,25869600
2015-04-28 00:00:00+00:00,25.515625,25.53108000221234,24.905165677443783,24.95925671131684,29572800
2015-04-29 00:00:00+00:00,25.4151668548584,25.500167886117193,25.152437734485773,25.16016670882204,21819000
2015-04-30 00:00:00+00:00,25.152441024780273,25.384260173613097,24.959257909462853,25.276078100673807,22013300
2015-05-01 00:00:00+00:00,25.824722290039062,25.878816284406792,25.206536794489594,25.214265771288254,27091200
2015-05-04 00:00:00+00:00,25.832448959350586,25.886540001145665,25.670175833965352,25.708811871284595,21397300
2015-05-05 00:00:00+00:00,25.404375076293945,25.762401715240554,25.349892890761044,25.684570869923963,29779200
2015-05-06 00:00:00+00:00,25.07747459411621,25.52111681398129,24.851761052344695,25.29540327220978,31985400
2015-05-07 00:00:00+00:00,25.093048095703125,25.396592541492634,25.046347808252293,25.11639675490036,21475300
2015-05-08 00:00:00+00:00,25.528898239135742,25.59116527119201,25.170871711978712,25.303184701515026,26926500
2015-05-11 00:00:00+00:00,25.443283081054688,25.458849839390858,25.24092116079558,25.435501186414385,18358600
2015-05-12 00:00:00+00:00,25.1008243560791,25.295404389847157,24.906244322311046,25.248704112882773,24530200
2015-05-13 00:00:00+00:00,25.404375076293945,25.606740024607372,25.11639738575484,25.11639738575484,20470800
2015-05-14 00:00:00+00:00,25.66121482849121,25.785745926609273,25.505550213579742,25.575599141837124,21098900
2015-05-15 00:00:00+00:00,25.67678451538086,25.777964002915812,25.489986362371244,25.75461534718558,17149700
2015-05-18 00:00:00+00:00,26.00368309020996,26.00368309020996,25.567822620061833,25.669005098125183,23689500
2015-05-19 00:00:00+00:00,25.801313400268555,25.980326673209888,25.67678229869825,25.96475991438164,21867100
2015-05-20 00:00:00+00:00,25.972549438476562,26.073731916053795,25.692353635374403,25.73127202840478,21359800
2015-05-21 00:00:00+00:00,26.112640380859375,26.12042524501335,25.73904706597343,25.848011411683196,21269800
2015-05-22 00:00:00+00:00,26.03481101989746,26.081508331228292,25.93362856358748,26.050377780026373,20845000
2015-05-26 00:00:00+00:00,25.76239585876465,25.910278587927507,25.560033925509888,25.89471182859164,28594500
2015-05-27 00:00:00+00:00,26.237178802490234,26.34614317858651,25.785754534511874,25.84023672256001,30172700
2015-05-28 00:00:00+00:00,26.47066879272461,26.57963611513135,26.213824669691448,26.260524950722907,27065700
2015-05-29 00:00:00+00:00,26.820911407470703,27.046624961448977,26.62633137177683,26.649682995017983,43545500
2015-06-01 00:00:00+00:00,26.392839431762695,26.92209743674094,26.213826131410656,26.75086603246677,46734500
2015-06-02 00:00:00+00:00,25.894718170166016,26.268311578551977,25.793535694231334,26.18269586576544,36351100
2015-06-03 00:00:00+00:00,25.474416732788086,25.871361649826095,25.365452392912733,25.816876510832838,38138700
2015-06-04 00:00:00+00:00,25.147531509399414,25.46664273327476,25.06191579608175,25.30319320373353,33761800
2015-06-05 00:00:00+00:00,24.78171730041504,25.139743908933273,24.77393391963924,25.124177147381676,27778500
2015-06-08 00:00:00+00:00,24.361425399780273,24.86733479493748,24.291376452282453,24.758368940758537,38171600
2015-06-09 00:00:00+00:00,24.3225040435791,24.64161517786863,24.24467173373408,24.38476959454955,33976700
2015-06-10 00:00:00+00:00,24.766149520874023,25.030778518261517,24.415906307528008,24.485953762574788,33336800
2015-06-11 00:00:00+00:00,24.789501190185547,24.98407977546339,24.781717809249933,24.867333515013556,24293600
2015-06-12 00:00:00+00:00,24.376989364624023,24.984078193889935,24.283591768365277,24.688317159699878,31629800
2015-06-15 00:00:00+00:00,24.431467056274414,24.52486611990813,24.08122390783543,24.221321761022125,23175000
2015-06-16 00:00:00+00:00,24.626049041748047,24.71944811282955,24.229105587575418,24.33028803829104,20254500
2015-06-17 00:00:00+00:00,24.867328643798828,24.976292986496347,24.664965232697842,24.71166402463566,28194200
2015-06-18 00:00:00+00:00,25.202011108398438,25.29540870921982,24.906248575231825,24.96851562181688,27722400
2015-06-19 00:00:00+00:00,24.960731506347656,25.349891652026983,24.875115799249198,25.21757862764303,39008400
2015-06-22 00:00:00+00:00,25.108610153198242,25.20979261781809,24.968515238644194,25.108610153198242,23608400
2015-06-23 00:00:00+00:00,24.976295471191406,25.17087552223869,24.851764357283386,25.14752686621092,17995900
2015-06-24 00:00:00+00:00,24.836200714111328,25.022998892946433,24.8128505706249,25.022998892946433,23313900
2015-06-25 00:00:00+00:00,24.898466110229492,25.1553117487278,24.898466110229492,24.921816253557758,22743300
2015-06-26 00:00:00+00:00,24.14348793029785,24.540431327743097,23.941124542314334,24.524864570699517,62157200
2015-06-29 00:00:00+00:00,23.653154373168945,24.11236348701013,23.590888806098693,23.89443474452836,35194500
2015-06-30 00:00:00+00:00,23.67650032043457,23.886647128742464,23.466353512126677,23.839946848322075,34412200
2015-07-01 00:00:00+00:00,23.489707946777344,23.777685639378696,23.357393430452113,23.730986834948684,27178900
2015-07-02 00:00:00+00:00,23.785465240478516,24.065660991581552,23.42743865587174,23.489704213391526,27105200
2015-07-06 00:00:00+00:00,23.380741119384766,23.699852304443844,23.225076474928986,23.53640427931247,32468100
2015-07-07 00:00:00+00:00,23.271774291992188,23.295124433033205,22.641335329164807,23.24842563547918,43833700
2015-07-08 00:00:00+00:00,22.960447311401367,23.092761812915988,22.688034927750316,22.882614989711342,45223800
2015-07-09 00:00:00+00:00,22.516799926757812,23.263986483512678,22.431184243765088,23.131672011854704,47167800
2015-07-10 00:00:00+00:00,22.703601837158203,22.843699720208917,22.524588535272546,22.72695197917601,31423800
2015-07-13 00:00:00+00:00,23.13945960998535,23.20950854801986,22.71916746630631,22.781433024056096,26452400
2015-07-14 00:00:00+00:00,23.077192306518555,23.435220349892113,22.91374578648759,23.08497568621449,39778300
2015-07-15 00:00:00+00:00,23.108327865600586,23.341823338983044,22.937096466227306,23.077194344067983,47852500
2015-07-16 00:00:00+00:00,23.271774291992188,23.723199960422463,22.64911870951181,23.715416580075455,81166700
2015-07-17 00:00:00+00:00,22.937095642089844,23.1939412473932,22.64911800090048,23.08497689500025,43697600
2015-07-20 00:00:00+00:00,22.649118423461914,23.053845289226615,22.6257682827158,23.053845289226615,33812900
2015-07-21 00:00:00+00:00,22.353355407714844,22.773649024492936,22.314439991877446,22.540152075884677,45191000
2015-07-22 00:00:00+00:00,22.26774024963379,22.454536909865148,22.127642383328293,22.236606730664615,36387200
2015-07-23 00:00:00+00:00,22.25995445251465,22.547932049066368,22.127639980320478,22.30665324136914,33775200
2015-07-24 00:00:00+00:00,21.839662551879883,22.291088170373953,21.839662551879883,22.205473965083456,31621000
2015-07-27 00:00:00+00:00,22.06537628173828,22.119858454052917,21.49720293541728,21.84744610795188,42161100
2015-07-28 00:00:00+00:00,22.5401554107666,22.711386828652437,22.135429978782295,22.189912162826634,33182400
2015-07-29 00:00:00+00:00,22.579069137573242,22.67246673006149,22.407839228326146,22.53237034132912,26470200
2015-07-30 00:00:00+00:00,22.501232147216797,22.92152567970113,22.4545333606722,22.649113369890284,26582400
2015-07-31 00:00:00+00:00,22.532363891601562,22.664678346859155,22.392266058443226,22.664678346859155,27158800
2015-08-03 00:00:00+00:00,22.61019515991211,22.843692048085344,22.49344745808928,22.57127975414702,26213600
2015-08-04 00:00:00+00:00,22.672468185424805,22.688034946681412,22.462322846572874,22.555720445056384,25741700
2015-08-05 00:00:00+00:00,22.852964401245117,23.064855441190055,22.774485517592076,22.907899170744184,23622700
2015-08-06 00:00:00+00:00,22.766639709472656,22.93929207293202,22.641074082073057,22.88435729805224,27958200
2015-08-07 00:00:00+00:00,22.66461753845215,22.727400354469893,22.515509285947754,22.6018347224344,25606100
2015-08-10 00:00:00+00:00,23.26105499267578,23.292447149052272,22.805879203239492,22.813727242333616,22807400
2015-08-11 00:00:00+00:00,22.735248565673828,23.135489582139236,22.727400526504656,23.12764154297006,23758900
2015-08-12 00:00:00+00:00,23.119796752929688,23.206123699062108,22.491968499768365,22.491968499768365,33589100
2015-08-13 00:00:00+00:00,22.65677261352539,23.111948436361256,22.65677261352539,23.0727082380113,18821900
2015-08-14 00:00:00+00:00,22.77448081970215,22.79017689256703,22.617523084773104,22.696001952237626,14302700
2015-08-17 00:00:00+00:00,22.821575164794922,22.915750136582698,22.531203707237985,22.625378679025758,15548300
2015-08-18 00:00:00+00:00,22.688161849975586,22.798031404731944,22.601834915889636,22.719554006683357,19182600
2015-08-19 00:00:00+00:00,22.256528854370117,22.60183357653071,22.193746041535434,22.48411598957322,30530100
2015-08-20 00:00:00+00:00,21.60515785217285,22.16235516101168,21.60515785217285,21.997550829167096,31936600
2015-08-21 00:00:00+00:00,20.843914031982422,21.683634743639903,20.843914031982422,21.44819956168635,52288400
2015-08-24 00:00:00+00:00,20.600631713867188,21.683635693920465,19.517627733813907,19.77660704405668,83234200
2015-08-25 00:00:00+00:00,20.302412033081055,21.306937034089753,20.302412033081055,21.22061160235327,59371900
2015-08-26 00:00:00+00:00,21.424654006958008,21.456046160770654,20.46721576857655,20.80467393776108,47386700
2015-08-27 00:00:00+00:00,21.754270553588867,21.903380334454717,21.197073130824954,21.754270553588867,38649400
2015-08-28 00:00:00+00:00,22.303617477416992,22.45272723184169,21.542375620262256,21.71502799595475,43452400
2015-08-31 00:00:00+00:00,22.39779281616211,22.86081517197355,22.099573302478255,22.232986980313562,42401800
2015-09-01 00:00:00+00:00,21.832744598388672,22.107419976598283,21.70717896781177,21.903375452695727,44144000
2015-09-02 00:00:00+00:00,22.444881439208984,22.444881439208984,22.08387907607486,22.248684925748872,34618800
2015-09-03 00:00:00+00:00,22.821575164794922,23.08840250518982,22.515509125990352,22.601834561863715,38665900
2015-09-04 00:00:00+00:00,22.382099151611328,22.680317200604797,22.29577220462293,22.421337856500248,29116500
2015-09-08 00:00:00+00:00,23.151185989379883,23.151185989379883,22.719554306966128,22.743096927947697,27805000
2015-09-09 00:00:00+00:00,22.947141647338867,23.637754141111728,22.892206868782935,23.323838554745635,30774100
2015-09-10 00:00:00+00:00,22.970680236816406,23.276746213313228,22.680308838372177,22.900049396569436,25195800
2015-09-11 00:00:00+00:00,23.127643585205078,23.166883784515967,22.790186852294706,22.82157751488287,21786900
2015-09-14 00:00:00+00:00,23.064865112304688,23.17473619423205,22.829429859487604,23.127647946179966,24065100
2015-09-15 00:00:00+00:00,23.33168601989746,23.49649184836983,23.13548953167728,23.19827234803332,29819000
2015-09-16 00:00:00+00:00,23.363080978393555,23.37877705858007,23.072709482385427,23.24536337071589,25957800
2015-09-17 00:00:00+00:00,23.315988540649414,23.700534951692617,23.190422915481957,23.2453591862455,29805200
2015-09-18 00:00:00+00:00,22.77448081970215,23.08839479270034,22.609675048340662,22.931437057771294,60693400
2015-09-21 00:00:00+00:00,22.884361267089844,23.025622996629757,22.711708873685847,22.829426482682237,24417100
2015-09-22 00:00:00+00:00,22.49981689453125,22.680317333051384,22.350707120733432,22.49981689453125,28576200
2015-09-23 00:00:00+00:00,22.554750442504883,22.8294258538375,22.43703283675107,22.774491070943093,25984000
2015-09-24 00:00:00+00:00,22.350698471069336,22.499808187162063,21.871980167076998,22.27221959434368,32754700
2015-09-25 00:00:00+00:00,22.609682083129883,22.852966797651632,22.468420377113475,22.711705091635224,29192300
2015-09-28 00:00:00+00:00,22.570444107055664,23.041315976541078,22.476269134414416,22.50766129091497,42291000
2015-09-29 00:00:00+00:00,22.947141647338867,23.03346858327559,22.5704447399321,22.625379518488028,34169600
2015-09-30 00:00:00+00:00,23.653446197509766,23.794707896920183,23.182575861955428,23.198270442109695,41051700
2015-10-01 00:00:00+00:00,23.5435733795166,23.763313936595054,23.119788340192464,23.708377674680378,29832800
2015-10-02 00:00:00+00:00,23.943815231323242,23.959511306762202,23.17472549713585,23.284595031488294,27901500
2015-10-05 00:00:00+00:00,24.493165969848633,24.62657962591074,23.983055460267714,24.116469116329824,34842500
2015-10-06 00:00:00+00:00,24.90910530090332,24.995432232414643,24.414690822384777,24.453929520238813,34899800
2015-10-07 00:00:00+00:00,25.36428451538086,25.442761921713185,24.89341259308402,25.11315322265203,36930100
2015-10-08 00:00:00+00:00,25.5212459564209,25.584027291683643,25.09746071694143,25.293657254435082,27794600
2015-10-09 00:00:00+00:00,25.223024368286133,25.5447865443489,25.066068048933452,25.403524809129017,24209900
2015-10-12 00:00:00+00:00,25.277952194213867,25.36427911904578,25.11314787974596,25.238713499395868,18795000
2015-10-13 00:00:00+00:00,25.144542694091797,25.48984743624192,25.09745445909462,25.136693158065185,35588600
2015-10-14 00:00:00+00:00,25.740976333618164,25.84299933653087,24.21064476167011,24.63442835962824,75954800
2015-10-15 00:00:00+00:00,25.701740264892578,25.945024990940997,25.4741516173364,25.772371121247225,37634800
2015-10-16 00:00:00+00:00,25.929323196411133,26.054888802947644,25.489842076673245,25.701734599026146,29371300
2015-10-19 00:00:00+00:00,26.360958099365234,26.384500718016163,25.795911301978286,25.803760837342317,37624000
2015-10-20 00:00:00+00:00,26.24323081970215,26.447276763330326,26.141210841607705,26.211841669214436,24416100
2015-10-21 00:00:00+00:00,26.188302993774414,26.721957611628984,26.149064299992254,26.4237381501878,31928800
2015-10-22 00:00:00+00:00,26.996644973754883,27.075122391894922,26.36096710942279,26.447294065609796,39572600
2015-10-23 00:00:00+00:00,27.3890323638916,27.491052387542364,26.99663936723826,27.10650892730584,42796600
2015-10-26 00:00:00+00:00,27.1457462310791,27.436116195415824,27.114354074469503,27.287007942101468,22646900
2015-10-27 00:00:00+00:00,27.05157470703125,27.114356031059963,26.926009065252778,27.00448646871893,22630100
2015-10-28 00:00:00+00:00,27.239913940429688,27.239913940429688,26.77689020648427,27.05156702808726,21908400
2015-10-29 00:00:00+00:00,26.706270217895508,26.91031628185321,26.502227147659216,26.83968541259422,21325200
2015-10-30 00:00:00+00:00,26.572851181030273,26.910309359153885,26.572851181030273,26.76119812145423,24693900
2015-11-02 00:00:00+00:00,26.769054412841797,26.902466613168748,26.400203986984994,26.47083485589967,21743100
2015-11-03 00:00:00+00:00,26.926006317138672,27.004483712595288,26.66702552343451,26.682721601269982,18167000
2015-11-04 00:00:00+00:00,26.989229202270508,27.084066055329252,26.791650666426097,27.084066055329252,20762100
2015-11-05 00:00:00+00:00,26.870689392089844,27.02875287382887,26.657304143963675,26.94971962555428,16486100
2015-11-06 00:00:00+00:00,26.74423599243164,26.8469776954241,26.404400602757175,26.81536439991722,23701700
2015-11-09 00:00:00+00:00,26.356979370117188,26.73633286802223,26.143597172908866,26.554557935154975,24168700
2015-11-10 00:00:00+00:00,26.246335983276367,26.293755924446746,25.930212086569504,26.214722689162784,22451700
2015-11-11 00:00:00+00:00,25.9697322845459,26.38069614410559,25.92231233408546,26.206826007227576,19864700
2015-11-12 00:00:00+00:00,25.606182098388672,26.017142842395863,25.598277267844587,25.85117757868417,23265400
2015-11-13 00:00:00+00:00,25.376985549926758,25.59037071295704,25.25843723219584,25.50343568192889,23673200
2015-11-16 00:00:00+00:00,25.36907958984375,25.49552971620849,25.234727649560067,25.361177775924812,29899700
2015-11-17 00:00:00+00:00,25.795856475830078,25.98553322115659,25.297957657306377,25.408604184052436,22636400
2015-11-18 00:00:00+00:00,26.20682144165039,26.27004803124939,25.780051006286314,25.86698605958008,18619800
2015-11-19 00:00:00+00:00,27.10777473449707,27.44761006008727,26.18310862636273,26.254237020435315,45381600
2015-11-20 00:00:00+00:00,27.392290115356445,27.890188906665458,27.250033317839588,27.250033317839588,41137700
2015-11-23 00:00:00+00:00,27.25003433227539,27.542449753697152,27.194712577271535,27.39229113508804,20152900
2015-11-24 00:00:00+00:00,27.155200958251953,27.218424537176826,26.79165708870663,27.131492493006366,21413500
2015-11-25 00:00:00+00:00,27.2263240814209,27.455515916985387,26.981325600492372,27.076162457867238,17939400
2015-11-27 00:00:00+00:00,27.234230041503906,27.40810015216042,27.186813113004707,27.297456632582563,6620900
2015-11-30 00:00:00+00:00,27.479230880737305,27.58197259251325,27.210523875576413,27.305360755394947,21785800
2015-12-01 00:00:00+00:00,27.73212432861328,27.819059369628604,27.4318041000538,27.66099593276523,23560200
2015-12-02 00:00:00+00:00,27.526639938354492,27.98502052181446,27.510833295502927,27.732120265807126,18688200
2015-12-03 00:00:00+00:00,26.902297973632812,27.653097119120428,26.87068467986689,27.63729047223747,30131100
2015-12-04 00:00:00+00:00,27.613582611083984,27.68471102396824,26.87068819914511,26.957623260982537,24901000
2015-12-07 00:00:00+00:00,27.653093338012695,27.7953471108892,27.463416616161997,27.495029905605314,17731900
2015-12-08 00:00:00+00:00,27.463422775268555,27.621486243124167,27.202617601085315,27.400196182202354,13380200
2015-12-09 00:00:00+00:00,27.510839462280273,27.83486817634888,27.273742781168508,27.566161217257143,22548300
2015-12-10 00:00:00+00:00,27.479230880737305,27.71632458768867,27.392295818066128,27.542454462346313,17400700
2015-12-11 00:00:00+00:00,27.08406639099121,27.384386613343263,27.02874464145389,27.11567968067232,21251400
2015-12-14 00:00:00+00:00,27.24213218688965,27.25003400259051,26.77584667549167,27.17100378634387,19357100
2015-12-15 00:00:00+00:00,27.803255081176758,27.937607054272792,27.376484669913662,27.38438950057199,24365900
2015-12-16 00:00:00+00:00,27.89809799194336,28.032453008968577,27.479232320555152,27.9455179417423,23257900
2015-12-17 00:00:00+00:00,27.589868545532227,27.953412353241713,27.471320209848546,27.91389724628362,24963600
2015-12-18 00:00:00+00:00,26.767940521240234,27.463417846093687,26.760038705930135,27.447611200664138,41336600
2015-12-21 00:00:00+00:00,27.060359954833984,27.107776878092466,26.728426417977296,26.9576182630915,18006800
2015-12-22 00:00:00+00:00,27.447616577148438,27.487131691057925,27.084072705485266,27.155201116446317,18422000
2015-12-23 00:00:00+00:00,27.660991668701172,27.700506768123265,27.487121613473366,27.621476569279082,12526500
2015-12-24 00:00:00+00:00,27.64519691467285,27.866483978447217,27.629390265144664,27.71632533014463,5893800
2015-12-28 00:00:00+00:00,27.60567855834961,27.66100031780043,27.321164929854096,27.62148520602267,9449400
2015-12-29 00:00:00+00:00,28.008737564086914,28.12728591440735,27.6689021756321,27.6689021756321,14188600
2015-12-30 00:00:00+00:00,27.653093338012695,28.01663712218322,27.621480048569374,27.961315373062018,11566800
2015-12-31 00:00:00+00:00,27.2263240814209,27.62938298637109,27.21841925133421,27.51873948363219,14736700
2016-01-04 00:00:00+00:00,26.8627872467041,26.87859088135592,26.443918572988043,26.7758521820685,27882200
2016-01-05 00:00:00+00:00,26.736331939697266,26.870683912149435,26.49923525803655,26.839070619286733,16709500
2016-01-06 00:00:00+00:00,26.143596649169922,26.491333831338682,25.92230661069018,26.277948623595496,25491300
2016-01-07 00:00:00+00:00,25.163606643676758,26.088272898578424,25.163606643676758,25.511343839443164,37680500
2016-01-08 00:00:00+00:00,24.902801513671875,25.46392539959395,24.839576435706476,25.361183705772202,29953800
2016-01-11 00:00:00+00:00,25.337472915649414,25.46392305996194,25.037152692353704,25.139892869330893,27732400
2016-01-12 00:00:00+00:00,25.827463150024414,25.99342837539491,25.503434513192524,25.89068670572368,28587700
2016-01-13 00:00:00+00:00,25.218929290771484,26.025050241692853,25.155704206821078,25.89069524246772,34445700
2016-01-14 00:00:00+00:00,25.874889373779297,25.977628053640068,25.131992063591735,25.266345543803464,48728200
2016-01-15 00:00:00+00:00,23.51974868774414,24.10458096300724,23.274751729537673,23.49603872118045,76373900
2016-01-19 00:00:00+00:00,23.55136489868164,23.756846792000673,23.298464570721254,23.693621710010575,28878100
2016-01-20 00:00:00+00:00,23.385395050048828,23.606683547437274,23.085074838778464,23.19571984117497,39598200
2016-01-21 00:00:00+00:00,23.440719604492188,23.733136528649844,23.10878757236405,23.432816281417143,30157400
2016-01-22 00:00:00+00:00,23.654109954833984,23.899106993877545,23.322177850443808,23.804270111140394,25326500
2016-01-25 00:00:00+00:00,23.393299102783203,23.88329303082606,23.369589135656764,23.70152113840386,26441000
2016-01-26 00:00:00+00:00,23.662002563476562,23.74893608204727,23.401198992955667,23.401198992955667,24754900
2016-01-27 00:00:00+00:00,23.559263229370117,23.883291894322596,23.424909770189487,23.61458497596134,26384100
2016-01-28 00:00:00+00:00,23.68571662902832,23.851683399066836,23.511848043306554,23.72523324446832,22028100
2016-01-29 00:00:00+00:00,24.515544891357422,24.52344821361592,23.788455825025977,23.87538935506029,38311400
2016-02-01 00:00:00+00:00,24.35748863220215,24.5945838475477,24.215231804475824,24.27845689375363,19015100
2016-02-02 00:00:00+00:00,23.55136489868164,24.096682172974266,23.417011411027076,24.065070385681647,24994300
2016-02-03 00:00:00+00:00,23.39190673828125,23.69486873156854,22.73814544697276,23.69486873156854,44660100
2016-02-04 00:00:00+00:00,23.734737396240234,23.822436095923013,23.208539115453853,23.232456251425322,29257800
2016-02-05 00:00:00+00:00,23.152734756469727,23.726768936958464,23.04908874568326,23.583260011668102,27957500
2016-02-08 00:00:00+00:00,22.977327346801758,23.10489045951361,22.562746470152117,22.913545790445834,28725900
2016-02-09 00:00:00+00:00,22.9693603515625,23.240432415746657,22.650452488014267,22.714234060723914,22902600
2016-02-10 00:00:00+00:00,22.506942749023438,23.120841314401734,22.475052724167114,23.02516819848758,27267800
2016-02-11 00:00:00+00:00,22.498964309692383,22.650446072222472,22.06843919601768,22.188029420889972,28450200
2016-02-12 00:00:00+00:00,22.833820343017578,22.881657654723547,22.43518520283544,22.77801166669966,19699000
2016-02-16 00:00:00+00:00,22.945436477661133,23.080972469972984,22.610582939047866,22.921517824662974,30705200
2016-02-17 00:00:00+00:00,23.49555206298828,23.615143808591696,22.905572302078436,23.0092182788451,27691700
2016-02-18 00:00:00+00:00,23.4556884765625,23.726760456181946,23.42379693982037,23.543388681931194,20623300
2016-02-19 00:00:00+00:00,22.889633178710938,23.383941511455564,22.889633178710938,23.28029702527036,42056700
2016-02-22 00:00:00+00:00,23.399883270263672,23.55136505085823,23.120838365170243,23.208538583515363,23893100
2016-02-23 00:00:00+00:00,22.961383819580078,23.399883392932026,22.80193067345679,23.360018965896902,26638200
2016-02-24 00:00:00+00:00,23.272321701049805,23.36002040458342,22.62653162935979,22.738150511260066,21593600
2016-02-25 00:00:00+00:00,23.61514663696289,23.61514663696289,23.080975482332114,23.375964637781596,17571400
2016-02-26 00:00:00+00:00,23.758655548095703,23.98189179096673,23.67892973055194,23.82243711453421,19902200
2016-02-29 00:00:00+00:00,23.59122085571289,24.02971877409949,23.583247972747614,23.694865292917598,22903100
2016-03-01 00:00:00+00:00,24.21310043334961,24.340663563664222,23.71879216287614,23.862301064648197,25502600
2016-03-02 00:00:00+00:00,24.348636627197266,24.61173577547648,24.013783027508047,24.15729040965559,23779800
2016-03-03 00:00:00+00:00,24.380523681640625,24.994422126448278,24.34863366304755,24.819021701833357,25625200
2016-03-04 00:00:00+00:00,24.420385360717773,24.603758660955496,23.957968709259585,24.316740904646203,20356800
2016-03-07 00:00:00+00:00,24.667543411254883,24.811052308000864,24.316744054839415,24.388498503212407,18858200
2016-03-08 00:00:00+00:00,24.364578247070312,24.619704482012573,24.221069359747215,24.57984157805496,19104900
2016-03-09 00:00:00+00:00,24.611736297607422,24.747272317515854,24.452281619830732,24.57984475378308,14707800
2016-03-10 00:00:00+00:00,24.914701461791992,25.034291724674052,24.221075503999714,24.82700122603122,29584800
2016-03-11 00:00:00+00:00,25.321304321289062,25.34522297717458,25.13793252151725,25.249549874304893,22811200
2016-03-14 00:00:00+00:00,25.058204650878906,25.265495102082735,24.954558664940816,25.241576446711097,17438600
2016-03-15 00:00:00+00:00,25.23360252380371,25.23360252380371,24.763212965546973,24.986449177817516,16927700
2016-03-16 00:00:00+00:00,25.265493392944336,25.35319208202975,24.850912518581886,25.106038742598088,26298400
2016-03-17 00:00:00+00:00,25.496706008911133,25.64818628397799,25.27347127905575,25.321307075357254,22865300
2016-03-18 00:00:00+00:00,26.054794311523438,26.062765676534926,25.56048756449861,25.64021337999313,49934200
2016-03-21 00:00:00+00:00,25.78372573852539,25.847505791204853,25.472790758517885,25.696025504913976,21760900
2016-03-22 00:00:00+00:00,25.76776885986328,25.879386184957518,25.47277978049365,25.640205768135008,22200400
2016-03-23 00:00:00+00:00,25.512651443481445,25.887369484787996,25.496705671367863,25.887369484787996,18765300
2016-03-24 00:00:00+00:00,25.416976928710938,25.472787128028315,25.27346954962644,25.409005563766613,14211900
2016-03-28 00:00:00+00:00,25.432920455932617,25.51264778439331,25.209685761049453,25.409003321865026,11433000
2016-03-29 00:00:00+00:00,25.815616607666016,25.863450885583237,25.297389627031006,25.45684431656064,15313200
2016-03-30 00:00:00+00:00,26.078706741333008,26.110598278313137,25.743854727074744,25.871417833650895,16598000
2016-03-31 00:00:00+00:00,25.791685104370117,26.038839916703115,25.767767975911536,25.93519395780942,17880000
2016-04-01 00:00:00+00:00,25.871416091918945,25.8873618593355,25.5923697241455,25.727907226514123,18049700
2016-04-04 00:00:00+00:00,25.512651443481445,25.815615030949402,25.305360968022455,25.672106123272215,21581600
2016-04-05 00:00:00+00:00,25.432920455932617,25.60831936200829,25.289411568837835,25.424947571019317,20080000
2016-04-06 00:00:00+00:00,25.576435089111328,25.69602382055082,25.32928017798418,25.488733340576065,15740600
2016-04-07 00:00:00+00:00,25.15387535095215,25.432920237835496,24.994422216070447,25.424947352990564,23738200
2016-04-08 00:00:00+00:00,25.2176570892334,25.528593517718274,25.09806685704951,25.321303072285794,17031900
2016-04-11 00:00:00+00:00,25.249549865722656,25.783721014938568,25.241576980430192,25.43292166543214,19707700
2016-04-12 00:00:00+00:00,25.401031494140625,25.4648130554293,25.018340605736206,25.416975743958513,16774200
2016-04-13 00:00:00+00:00,25.616296768188477,25.656159676752054,25.472787864283614,25.488732115305552,19968100
2016-04-14 00:00:00+00:00,25.35319709777832,25.424951552562447,25.153879505749646,25.33725284612716,21620900
2016-04-15 00:00:00+00:00,25.08211898803711,25.42494540676496,25.01833743483231,25.3452196057631,28782800
2016-04-18 00:00:00+00:00,25.23360252380371,25.289411196703277,25.018339196329144,25.05820362030904,21566600
2016-04-19 00:00:00+00:00,25.193737030029297,25.361163031512937,25.034282391849718,25.273464349119088,33619300
2016-04-20 00:00:00+00:00,25.512651443481445,25.71994039826791,24.91469867527485,24.97050735699986,57629800
2016-04-21 00:00:00+00:00,25.488727569580078,25.560483529407854,25.361164460119575,25.464810436976368,28431400
2016-04-22 00:00:00+00:00,25.225629806518555,25.40103023185026,24.890776246225286,25.305357134335484,29625600
2016-04-25 00:00:00+00:00,25.02631378173828,25.114013999781253,24.874833522338008,25.00239664639739,19315700
2016-04-26 00:00:00+00:00,25.034284591674805,25.27346656996169,24.850912806125443,25.026311706998015,20976400
2016-04-27 00:00:00+00:00,25.313329696655273,25.35319259971968,24.86685879551038,24.91469458332212,20006200
2016-04-28 00:00:00+00:00,24.803075790405273,25.281436681944477,24.739294236821898,25.074147773302656,25146400
2016-04-29 00:00:00+00:00,24.141345977783203,24.611735590979315,23.99783707603897,24.603762705252137,36443700
2016-05-02 00:00:00+00:00,24.404441833496094,24.468223390040993,24.20512427920925,24.276878720406298,21086600
2016-05-03 00:00:00+00:00,24.20512580871582,24.36457894981768,23.989862471522336,24.244988713823197,27111100
2016-05-04 00:00:00+00:00,24.00408172607422,24.293577142413557,23.883458508115538,24.261411666734713,23278800
2016-05-05 00:00:00+00:00,24.044292449951172,24.140791958632747,23.923669214454947,24.02016872313652,23393300
2016-05-06 00:00:00+00:00,24.156869888305664,24.213160616286824,23.73870800357804,23.811082234927333,19632200
2016-05-09 00:00:00+00:00,23.9638729095459,24.261411611385444,23.931707433940435,24.189037374013864,16888300
2016-05-10 00:00:00+00:00,24.237287521362305,24.269454532324055,23.97995756889832,24.124706050611188,17013800
2016-05-11 00:00:00+00:00,24.172958374023438,24.325748629592823,24.10058412316466,24.253374378734048,15754200
2016-05-12 00:00:00+00:00,23.931716918945312,24.31771198203926,23.77892663129261,24.21317222762933,20826700
2016-05-13 00:00:00+00:00,24.052335739135742,24.285542005284352,23.99604499456408,24.012128502672486,19999600
2016-05-16 00:00:00+00:00,24.43832778930664,24.575034524157505,24.028207584754053,24.04429109092652,21826100
2016-05-17 00:00:00+00:00,24.108623504638672,24.583076198554885,24.012125535527872,24.583076198554885,25709900
2016-05-18 00:00:00+00:00,24.116668701171875,24.32574970917544,23.947796464211947,24.148835718006787,22469900
2016-05-19 00:00:00+00:00,23.827171325683594,24.068419346885147,23.722631590161686,23.939754349100756,21740900
2016-05-20 00:00:00+00:00,24.245330810546875,24.430286533875204,23.883461117140264,23.907584843082812,22777300
2016-05-23 00:00:00+00:00,24.309663772583008,24.510703006297007,24.22924777233588,24.309663772583008,20881900
2016-05-24 00:00:00+00:00,24.97711944580078,25.02536997681721,24.4865846509308,24.526791892969857,23699200
2016-05-25 00:00:00+00:00,25.24248695373535,25.387235454640592,25.0494894637976,25.089698232831115,18359600
2016-05-26 00:00:00+00:00,25.322900772094727,25.435482248055003,25.25052652788953,25.322900772094727,12692300
2016-05-27 00:00:00+00:00,25.387229919433594,25.451562402053025,25.29073196240813,25.411355175593645,13341300
2016-05-31 00:00:00+00:00,25.403318405151367,25.451567393125764,25.17815390492473,25.338985909916282,23040200
2016-06-01 00:00:00+00:00,25.45960807800293,25.507857063951914,25.30681783305561,25.42744259863948,17753500
2016-06-02 00:00:00+00:00,25.540021896362305,25.540021896362305,25.29073370080275,25.379189911855025,14140100
2016-06-03 00:00:00+00:00,25.427438735961914,25.52393669320089,25.250523258011498,25.52393669320089,15777500
2016-06-06 00:00:00+00:00,25.475688934326172,25.5882704010977,25.39527294357189,25.44352192450148,15139600
2016-06-07 00:00:00+00:00,25.636518478393555,25.749101475004213,25.49177154070681,25.531978767763007,19339100
2016-06-08 00:00:00+00:00,25.644561767578125,25.733019512972362,25.564147308646074,25.57218752749329,12732100
2016-06-09 00:00:00+00:00,25.684768676757812,25.733017655395614,25.475687724250836,25.475687724250836,11276800
2016-06-10 00:00:00+00:00,25.76519203186035,25.926024051723257,25.45156974650847,25.491778518378105,35749100
2016-06-13 00:00:00+00:00,25.869731903076172,26.135105213079964,25.765193690907246,25.773233911991078,23004800
2016-06-14 00:00:00+00:00,25.84560203552246,25.92601956534585,25.564148350178357,25.741060780559607,18754300
2016-06-15 00:00:00+00:00,25.419403076171875,25.942103281805675,25.403319568174844,25.934063061614903,23783300
2016-06-16 00:00:00+00:00,25.483734130859375,25.548066625395723,25.10577938337663,25.28269489370733,18547900
2016-06-17 00:00:00+00:00,25.540021896362305,25.580229125585387,25.306815672207495,25.51589663854397,27047900
2016-06-20 00:00:00+00:00,25.869731903076172,26.086854683729502,25.741066892424104,25.789317421774562,21961600
2016-06-21 00:00:00+00:00,25.9903507232666,26.03860124153504,25.80539500466026,25.94210020499816,15476500
2016-06-22 00:00:00+00:00,25.966230392456055,26.239643896489806,25.93406337607196,25.974270612744316,18304800
2016-06-23 00:00:00+00:00,26.529136657714844,26.53717687671475,26.135098439188766,26.19943246164814,22048800
2016-06-24 00:00:00+00:00,25.37114906311035,25.990350231573057,25.250525837336358,25.572188284002852,38094300
2016-06-27 00:00:00+00:00,24.703702926635742,25.258571695957926,24.478539944273184,25.258571695957926,34965100
2016-06-28 00:00:00+00:00,25.081653594970703,25.08969534785271,24.77607312068447,24.904738099181557,23693900
2016-06-29 00:00:00+00:00,25.676738739013672,25.716945984077352,25.17816061766036,25.21032764075777,22771100
2016-06-30 00:00:00+00:00,26.376340866088867,26.440674878738033,25.70889082292659,25.73301607767003,34528900
2016-07-01 00:00:00+00:00,26.336132049560547,26.448713497274717,26.110969154132203,26.247674321323874,17084600
2016-07-05 00:00:00+00:00,26.279850006103516,26.32005724105151,26.102934491193864,26.135101506198417,20107200
2016-07-06 00:00:00+00:00,26.5130558013916,26.53717952841689,26.03860307499711,26.376347523812505,21070200
2016-07-07 00:00:00+00:00,26.698013305664062,26.979467031697645,26.50501427380136,26.50501427380136,26119400
2016-07-08 00:00:00+00:00,27.34134292602539,27.34134292602539,26.93926435358384,27.059889152362732,23341900
2016-07-11 00:00:00+00:00,27.64691925048828,27.74341723410934,27.373505740548957,27.373505740548957,23820700
2016-07-12 00:00:00+00:00,28.097240447998047,28.121367240518083,27.72732901725153,27.7514527421565,28064100
2016-07-13 00:00:00+00:00,28.153533935546875,28.346532956490766,28.04899573900033,28.177660730424467,29120900
2016-07-14 00:00:00+00:00,28.30632972717285,28.38674420783576,28.11333067891974,28.250038977185653,25296400
2016-07-15 00:00:00+00:00,28.20178985595703,28.37870540338543,28.065084618483056,28.354578603889586,23661900
2016-07-18 00:00:00+00:00,28.185710906982422,28.306335721135305,28.10529640929147,28.290252208073824,19347200
2016-07-19 00:00:00+00:00,28.26612091064453,28.274161131216157,28.024871346876935,28.0570383643947,20395400
2016-07-20 00:00:00+00:00,28.700366973876953,28.893366035557744,28.193750188744914,28.386746182809688,42994200
2016-07-21 00:00:00+00:00,27.558456420898438,27.735371914692017,27.228752225492688,27.606706937646237,63708600
2016-07-22 00:00:00+00:00,27.87207794189453,27.904244954018985,27.55041395588023,27.646914992253592,33033700
2016-07-25 00:00:00+00:00,27.896202087402344,27.95249282566053,27.799704117190476,27.83991134914416,20277700
2016-07-26 00:00:00+00:00,28.217864990234375,28.330446462409817,27.90424429842706,27.944451528830427,29644400
2016-07-27 00:00:00+00:00,28.008787155151367,28.370655317114693,27.847955156714765,28.145492359872584,23601800
2016-07-28 00:00:00+00:00,27.96053695678711,28.008787477157373,27.759497723333894,28.008787477157373,21667400
2016-07-29 00:00:00+00:00,28.032920837402344,28.081168306738203,27.82383824489258,27.96054656578224,18171200
2016-08-01 00:00:00+00:00,28.02486801147461,28.073118532008678,27.791664831264765,28.000744285015205,18824400
2016-08-02 00:00:00+00:00,27.79166030883789,28.040946955326994,27.60670461164396,27.992699510259307,20057300
2016-08-03 00:00:00+00:00,27.75115203857422,27.775458627924266,27.540487718847444,27.629612910087104,18388800
2016-08-04 00:00:00+00:00,28.018537521362305,28.050945277609063,27.72684607906197,27.783563516079422,16362600
2016-08-05 00:00:00+00:00,28.342628479003906,28.464167574913162,28.115758796898742,28.196782800259843,20046200
2016-08-08 00:00:00+00:00,28.391250610351562,28.496581218342826,28.245404901428625,28.277815745826665,19497300
2016-08-09 00:00:00+00:00,28.294017791748047,28.488479765306447,28.229199194474052,28.39125032396135,12578900
2016-08-10 00:00:00+00:00,27.97801971435547,28.358839404001312,27.953713126801293,28.358839404001312,19579000
2016-08-11 00:00:00+00:00,28.09955406188965,28.148170319610006,27.945607215410035,28.083348642649533,16364100
2016-08-12 00:00:00+00:00,28.010427474975586,28.1643743306527,27.905093789055528,27.969915469888754,15708300
2016-08-15 00:00:00+00:00,28.285924911499023,28.488488109974632,28.059055118284462,28.115772566588102,18931100
2016-08-16 00:00:00+00:00,28.52899742126465,28.52899742126465,28.17248733852863,28.17248733852863,16320900
2016-08-17 00:00:00+00:00,28.375049591064453,28.528996489540475,28.17248641844766,28.496585640113295,18221600
2016-08-18 00:00:00+00:00,28.334531784057617,28.4317612215999,28.156275239506694,28.326427527922707,16085200
2016-08-19 00:00:00+00:00,28.553306579589844,28.5776131715728,28.148180228573846,28.22920426242954,16417600
2016-08-22 00:00:00+00:00,28.650541305541992,28.723464185765856,28.456079261321907,28.52090097301838,14941400
2016-08-23 00:00:00+00:00,28.682939529418945,28.91791040366411,28.601912425482702,28.76396354248721,18316000
2016-08-24 00:00:00+00:00,28.48038101196289,28.691045334531545,28.375047305244326,28.618122474629224,16343500
2016-08-25 00:00:00+00:00,28.431760787963867,28.537094480034526,28.27781392329755,28.399349945654734,12428000
2016-08-26 00:00:00+00:00,28.56950569152832,28.82878937053519,28.399353385100294,28.44796965445191,14469900
2016-08-29 00:00:00+00:00,28.80447769165039,28.901707132738345,28.480378524401143,28.747760260110066,15264300
2016-08-30 00:00:00+00:00,28.926006317138672,28.958417149365783,28.780160662983768,28.836878073947666,15183200
2016-08-31 00:00:00+00:00,29.07996940612793,29.08807366415313,28.82879304298537,28.86120080247973,20562700
2016-09-01 00:00:00+00:00,29.1852970123291,29.201502434116914,28.828787005601693,29.160990425081465,18925800
2016-09-02 00:00:00+00:00,29.23391342163086,29.436476558673643,29.128579724925526,29.339244027468016,16726700
2016-09-06 00:00:00+00:00,29.630929946899414,29.65523652976121,29.30682775135993,29.47698310399534,22337800
2016-09-07 00:00:00+00:00,29.541812896728516,29.695762888908725,29.476994287549044,29.695762888908725,18495600
2016-09-08 00:00:00+00:00,29.525606155395508,29.647145292133093,29.266325548499395,29.452683291526686,20356500
2016-09-09 00:00:00+00:00,28.715349197387695,29.485089736402053,28.715349197387695,29.250115755600206,29457900
2016-09-12 00:00:00+00:00,29.23391342163086,29.26632117449789,28.407455451592135,28.51278605742929,22796600
2016-09-13 00:00:00+00:00,28.85309600830078,29.071864584448345,28.61812200900876,28.96653087944357,23591300
2016-09-14 00:00:00+00:00,28.861204147338867,29.023255327066785,28.682950631420415,28.772075843945057,14074500
2016-09-15 00:00:00+00:00,29.622825622558594,29.695748454231747,28.796367893885282,28.95841897436643,23736000
2016-09-16 00:00:00+00:00,30.522207260131836,30.830104046005488,30.18190272643019,30.562722353935296,74577900
2016-09-19 00:00:00+00:00,30.108985900878906,30.80580361772897,30.052268467262582,30.538418781364882,30531700
2016-09-20 00:00:00+00:00,30.092777252197266,30.327751218199268,29.930726134579746,30.319646962341,24796900
2016-09-21 00:00:00+00:00,30.34395980834961,30.352060974186024,29.865910661425055,30.149497828724236,21233700
2016-09-22 00:00:00+00:00,30.42498207092285,30.651854882512037,30.3358537975344,30.465494079499024,17013400
2016-09-23 00:00:00+00:00,30.1332950592041,30.506013628728912,30.0765776207507,30.343962479918375,18062500
2016-09-26 00:00:00+00:00,29.695755004882812,29.930725878002573,29.65523990767475,29.91452045729294,25518800
2016-09-27 00:00:00+00:00,30.125198364257812,30.157609217004506,29.679559957032385,29.89832857676902,22391600
2016-09-28 00:00:00+00:00,30.335853576660156,30.384469841118463,30.100882692281935,30.230522973302648,19020800
2016-09-29 00:00:00+00:00,30.23862648010254,30.40877878257999,29.979345897984036,30.37637102796644,17675000
2016-09-30 00:00:00+00:00,30.5870304107666,30.724771845556134,30.335851035078342,30.36016071070485,24279300
2016-10-03 00:00:00+00:00,30.514118194580078,30.749092231988257,30.40878447248867,30.538424787805436,14113600
2016-10-04 00:00:00+00:00,30.416885375976562,30.740984583087464,30.246733060428195,30.60324311551076,14393100
2016-10-05 00:00:00+00:00,30.781503677368164,31.04078431300371,30.497913357169356,30.58704165520701,22420800
2016-10-06 00:00:00+00:00,30.846317291259766,30.919240151392213,30.449295234547503,30.65995955778096,15171400
2016-10-07 00:00:00+00:00,30.870620727539062,30.96785325836221,30.611340160413672,30.854418396603375,16942500
2016-10-10 00:00:00+00:00,30.805814743041992,31.081300844754804,30.70858526328142,30.99217253377868,14954300
2016-10-11 00:00:00+00:00,30.198116302490234,30.7896003595457,29.833501995848223,30.7166774982173,27650500
2016-10-12 00:00:00+00:00,30.084680557250977,30.181910005920848,29.825399966885698,30.141397993214106,14053900
2016-10-13 00:00:00+00:00,29.95503807067871,30.08467835637739,29.541807535042263,29.857805538253533,16936000
2016-10-14 00:00:00+00:00,30.34395980834961,30.546522953811397,30.10898581780554,30.133292406183095,19123900
2016-10-17 00:00:00+00:00,30.214313507080078,30.56272229522015,30.173801504222144,30.424977776461947,15788100
2016-10-18 00:00:00+00:00,30.5870304107666,30.83010553095674,30.40877388022217,30.765286941311032,42907800
2016-10-19 00:00:00+00:00,28.772066116333008,29.2420140695713,28.545196395938316,29.22580864799052,75229000
2016-10-20 00:00:00+00:00,28.707246780395508,28.901705652612712,28.439861967511796,28.69104135923273,25669500
2016-10-21 00:00:00+00:00,28.48038101196289,28.68294416826172,28.20489499576174,28.528994191318784,20813200
2016-10-24 00:00:00+00:00,28.56950569152832,28.755866511941974,28.44796965445191,28.70725024259036,21524700
2016-10-25 00:00:00+00:00,28.439865112304688,28.561404239030896,28.366942254442638,28.472275958214126,17860300
2016-10-26 00:00:00+00:00,28.294017791748047,28.52899177496122,28.148175175164507,28.39125032396135,19977600
2016-10-27 00:00:00+00:00,28.20489501953125,28.545199638783206,28.15627874926591,28.43986593197587,14634700
2016-10-28 00:00:00+00:00,28.14818000793457,28.49658582347809,28.1238703252734,28.253510632947584,22296400
2016-10-31 00:00:00+00:00,28.253511428833008,28.423666848779412,28.229204836355876,28.294023446584504,19188600
2016-11-01 00:00:00+00:00,27.969921112060547,28.488482299860525,27.7673579548969,28.277817976392466,25368200
2016-11-02 00:00:00+00:00,28.03473663330078,28.27781486787086,27.92940602857977,28.03473663330078,21416400
2016-11-03 00:00:00+00:00,27.70001983642578,28.181688441883644,27.651035479944053,28.124541583123406,19400000
2016-11-04 00:00:00+00:00,27.43877410888672,27.700017762018046,27.283658548779368,27.373461638468886,21914700
2016-11-07 00:00:00+00:00,28.320476531982422,28.369460894952866,27.879629722331003,27.953104709651345,19296600
2016-11-08 00:00:00+00:00,28.36130142211914,28.53274203942889,28.157204559339636,28.247004562974997,14833100
2016-11-09 00:00:00+00:00,28.369462966918945,28.451100463561442,27.48776305467979,27.863303636339545,25999400
2016-11-10 00:00:00+00:00,28.165353775024414,28.53272857755255,27.781650857465088,28.53272857755255,28249900
2016-11-11 00:00:00+00:00,28.25516700744629,28.467426350613685,28.034742046693246,28.22251076564496,22665000
2016-11-14 00:00:00+00:00,28.149030685424805,28.353127488347784,27.92044326271749,28.21434315720979,22558900
2016-11-15 00:00:00+00:00,28.500083923339844,28.810312006398565,28.25516832693381,28.27965895229318,20676100
2016-11-16 00:00:00+00:00,28.442928314208984,28.508237666521488,28.198012793064915,28.491912664145723,18565500
2016-11-17 00:00:00+00:00,28.58988380432129,28.58988380432129,28.27149325354866,28.41844321763917,15748500
2016-11-18 00:00:00+00:00,28.532737731933594,28.573556475473023,28.279656539156306,28.49191898839416,16806900
2016-11-21 00:00:00+00:00,28.557226181030273,28.736832376054263,28.44293246211329,28.65519178092051,14259500
2016-11-22 00:00:00+00:00,28.965423583984375,28.981751705136368,28.663361128349162,28.720507995245807,22327400
2016-11-23 00:00:00+00:00,28.73682975769043,28.998073409774616,28.65518916999538,28.965417174696597,15843100
2016-11-25 00:00:00+00:00,28.932762145996094,28.940927762241063,28.663355981044262,28.663355981044262,6372800
2016-11-28 00:00:00+00:00,28.989910125732422,29.11236945999027,28.744994571486966,28.924600764593077,13549000
2016-11-29 00:00:00+00:00,28.82663345336914,29.09603961275462,28.79397721760422,29.09603961275462,19581000
2016-11-30 00:00:00+00:00,28.328641891479492,28.818473059637967,28.328641891479492,28.736835569701757,27016100
2016-12-01 00:00:00+00:00,27.56123161315918,28.516406295098093,27.397956657990946,28.459259437935184,29618700
2016-12-02 00:00:00+00:00,27.887786865234375,27.96942434022251,27.430608908198714,27.528577615308528,21492500
2016-12-05 00:00:00+00:00,28.075559616088867,28.100050239278957,27.73267843434562,28.010250249491797,14462000
2016-12-06 00:00:00+00:00,28.34496307373047,28.369453691862127,28.002078848537998,28.075553817202824,15297700
2016-12-07 00:00:00+00:00,28.981746673583984,29.0388935305593,28.12454070468412,28.304143777633623,21710300
2016-12-08 00:00:00+00:00,29.1450252532959,29.414431424576964,28.753159749624228,28.965419062928397,19966500
2016-12-09 00:00:00+00:00,29.194011688232422,29.308308538788964,29.055227326819878,29.185849184613755,16326900
2016-12-12 00:00:00+00:00,29.365449905395508,29.463415501819643,29.12053124292993,29.21033433726462,21985800
2016-12-13 00:00:00+00:00,30.043054580688477,30.116529568528836,29.332798441078772,29.398107811230943,35773600
2016-12-14 00:00:00+00:00,29.83894920349121,30.116520954353586,29.765474236666766,29.96140851962188,30819400
2016-12-15 00:00:00+00:00,30.034887313842773,30.336949720715694,29.822624887403293,29.994068574687542,23721500
2016-12-16 00:00:00+00:00,29.64302635192871,30.100201283313346,29.463420135015806,29.977745047094167,38212800
2016-12-19 00:00:00+00:00,30.116535186767578,30.165519559222737,29.610375795149224,29.66752267254462,18744300
2016-12-20 00:00:00+00:00,30.377782821655273,30.402276568144522,30.11653903042867,30.165523409135524,18551800
2016-12-21 00:00:00+00:00,30.18999671936035,30.49205909572707,30.13284986746043,30.41042162566142,14323600
2016-12-22 00:00:00+00:00,30.14918327331543,30.402264457748032,30.05121766919685,30.39409884074708,10793900
2016-12-23 00:00:00+00:00,30.181846618652344,30.190009123304634,30.01856849716633,30.149190371500914,6287300
2016-12-27 00:00:00+00:00,30.263471603393555,30.475734007801695,30.132849783092333,30.132849783092333,9033700
2016-12-28 00:00:00+00:00,29.904268264770508,30.36960878586861,29.863449521814097,30.287968185685326,12868600
2016-12-29 00:00:00+00:00,29.92876625061035,29.977750622771204,29.740997495400595,29.806306877343836,8447300
2016-12-30 00:00:00+00:00,29.610361099243164,30.043045274569096,29.553214250210296,30.034882773679985,17468000
2017-01-03 00:00:00+00:00,29.879779815673828,30.14918917255277,29.6103735730659,29.88794543427253,20196500
2017-01-04 00:00:00+00:00,29.724660873413086,30.01856079381318,29.667514012698657,29.969576435656386,15915700
2017-01-05 00:00:00+00:00,29.675682067871094,29.977747661618633,29.64302893726051,29.757322680074857,13986000
2017-01-06 00:00:00+00:00,29.78181266784668,29.94509077448133,29.54505956893998,29.87161578220928,15114000
2017-01-09 00:00:00+00:00,29.8879337310791,30.116521133998777,29.781802530750767,29.781802530750767,19461400
2017-01-10 00:00:00+00:00,29.830793380737305,30.14918393683257,29.822627763556646,29.83895588364749,15918800
2017-01-11 00:00:00+00:00,30.165517807006836,30.20633655787949,29.80630532507695,29.80630532507695,22398400
2017-01-12 00:00:00+00:00,29.96957778930664,30.067546510045233,29.651187232582416,30.067546510045233,20391900
2017-01-13 00:00:00+00:00,30.034887313842773,30.092034171514133,29.89609986359078,29.969574839778264,15072200
2017-01-17 00:00:00+00:00,30.043054580688477,30.067548319482373,29.871613980484526,29.936923350636697,20195200
2017-01-18 00:00:00+00:00,30.010398864746094,30.214495710740554,29.887942625711855,30.116530096659016,15382500
2017-01-19 00:00:00+00:00,29.85527992248535,30.132851697544346,29.806295568909043,29.806295568909043,13654500
2017-01-20 00:00:00+00:00,30.157346725463867,30.230821709433553,29.863449903855624,30.010396757524493,23950900
2017-01-23 00:00:00+00:00,30.0185604095459,30.377769688619814,29.83895421287379,30.263475968654035,27752600
2017-01-24 00:00:00+00:00,30.712493896484375,30.810462629248967,30.05122207881313,30.075712704868845,35140900
2017-01-25 00:00:00+00:00,30.859437942504883,31.022716018085703,30.630850505253893,30.91658480181763,32276400
2017-01-26 00:00:00+00:00,30.66350555419922,30.957402341724077,30.549208725735497,30.875764864234416,34144800
2017-01-27 00:00:00+00:00,31.006389617919922,31.39009264966464,30.867605270258476,31.02271773781017,44368600
2017-01-30 00:00:00+00:00,30.54920196533203,30.892086146304155,30.47573012041242,30.810448686880505,23954700
2017-01-31 00:00:00+00:00,30.059375762939453,30.508388089749904,29.912425821180406,30.38593188113066,27059100
2017-02-01 00:00:00+00:00,29.814462661743164,30.165509427419646,29.406269037865417,30.059378213215776,28380600
2017-02-02 00:00:00+00:00,29.94508171081543,29.961409827963845,29.553216242063165,29.602197479238505,31916900
2017-02-03 00:00:00+00:00,30.02730369567871,30.27396766300552,29.969748874519205,30.16707879377965,21038100
2017-02-06 00:00:00+00:00,29.82175064086914,30.019080565251432,29.723085678677993,30.019080565251432,21427000
2017-02-07 00:00:00+00:00,29.88753890991211,30.027317207413198,29.79709781918073,29.96976236035508,18581900
2017-02-08 00:00:00+00:00,29.912195205688477,30.13419372578557,29.71486214232352,29.879305839043877,20807400
2017-02-09 00:00:00+00:00,29.15575408935547,30.010858763035433,29.106423178202483,30.010858763035433,47802700
2017-02-10 00:00:00+00:00,29.057092666625977,29.131092178863256,28.645984962308408,28.99131392841379,44106500
2017-02-13 00:00:00+00:00,29.435304641723633,29.47641477597211,29.05708638823413,29.246195514978883,28180600
2017-02-14 00:00:00+00:00,29.542203903198242,29.566869365132785,29.213316440388986,29.468204380891326,25734800
2017-02-15 00:00:00+00:00,29.640859603881836,29.649083512953144,29.32841692572085,29.58330478639196,18452200
2017-02-16 00:00:00+00:00,29.936859130859375,30.060192681215593,29.681971257157674,29.74774998708165,21317500
2017-02-17 00:00:00+00:00,29.994422912597656,29.994422912597656,29.681980125116514,29.86286854994824,18909900
2017-02-21 00:00:00+00:00,30.02730369567871,30.134192564904584,29.871083914888985,30.035524468771847,20556000
2017-02-22 00:00:00+00:00,29.657312393188477,29.92864500967634,29.42709306029199,29.87931095126859,29904400
2017-02-23 00:00:00+00:00,29.74775505065918,29.84642002583714,29.51753572974294,29.797089106499666,22775000
2017-02-24 00:00:00+00:00,30.035526275634766,30.035526275634766,29.558642994981817,29.714862785169338,18617600
2017-02-27 00:00:00+00:00,30.01907730102539,30.15885552405764,29.821747398100435,29.94507780330297,14065200
2017-02-28 00:00:00+00:00,29.76420021057129,29.97797484961631,29.5997564916504,29.945085478531517,24977000
2017-03-01 00:00:00+00:00,29.542203903198242,29.681979036165036,29.13931691808207,29.476425156035074,34085900
2017-03-02 00:00:00+00:00,29.525758743286133,29.61620295093456,29.311984091437953,29.542203429813416,23602100
2017-03-03 00:00:00+00:00,29.51753807067871,29.673757888474995,29.3284257432105,29.55042430734412,17538100
2017-03-06 00:00:00+00:00,29.246196746826172,29.435305881536184,29.122863202383748,29.427085108941107,24416700
2017-03-07 00:00:00+00:00,29.435304641723633,29.435304641723633,29.098196522482606,29.221530061730235,23434900
2017-03-08 00:00:00+00:00,29.287315368652344,29.51753784255047,29.21331584784638,29.328425516543827,20920100
2017-03-09 00:00:00+00:00,29.45176124572754,29.55042623516703,29.188652516219918,29.27087281800225,23616800
2017-03-10 00:00:00+00:00,29.525758743286133,29.846422289310024,29.41886984911042,29.698423247067726,25402300
2017-03-13 00:00:00+00:00,28.90909194946289,29.632642344917212,28.72820356647364,29.47641941906188,53582900
2017-03-14 00:00:00+00:00,28.925540924072266,28.96665107089493,28.497988496809594,28.826875944397234,28586900
2017-03-15 00:00:00+00:00,28.85976219177246,28.917317024648398,28.514433194516855,28.72820783998416,27996100
2017-03-16 00:00:00+00:00,28.89265251159668,29.07354092742787,28.835097676832802,28.91731797320884,19616100
2017-03-17 00:00:00+00:00,28.999542236328125,29.04887629746811,28.859763964683186,29.032431610421447,30778900
2017-03-20 00:00:00+00:00,29.13109016418457,29.295533861839402,28.991311923402034,29.081756113937324,17322300
2017-03-21 00:00:00+00:00,28.8104305267334,29.27086917785958,28.777541155509223,29.26264840330507,22814500
2017-03-22 00:00:00+00:00,29.081756591796875,29.155756100132347,28.777537784863362,28.95842616890623,19144500
2017-03-23 00:00:00+00:00,28.999542236328125,29.180430657338047,28.79398835299989,29.180430657338047,20640400
2017-03-24 00:00:00+00:00,28.90909194946289,29.37775445402351,28.876202582282538,29.311978856165492,22188000
2017-03-27 00:00:00+00:00,29.098201751708984,29.18864594521064,28.728204203976187,28.83509308143294,16992200
2017-03-28 00:00:00+00:00,29.270870208740234,29.36131441454051,28.950206669268855,29.057095561260375,18398100
2017-03-29 00:00:00+00:00,29.246196746826172,29.35308560957612,29.139307884076224,29.205086610846138,17202600
2017-03-30 00:00:00+00:00,29.394193649291992,29.509303276427904,29.205084528068408,29.254418569627557,16433000
2017-03-31 00:00:00+00:00,29.657312393188477,29.805311431908553,29.385982913203787,29.39420368802016,21438400
2017-04-03 00:00:00+00:00,29.731311798095703,30.208198284691953,29.69842242595048,29.75597725895304,32013600
2017-04-04 00:00:00+00:00,29.829973220825195,29.91219664138317,29.591533142464037,29.698418884435224,18918000
2017-04-05 00:00:00+00:00,29.780643463134766,30.224637405403186,29.739530183005527,29.95330794826709,22455500
2017-04-06 00:00:00+00:00,29.62441635131836,29.829970176984464,29.62441635131836,29.706639763486283,20198200
2017-04-07 00:00:00+00:00,29.62441635131836,29.862859541851634,29.591530122953657,29.65730571618553,15689500
2017-04-10 00:00:00+00:00,29.435304641723633,29.673747811467877,29.27908487697854,29.616192996219567,19973700
2017-04-11 00:00:00+00:00,29.38597297668457,29.42708310987187,28.950196782693283,29.410638429296526,22711800
2017-04-12 00:00:00+00:00,29.2955379486084,29.607977567585426,29.188649059746208,29.49286790411988,19289800
2017-04-13 00:00:00+00:00,28.983091354370117,29.40241980667004,28.983091354370117,29.229755334340815,15764000
2017-04-17 00:00:00+00:00,29.172204971313477,29.262649176317634,29.048874530719484,29.139315599220485,12560700
2017-04-18 00:00:00+00:00,29.410646438598633,29.44353580870597,29.024204181094856,29.131093065692212,12321100
2017-04-19 00:00:00+00:00,29.525758743286133,29.78064667970414,29.50931405675885,29.575092802867978,16594600
2017-04-20 00:00:00+00:00,29.74775505065918,29.8217545661684,29.484646359182612,29.74775505065918,22968300
2017-04-21 00:00:00+00:00,29.86286735534668,29.945087652524734,29.476425058302592,29.764202371432358,20390500
2017-04-24 00:00:00+00:00,30.216421127319336,30.29864142680593,29.97797786770349,30.150642378527362,26305800
2017-04-25 00:00:00+00:00,30.315078735351562,30.421967607870215,30.142414266554006,30.23285845587728,22066800
2017-04-26 00:00:00+00:00,30.364410400390625,30.611074355945313,30.241076854362095,30.241076854362095,27241000
2017-04-27 00:00:00+00:00,30.775522232055664,30.833077058310955,30.24108097511049,30.31508048551055,39890000
2017-04-28 00:00:00+00:00,29.72308921813965,30.002642591389616,29.501090674396764,29.68197593720347,56769300
2017-05-01 00:00:00+00:00,29.85464096069336,29.928640468826003,29.550419018091,29.69019726078719,24825600
2017-05-02 00:00:00+00:00,30.397310256958008,30.446641183195926,29.887534351474237,29.90397903905469,35813000
2017-05-03 00:00:00+00:00,30.631725311279297,30.789107296539267,30.33352520460847,30.41636032303741,22040300
2017-05-04 00:00:00+00:00,30.524032592773438,30.73940067985933,30.35008363309037,30.64000172573126,16437100
2017-05-05 00:00:00+00:00,30.49918556213379,30.590302592412634,30.234119561233143,30.532319602205366,18119200
2017-05-08 00:00:00+00:00,30.267250061035156,30.52403094196503,30.217549006741176,30.424631993212678,17660200
2017-05-09 00:00:00+00:00,30.126436233520508,30.441203302078407,30.051886221489323,30.21755326598485,17819100
2017-05-10 00:00:00+00:00,29.82823371887207,30.134718831787886,29.761968802454998,30.043601806858092,25133800
2017-05-11 00:00:00+00:00,29.56317710876465,29.81996124592357,29.36437913663376,29.745411216415288,21508900
2017-05-12 00:00:00+00:00,29.43063735961914,29.60458949534339,29.32295646588041,29.588022474806028,19730800
2017-05-15 00:00:00+00:00,29.51347541809082,29.588025438057116,29.3395232649452,29.43064030710805,22120100
2017-05-16 00:00:00+00:00,29.670862197875977,29.728845205042862,29.339528019919296,29.612879190709094,22291800
2017-05-17 00:00:00+00:00,29.024755477905273,29.811671548901217,29.008188457903298,29.546602388705594,26670200
2017-05-18 00:00:00+00:00,29.173858642578125,29.380941675169197,29.057892649900932,29.149006529978504,17171900
2017-05-19 00:00:00+00:00,29.32295036315918,29.44719825157668,29.09930037220518,29.115867389294596,18340100
2017-05-22 00:00:00+00:00,29.629446029663086,29.91107913120792,29.306396946092782,29.389228910143725,14638100
2017-05-23 00:00:00+00:00,29.703990936279297,29.81167499883581,29.455491927164257,29.71227286732072,16903700
2017-05-24 00:00:00+00:00,29.91935157775879,29.96905263633378,29.72883559297514,29.80338560091969,20640600
2017-05-25 00:00:00+00:00,30.035324096679688,30.143008167129214,29.869660185017736,29.919358094581696,13148500
2017-05-26 00:00:00+00:00,30.035324096679688,30.093310257565253,29.927643186066735,30.035324096679688,11145500
2017-05-30 00:00:00+00:00,29.96904945373535,30.184414365017624,29.89449945370773,30.043599453762972,13026900
2017-05-31 00:00:00+00:00,29.911067962646484,30.1347179738791,29.71226689938337,30.07673498872646,17741900
2017-06-01 00:00:00+00:00,29.91935157775879,29.927636667439227,29.654285585030596,29.91935157775879,17510900
2017-06-02 00:00:00+00:00,30.08502960205078,30.09331469475744,29.819963512504373,30.043613618028598,19127400
2017-06-05 00:00:00+00:00,30.101591110229492,30.234124130710384,29.985625112288275,30.06845706515016,11685700
2017-06-06 00:00:00+00:00,29.927637100219727,30.19270309678101,29.803386031903404,29.952486049948618,18420900
2017-06-07 00:00:00+00:00,30.035324096679688,30.292108215494224,29.902791071448185,29.927643186066735,17192000
2017-06-08 00:00:00+00:00,30.21755599975586,30.258971974667617,29.95248996851701,30.101590006068406,17154200
2017-06-09 00:00:00+00:00,29.579734802246094,30.283818894353555,29.248403899932992,30.234117837080483,33322100
2017-06-12 00:00:00+00:00,29.596311569213867,29.828243593206025,29.331245496126584,29.480345557217785,28488300
2017-06-13 00:00:00+00:00,29.720558166503906,29.778541163709264,29.430640020640766,29.554891105987306,20588200
2017-06-14 00:00:00+00:00,29.43063735961914,29.86137041408229,29.173856440880236,29.811672512306284,19149000
2017-06-15 00:00:00+00:00,29.248409271240234,29.38922421962013,29.10759116302396,29.165574160572906,20410000
2017-06-16 00:00:00+00:00,29.165573120117188,29.264975249371904,28.999906064528933,29.22355611559764,30762800
2017-06-19 00:00:00+00:00,29.41407585144043,29.496910969650987,29.25669386659537,29.496910969650987,21583800
2017-06-20 00:00:00+00:00,28.87565040588379,29.364366351014525,28.85908338878024,29.364366351014525,21536500
2017-06-21 00:00:00+00:00,28.643726348876953,28.660290210691905,28.23784221801237,28.436643317990924,27138500
2017-06-22 00:00:00+00:00,28.46149253845215,28.68514259309459,28.403509542045178,28.62715959668762,24602900
2017-06-23 00:00:00+00:00,28.320674896240234,28.61887497397437,28.2461248768067,28.337241918318394,29260900
2017-06-26 00:00:00+00:00,28.221275329589844,28.585740328128782,28.18814128613095,28.378657296265143,18854800
2017-06-27 00:00:00+00:00,27.873382568359375,28.287548709584108,27.873382568359375,28.16329760328193,27078900
2017-06-28 00:00:00+00:00,28.328960418701172,28.362094463362187,27.947928384608765,27.97277733818632,25940100
2017-06-29 00:00:00+00:00,27.782262802124023,28.24612681275966,27.61659572982419,28.097026763673465,25215700
2017-06-30 00:00:00+00:00,27.947919845581055,28.105301769880782,27.77396774417715,28.055600718074604,24432000
2017-07-03 00:00:00+00:00,27.715993881225586,28.188142969280396,27.691144927065803,27.757409858104054,12676900
2017-07-05 00:00:00+00:00,28.444927215576172,28.51947723824297,27.740846125818134,27.765695080094897,30010800
2017-07-06 00:00:00+00:00,27.856809616088867,28.403508679784057,27.79882662144212,28.262690578616088,20733200
2017-07-07 00:00:00+00:00,28.063892364501953,28.2626902985102,27.91479233407767,27.91479233407767,18304500
2017-07-10 00:00:00+00:00,27.873382568359375,27.947932600173303,27.525481366615413,27.54204839144483,29918400
2017-07-11 00:00:00+00:00,28.097026824951172,28.105311916494355,27.691145814759793,27.865094819127528,25737500
2017-07-12 00:00:00+00:00,28.370378494262695,28.486344499322314,28.11359436889022,28.395227449679282,23768300
2017-07-13 00:00:00+00:00,28.362091064453125,28.494624067378027,28.26268894238242,28.436641076088133,15046200
2017-07-14 00:00:00+00:00,28.726558685302734,28.751407638197076,28.38694263645595,28.560891626389008,16316400
2017-07-17 00:00:00+00:00,28.552616119384766,28.776266225261583,28.461499058490094,28.776266225261583,21044400
2017-07-18 00:00:00+00:00,28.602304458618164,28.643723588673115,28.370372497523153,28.519472518180226,14362800
2017-07-19 00:00:00+00:00,28.627155303955078,28.726554260056645,28.54432020734057,28.726554260056645,17036200
2017-07-20 00:00:00+00:00,28.784542083740234,28.85909210330021,28.560892025060305,28.61059309137908,17506200
2017-07-21 00:00:00+00:00,28.767980575561523,28.842530609410424,28.494632558006877,28.610598575141392,22245000
2017-07-24 00:00:00+00:00,28.57745933532715,28.825958349754014,28.47806036152368,28.767975351715627,16146300
2017-07-25 00:00:00+00:00,28.71827507019043,28.776261229650842,28.49462816297616,28.61887609366892,18096700
2017-07-26 00:00:00+00:00,28.784542083740234,28.966776167072705,28.65200906672654,28.743126108392776,15499300
2017-07-27 00:00:00+00:00,28.966773986816406,29.19870595917434,28.718271833763033,28.80938886857112,43062800
2017-07-28 00:00:00+00:00,29.248409271240234,29.703991320483226,28.991625167926077,29.09930923187542,36291500
2017-07-31 00:00:00+00:00,29.380935668945312,29.604585677604177,29.256684610856276,29.38093566894531,27057000
2017-08-01 00:00:00+00:00,30.109874725341797,30.17614281920622,29.463776609346862,29.538326635026017,38710200
2017-08-02 00:00:00+00:00,30.350088119506836,30.374937071753138,29.869657137006328,30.093307186731757,35004300
2017-08-03 00:00:00+00:00,30.452739715576172,30.53619346631035,30.16899250610084,30.50281069259407,26611300
2017-08-04 00:00:00+00:00,30.294160842895508,30.511145600471497,30.127250225580568,30.419344601770522,20520300
2017-08-07 00:00:00+00:00,30.402667999267578,30.502813144911208,30.227413198502035,30.369285222867443,18169300
2017-08-08 00:00:00+00:00,30.385971069335938,30.627991378762584,30.294170042756438,30.35258829902408,22819900
2017-08-09 00:00:00+00:00,30.53619384765625,30.594612110611024,30.060500458706475,30.277482123458988,22796800
2017-08-10 00:00:00+00:00,30.1606388092041,30.511151491598376,30.135603326017314,30.37762360867576,22693300
2017-08-11 00:00:00+00:00,29.935314178466797,30.377627940358604,29.868551819263466,30.260788240529248,19275100
2017-08-14 00:00:00+00:00,30.327558517456055,30.436050949598098,30.11057683672876,30.14395642976287,18469400
2017-08-15 00:00:00+00:00,30.04380989074707,30.31086572398029,29.893590586608802,30.29417433645863,21706600
2017-08-16 00:00:00+00:00,29.885255813598633,30.10223755199983,29.67661817978463,30.027127876484485,22014000
2017-08-17 00:00:00+00:00,29.35112953186035,29.776751924278997,29.35112953186035,29.709986378975515,19525000
2017-08-18 00:00:00+00:00,29.21760368347168,29.46797131244413,29.200915479526387,29.45127992494219,16231400
2017-08-21 00:00:00+00:00,29.14249610900879,29.442934738348157,28.9588972005123,29.284371321110992,26493300
2017-08-22 00:00:00+00:00,28.91716957092285,29.36782431969242,28.89213089675575,29.225952294824932,26097800
2017-08-23 00:00:00+00:00,28.925514221191406,29.050698043727824,28.691841148250735,28.825369073296383,19648100
2017-08-24 00:00:00+00:00,28.96723747253418,29.117456767339288,28.833709564213688,28.958893371070097,14301900
2017-08-25 00:00:00+00:00,28.93385887145996,29.150843743490004,28.858752396784457,29.059042696366287,14726800
2017-08-28 00:00:00+00:00,28.91716957092285,29.042350207531204,28.867095406145438,29.025658819272063,20712900
2017-08-29 00:00:00+00:00,28.983932495117188,29.000623883695777,28.758603524641504,28.800330404309552,15843700
2017-08-30 00:00:00+00:00,29.117450714111328,29.175868962884692,28.900469102032513,29.0006142165646,18565000
2017-08-31 00:00:00+00:00,29.267677307128906,29.3594783449211,29.100766618739154,29.15918488214208,16366800
2017-09-01 00:00:00+00:00,29.28437042236328,29.534734877943357,29.267679034183708,29.40955424193171,12822000
2017-09-05 00:00:00+00:00,29.2259521484375,29.484663889823118,29.150842493425984,29.2259521484375,18772000
2017-09-06 00:00:00+00:00,29.843524932861328,29.99374427982929,29.301069009750414,29.392870075515006,28076400
2017-09-07 00:00:00+00:00,29.65992546081543,30.00209103762823,29.484670620301983,29.943672757457083,16297100
2017-09-08 00:00:00+00:00,29.367826461791992,29.659921002297203,29.27602859500615,29.559772665437517,14125000
2017-09-11 00:00:00+00:00,29.85186767578125,30.043813882447814,29.32610004144243,29.618194586544917,20037600
2017-09-12 00:00:00+00:00,30.118915557861328,30.327553098942786,29.82682427376978,29.9436607874064,19489900
2017-09-13 00:00:00+00:00,30.319215774536133,30.377634044411174,30.018777138860546,30.043812630647864,15509800
2017-09-14 00:00:00+00:00,30.444400787353516,30.628002909635295,30.177344891429506,30.202380386810695,18093900
2017-09-15 00:00:00+00:00,30.878353118896484,30.94511865374689,30.22740507188467,30.502804944252777,33596100
2017-09-18 00:00:00+00:00,30.878353118896484,31.153756174820515,30.7114424653264,30.878353118896484,19393800
2017-09-19 00:00:00+00:00,31.0703125,31.128730776116974,30.895057671649084,31.045277005537663,23850500
2017-09-20 00:00:00+00:00,30.936779022216797,31.120381104912816,30.59461353036485,31.070306941389344,23957500
2017-09-21 00:00:00+00:00,31.045270919799805,31.10368918446517,30.753176412916325,30.870016125803712,22954200
2017-09-22 00:00:00+00:00,31.028581619262695,31.06196439661874,30.836635424800736,30.836635424800736,21631800
2017-09-25 00:00:00+00:00,31.01188087463379,31.070299125604276,30.753169203510268,30.92007985637848,23180800
2017-09-26 00:00:00+00:00,31.270610809326172,31.412482877813048,30.878371023532008,31.05362587880089,29790400
2017-09-27 00:00:00+00:00,31.329010009765625,31.454190608605405,30.96180594596828,31.39577235910234,25981400
2017-09-28 00:00:00+00:00,31.571035385131836,31.612762258144365,31.120377516061307,31.145413003157554,21171400
2017-09-29 00:00:00+00:00,31.779674530029297,31.83809279189243,31.462544548803372,31.579381072529632,23217300
2017-10-02 00:00:00+00:00,32.58084487915039,32.62257175795529,31.779677345291805,31.813056938201655,37394500
2017-10-03 00:00:00+00:00,32.864593505859375,33.1316493618053,32.505736602515114,32.505736602515114,34002200
2017-10-04 00:00:00+00:00,32.83121109008789,32.88128525746389,32.430627301750775,32.872937971122745,28368800
2017-10-05 00:00:00+00:00,32.989768981933594,33.08991729989945,32.72271316780417,32.96473349422034,17710300
2017-10-06 00:00:00+00:00,33.0732307434082,33.29021243024154,32.897972753152445,33.04819206848202,18887500
2017-10-09 00:00:00+00:00,33.26517105102539,33.28186243683622,32.9814238593539,33.11495176228423,18494100
2017-10-10 00:00:00+00:00,33.089927673339844,33.340292179628996,32.86459866261239,33.323600788068724,29890000
2017-10-11 00:00:00+00:00,32.797828674316406,33.106611417655316,32.59753836971273,32.94804799454766,30754700
2017-10-12 00:00:00+00:00,32.706031799316406,32.87294253016107,32.53077696453034,32.83955974728066,18286900
2017-10-13 00:00:00+00:00,33.10660934448242,33.223449062334424,32.78113523221526,32.91466315477504,16829400
2017-10-16 00:00:00+00:00,33.18171310424805,33.20675177397449,32.91465730657832,33.139986232778945,12489100
2017-10-17 00:00:00+00:00,33.206764221191406,33.27352660385592,32.85625136564107,33.01481799363946,15532800
2017-10-18 00:00:00+00:00,33.59064483642578,33.62402760777015,33.04818594452682,33.21509661769237,21424600
2017-10-19 00:00:00+00:00,33.45711898803711,33.65741244484005,33.24013732809404,33.281864203057346,19222700
2017-10-20 00:00:00+00:00,33.740875244140625,33.757566635313914,33.46547206511743,33.65742147183155,18335700
2017-10-23 00:00:00+00:00,34.07469177246094,34.24994657909831,33.715834873028115,33.84101551338757,28647000
2017-10-24 00:00:00+00:00,34.17483901977539,34.258292785139034,33.982892812593334,34.21656590245721,19652400
2017-10-25 00:00:00+00:00,34.032962799072266,34.26663906563175,33.79094561320125,34.12476384841096,24031700
2017-10-26 00:00:00+00:00,34.50865173339844,34.70060109337003,33.9745400801468,34.14145076767708,38247400
2017-10-27 00:00:00+00:00,37.05403137207031,37.554760235115936,35.96911352954401,36.136024211744704,90028300
2017-10-30 00:00:00+00:00,37.02899169921875,37.71332261253748,36.620063881618144,37.120792731124794,48161500
2017-10-31 00:00:00+00:00,37.96369171142578,38.22240024762086,37.26266938445821,37.721671378453955,47000900
2017-11-01 00:00:00+00:00,38.981849670410156,38.981849670410156,38.04715408382289,38.36428413739182,47813700
2017-11-02 00:00:00+00:00,39.30731964111328,39.41581207643468,38.56457034976185,38.898391758339905,44602300
2017-11-03 00:00:00+00:00,38.673065185546875,39.47423279559495,38.055496496411635,39.390779030048854,39298100
2017-11-06 00:00:00+00:00,39.20446014404297,39.23804074945832,38.6923671199386,39.12050863050458,34035000
2017-11-07 00:00:00+00:00,39.27161407470703,39.53185893601947,38.944211211959995,39.204456073272425,24461400
2017-11-08 00:00:00+00:00,39.20446014404297,39.20446014404297,38.85187019202734,39.13729893321226,21565800
2017-11-09 00:00:00+00:00,38.86865997314453,38.94421473310379,38.32298955337013,38.65878599574913,25570400
2017-11-10 00:00:00+00:00,38.264225006103516,38.69236650991947,38.09632518409663,38.650392355023435,24095400
2017-11-13 00:00:00+00:00,38.40694046020508,38.56644354093803,37.98719247703344,37.995586027630765,18999000
2017-11-14 00:00:00+00:00,38.49928283691406,38.54965054182211,38.045954278205166,38.36496361978803,22201200
2017-11-15 00:00:00+00:00,38.163482666015625,38.45730815108801,37.92002808757863,38.10471820948569,17157200
2017-11-16 00:00:00+00:00,38.32299041748047,38.67557717029199,38.16348414151284,38.30620011461952,26439400
2017-11-17 00:00:00+00:00,37.466705322265625,38.29780452333701,37.45830856936911,38.197065905539276,63798000
2017-11-20 00:00:00+00:00,37.45831298828125,37.87806101478237,37.35757435859951,37.550658066499224,22420000
2017-11-21 00:00:00+00:00,37.72694778442383,37.962008833954926,37.533864095381745,37.54226084844874,21871000
2017-11-22 00:00:00+00:00,37.483489990234375,37.73533809807642,37.39114493679372,37.7269413464423,19538300
2017-11-24 00:00:00+00:00,37.567447662353516,37.59263151869251,37.29880918666015,37.39954781443936,6465800
2017-11-27 00:00:00+00:00,37.34916687011719,37.44990546220785,37.16447678259922,37.29039922210703,18202100
2017-11-28 00:00:00+00:00,37.550655364990234,37.64300043656462,37.20646213611856,37.48349735084172,20194100
2017-11-29 00:00:00+00:00,36.89585494995117,37.852880010095646,36.74474539283115,37.651399533127766,27036900
2017-11-30 00:00:00+00:00,37.64299392700195,37.94521294446551,37.21485245387692,37.240036304524715,34145300
2017-12-01 00:00:00+00:00,37.5086784362793,37.64299765708153,36.54325683509758,37.55065259232571,26656300
2017-12-04 00:00:00+00:00,37.34916687011719,38.02915636975679,37.21484767985561,37.79409858740454,28000800
2017-12-05 00:00:00+00:00,36.46770477294922,37.693371356231346,36.29141138304958,37.44151999646263,30626900
2017-12-06 00:00:00+00:00,36.476097106933594,36.70276138180985,35.82128813426131,36.2158522278336,27710800
2017-12-07 00:00:00+00:00,36.16548156738281,36.602016576913904,35.913630258716324,36.4844876741615,32708400
2017-12-08 00:00:00+00:00,36.39215087890625,36.58523778000912,36.190673629163555,36.39215087890625,23154700
2017-12-11 00:00:00+00:00,36.65238571166992,36.75312430882522,36.30819256916891,36.33337641785217,20425900
2017-12-12 00:00:00+00:00,36.375370025634766,36.61882147736065,36.1654959863521,36.49289897524526,16557400
2017-12-13 00:00:00+00:00,36.38376235961914,36.652400864710145,36.29981402768705,36.64400731248637,21399500
2017-12-14 00:00:00+00:00,36.31658935546875,36.57683422394433,36.11511214319689,36.459305316381986,19644900
2017-12-15 00:00:00+00:00,37.40793991088867,37.642997747249915,36.15708956220313,36.43412475713417,47477000
2017-12-18 00:00:00+00:00,38.8350830078125,38.910637774852766,37.810900079783735,37.903245150879954,50369300
2017-12-19 00:00:00+00:00,39.489891052246094,39.674577987319694,38.52446940932507,38.868662627663156,41421100
2017-12-20 00:00:00+00:00,39.92643737792969,39.99359540354419,39.17088957461896,39.85088259759861,40935000
2017-12-21 00:00:00+00:00,39.25483703613281,39.951620350659574,39.08694037461058,39.909646185279016,42963500
2017-12-22 00:00:00+00:00,39.20446014404297,39.47309858252021,38.63360266167313,38.89384755000793,33913500
2017-12-26 00:00:00+00:00,38.6839714050293,39.011374283450444,38.57483604474804,38.85186801786493,15533300
2017-12-27 00:00:00+00:00,38.70915603637695,38.91903000907262,38.61681097600323,38.70915603637695,13359700
2017-12-28 00:00:00+00:00,38.80150604248047,38.91903496978293,38.57484173878727,38.91903496978293,9504400
2017-12-29 00:00:00+00:00,38.75113296508789,39.02816816604532,38.69236850471927,38.79310712214792,17394500
2018-01-02 00:00:00+00:00,39.33038330078125,39.37236065949834,38.793106414400064,38.93582238870792,23370800
2018-01-03 00:00:00+00:00,37.99558639526367,38.793108211490946,36.64400056640878,38.171882983743004,116479000
2018-01-04 00:00:00+00:00,37.29880905151367,37.48349920379238,35.8380845431034,36.534867788574346,89209100
2018-01-05 00:00:00+00:00,37.559051513671875,37.90324473700295,36.85387476313712,37.298806607280866,41824000
2018-01-08 00:00:00+00:00,37.559051513671875,37.642999830611934,36.90424247233195,37.16448737872296,33733800
2018-01-09 00:00:00+00:00,36.618812561035156,37.64299864813077,36.50968039292586,37.52546972713742,44282300
2018-01-10 00:00:00+00:00,35.67856979370117,36.60201384856927,35.62819889523808,36.37535281154081,45735000
2018-01-11 00:00:00+00:00,36.4425163269043,36.58523229295538,35.636601043958414,35.930423323442014,35371500
2018-01-12 00:00:00+00:00,36.299808502197266,36.60202437260421,36.106721603782326,36.47610189387376,29973600
2018-01-16 00:00:00+00:00,36.21585464477539,36.76152829134853,36.005980658004624,36.56004785498253,38367200
2018-01-17 00:00:00+00:00,37.26521682739258,37.315587726612556,36.526459650943984,36.560040250423974,32368600
2018-01-18 00:00:00+00:00,37.340782165527344,37.55905292163054,37.080537249380654,37.27362414994238,26826500
2018-01-19 00:00:00+00:00,37.626197814941406,37.68496225899261,37.14768551199757,37.458298030899954,25780200
2018-01-22 00:00:00+00:00,38.40694046020508,38.44052106744032,37.60102510109704,37.60941865169437,27706800
2018-01-23 00:00:00+00:00,38.66718673706055,38.69237059217065,38.306203202508016,38.4573127380148,22135100
2018-01-24 00:00:00+00:00,38.20546340942383,38.725953260487486,37.74374122744815,38.53286955538577,32464200
2018-01-25 00:00:00+00:00,38.02916717529297,38.927427615851485,37.920031801439,38.51607637985449,36758700
2018-01-26 00:00:00+00:00,42.04195785522461,42.100722314331584,40.39654339296071,40.61481412886335,86916100
2018-01-29 00:00:00+00:00,41.958003997802734,42.68836452194114,41.44591099495739,41.6389946644458,46304000
2018-01-30 00:00:00+00:00,40.959014892578125,42.02517530838104,40.91704072867257,41.538266040291006,32814600
2018-01-31 00:00:00+00:00,40.413333892822266,41.3451748952345,39.926427914645885,41.32838459220457,41619900
2018-02-01 00:00:00+00:00,40.00197982788086,40.690366190962344,39.83408001196334,40.04395398125458,28840400
2018-02-02 00:00:00+00:00,38.742733001708984,40.11950562089266,38.7007556491744,39.72494156450866,28663000
2018-02-05 00:00:00+00:00,37.37436294555664,39.674580231666624,37.357572640977786,38.91063898665591,47869000
2018-02-06 00:00:00+00:00,37.957542419433594,37.974446632895,36.36858181970033,37.2053226532205,58145400
2018-02-07 00:00:00+00:00,38.2026481628418,39.13235732162939,37.475783114555604,37.67863044920601,37508400
2018-02-08 00:00:00+00:00,36.131927490234375,38.388586677120706,36.123476995996675,38.270260412899546,43151300
2018-02-09 00:00:00+00:00,37.14616775512695,37.42507927871465,35.53185208931098,36.76583092828031,49301100
2018-02-12 00:00:00+00:00,37.88992691040039,38.1688383583071,37.264483939946224,37.31519657781512,28379500
2018-02-13 00:00:00+00:00,37.57720184326172,37.84766278275354,37.408162950042154,37.687077607476745,19517600
2018-02-14 00:00:00+00:00,38.35478591918945,38.46465847775209,37.22222933535321,37.247584045152394,19922000
2018-02-15 00:00:00+00:00,38.81118392944336,38.87035028815594,37.99135054014162,38.777378726942054,23536800
2018-02-16 00:00:00+00:00,38.50691604614258,39.377462036627676,38.46465390263839,38.72666436127951,21475200
2018-02-20 00:00:00+00:00,39.149261474609375,39.47888557177859,38.36323329329094,38.422396427441875,25512000
2018-02-21 00:00:00+00:00,38.82807922363281,39.77469560750206,38.81117501419069,39.44506835960307,27527500
2018-02-22 00:00:00+00:00,38.70975875854492,39.35210591661331,38.55762407501024,38.99712391364946,16946400
2018-02-23 00:00:00+00:00,40.340972900390625,40.39168552970413,39.14080302397283,39.16615772655541,26040900
2018-02-26 00:00:00+00:00,41.507347106933594,41.524251320584106,40.65370205040256,40.738223118655135,26992300
2018-02-27 00:00:00+00:00,42.18349838256836,43.02023920264491,41.67638488346979,41.72709429889024,43624100
2018-02-28 00:00:00+00:00,41.659481048583984,42.54693129213981,41.65102732983781,42.411700809542246,35541200
2018-03-01 00:00:00+00:00,40.433956146240234,42.02291685904542,40.12123623532328,41.83697372188704,36326600
2018-03-02 00:00:00+00:00,41.39746856689453,41.456631698647506,39.690181791947246,39.89302911806377,33310600
2018-03-05 00:00:00+00:00,42.04825973510742,42.090518647800465,40.60298364162597,41.050933919639334,30826500
2018-03-06 00:00:00+00:00,42.859649658203125,43.38367058080981,42.386344597976326,42.394795092273704,39132300
2018-03-07 00:00:00+00:00,43.375221252441406,43.51890546323057,42.34408673975778,42.41170359757602,31801900
2018-03-08 00:00:00+00:00,42.885005950927734,44.0175623682911,42.6568039238304,43.77245612909596,29481200
2018-03-09 00:00:00+00:00,44.11053466796875,44.20350623079855,43.104758138758065,43.33296018639056,32727900
2018-03-12 00:00:00+00:00,43.54426574707031,43.90769834399441,42.6821700444236,43.83163098128588,32044400
2018-03-13 00:00:00+00:00,43.763999938964844,45.45438236347981,43.4343758820482,44.389442854660764,45573900
2018-03-14 00:00:00+00:00,43.83161926269531,44.10208020798335,43.3667647144908,44.00065815953754,24993500
2018-03-15 00:00:00+00:00,43.00333023071289,44.20350021703842,43.00333023071289,44.14433708949554,25631200
2018-03-16 00:00:00+00:00,43.24843978881836,43.69639339629345,43.09630831218713,43.24843978881836,42559800
2018-03-19 00:00:00+00:00,42.96107864379883,43.29915325541364,42.20040512540442,42.88501129195939,31115200
2018-03-20 00:00:00+00:00,43.56961441040039,43.78936597177961,42.97797980749758,43.00333774097931,22215000
2018-03-21 00:00:00+00:00,43.578067779541016,44.09363180200623,43.24844044012013,43.569614060398614,23239500
2018-03-22 00:00:00+00:00,42.96107864379883,43.916142565156136,42.766681792537554,42.88501129195939,30916000
2018-03-23 00:00:00+00:00,41.71864700317383,43.09630985436178,41.71864700317383,42.75823201294106,37683900
2018-03-26 00:00:00+00:00,44.35563278198242,44.364086499313665,42.53001996039993,42.88500193289712,39306200
2018-03-27 00:00:00+00:00,43.26533508300781,45.006430064018204,42.91880683026018,44.80358276341421,38777000
2018-03-28 00:00:00+00:00,41.92148208618164,42.85119433747369,41.42281915093049,42.68215545322527,37970900
2018-03-29 00:00:00+00:00,44.0175666809082,44.0175666809082,42.149691362954464,42.24266292652694,45265800
2018-04-02 00:00:00+00:00,41.346763610839844,43.98376321951909,39.969103887905234,43.68794428164734,67187800
2018-04-03 00:00:00+00:00,42.04825973510742,42.22574910290724,40.91570346453256,41.414366372266606,39432400
2018-04-04 00:00:00+00:00,42.25111770629883,42.394798690591685,40.57763596827553,40.653703320003864,30370000
2018-04-05 00:00:00+00:00,42.58073806762695,42.868103235021934,42.23420976789909,42.26801496912581,25115400
2018-04-06 00:00:00+00:00,41.23689651489258,42.597655426804224,40.991790191497955,42.08208806523274,28215200
2018-04-09 00:00:00+00:00,41.87922286987305,43.19772228854707,41.54959882124167,41.54959882124167,31437000
2018-04-10 00:00:00+00:00,43.33295822143555,43.51890133866346,42.54693005661617,43.2061782371167,25906400
2018-04-11 00:00:00+00:00,43.18928146362305,43.72175297567195,42.952628891223306,43.09631311314421,17568400
2018-04-12 00:00:00+00:00,44.558494567871094,45.023349223588966,43.48510103243556,43.5189094644531,29781400
2018-04-13 00:00:00+00:00,43.83161926269531,44.972626174119924,43.61186772955579,44.845849419599844,20884900
2018-04-16 00:00:00+00:00,44.288021087646484,44.39789362453692,43.772453929096216,44.19504953785563,18855500
2018-04-17 00:00:00+00:00,45.25154113769531,45.38677161123634,44.70216552535116,44.71906973756239,21228700
2018-04-18 00:00:00+00:00,45.31071090698242,45.94460444910775,45.08250884491939,45.23464355296141,22164700
2018-04-19 00:00:00+00:00,44.13589096069336,44.76133072061296,43.62032374899136,44.75288022619198,25422400
2018-04-20 00:00:00+00:00,43.55270767211914,44.18660116188986,43.00333524880726,44.09362960085964,26910100
2018-04-23 00:00:00+00:00,43.18928146362305,43.856983477636014,42.97798360279485,43.68794454414356,21706700
2018-04-24 00:00:00+00:00,43.4850959777832,45.3360638895709,43.2230854963273,43.84007480025653,42494700
2018-04-25 00:00:00+00:00,43.42593765258789,44.03447330485043,42.76668612842499,43.83162916214609,25752800
2018-04-26 00:00:00+00:00,44.83739471435547,45.02333781920315,44.00910768462746,44.16969285981036,39575000
2018-04-27 00:00:00+00:00,44.56694412231445,47.15323108232914,44.14434840347118,46.85741214464917,69888100
2018-04-30 00:00:00+00:00,43.62877655029297,45.10786141164217,43.28224822602855,44.423258482130265,36417400
2018-05-01 00:00:00+00:00,45.07406234741211,45.1501264840302,43.4766477712911,43.645686709013646,27600800
2018-05-02 00:00:00+00:00,44.21195602416992,44.96417573060575,44.076725551374146,44.87120417603076,25778300
2018-05-03 00:00:00+00:00,44.18659210205078,44.42324781546359,43.28223783333493,43.856968070818624,28561000
2018-05-04 00:00:00+00:00,44.86664962768555,44.91765494513326,43.35352754705853,43.880569522992126,25642500
2018-05-07 00:00:00+00:00,45.334197998046875,45.546715326199525,44.909163341741575,44.93466438343763,20285700
2018-05-08 00:00:00+00:00,45.58921813964844,45.58921813964844,44.88365905371442,45.30019444367356,21026800
2018-05-09 00:00:00+00:00,46.19276428222656,46.21826532265579,45.215183324185375,45.69972254888213,19827500
2018-05-10 00:00:00+00:00,46.73680877685547,46.75381055164145,45.98874690005726,46.37127872584935,18715900
2018-05-11 00:00:00+00:00,46.47328186035156,46.91531823588761,46.26926706718518,46.430779048671624,15405000
2018-05-14 00:00:00+00:00,46.66881561279297,46.9578393648591,46.532804626100535,46.558305672743586,21878200
2018-05-15 00:00:00+00:00,45.83572769165039,46.541286653143544,45.52970551702464,46.3967764520222,21712600
2018-05-16 00:00:00+00:00,46.447784423828125,46.498789747453415,45.869737060435845,46.048250828988984,16260500
2018-05-17 00:00:00+00:00,46.5922966003418,47.12783789122296,46.26076687006134,46.37127678015482,16872600
2018-05-18 00:00:00+00:00,45.47870635986328,46.36277918698958,45.45320531921287,46.35427667826814,23679900
2018-05-21 00:00:00+00:00,46.17577362060547,46.940837445175845,45.784742440384036,46.20977717786587,25367400
2018-05-22 00:00:00+00:00,46.28627395629883,46.79631423834475,45.946244939763524,46.52429232221932,19009600
2018-05-23 00:00:00+00:00,46.93232345581055,46.94932523028246,45.76772946791798,45.90374042093641,20555400
2018-05-24 00:00:00+00:00,46.54130172729492,47.00883926961121,46.01425958374333,46.906831845030354,19667100
2018-05-25 00:00:00+00:00,47.12784957885742,47.17885491372447,46.362789012397556,46.583805644639476,18550000
2018-05-29 00:00:00+00:00,47.02582931518555,47.442364662670194,46.592295436809636,46.85581482146208,24253500
2018-05-30 00:00:00+00:00,47.33185577392578,47.77389217001678,47.28085045188407,47.51036953693652,24711500
2018-05-31 00:00:00+00:00,46.9238166809082,47.48486217767178,46.804807521406296,47.32334696741371,30962100
2018-06-01 00:00:00+00:00,48.521949768066406,48.538948297836434,47.43385902566233,47.467862570715454,31183200
2018-06-04 00:00:00+00:00,48.30942916870117,48.96397953100694,48.26692311891617,48.4624386254532,22538100
2018-06-05 00:00:00+00:00,48.05441665649414,48.55595767492836,47.79089724795285,48.36894463336032,21687000
2018-06-06 00:00:00+00:00,48.47945022583008,48.504954509423236,47.67188700028576,48.054415583856446,22955400
2018-06-07 00:00:00+00:00,47.50188064575195,48.45395749916699,47.28086077805715,48.38595038825858,27596100
2018-06-08 00:00:00+00:00,46.79631042480469,47.34885672095701,46.464783944216,47.2298475476951,30822900
2018-06-11 00:00:00+00:00,46.34577560424805,46.83031481424454,46.12475578471049,46.58379395505142,25752400
2018-06-12 00:00:00+00:00,46.600791931152344,46.77930567970617,46.0907517230681,46.6432947413666,23294900
2018-06-13 00:00:00+00:00,46.77931213378906,47.34886024606097,46.677304726649695,46.736809317710744,22631400
2018-06-14 00:00:00+00:00,47.21284866333008,47.48487057393512,46.90682320321016,47.1363422983001,23419800
2018-06-15 00:00:00+00:00,46.847320556640625,47.076839661253345,46.39678485652515,46.89832264027205,39194700
2018-06-18 00:00:00+00:00,45.24068832397461,46.158761464294834,44.49262644621804,46.158761464294834,40764400
2018-06-19 00:00:00+00:00,44.99416732788086,45.01116910264119,44.101595230883724,44.322611817254106,31780900
2018-06-20 00:00:00+00:00,45.44471740722656,45.691238355218964,44.79016346398363,45.21519823938102,21403000
2018-06-21 00:00:00+00:00,44.3651237487793,46.35428640586731,44.15260638474322,46.226777933100244,44435600
2018-06-22 00:00:00+00:00,44.62863540649414,45.130176391248824,44.458620908775174,44.730642808022786,34682100
2018-06-25 00:00:00+00:00,43.10700988769531,43.99108266541651,42.426955152046986,43.4980409553485,45356500
2018-06-26 00:00:00+00:00,42.22294616699219,42.851998959124614,41.959426724453,42.46096780759343,37543000
2018-06-27 00:00:00+00:00,41.44936752319336,42.554459937640516,41.44086825908117,41.94240915336286,33338800
2018-06-28 00:00:00+00:00,41.86592483520508,42.069942951570845,41.22837268035424,41.29637980006214,29055700
2018-06-29 00:00:00+00:00,42.25694274902344,42.59697175505629,42.07842898009681,42.10393002058435,28906500
2018-07-02 00:00:00+00:00,42.67346954345703,42.732974121140984,41.50887578238455,41.687389515436394,23755500
2018-07-03 00:00:00+00:00,42.05293655395508,43.23453256569036,42.018932997834945,42.99651415836457,16327900
2018-07-05 00:00:00+00:00,43.14102554321289,43.31953935340572,42.290956074381114,42.4864716630815,26163500
2018-07-06 00:00:00+00:00,43.668052673339844,43.778562574217474,42.843487777501856,43.15801246472343,19968000
2018-07-09 00:00:00+00:00,44.084590911865234,44.1100919511555,43.35353085314755,43.89757464305184,21361600
2018-07-10 00:00:00+00:00,44.33961868286133,44.42462432366593,44.06759674097779,44.28861335272416,17362900
2018-07-11 00:00:00+00:00,43.5235481262207,44.093092991768415,43.51504561741006,43.940080260746676,18665600
2018-07-12 00:00:00+00:00,44.50112533569336,44.61163524963022,43.97408329214031,44.24610520124878,20292700
2018-07-13 00:00:00+00:00,44.390621185302734,44.560632456082175,43.99958683134149,44.54363392320993,13749300
2018-07-16 00:00:00+00:00,44.21210479736328,44.475627459266434,44.093095609006106,44.33111722847763,15951500
2018-07-17 00:00:00+00:00,43.99108123779297,44.10159114211098,43.36202860100966,43.39603214737777,15754500
2018-07-18 00:00:00+00:00,43.9655876159668,44.178104952482094,43.7530702794515,44.09309607222165,14649000
2018-07-19 00:00:00+00:00,44.18659210205078,44.21209313775728,43.39602756758605,43.86356493115772,15954600
2018-07-20 00:00:00+00:00,44.12709045410156,44.2631013914961,43.634052022080084,44.059086606782564,17380500
2018-07-23 00:00:00+00:00,44.467124938964844,44.628636933808984,43.63405743866458,44.00808675224114,15945500
2018-07-24 00:00:00+00:00,44.35661697387695,45.308693695651826,44.27161133975238,44.84965548876218,17788700
2018-07-25 00:00:00+00:00,44.56913375854492,44.586135533713964,43.430040764275674,44.38211747444254,19854800
2018-07-26 00:00:00+00:00,44.33961868286133,45.20668983864909,44.093097784667705,44.586139581054944,28282500
2018-07-27 00:00:00+00:00,40.53129959106445,41.823405160230884,40.36128510303475,41.44937263801421,67816700
2018-07-30 00:00:00+00:00,40.53981018066406,40.79483360532548,39.46872411956479,40.48880808993782,35696600
2018-07-31 00:00:00+00:00,40.888336181640625,41.38137798219059,40.53980786298741,41.007348619632154,36581200
2018-08-01 00:00:00+00:00,41.491878509521484,41.576884131783984,40.803321295271395,40.85432661428287,28060700
2018-08-02 00:00:00+00:00,42.061424255371094,42.09542780214079,40.9733367007945,41.2283568160538,26452500
2018-08-03 00:00:00+00:00,42.188941955566406,42.31645041001566,41.79790759742008,42.07843203417133,22008200
2018-08-06 00:00:00+00:00,42.16327667236328,42.17183088826037,41.32514295070923,41.71000110414156,26669000
2018-08-07 00:00:00+00:00,42.505374908447266,42.616556881362996,42.25735483904972,42.27446000891964,28322700
2018-08-08 00:00:00+00:00,42.727725982666016,42.87311826262399,42.283001453495785,42.41983951920379,21990600
2018-08-09 00:00:00+00:00,42.88167953491211,43.27508866069646,42.522480749407514,42.64221367790905,23795600
2018-08-10 00:00:00+00:00,41.77842330932617,42.052099524818864,41.30804251785297,41.487641922555454,28712400
2018-08-13 00:00:00+00:00,41.43632507324219,42.11196458260189,41.37645861165107,41.83828513500004,17070600
2018-08-14 00:00:00+00:00,41.15410232543945,41.701454797476984,40.752142188930804,41.62448315219183,23061600
2018-08-15 00:00:00+00:00,40.58963394165039,41.051463691170596,40.11070228657215,40.86331010526002,26739900
2018-08-16 00:00:00+00:00,40.34162521362305,41.00871390418996,40.23899743910434,40.83766543834003,24358000
2018-08-17 00:00:00+00:00,40.281761169433594,40.529781296750755,39.623229919282736,40.19623856258963,26382000
2018-08-20 00:00:00+00:00,39.76861572265625,40.29886301879781,39.50349044334644,40.23899654645012,24334000
2018-08-21 00:00:00+00:00,40.72648239135742,40.923186980122885,39.88834851912622,39.90545369151601,19254300
2018-08-22 00:00:00+00:00,40.2390022277832,40.49557332585251,40.127820222377714,40.410050713988916,23182500
2018-08-23 00:00:00+00:00,40.17912673950195,40.34162097060573,39.94821182426325,40.07649897577735,31343200
2018-08-24 00:00:00+00:00,40.76068878173828,40.95739335142045,40.26465188046972,40.44425127942156,18214700
2018-08-27 00:00:00+00:00,41.35080337524414,41.38501371743652,40.73503352817021,41.05147103725527,17170300
2018-08-28 00:00:00+00:00,41.5389518737793,41.72710547016348,41.31659120189768,41.521846704791884,13472400
2018-08-29 00:00:00+00:00,41.692893981933594,41.78697077753022,41.3935616891055,41.650132691883485,13479100
2018-08-30 00:00:00+00:00,41.2567253112793,41.76131638470368,41.128438173341216,41.49619115545445,16418800
2018-08-31 00:00:00+00:00,41.41922378540039,41.530405765550626,40.983050081529804,41.01726042349569,16484000
2018-09-04 00:00:00+00:00,41.01725769042969,41.419221025550726,40.67516408099859,41.37645973218154,15682900
2018-09-05 00:00:00+00:00,40.81199645996094,41.15409002146854,40.59818676058977,40.837652579892804,20857200
2018-09-06 00:00:00+00:00,40.41859817504883,41.017266193760676,40.37583687281475,40.84621772234611,19318100
2018-09-07 00:00:00+00:00,39.725852966308594,40.606748109252734,39.64888132432954,40.11926213087802,25958300
2018-09-10 00:00:00+00:00,39.59756088256836,39.99096999819426,39.53769441986344,39.819924826167366,21522400
2018-09-11 00:00:00+00:00,38.42588424682617,39.3666457369478,38.391673907645654,39.34098961380117,32455300
2018-09-12 00:00:00+00:00,38.42588424682617,38.46864553956306,37.681827313276244,38.10944676560017,29778700
2018-09-13 00:00:00+00:00,38.973228454589844,39.212694253703795,38.57981942390927,39.06730523637799,18657100
2018-09-14 00:00:00+00:00,38.94758224487305,39.31533525133915,38.78508475772712,39.15283776419322,22998700
2018-09-17 00:00:00+00:00,38.844947814941406,39.25546534252314,38.64824326681707,38.733769111095505,17603200
2018-09-18 00:00:00+00:00,39.4265251159668,39.79427822644473,38.83641125292196,38.98180361083301,20528100
2018-09-19 00:00:00+00:00,39.46928405761719,39.71730090637351,39.24692007427662,39.417968539351335,15918900
2018-09-20 00:00:00+00:00,40.367279052734375,40.504117154100484,39.78571630630899,40.00807699759979,21999300
2018-09-21 00:00:00+00:00,39.90545654296875,40.55543682783483,39.6574364193116,40.29886574861081,52650600
2018-09-24 00:00:00+00:00,40.1192626953125,40.19623433837446,39.46928246916101,39.60612058321806,17847000
2018-09-25 00:00:00+00:00,39.26401901245117,39.674533305959656,39.16994220847426,39.52914425434268,23389900
2018-09-26 00:00:00+00:00,39.084415435791016,39.59755743211253,38.98178768902216,39.37519677036714,23957700
2018-09-27 00:00:00+00:00,39.23837661743164,39.486393513582975,39.110089428490916,39.26403275022829,15415500
2018-09-28 00:00:00+00:00,40.44425582885742,40.83766501247501,38.87916678699717,39.01600490575451,46223500
2018-10-01 00:00:00+00:00,39.725852966308594,40.384387400467645,39.51204321219765,40.01663436239859,23796200
2018-10-02 00:00:00+00:00,41.13699722290039,41.80408590399995,40.469911804278915,40.632406050167255,42121100
2018-10-03 00:00:00+00:00,41.701446533203125,42.522478341027764,41.5304013664472,41.581713611483,39211900
2018-10-04 00:00:00+00:00,41.16265869140625,41.786982841314966,40.72648492453197,41.769877667861245,30108300
2018-10-05 00:00:00+00:00,40.221885681152344,41.34224984968936,39.905448191747844,41.24817304575023,28901400
2018-10-08 00:00:00+00:00,40.221885681152344,40.49556187671477,39.78571526399898,40.162019217277916,19376800
2018-10-09 00:00:00+00:00,39.811363220214844,40.726468423100684,39.80281226819176,40.35016454702326,23285700
2018-10-10 00:00:00+00:00,38.3147087097168,39.443623992426595,38.3147087097168,39.392311737516735,43109500
2018-10-11 00:00:00+00:00,37.82720947265625,39.007439859641345,37.399590098202786,38.61403081813862,43648800
2018-10-12 00:00:00+00:00,38.383121490478516,38.776530588620595,37.827214918664026,38.716664128576255,32087400
2018-10-15 00:00:00+00:00,38.08378219604492,38.60547837886369,38.00681057460483,38.169308032354515,21633000
2018-10-16 00:00:00+00:00,39.289676666259766,39.34954313248951,38.34036416069764,38.40023062692738,21472000
2018-10-17 00:00:00+00:00,39.246910095214844,39.62321727519361,38.947577804301986,39.340986890209535,23124400
2018-10-18 00:00:00+00:00,38.46009826660156,39.12718363207352,38.340365330488936,39.041661038415306,26638800
2018-10-19 00:00:00+00:00,37.630516052246094,38.63969833464547,37.51078311407632,38.5028602249546,28368500
2018-10-22 00:00:00+00:00,38.49431228637695,38.776542768789966,37.7160447988601,38.05814176012223,34508800
2018-10-23 00:00:00+00:00,38.05813217163086,38.56272326800102,37.553541075260696,37.78445597656341,38590300
2018-10-24 00:00:00+00:00,36.279239654541016,37.938405532433414,36.227927398509294,37.76735706654537,33631800
2018-10-25 00:00:00+00:00,37.89563751220703,38.434435679873175,37.01473921094535,37.23710315591531,48255300
2018-10-26 00:00:00+00:00,39.075870513916016,39.71729979310853,38.22918569236958,38.99034791501489,67280400
2018-10-29 00:00:00+00:00,38.82785415649414,39.98242556845289,38.00682218940194,39.76861580605475,35732200
2018-10-30 00:00:00+00:00,40.846214294433594,40.948845326156224,38.87916519444122,38.939031665040446,43975200
2018-10-31 00:00:00+00:00,40.09360122680664,41.5304028642205,40.050839933575496,41.299487965799244,33369100
2018-11-01 00:00:00+00:00,41.23963165283203,41.45344143408897,40.07650592079773,40.15347757254936,28335300
2018-11-02 00:00:00+00:00,40.29031753540039,41.265289660300034,39.982430914383976,41.16266187412073,30759800
2018-11-05 00:00:00+00:00,41.025814056396484,41.26527992179434,40.127810536199085,40.487012596773596,23751200
2018-11-06 00:00:00+00:00,40.66435241699219,41.24096705531455,40.4750146990908,41.13769342873625,23839600
2018-11-07 00:00:00+00:00,41.92947006225586,41.95528765024677,40.95696709081256,40.99139273014021,29913200
2018-11-08 00:00:00+00:00,42.16183853149414,42.42002426244254,41.70570701437529,41.73152788557691,26581700
2018-11-09 00:00:00+00:00,41.40447998046875,42.196249784769435,41.197929480254885,41.9897025675644,21761400
2018-11-12 00:00:00+00:00,40.14797592163086,41.13768822405894,40.10494223990918,41.06023219317248,24412800
2018-11-13 00:00:00+00:00,40.78483963012695,41.5249744144009,40.440593107378014,40.440593107378014,29315900
2018-11-14 00:00:00+00:00,40.52666091918945,41.28400865290083,40.35453598657187,41.18073172352426,25632700
2018-11-15 00:00:00+00:00,41.40447998046875,41.51636163820996,40.20821722487902,40.45779483875104,29581000
2018-11-16 00:00:00+00:00,42.02414321899414,42.21347768860535,41.04303209605603,41.11188338174011,31670600
2018-11-19 00:00:00+00:00,41.30980682373047,42.299522258752404,41.12046915855899,41.8347861440634,26859000
2018-11-20 00:00:00+00:00,40.78483963012695,41.413092735077996,40.526653917312885,40.793447680926114,29200800
2018-11-21 00:00:00+00:00,40.47500991821289,41.20653983450903,40.46640515160167,41.18071896865735,19011400
2018-11-23 00:00:00+00:00,40.053314208984375,40.509442426001094,40.036101389831536,40.18240542811631,8906900
2018-11-26 00:00:00+00:00,40.83647155761719,40.845076324031304,40.19100573726394,40.681559498091694,20723000
2018-11-27 00:00:00+00:00,41.370059967041016,41.49915445757887,40.09634101130525,40.397557111881206,27621000
2018-11-28 00:00:00+00:00,42.049964904785156,42.0671777278825,41.008613729973305,41.25819145735898,28003200
2018-11-29 00:00:00+00:00,41.05162811279297,41.791762801854794,40.991384896986446,41.73151958604828,23592500
2018-11-30 00:00:00+00:00,42.437232971191406,42.44583773875191,40.93114585638124,41.26678760240029,43313700
2018-12-03 00:00:00+00:00,43.1429443359375,43.46137328033291,42.62656961428623,43.03106265379496,30870400
2018-12-04 00:00:00+00:00,41.09466552734375,42.68681355917836,41.034422301253336,42.617965564936284,35397700
2018-12-06 00:00:00+00:00,41.628257751464844,41.645470574068085,40.03610941528276,40.27708236570766,31661700
2018-12-07 00:00:00+00:00,39.795135498046875,41.36146620377568,39.78652744544927,41.25818927066532,34016400
2018-12-10 00:00:00+00:00,40.62994384765625,40.84509924182898,39.59719729902498,39.829565518692824,23289000
2018-12-11 00:00:00+00:00,40.77623748779297,41.81758845689779,40.56108216609315,41.22376095088976,23851000
2018-12-12 00:00:00+00:00,41.16351318359375,41.86061424789278,40.80205057583818,41.80897907750577,31305000
2018-12-13 00:00:00+00:00,41.55939865112305,41.80897958773711,41.18933127145649,41.53357778260512,19526000
2018-12-14 00:00:00+00:00,41.1893310546875,41.963888162952635,41.180723004223715,41.21514864006021,26372100
2018-12-17 00:00:00+00:00,40.51805114746094,41.66267573448136,40.15658850529001,41.18933469048029,26598700
2018-12-18 00:00:00+00:00,41.086055755615234,41.69709599326644,40.759018794516464,40.85368764770368,29014300
2018-12-19 00:00:00+00:00,39.21849822998047,41.077439436032556,39.05498142385393,40.87089223703151,39717600
2018-12-20 00:00:00+00:00,39.192691802978516,39.85537054743577,38.73656031629449,39.080810123262495,37750900
2018-12-21 00:00:00+00:00,38.59025955200195,40.14798530015294,38.55583391178641,39.373424810351956,52768300
2018-12-24 00:00:00+00:00,37.51448059082031,38.8742604648898,37.47145018472493,38.40952748284629,19241600
2018-12-26 00:00:00+00:00,39.752098083496094,39.76070613528868,37.4456326545592,37.8673385511302,28677600
2018-12-27 00:00:00+00:00,39.898399353027344,39.91561217098663,38.44394742405645,39.26153822057114,29970700
2018-12-28 00:00:00+00:00,40.234039306640625,41.08605570118765,39.84675912730107,40.02748878332313,24758700
2018-12-31 00:00:00+00:00,40.38895034790039,40.862291318123475,40.06191339557881,40.52664959892909,20490400
2019-01-02 00:00:00+00:00,40.51805114746094,40.853692918970616,39.390636096868526,39.55415295701155,18774600
2019-01-03 00:00:00+00:00,38.289031982421875,39.829541167776604,38.20296790756402,39.717662794974544,32267300
2019-01-04 00:00:00+00:00,40.63854217529297,40.93975834183601,39.192698009866355,39.45088376447611,35447300
2019-01-07 00:00:00+00:00,40.8278694152832,41.30981847942657,40.234041956524834,40.53525806973356,22736800
2019-01-08 00:00:00+00:00,41.086055755615234,41.335633397734284,40.259856944259965,41.13769092425611,22749200
2019-01-09 00:00:00+00:00,41.31843185424805,41.80038101878764,41.12048932676127,41.27540144097007,22554500
2019-01-10 00:00:00+00:00,41.791770935058594,41.86922698231361,40.80205514046775,41.094666509763414,27202600
2019-01-11 00:00:00+00:00,42.110191345214844,42.42001547134907,41.35284384610996,41.39587424518216,21751300
2019-01-14 00:00:00+00:00,41.61104202270508,42.024143170310985,41.56801161070737,41.70571089890601,19193900
2019-01-15 00:00:00+00:00,41.826175689697266,42.282307012915275,41.6884764728599,41.92084451683701,22480800
2019-01-16 00:00:00+00:00,41.42170333862305,42.07577407026188,41.37867293100372,41.82619310985628,19057700
2019-01-17 00:00:00+00:00,41.71430587768555,42.03273476628367,41.23235687853001,41.309812909054855,17448700
2019-01-18 00:00:00+00:00,42.33395767211914,42.4974778090708,41.903647051525496,42.265109679989095,29874600
2019-01-22 00:00:00+00:00,41.54217529296875,42.153215403706234,41.19792558615434,42.13600259006466,25940700
2019-01-23 00:00:00+00:00,41.258182525634766,41.998317343541785,40.896723167871585,41.662675573330375,18960700
2019-01-24 00:00:00+00:00,42.82451629638672,43.065492503259776,41.82619567651224,41.91225978004185,50578300
2019-01-25 00:00:00+00:00,40.483619689941406,40.819261413209844,39.37341761835414,40.320099570291234,86455700
2019-01-28 00:00:00+00:00,40.199615478515625,40.21682829648293,39.631605617632,39.700456889501204,35928700
2019-01-29 00:00:00+00:00,40.053314208984375,40.42338161324647,39.87258453239393,40.259861472799294,20988300
2019-01-30 00:00:00+00:00,40.91393280029297,41.03441924349553,39.97585555720389,40.173798040038,26931700
2019-01-31 00:00:00+00:00,40.55247497558594,40.604113435773556,39.67464085045488,40.191015603301835,43051300
2019-02-01 00:00:00+00:00,41.93806457519531,42.213463056452206,40.45779527618288,40.500828956323964,37442900
2019-02-04 00:00:00+00:00,42.35978317260742,42.37699599327402,41.51637465800291,41.84340840163884,20905000
2019-02-05 00:00:00+00:00,43.0396614074707,43.65070490685507,42.32534757440036,42.32534757440036,31641600
2019-02-06 00:00:00+00:00,43.21721267700195,43.85810734796643,43.1479249807792,43.26051583523157,21647800
2019-02-07 00:00:00+00:00,42.636940002441406,43.173906435635644,42.16059865184236,42.87078102265968,27825900
2019-02-08 00:00:00+00:00,42.299171447753906,42.455065463836846,41.58032645094709,42.23854636414601,18851200
2019-02-11 00:00:00+00:00,42.238548278808594,42.714889658957006,42.07399494495934,42.455067388314184,18004100
2019-02-12 00:00:00+00:00,43.31248092651367,43.42507178778437,42.671586216737644,42.74953322779899,18050100
2019-02-13 00:00:00+00:00,43.710880279541016,44.00534641002128,43.30382328345429,43.41641414906074,17712800
2019-02-14 00:00:00+00:00,44.00534439086914,44.20454157237467,43.6069467240387,43.658912498969464,17545400
2019-02-15 00:00:00+00:00,44.74150466918945,44.7501639791175,44.247841407812345,44.386413493395054,22520400
2019-02-19 00:00:00+00:00,44.516326904296875,44.78480846554635,44.46436113252964,44.47302044258126,15611800
2019-02-20 00:00:00+00:00,44.50766372680664,44.80212982212037,44.22186024525401,44.71552350742421,21607700
2019-02-21 00:00:00+00:00,44.52499008178711,44.897403218918846,44.35177413133662,44.44704306927536,16162100
2019-02-22 00:00:00+00:00,45.46034240722656,45.884717906435405,45.08792936696327,45.64221762117321,31934100
2019-02-25 00:00:00+00:00,45.988651275634766,46.43035204902297,45.780794808950056,45.95401073373329,20711800
2019-02-26 00:00:00+00:00,46.10124206542969,46.222492221482646,45.824097907646085,45.910704218021344,16082200
2019-02-27 00:00:00+00:00,46.10990905761719,46.23115922518475,45.477670377324706,45.69418947764372,17590300
2019-02-28 00:00:00+00:00,45.86739730834961,46.05793514016145,45.737487853420475,45.8327534655077,18388800
2019-03-01 00:00:00+00:00,46.16187286376953,46.490982830852516,45.80678166111821,46.28312303484764,18359300
2019-03-04 00:00:00+00:00,46.716163635253906,46.8547357383985,46.083928208167954,46.5516102952133,21706100
2019-03-05 00:00:00+00:00,46.49097442626953,46.759459259277094,45.997311216798586,46.638205806299666,21057700
2019-03-06 00:00:00+00:00,45.85874938964844,46.46500357468466,45.85008677487705,46.44768164896139,14740500
2019-03-07 00:00:00+00:00,45.55561828613281,45.89339086451573,45.347761795856464,45.702852995246296,17803000
2019-03-08 00:00:00+00:00,45.45167922973633,45.52096691256038,44.77614084129455,45.00998181509791,16793900
2019-03-11 00:00:00+00:00,46.20517349243164,46.46499904915499,45.52963497411698,45.79811984094882,18963000
2019-03-12 00:00:00+00:00,46.39571762084961,46.733486925637955,46.057948316061264,46.196520423251854,20782100
2019-03-13 00:00:00+00:00,47.08856964111328,47.26178556973136,46.46499692343487,46.76812232065222,25522300
2019-03-14 00:00:00+00:00,46.283119201660156,47.15785816996774,46.187853577859705,47.027945395246704,26647100
2019-03-15 00:00:00+00:00,47.053932189941406,47.3657169173557,46.490981210900905,46.490981210900905,46512500
2019-03-18 00:00:00+00:00,46.85472869873047,47.20981986617671,46.65553153687712,47.13187286338026,16274000
2019-03-19 00:00:00+00:00,46.91536331176758,47.33108294703826,46.768131889799825,47.17518890976669,18274800
2019-03-20 00:00:00+00:00,46.61223220825195,47.11455811281587,46.430356954731636,46.82009200071755,24325300
2019-03-21 00:00:00+00:00,47.32241439819336,47.62554312324448,46.629553932649685,46.6988383272944,19127200
2019-03-22 00:00:00+00:00,46.127227783203125,47.30509222022881,46.08392462380468,47.1145576581118,21438400
2019-03-25 00:00:00+00:00,45.71150588989258,46.37838503491618,45.36507735344867,45.876062500735905,16971400
2019-03-26 00:00:00+00:00,46.283119201660156,46.5689259845188,45.936690642102555,46.179190964174786,17724300
2019-03-27 00:00:00+00:00,46.040618896484375,46.646873005706546,45.85008104117535,46.413031993414315,19656000
2019-03-28 00:00:00+00:00,45.997310638427734,46.28311408587674,45.7028445782513,46.11856078606178,13607900
2019-03-29 00:00:00+00:00,46.508304595947266,46.8027707120472,46.317766725582786,46.594910916756916,18736100
2019-04-01 00:00:00+00:00,47.20982360839844,47.26178938232163,46.85473241280488,47.062592204678346,17830400
2019-04-02 00:00:00+00:00,47.07991027832031,47.4609826777952,46.96731942927265,47.2271416699973,13704500
2019-04-03 00:00:00+00:00,48.0499153137207,48.49161610063284,47.538930137065314,47.660180296980315,24552800
2019-04-04 00:00:00+00:00,48.430992126464844,48.6215299972905,47.86804443220078,47.86804443220078,16520500
2019-04-05 00:00:00+00:00,48.153846740722656,48.45697546441329,47.52161136226294,48.28375952284997,19268400
2019-04-08 00:00:00+00:00,48.22312927246094,48.27509504050833,47.80741303953856,47.87669742644949,11758800
2019-04-09 00:00:00+00:00,47.911354064941406,48.00662301322389,47.54760350293898,47.93733530399306,13339700
2019-04-10 00:00:00+00:00,48.28376007080078,48.37902900493273,47.91134694855005,47.91134694855005,13084000
2019-04-11 00:00:00+00:00,48.32706069946289,48.56090171540616,48.1798293026574,48.29241685180778,10845800
2019-04-12 00:00:00+00:00,48.86402130126953,48.9246496793524,48.36169878539284,48.68214607847722,12910200
2019-04-15 00:00:00+00:00,48.74277877807617,48.9852824168887,48.430990745188126,48.898672794520195,11676900
2019-04-16 00:00:00+00:00,49.115196228027344,49.773416200823995,48.56090781124253,49.071893064932205,30301900
2019-04-17 00:00:00+00:00,50.717437744140625,51.609495424135076,50.33636199438032,50.613506192122664,38788400
2019-04-18 00:00:00+00:00,50.65681076049805,50.994580032359835,50.33636010950463,50.847345324424076,20464200
2019-04-22 00:00:00+00:00,50.94261169433594,50.95127430815345,50.12850109790459,50.36234211369021,12327500
2019-04-23 00:00:00+00:00,50.9079704284668,51.081186371590945,50.665470090384574,51.00323936237604,17739900
2019-04-24 00:00:00+00:00,50.85600280761719,51.34966604804132,50.35367695381355,50.68278688203597,17723700
2019-04-25 00:00:00+00:00,49.89466094970703,50.5615401610281,49.565550999120966,50.49225246455979,27949900
2019-04-26 00:00:00+00:00,45.40837860107422,45.979988800835784,44.6202493361936,45.6768634311966,72364500
2019-04-29 00:00:00+00:00,44.265167236328125,45.408387869189205,44.1698982996198,45.18320614536599,42142300
2019-04-30 00:00:00+00:00,44.20453643798828,44.54230567625769,44.05730174469554,44.169892592058346,27130900
2019-05-01 00:00:00+00:00,43.962032318115234,44.689536555238604,43.94471369916709,44.256498397518,20467600
2019-05-02 00:00:00+00:00,43.7801628112793,44.45570467228189,43.40774968262204,43.99668191846052,22655400
2019-05-03 00:00:00+00:00,44.81944274902344,44.880067817905044,43.93604464041056,44.23917328863706,25656600
2019-05-06 00:00:00+00:00,44.632110595703125,44.68439129868651,43.73458641387187,43.78687044090809,26245200
2019-05-07 00:00:00+00:00,43.98728561401367,44.33583913074172,43.50802702155212,44.09185033941101,29713400
2019-05-08 00:00:00+00:00,42.906776428222656,44.25741551151815,42.758640017664895,43.74330089379309,36812400
2019-05-09 00:00:00+00:00,40.623748779296875,42.07895561324694,40.12706227270457,41.73911782705768,59642200
2019-05-10 00:00:00+00:00,40.257774353027344,40.7806012531235,39.29925393744791,40.46690378344486,42522800
2019-05-13 00:00:00+00:00,39.00298309326172,39.769798733762734,38.95070239953472,39.49967295203392,39091900
2019-05-14 00:00:00+00:00,39.360252380371094,39.639097175765166,39.09883891649498,39.36896804613007,24706500
2019-05-15 00:00:00+00:00,39.75237274169922,39.8656531239336,39.002985069160495,39.14240579958265,23407900
2019-05-16 00:00:00+00:00,39.673954010009766,40.0399355568998,39.578101620965874,39.621673306206105,19954700
2019-05-17 00:00:00+00:00,39.116275787353516,39.84823564649363,39.00299537518629,39.36897696678299,22500400
2019-05-20 00:00:00+00:00,37.95733642578125,38.79386092231428,37.86148403729359,38.34074265567901,28675000
2019-05-21 00:00:00+00:00,38.74156951904297,39.020410964800774,38.49758408501795,38.63700480789685,25543400
2019-05-22 00:00:00+00:00,38.34074020385742,38.74157441730693,38.21003180535957,38.47144860235527,16932500
2019-05-23 00:00:00+00:00,38.80257034301758,38.98556276364767,37.34736658825488,37.79176915480769,35783900
2019-05-24 00:00:00+00:00,38.83742141723633,39.2556835807893,38.76771271867026,38.854849422890894,27168100
2019-05-28 00:00:00+00:00,37.9660530090332,38.94199836399837,37.730779844844115,38.915858009328446,34779900
2019-05-29 00:00:00+00:00,38.5411491394043,38.80256255692461,37.75690888684335,37.774333567166344,28450300
2019-05-30 00:00:00+00:00,38.976844787597656,39.23825824207949,38.54115458877713,38.602150950687815,21618900
2019-05-31 00:00:00+00:00,38.37559127807617,39.18597526667706,38.27973890806175,38.4975839948028,25532500
2019-06-03 00:00:00+00:00,37.87019348144531,38.85485431865764,37.6436360274938,38.558584833304046,31155700
2019-06-04 00:00:00+00:00,39.02912902832031,39.09012539057514,38.140320618825434,38.48015844397444,28094900
2019-06-05 00:00:00+00:00,38.81999588012695,39.36896645897185,38.506298406501294,39.30797009732824,20802000
2019-06-06 00:00:00+00:00,39.29926681518555,39.36026319604922,38.785152087867836,38.99428491086718,19076200
2019-06-07 00:00:00+00:00,40.109642028808594,40.188066404184895,39.29925792460434,39.429966324915746,24370300
2019-06-10 00:00:00+00:00,40.78060531616211,41.120443167488446,40.257778363975845,40.28391871436935,20806100
2019-06-11 00:00:00+00:00,40.82416915893555,41.23371899807779,40.53661536425762,41.18143497902165,18415500
2019-06-12 00:00:00+00:00,40.36234664916992,40.6673285108329,40.301350276837326,40.6673285108329,15900600
2019-06-13 00:00:00+00:00,40.6934700012207,40.920027468561806,40.54533358776271,40.606329956818115,12267600
2019-06-14 00:00:00+00:00,40.249061584472656,40.44947868806871,39.691378631152766,39.93536741626967,15381100
2019-06-17 00:00:00+00:00,40.19678497314453,40.545335192390716,39.90922780131481,40.20549731590319,12643300
2019-06-18 00:00:00+00:00,41.27729797363281,41.826268680803246,40.60633451465854,40.737042933907325,25732300
2019-06-19 00:00:00+00:00,41.015872955322266,41.46027879688151,40.95487659652821,41.3731387671384,17436400
2019-06-20 00:00:00+00:00,41.12043380737305,41.869821372564594,40.84159238647181,41.71297265780115,20126800
2019-06-21 00:00:00+00:00,41.35570526123047,41.59097832416917,40.78059443761981,40.91130280282525,31096300
2019-06-24 00:00:00+00:00,41.503849029541016,41.695550455554006,41.103011522672254,41.30343193813284,14479900
2019-06-25 00:00:00+00:00,40.82416915893555,41.54741646430995,40.7806008050816,41.44285175025001,16665600
2019-06-26 00:00:00+00:00,41.9918212890625,42.24452240891145,41.44285401717996,41.521278388027824,21886300
2019-06-27 00:00:00+00:00,41.35570526123047,42.192229491200195,41.16400386939479,41.9569597523133,23062900
2019-06-28 00:00:00+00:00,41.71297836303711,42.00053548745096,41.54741728549884,41.62584165360695,26646200
2019-07-01 00:00:00+00:00,41.86982727050781,43.089761151834196,41.6084138170957,42.950340421744244,27423300
2019-07-02 00:00:00+00:00,41.93082046508789,42.01796049234508,41.55612665801235,41.74783139392602,15381600
2019-07-03 00:00:00+00:00,42.279388427734375,42.31424445059278,41.826270102735016,41.983118881544534,10739100
2019-07-05 00:00:00+00:00,41.89597702026367,41.9831137426906,41.33829069495152,41.85240533499732,14339200
2019-07-08 00:00:00+00:00,41.669410705566406,41.78269108896303,41.01587540174754,41.49513395973755,16564300
2019-07-09 00:00:00+00:00,41.6084098815918,41.6519782323642,41.068155019099436,41.26857209189415,17853200
2019-07-10 00:00:00+00:00,42.009246826171875,42.35780030367867,41.739121038953805,41.756545721182064,16032300
2019-07-11 00:00:00+00:00,42.349082946777344,42.505931672984474,42.09638517593446,42.31423025966079,16615100
2019-07-12 00:00:00+00:00,43.49931335449219,43.50802902103991,42.532083783023864,42.69764488284936,20148700
2019-07-15 00:00:00+00:00,43.67359161376953,43.786872014392344,43.36860975523077,43.56902687999238,14345100
2019-07-16 00:00:00+00:00,42.84577178955078,43.56901910219231,42.66278270709414,43.49059473484627,17131400
2019-07-17 00:00:00+00:00,43.0374755859375,43.307604695058636,42.90677052595163,43.13332795769185,11928600
2019-07-18 00:00:00+00:00,43.51674270629883,43.56031439227622,42.60179380967357,42.94163168635842,15671600
2019-07-19 00:00:00+00:00,43.80430221557617,44.144140110393856,43.49060467449735,43.534173038746495,29141100
2019-07-22 00:00:00+00:00,44.745391845703125,44.89352827410959,43.473176985521185,43.57774172530313,21688000
2019-07-23 00:00:00+00:00,45.09393310546875,45.31177819293479,44.70181128321945,45.31177819293479,18413500
2019-07-24 00:00:00+00:00,46.11345291137695,46.15702459415173,45.137507714981076,45.29435646562271,20896400
2019-07-25 00:00:00+00:00,45.45119857788086,45.83460473231046,45.2072131454304,45.75618036844393,27765400
2019-07-26 00:00:00+00:00,44.95451354980469,46.618849928301586,44.90222953079635,45.913030629924535,36401500
2019-07-29 00:00:00+00:00,45.756187438964844,45.79975912210871,44.24869961085292,44.90223496937817,21897500
2019-07-30 00:00:00+00:00,45.05037307739258,45.58191572087885,44.9283803377176,45.05908541991814,16487700
2019-07-31 00:00:00+00:00,44.04827117919922,45.06778780498594,43.61258105215659,44.884795425348614,24169800
2019-08-01 00:00:00+00:00,43.13334274291992,45.21594199199215,43.107202386772826,44.022151416508926,34020800
2019-08-02 00:00:00+00:00,42.41880416870117,43.011343190867976,42.26195540847744,42.776070050532375,27881600
2019-08-05 00:00:00+00:00,40.928741455078125,41.79140625291175,40.58018793988004,41.6171294953127,38936600
2019-08-06 00:00:00+00:00,41.19630813598633,41.72266843526988,41.02962921511928,41.36299040334927,26119600
2019-08-07 00:00:00+00:00,40.99453353881836,41.12612443639495,40.32781457911927,40.61730986869403,29440400
2019-08-08 00:00:00+00:00,41.38052749633789,41.555980907221276,40.275176696814846,40.49449262379521,30643700
2019-08-09 00:00:00+00:00,40.336578369140625,41.231387608174,40.16112498661537,41.17875058946795,24975500
2019-08-12 00:00:00+00:00,40.00321578979492,40.415530721426435,39.862853758291934,40.14357782129792,18494300
2019-08-13 00:00:00+00:00,41.09103012084961,41.275254686974854,39.79268030080768,39.90672551404986,28959500
2019-08-14 00:00:00+00:00,40.24008560180664,40.906807898113726,40.04708986045079,40.40676784913116,25650200
2019-08-15 00:00:00+00:00,40.09095764160156,40.51204387780554,39.86286717209779,40.44186116519024,21896000
2019-08-16 00:00:00+00:00,40.792755126953125,40.95066283387382,40.40676036919968,40.652393092634156,22701800
2019-08-19 00:00:00+00:00,41.433170318603516,41.757756998914054,41.26649139552425,41.634940598066606,21403600
2019-08-20 00:00:00+00:00,40.880496978759766,41.336674614781934,40.75768056646461,41.257720728807016,23113300
2019-08-21 00:00:00+00:00,41.36297607421875,41.4857924308896,41.13488568626311,41.32788473045716,15915000
2019-08-22 00:00:00+00:00,41.03839874267578,41.60862154084677,40.95944486825973,41.477030634654774,19783000
2019-08-23 00:00:00+00:00,39.441776275634766,40.90680843666621,39.30141421348465,40.66117231803185,32814000
2019-08-26 00:00:00+00:00,39.968135833740234,40.196222925890225,39.69618287889232,40.196222925890225,22080500
2019-08-27 00:00:00+00:00,40.16990661621094,40.45940190416839,39.91549933378175,40.240085973762994,16925500
2019-08-28 00:00:00+00:00,40.16990661621094,40.275177325786785,39.80145411295221,40.090952747405176,14888800
2019-08-29 00:00:00+00:00,41.11735153198242,41.4243958561621,40.70503984002042,40.75767352391158,17803800
2019-08-30 00:00:00+00:00,41.59107208251953,41.924433227136326,41.37175615646817,41.44193885912243,16922600
2019-09-03 00:00:00+00:00,41.21384811401367,41.42439287390764,40.792761940721164,41.33666449624539,15003800
2019-09-04 00:00:00+00:00,42.91573715209961,42.94205733782994,41.70511569635515,41.72266137134359,23450700
2019-09-05 00:00:00+00:00,43.9509162902832,44.889588315236246,43.74914601212932,43.80178304636352,30014200
2019-09-06 00:00:00+00:00,44.67027282714844,44.73168437431321,43.924599906743545,44.08250766460509,17067900
2019-09-09 00:00:00+00:00,45.25803756713867,45.644032417268285,44.75799749105199,44.793088844653504,20749700
2019-09-10 00:00:00+00:00,45.45979690551758,45.477342578101684,44.59130786482091,45.02993963993899,18532000
2019-09-11 00:00:00+00:00,46.31074905395508,46.31074905395508,45.07380743684647,45.2668031649269,18968900
2019-09-12 00:00:00+00:00,46.503753662109375,46.78448116350514,45.67912687540301,46.49498249636071,23308700
2019-09-13 00:00:00+00:00,46.09143829345703,46.49497881586978,45.81948532583333,46.28443404311343,18010800
2019-09-16 00:00:00+00:00,45.79317092895508,45.8721248046419,45.354539029916225,45.529992458830925,13354600
2019-09-17 00:00:00+00:00,45.573848724365234,45.74052761838461,45.047488509864756,45.661573753534306,19641100
2019-09-18 00:00:00+00:00,45.389625549316406,45.731757858677575,44.88081099432101,45.731757858677575,14906800
2019-09-19 00:00:00+00:00,45.24049377441406,45.60894630958308,45.17908557630186,45.35453900512064,11428400
2019-09-20 00:00:00+00:00,44.49481964111328,45.51244548401749,44.354457571281515,45.26680935194012,37067900
2019-09-23 00:00:00+00:00,44.65272521972656,44.9422205106053,44.205318843147296,44.59131702631302,18916600
2019-09-24 00:00:00+00:00,43.70528030395508,44.89835955431766,43.54737255926028,44.8281768471219,28197400
2019-09-25 00:00:00+00:00,44.757991790771484,44.9246706794073,43.35436794393456,43.64386655453361,19486700
2019-09-26 00:00:00+00:00,44.67027282714844,44.872046453912816,44.161461543535864,44.72290986193427,11351800
2019-09-27 00:00:00+00:00,44.54745101928711,44.93344920121111,44.161456183858654,44.41586346803665,14845700
2019-09-30 00:00:00+00:00,45.20540237426758,45.26681057231854,44.687816600341066,44.90713254952186,13652100
2019-10-01 00:00:00+00:00,44.529903411865234,45.82825661739581,44.24040813447337,45.59139501962316,18413100
2019-10-02 00:00:00+00:00,43.32805633544922,44.187774413996706,42.96837832966409,44.13514073044003,20078700
2019-10-03 00:00:00+00:00,43.889503479003906,43.924594831473165,42.57360787986691,43.424554771520754,16320100
2019-10-04 00:00:00+00:00,44.67027282714844,44.71413869605127,43.88950855021966,44.17023270941886,12644900
2019-10-07 00:00:00+00:00,44.4070930480957,44.94222450670612,44.35445936134442,44.47727575909189,12081400
2019-10-08 00:00:00+00:00,43.626319885253906,44.28426760725522,43.52104918675234,44.0035435135876,17409100
2019-10-09 00:00:00+00:00,44.284278869628906,44.5562318686241,43.994783538501395,44.275507703562745,11834900
2019-10-10 00:00:00+00:00,44.836952209472656,45.424717334158466,44.21409573052317,44.22286689584122,13907900
2019-10-11 00:00:00+00:00,45.6966667175293,46.31075198288461,45.459805114613864,45.61771284989082,24072500
2019-10-14 00:00:00+00:00,45.30189514160156,45.57384808258857,45.12644173923882,45.529985568621704,15016800
2019-10-15 00:00:00+00:00,46.18793487548828,46.55638402103171,45.46857891338361,45.55630394427621,18878100
2019-10-16 00:00:00+00:00,46.012481689453125,46.108981231798346,45.72298306241748,45.92475331164137,14769300
2019-10-17 00:00:00+00:00,45.49489974975586,46.35461784470608,45.07381354079019,46.17916442101312,16533900
2019-10-18 00:00:00+00:00,45.05626678466797,45.459807306949926,44.766768140533756,45.39839911210248,16974100
2019-10-21 00:00:00+00:00,45.73176574707031,45.76685375797085,45.03872649772019,45.19663425950873,12189000
2019-10-22 00:00:00+00:00,45.62648391723633,45.89843687107689,45.5212132094413,45.52998772054657,13114300
2019-10-23 00:00:00+00:00,45.37208938598633,45.582630845197244,44.91591176236781,45.065045017100864,15887500
2019-10-24 00:00:00+00:00,45.819480895996094,45.994934298580915,45.11767063215213,45.696664518135314,23413000
2019-10-25 00:00:00+00:00,49.53031539916992,49.66190631322614,47.30206445159156,47.538926088995176,59767700
2019-10-28 00:00:00+00:00,49.793479919433594,49.8373457761503,49.1793980833399,49.460122164552736,32307500
2019-10-29 00:00:00+00:00,49.42502975463867,50.21456830762609,49.33730473608227,49.4513465909066,18155800
2019-10-30 00:00:00+00:00,49.65312957763672,49.679449767167064,48.79341145805172,49.40749678532552,15248000
2019-10-31 00:00:00+00:00,49.59172439575195,49.65313259756463,48.793414425691154,49.416274302856316,19249700
2019-11-01 00:00:00+00:00,49.57417297363281,49.696992709524615,48.79340877261802,49.074132904522315,17953500
2019-11-04 00:00:00+00:00,50.53916931152344,50.70584823293412,49.87244693288889,49.94262964495396,19068000
2019-11-05 00:00:00+00:00,50.48651885986328,51.18832906151701,50.18824910584857,50.41633951294541,20865400
2019-11-06 00:00:00+00:00,50.80849075317383,50.905521397999316,50.26159473178247,50.711463473261816,17721000
2019-11-07 00:00:00+00:00,51.2054328918457,51.64647883124991,51.03783664624096,51.16132897088798,16962800
2019-11-08 00:00:00+00:00,51.39950180053711,51.42596348405128,50.55269427894404,51.029021406768905,11888900
2019-11-11 00:00:00+00:00,51.47005081176758,51.60236591649297,51.07311222741718,51.134858378978926,11228900
2019-11-12 00:00:00+00:00,51.337745666503906,51.866999423564565,51.187788304224945,51.5141647071619,11952500
2019-11-13 00:00:00+00:00,51.064292907714844,51.13486186569035,50.587962536119555,51.04665066822097,15332700
2019-11-14 00:00:00+00:00,50.99372482299805,51.19660551989479,50.78202132432891,50.81730580159259,12119000
2019-11-15 00:00:00+00:00,51.12604904174805,51.77879857076598,50.82613764164474,51.31128754521703,16112100
2019-11-18 00:00:00+00:00,51.38185119628906,51.58473192168652,50.78202845819511,50.896701342954856,16097500
2019-11-19 00:00:00+00:00,51.47005081176758,51.73468102121837,50.940797122691784,51.58472367820206,17061900
2019-11-20 00:00:00+00:00,51.073116302490234,51.478877720817835,50.60560536276106,51.39066652232499,18542300
2019-11-21 00:00:00+00:00,51.35538864135742,51.4259542396816,50.640893030687444,50.71146199392499,16139000
2019-11-22 00:00:00+00:00,50.81732177734375,51.734698285123,50.71147167718892,51.461248547732836,15690200
2019-11-25 00:00:00+00:00,51.87582015991211,51.90228183723709,51.161324587918976,51.161324587918976,15011700
2019-11-26 00:00:00+00:00,51.955204010009766,52.15808470321054,51.55826206030698,51.99930792332943,22338700
2019-11-27 00:00:00+00:00,51.61119079589844,51.681759756504015,51.08193705100959,51.62883303604983,18184200
2019-11-29 00:00:00+00:00,51.2054328918457,51.425955861547806,50.976090483917446,51.29364409867463,9481100
2019-12-02 00:00:00+00:00,50.86141586303711,51.769969390454264,50.693819623147675,51.64647707001854,19154500
2019-12-03 00:00:00+00:00,49.458892822265625,50.15574623448645,49.17662368198365,50.15574623448645,25737400
2019-12-04 00:00:00+00:00,49.41477966308594,49.97931783812274,49.27364511932673,49.97931783812274,18881400
2019-12-05 00:00:00+00:00,49.46771240234375,49.7588009621425,49.18543991554109,49.7588009621425,17673700
2019-12-06 00:00:00+00:00,50.111637115478516,50.27041391103559,49.76761848182937,49.97932199754321,16476800
2019-12-09 00:00:00+00:00,49.86465072631836,50.24395048737997,49.83818904784398,49.87347352908537,14298600
2019-12-10 00:00:00+00:00,49.917579650878906,50.12928318275569,49.78526452284172,50.023429734360555,16157900
2019-12-11 00:00:00+00:00,50.340980529785156,50.42918836692651,49.90875741691391,50.199845971411015,20051100
2019-12-12 00:00:00+00:00,50.764381408691406,51.205427299930975,49.93521634452974,50.05870865569072,27883300
2019-12-13 00:00:00+00:00,50.97609329223633,51.4612431793256,50.61443573659737,50.76438974909744,22795200
2019-12-16 00:00:00+00:00,50.89670181274414,51.66412080109857,50.8525978920182,51.34656718801027,19131200
2019-12-17 00:00:00+00:00,50.543861389160156,51.249534183013694,50.39390739261585,51.161326345624495,21653100
2019-12-18 00:00:00+00:00,50.42918395996094,50.68499137619468,50.22630326033477,50.623245222609015,28261000
2019-12-19 00:00:00+00:00,51.12604904174805,51.1525140886106,50.252779888300694,50.42919558784423,18865100
2019-12-20 00:00:00+00:00,51.99930953979492,52.08751736917631,51.064291069752436,51.443590792935794,49953000
2019-12-23 00:00:00+00:00,52.246299743652344,52.731449586980546,52.07870350393194,52.0963457446783,23593000
2019-12-24 00:00:00+00:00,52.40507507324219,52.46682123166315,52.18455211747784,52.26394051614954,6313200
2019-12-26 00:00:00+00:00,52.7667350769043,52.793196756072874,52.35215082372502,52.40507754697559,11480300
2019-12-27 00:00:00+00:00,52.9960823059082,53.34891704255763,52.83730549669623,52.84612493502422,14085800
2019-12-30 00:00:00+00:00,52.590309143066406,52.96960886440058,52.378609007617975,52.91668551299496,12750500
2019-12-31 00:00:00+00:00,52.79319763183594,52.86376659734067,52.3609744953166,52.590316903380035,14432900
2020-01-02 00:00:00+00:00,53.666473388671875,53.78114628224531,53.11957733187456,53.137219574340754,18056000
2020-01-03 00:00:00+00:00,53.01371765136719,53.54297476845825,52.75791357793213,52.75791357793213,15293900
2020-01-06 00:00:00+00:00,52.863765716552734,53.10193092379282,52.334511943739265,52.563854347981525,17755200
2020-01-07 00:00:00+00:00,51.981685638427734,52.74910479248855,51.94640114826273,52.73146254740605,21876100
2020-01-08 00:00:00+00:00,52.01694869995117,52.32567944942632,51.62000676140255,51.946379748692394,23133500
2020-01-09 00:00:00+00:00,52.30803680419922,52.493275252441535,51.89345599597775,52.08751388060233,18813300
2020-01-10 00:00:00+00:00,51.99049758911133,52.996085224470654,51.928751422674395,52.54621645195738,15200600
2020-01-13 00:00:00+00:00,52.5638542175293,52.73145046002449,52.11398884824566,52.19337388554858,16453300
2020-01-14 00:00:00+00:00,52.42271423339844,52.69616389384848,52.21101072774147,52.47564095104095,17051200
2020-01-15 00:00:00+00:00,51.99049758911133,52.6167854221217,51.82290133234162,52.308051225023355,18498800
2020-01-16 00:00:00+00:00,52.62559127807617,52.78436805505132,52.105157034638275,52.27275324815078,21365500
2020-01-17 00:00:00+00:00,52.57268142700195,52.92551957010153,52.25513113610903,52.90787732645516,21803400
2020-01-21 00:00:00+00:00,53.41065979003906,54.02812474583122,52.740271477836316,52.757913718277614,28358500
2020-01-22 00:00:00+00:00,55.33362579345703,55.439475881787665,53.78114549325777,53.842891658526774,29475100
2020-01-23 00:00:00+00:00,55.85405349731445,56.198068767029056,55.4041881518984,55.4482920696979,42778700
2020-01-24 00:00:00+00:00,60.39683151245117,61.120146577817124,58.62382496655861,58.72085561080024,84711000
2020-01-27 00:00:00+00:00,57.944610595703125,59.47062559096662,57.86521883679646,58.853164043141994,30764000
2020-01-28 00:00:00+00:00,59.373592376708984,59.61176091324935,58.16513100995341,58.65910022673958,30915400
2020-01-29 00:00:00+00:00,58.509159088134766,60.035174351969516,58.368021149606044,59.65587455445772,18055800
2020-01-30 00:00:00+00:00,58.63264465332031,58.659106331283986,57.27422243596403,57.90050682380156,18522400
2020-01-31 00:00:00+00:00,56.39213180541992,58.200422775925055,56.16278604183462,58.04164597495472,25268400
2020-02-03 00:00:00+00:00,56.8243522644043,57.371251604331,56.71850555526301,56.85963674406019,16646600
2020-02-04 00:00:00+00:00,57.74173355102539,58.27098733208663,57.2654031291222,58.015179879777854,20970800
2020-02-05 00:00:00+00:00,59.400062561035156,59.629408328750955,58.33273221911132,58.82670823648587,23401400
2020-02-06 00:00:00+00:00,59.470970153808594,59.7457698301944,59.187310989418826,59.65712760937908,17408000
2020-02-07 00:00:00+00:00,58.522491455078125,59.657135016483934,58.51363196597415,59.26710108090791,18134600
2020-02-10 00:00:00+00:00,58.8504753112793,58.85934156337604,58.00836396224629,58.114731935532006,22299300
2020-02-11 00:00:00+00:00,59.75464630126953,60.0205730091981,59.01003664053751,59.24051186445088,17975600
2020-02-12 00:00:00+00:00,59.79896926879883,60.35742149097267,59.66600252171848,59.92306976261524,15586600
2020-02-13 00:00:00+00:00,59.78123474121094,59.967385454583265,59.16072560033449,59.382334558582784,11602700
2020-02-14 00:00:00+00:00,59.63053894042969,60.153539628728836,59.231645497820956,59.852147911427664,13405500
2020-02-18 00:00:00+00:00,58.628868103027344,59.11641053839692,58.398392882400906,59.08981854428021,12758400
2020-02-19 00:00:00+00:00,59.48871994018555,59.56849593320784,58.664334197438954,58.85048494412755,13551200
2020-02-20 00:00:00+00:00,58.01722717285156,59.64827275186588,57.22829975985618,59.42666377601394,26452600
2020-02-21 00:00:00+00:00,57.03327560424805,57.83993542109659,56.76734892446081,57.77788518618273,20775900
2020-02-24 00:00:00+00:00,54.74627685546875,55.64157896164464,54.35624629704113,54.61331350625872,26903100
2020-02-25 00:00:00+00:00,52.94680404663086,55.20721440923653,52.7074660014396,54.95015062572045,34495700
2020-02-26 00:00:00+00:00,52.87590026855469,53.91302859903267,52.53905369578657,53.28365995157247,26190100
2020-02-27 00:00:00+00:00,49.489715576171875,51.86536056469032,49.46312020102196,51.35122952541268,42226900
2020-02-28 00:00:00+00:00,49.21491241455078,49.97724768771258,47.512954044924726,48.133459735741354,60721700
2020-03-02 00:00:00+00:00,51.572837829589844,51.60829607501277,48.32848276604894,49.45425669709383,43140300
2020-03-03 00:00:00+00:00,49.61381530761719,52.31744395752906,49.10854714668053,51.439870983463905,49740300
2020-03-04 00:00:00+00:00,52.016048431396484,52.04264042097852,49.78223000643962,50.535699017457944,29223100
2020-03-05 00:00:00+00:00,50.49138641357422,51.99832807095823,50.18113521123832,50.580032029587684,29099200
2020-03-06 00:00:00+00:00,49.43653106689453,49.64927379149279,48.346215304245696,48.913533745153906,36259200
2020-03-09 00:00:00+00:00,45.07526397705078,46.724035285308354,44.32179481774299,46.023750115631714,56197000
2020-03-10 00:00:00+00:00,47.84980010986328,47.86752923017105,44.70295395713957,46.768347441477154,36569000
2020-03-11 00:00:00+00:00,45.793270111083984,47.459770246113315,45.21708552852285,46.44036779434638,38563500
2020-03-12 00:00:00+00:00,40.3682861328125,44.40156824553008,40.217590292213835,42.54005446473247,50661700
2020-03-13 00:00:00+00:00,48.24870300292969,48.75397116080473,42.318448455431636,42.77939211615481,48805100
2020-03-16 00:00:00+00:00,39.54389953613281,46.316268157223334,38.675192902789775,42.114561194437556,53878900
2020-03-17 00:00:00+00:00,44.39270782470703,45.76668267980936,40.06690004355074,40.563301942357896,52085200
2020-03-18 00:00:00+00:00,42.203216552734375,44.36611907554981,40.06690602661613,41.405422836970374,49309900
2020-03-19 00:00:00+00:00,40.72285842895508,43.639232950487155,40.03143960410563,42.40708775995426,44538000
2020-03-20 00:00:00+00:00,40.6253547668457,43.807656076283095,40.306237334432616,41.22812800625633,52344000
2020-03-23 00:00:00+00:00,43.949485778808594,44.756142170005134,40.69626484231256,40.793773315119395,46698500
2020-03-24 00:00:00+00:00,46.449241638183594,48.434856123172885,45.51848125551754,47.10520229820371,50019800
2020-03-25 00:00:00+00:00,45.43870162963867,47.68138670094152,44.2420145466372,46.520154483140566,41106100
2020-03-26 00:00:00+00:00,49.23265075683594,49.596089341014164,45.793278513879,45.864195009077,41459800
2020-03-27 00:00:00+00:00,46.42264175415039,48.43485141964193,46.156711691278055,47.353398664945665,31633500
2020-03-30 00:00:00+00:00,49.18832778930664,49.72905082818724,46.83040851635073,46.97223811993137,31628600
2020-03-31 00:00:00+00:00,47.973907470703125,49.463119975912036,47.17611723100976,48.80715933759646,48074700
2020-04-01 00:00:00+00:00,45.988285064697266,48.479167217649525,45.58938832338417,46.53787425190428,29586600
2020-04-02 00:00:00+00:00,48.177791595458984,48.36394571127682,45.40324956044251,45.46529980522022,27810000
2020-04-03 00:00:00+00:00,47.98277282714844,48.869208664583,46.74176130214631,47.73456849325739,23906100
2020-04-06 00:00:00+00:00,51.79444122314453,52.095829513870136,49.746773420142546,50.198857546972974,32323400
2020-04-07 00:00:00+00:00,51.767860412597656,54.50694761113464,51.599435419313835,53.13296919459399,41410000
2020-04-08 00:00:00+00:00,52.281986236572266,52.75179615687849,51.33350014379304,52.29085248873904,26719500
2020-04-09 00:00:00+00:00,50.65094757080078,52.93795385139579,49.69359854231971,52.61883638140721,40499700
2020-04-13 00:00:00+00:00,52.033790588378906,52.09584083393927,50.145681080869224,50.145681080869224,23251900
2020-04-14 00:00:00+00:00,53.77119445800781,53.98394053376695,52.75179195503075,53.22160521939928,25674000
2020-04-15 00:00:00+00:00,52.18447494506836,53.035455888636754,51.75898616402628,52.9556765308486,22841600
2020-04-16 00:00:00+00:00,53.88643264770508,54.03712510934584,52.13129018400507,52.8404381418408,24433500
2020-04-17 00:00:00+00:00,53.50526809692383,55.0742599469352,53.03545818157306,54.97675146303575,27385600
2020-04-20 00:00:00+00:00,52.45927047729492,53.22160579997869,52.20220328588125,52.547912703962446,26420300
2020-04-21 00:00:00+00:00,49.95952606201172,51.945140512720045,49.578358368249184,51.510788831027064,25248000
2020-04-22 00:00:00+00:00,53.27478790283203,53.629363559954285,51.24485257933356,51.6526122179853,23350400
2020-04-23 00:00:00+00:00,52.33517837524414,53.274798301498876,52.131298516123124,52.893630579212044,35092000
2020-04-24 00:00:00+00:00,52.530189514160156,52.65429337958665,49.72905222845494,49.81769784661672,50187000
2020-04-27 00:00:00+00:00,52.71634292602539,53.035460384228244,51.75899055141683,52.93795189627909,25902200
2020-04-28 00:00:00+00:00,52.078102111816406,53.38116379141253,51.64374709145632,53.177283967646495,28784700
2020-04-29 00:00:00+00:00,54.78173065185547,54.985610475939424,52.583370318251404,52.68974166527691,30451500
2020-04-30 00:00:00+00:00,53.168418884277344,54.551259949769154,52.96453905603223,54.4005641053802,26279900
2020-05-01 00:00:00+00:00,50.9434700012207,52.583374991073754,50.801640398754955,52.149023312921834,21194800
2020-05-04 00:00:00+00:00,51.404415130615234,51.475328238451716,49.915202669721594,50.63321352593095,18957200
2020-05-05 00:00:00+00:00,52.078102111816406,52.56564111486424,51.72352644697209,52.11356035459767,17252100
2020-05-06 00:00:00+00:00,52.75559616088867,53.44200766788434,52.54164834808303,52.63079468699585,17848700
2020-05-07 00:00:00+00:00,52.74667739868164,53.575719609190415,52.52381666253595,53.42417594089213,14733500
2020-05-08 00:00:00+00:00,53.19240951538086,53.29046880300134,52.639715731303006,53.19240951538086,20384500
2020-05-11 00:00:00+00:00,53.602474212646484,54.235397993461596,53.228066344734444,53.25481194996172,18684400
2020-05-12 00:00:00+00:00,52.051361083984375,54.057108021185535,51.93547253100437,53.68270355852235,16754900
2020-05-13 00:00:00+00:00,51.471927642822266,52.800175997558746,50.72311528021217,52.10485144677282,21065000
2020-05-14 00:00:00+00:00,52.666465759277344,52.72886651107762,50.00996203726869,51.09752382679226,21569400
2020-05-15 00:00:00+00:00,51.95330810546875,52.03353812871643,50.77660336489335,51.16884054547575,21373300
2020-05-18 00:00:00+00:00,53.4152717590332,53.73619183618555,52.91606577287242,53.25481512104276,20428700
2020-05-19 00:00:00+00:00,53.7451057434082,55.064441133851055,53.35286859990791,53.60247498229507,21865000
2020-05-20 00:00:00+00:00,56.250057220458984,56.597722879589,54.39585737469305,54.52065886231564,30584000
2020-05-21 00:00:00+00:00,55.25164794921875,56.874074266559845,55.109017176285,56.25006335975499,20987700
2020-05-22 00:00:00+00:00,55.501243591308594,55.55473139928507,54.75243128256505,55.251640621922554,14103000
2020-05-26 00:00:00+00:00,55.57256317138672,57.177160076506276,55.376444600559296,56.76709706530855,20933600
2020-05-27 00:00:00+00:00,56.660125732421875,56.68686793774055,54.440430875159706,55.5547347712463,19886300
2020-05-28 00:00:00+00:00,55.002044677734375,56.562070236824006,54.814842426784224,56.160920127226646,17253500
2020-05-29 00:00:00+00:00,56.0985107421875,56.749263752887366,54.93071913634824,55.18032549978137,33393900
2020-06-01 00:00:00+00:00,55.14466857910156,55.857822351425575,54.9663792858742,55.706278662562845,14317700
2020-06-02 00:00:00+00:00,55.37644958496094,55.421021064001145,54.22649046314588,55.002045080320194,20702400
2020-06-03 00:00:00+00:00,55.207069396972656,55.75085021179464,54.85049081003139,55.670620199762126,16737300
2020-06-04 00:00:00+00:00,56.13417434692383,56.57989590686298,54.68112110935823,55.0376997175438,22010100
2020-06-05 00:00:00+00:00,57.35544204711914,58.041856997987864,56.30354238629203,56.48183167477615,26813100
2020-06-08 00:00:00+00:00,56.7581787109375,57.18607437762805,56.10742567703274,57.02561435276546,21546200
2020-06-09 00:00:00+00:00,56.19657516479492,56.79384042359248,56.071773671946815,56.152003688861406,23594100
2020-06-10 00:00:00+00:00,56.93647384643555,57.310881743054104,55.93805845642904,55.97371699907572,21367800
2020-06-11 00:00:00+00:00,53.219154357910156,56.42834819432676,53.05869432603077,56.223316687055444,26998200
2020-06-12 00:00:00+00:00,52.88931655883789,54.3423662481257,51.81066790897703,53.58464103348078,30419800
2020-06-15 00:00:00+00:00,53.57573318481445,53.80751031346386,52.22074255822059,52.889324936070615,29651700
2020-06-16 00:00:00+00:00,53.84316635131836,54.957470262557685,53.03195323995956,54.81483949794248,23226600
2020-06-17 00:00:00+00:00,53.923397064208984,54.627634560747175,53.54007624175348,54.14625784933029,20454800
2020-06-18 00:00:00+00:00,53.55791091918945,53.94122837975432,52.88041215970064,53.79859759890184,24899700
2020-06-19 00:00:00+00:00,53.1478385925293,54.279971778555975,52.68428775568947,54.06602733114416,60336100
2020-06-22 00:00:00+00:00,53.56681442260742,53.97687742027667,52.44359764625567,53.24589437205393,22846000
2020-06-23 00:00:00+00:00,53.4152717590332,53.90556821056359,53.36178734656497,53.65596181689746,22809600
2020-06-24 00:00:00+00:00,52.67536926269531,53.31720933837972,52.30096141835097,53.16566225358298,27764500
2020-06-25 00:00:00+00:00,52.158329010009766,52.67536758800311,51.24014379805252,52.577308312826084,21906900
2020-06-26 00:00:00+00:00,51.25798416137695,52.35445889275871,50.87466331212326,52.14051442841326,38477500
2020-06-29 00:00:00+00:00,51.94438552856445,52.0156992023339,50.59830465509398,51.23123178794365,22150300
2020-06-30 00:00:00+00:00,53.335044860839844,53.46875929189546,52.18508239059864,52.33662609257882,31542100
2020-07-01 00:00:00+00:00,52.42576599121094,53.51332417899556,52.38119111909587,53.40635196720706,14748100
2020-07-02 00:00:00+00:00,52.71103286743164,53.31721446371969,52.56840210363361,52.76451727848987,15578600
2020-07-06 00:00:00+00:00,53.0765266418457,53.14784032644765,52.238567893818754,52.34554352160036,20536700
2020-07-07 00:00:00+00:00,51.98005294799805,53.10326985633591,51.82850583939082,52.65754826721066,15996500
2020-07-08 00:00:00+00:00,52.247474670410156,52.32770467627435,51.64129315956629,52.10484392671661,13277900
2020-07-09 00:00:00+00:00,52.078102111816406,52.37227995490795,51.43626541880966,51.881986950340796,20683700
2020-07-10 00:00:00+00:00,53.06761169433594,53.210242467857334,51.55216100089082,51.659133230885395,17742300
2020-07-13 00:00:00+00:00,52.220733642578125,54.03927481540555,52.051357292732135,53.34395034934169,19082900
2020-07-14 00:00:00+00:00,52.57730484008789,52.817994844919745,51.12425187784444,51.58780262041858,24190900
2020-07-15 00:00:00+00:00,52.621883392333984,52.89823196855155,52.07810257493661,52.621883392333984,19986300
2020-07-16 00:00:00+00:00,52.719947814941406,52.91606639786994,52.06028178241307,52.18508328042731,12425900
2020-07-17 00:00:00+00:00,53.48658752441406,53.89665054596068,52.84474738593369,52.969548879396946,16322800
2020-07-20 00:00:00+00:00,54.511749267578125,54.716780781317965,52.898235963035425,53.557905381638754,16868700
2020-07-21 00:00:00+00:00,54.110599517822266,55.207074176809265,53.87882239606751,54.84158262381359,19803700
2020-07-22 00:00:00+00:00,54.42259979248047,55.06443990344048,54.0392789929444,54.654376899476254,18959900
2020-07-23 00:00:00+00:00,53.84316635131836,55.03770028019034,53.4687584688374,54.60980458575906,43518600
2020-07-24 00:00:00+00:00,45.09810256958008,46.51549710903016,44.12642954064153,46.48875490658675,182269900
2020-07-27 00:00:00+00:00,44.18882751464844,45.58839269802046,44.09968457835896,45.49033342775102,107526500
2020-07-28 00:00:00+00:00,43.8946647644043,44.777191630089675,43.80551840384935,44.10860922856429,62362600
2020-07-29 00:00:00+00:00,42.851661682128906,44.12642535327017,42.700118015216624,44.117512420163244,60500800
2020-07-30 00:00:00+00:00,42.78035354614258,43.234988006239284,42.423774965238415,42.637722793897986,39735200
2020-07-31 00:00:00+00:00,42.5485725402832,43.074524028486124,41.87107737949582,42.905151088435545,46536000
2020-08-03 00:00:00+00:00,43.05670166015625,43.35087951960691,42.55749569345541,43.0299594549646,31767100
2020-08-04 00:00:00+00:00,43.796600341796875,43.80551327651616,43.23499023808664,43.324133187621676,29045800
2020-08-05 00:00:00+00:00,43.60939025878906,44.32254738467129,43.377616573286986,44.32254738467129,29438600
2020-08-06 00:00:00+00:00,43.59144592285156,43.81582025987414,43.1696210736713,43.78889643500925,23795500
2020-08-07 00:00:00+00:00,43.10679626464844,43.66324708204788,42.81062392193771,43.55554493589793,36765200
2020-08-10 00:00:00+00:00,44.17482376098633,44.327396677821014,43.13372689891134,43.25937598893542,37442600
2020-08-11 00:00:00+00:00,43.250396728515625,44.632543490435616,43.13372453627305,44.54279512352891,35348100
2020-08-12 00:00:00+00:00,44.14788818359375,44.21071271675621,43.29526854105164,43.68118920604381,30659800
2020-08-13 00:00:00+00:00,43.58247375488281,44.27354714435332,43.42989742084556,44.21071917832802,24774500
2020-08-14 00:00:00+00:00,43.87864685058594,44.165845741499815,43.66324939424095,43.735047405128995,22321200
2020-08-17 00:00:00+00:00,43.91454315185547,44.25559308440028,43.73504300716449,44.0760929397093,20018300
2020-08-18 00:00:00+00:00,43.66324996948242,44.48894593581774,43.636322719323914,44.21072050871908,19251400
2020-08-19 00:00:00+00:00,43.37604522705078,43.95941640539777,43.30424380121584,43.78889315456042,27775000
2020-08-20 00:00:00+00:00,44.12994384765625,45.05436846283977,43.97737093878641,44.704345037850594,55081300
2020-08-21 00:00:00+00:00,44.22866439819336,44.255591644413165,43.66324358278309,43.9953166142641,34621500
2020-08-24 00:00:00+00:00,44.10301971435547,44.336370945172995,43.815820833103686,44.210718438904706,36295300
2020-08-25 00:00:00+00:00,44.36330032348633,44.76717487070114,44.165849784029945,44.29149888234541,38384300
2020-08-26 00:00:00+00:00,44.47098922729492,44.57868794150888,44.18379037360409,44.3273898004495,28616600
2020-08-27 00:00:00+00:00,44.33637619018555,44.81204875159094,44.129948760164694,44.68639965413904,24420600
2020-08-28 00:00:00+00:00,45.26078796386719,45.59286099780637,44.39021450939052,44.48893975767307,35384700
2020-08-31 00:00:00+00:00,45.72748947143555,46.221112316290885,45.16206519709113,45.77236365302593,46114100
2020-09-01 00:00:00+00:00,45.58388900756836,45.77236262020352,45.07231581688406,45.691587725691235,30472800
2020-09-02 00:00:00+00:00,46.89423370361328,47.28015781468578,45.85313697747549,45.96083569433652,53000700
2020-09-03 00:00:00+00:00,45.22488784790039,47.22630639166058,45.00051352563561,47.11860767560401,47394300
2020-09-04 00:00:00+00:00,44.9466667175293,45.97878656498406,44.41714317016363,45.350537766192176,43318400
2020-09-08 00:00:00+00:00,43.89659881591797,44.785122770984835,43.842747738020265,44.210721544452184,39752700
2020-09-09 00:00:00+00:00,44.53380584716797,44.84793189134016,44.01325930125488,44.45303096994424,33437300
2020-09-10 00:00:00+00:00,43.941471099853516,44.95564410242484,43.717096753848935,44.87486920091596,32649100
2020-09-11 00:00:00+00:00,44.22866439819336,44.91973770737518,43.93249207921851,44.21071404194028,29333600
2020-09-14 00:00:00+00:00,44.345340728759766,44.62356611972166,43.84274101647775,43.84274101647775,27212500
2020-09-15 00:00:00+00:00,44.8748664855957,45.41336351395061,44.63254179573182,44.68639286803955,27598300
2020-09-16 00:00:00+00:00,45.206939697265625,45.79928780000257,45.02743954595854,45.3325887760764,26531400
2020-09-17 00:00:00+00:00,45.16206359863281,45.314639919056546,44.246615947131815,44.309440483870866,26959900
2020-09-18 00:00:00+00:00,44.77614212036133,45.32361605014205,44.01327074443517,45.17104314442909,50123500
2020-09-21 00:00:00+00:00,44.62356948852539,44.65049331353865,43.8247973921123,44.32739371865679,27377100
2020-09-22 00:00:00+00:00,44.829994201660156,45.06334201084423,44.39919587600288,44.776143127072714,22290900
2020-09-23 00:00:00+00:00,43.81582260131836,45.00949578143308,43.672223154897424,44.72229688859122,30078800
2020-09-24 00:00:00+00:00,44.1209716796875,44.55177001725883,43.45682210279783,43.55554736376475,29343400
2020-09-25 00:00:00+00:00,44.82101821899414,45.126167467145144,43.75299756230602,43.94147119166025,26633400
2020-09-28 00:00:00+00:00,46.15828323364258,46.18520705521038,45.01846133030862,45.33258399420054,29652200
2020-09-29 00:00:00+00:00,45.942893981933594,46.43652032642552,45.72749650768359,46.05059614273972,19558200
2020-09-30 00:00:00+00:00,46.472408294677734,47.01090871957262,45.9069874705067,45.98776236305691,27711300
2020-10-01 00:00:00+00:00,46.885250091552734,47.31604828945665,46.66087581616446,47.02884949085404,22127600
2020-10-02 00:00:00+00:00,45.78133773803711,46.65191125210389,45.76339080410311,46.22111294039433,25811800
2020-10-05 00:00:00+00:00,46.391639709472656,46.49934186330293,46.014692442109386,46.0416162687265,20883200
2020-10-06 00:00:00+00:00,46.10443878173828,47.298111923152355,45.9787896981538,46.40958802344949,25642800
2020-10-07 00:00:00+00:00,47.27118682861328,47.477614245260256,46.48139157474684,46.53523922806265,21978700
2020-10-08 00:00:00+00:00,47.89943313598633,48.0879101835499,47.27118429936276,47.48658517214368,22369500
2020-10-09 00:00:00+00:00,47.40580749511719,48.33022862600822,47.27118152955729,48.06098011856894,24343900
2020-10-12 00:00:00+00:00,48.35716247558594,48.64436137922349,47.75583741731414,48.06098668038916,27303500
2020-10-13 00:00:00+00:00,48.312278747558594,48.72512666204341,48.1238017225283,48.707176306150984,20005800
2020-10-14 00:00:00+00:00,48.060977935791016,48.82385266651554,48.025077223448136,48.47382585669302,21874200
2020-10-15 00:00:00+00:00,48.330223083496094,48.44689867868894,47.22630193301643,47.34297752820928,18272900
2020-10-16 00:00:00+00:00,48.60845947265625,49.093108894583125,48.3751116530327,48.3751116530327,23414400
2020-10-19 00:00:00+00:00,48.98540496826172,50.46627347993974,48.32125545047507,48.88667971608041,43537200
2020-10-20 00:00:00+00:00,47.953285217285156,49.09310729906277,47.80968577364204,49.00335550698532,27224900
2020-10-21 00:00:00+00:00,48.016109466552734,48.527682695386034,47.40581097887779,47.69300986440944,21866000
2020-10-22 00:00:00+00:00,48.375118255615234,48.662317191434376,47.6301936620534,47.67506785383488,41522700
2020-10-23 00:00:00+00:00,43.25937271118164,43.681194135203874,42.774723323226894,43.393995258715286,97322500
2020-10-26 00:00:00+00:00,41.93107223510742,42.95421854303484,41.50924743585724,42.945241653355325,54161300
2020-10-27 00:00:00+00:00,40.96177673339844,41.652850073830685,40.71047858185236,41.2669259561389,50130500
2020-10-28 00:00:00+00:00,39.71426010131836,40.64765822255818,39.66938591588355,40.288657891717975,45066000
2020-10-29 00:00:00+00:00,39.58861541748047,39.91171506645036,39.41808870070121,39.70529105153766,36796800
2020-10-30 00:00:00+00:00,39.74117660522461,40.20787557985164,39.13985509909842,39.5796268284814,46781300
2020-11-02 00:00:00+00:00,39.902732849121094,40.4412333334349,39.70528575285209,40.351481540875525,33856700
2020-11-03 00:00:00+00:00,40.252750396728516,40.80022426842779,40.11812786308988,40.14505168508155,34349500
2020-11-04 00:00:00+00:00,41.015628814697266,41.41950329940019,40.18992948778456,40.486105251126915,34748200
2020-11-05 00:00:00+00:00,41.29587936401367,41.928697815588635,41.16027417846792,41.72077239337944,31103200
2020-11-06 00:00:00+00:00,41.03371047973633,41.40436073886106,40.59073998517859,41.16931566297494,36233700
2020-11-09 00:00:00+00:00,41.22355270385742,42.805596994334586,41.16931339241982,42.16373985271517,48481700
2020-11-10 00:00:00+00:00,41.078914642333984,42.019101925081515,40.907151050683005,41.04275624575398,39224500
2020-11-11 00:00:00+00:00,41.901573181152344,42.001016520448054,41.45860269521348,41.49476453651791,31496900
2020-11-12 00:00:00+00:00,40.63593673706055,41.75692614509129,40.274325248196135,41.70268683576955,42881300
2020-11-13 00:00:00+00:00,41.09699249267578,41.20547802005598,40.65402199258086,40.67210291381089,30884700
2020-11-16 00:00:00+00:00,41.75692367553711,42.2631790402902,41.39531565664137,41.62132196166966,36306300
2020-11-17 00:00:00+00:00,41.160274505615234,41.69364961850707,41.05179242546628,41.35916119304095,31118000
2020-11-18 00:00:00+00:00,40.735382080078125,41.30491554757137,40.71730115988396,41.17835255479509,32817900
2020-11-19 00:00:00+00:00,41.24163055419922,41.286831126560514,40.409928987287,40.60881219539323,29469100
2020-11-20 00:00:00+00:00,41.03371047973633,41.476684422877135,40.97947116530734,41.27779774041599,24199300
2020-11-23 00:00:00+00:00,41.639408111572266,41.77500984247703,41.08795210624384,41.1150717627082,35489600
2020-11-24 00:00:00+00:00,42.498226165771484,42.76039432013018,41.594200901292695,41.847330320382994,33901200
2020-11-25 00:00:00+00:00,42.53438949584961,42.65191374995702,42.100457767510115,42.516308576095945,28126900
2020-11-27 00:00:00+00:00,42.89600372314453,43.48361813390467,42.814641303367516,42.814641303367516,15921400
2020-11-30 00:00:00+00:00,43.70962142944336,43.84522660249244,42.73327590867154,42.86887763313781,46332700
2020-12-01 00:00:00+00:00,44.803489685058594,45.40918490740633,44.03506620394317,44.07122803922488,57768000
2020-12-02 00:00:00+00:00,45.110862731933594,45.25550663840712,44.45996342851136,44.496125267275424,33753500
2020-12-03 00:00:00+00:00,46.09625244140625,46.20473451386704,45.0023791866712,45.12894217930594,50261200
2020-12-04 00:00:00+00:00,47.00027847290039,47.59693505337688,46.10529187789418,46.15953463924039,39767700
2020-12-07 00:00:00+00:00,45.382076263427734,46.367464098091084,44.80350055290673,46.10529590157899,51040300
2020-12-08 00:00:00+00:00,45.825035095214844,45.85215819562867,45.029495420445095,45.047576337860185,28956500
2020-12-09 00:00:00+00:00,45.26454544067383,45.96064531928809,44.95717670789068,45.454389921591506,34068400
2020-12-10 00:00:00+00:00,45.43630599975586,45.852160221511866,44.83061075820961,44.8938922476672,33706000
2020-12-11 00:00:00+00:00,44.95718002319336,45.3278302769488,44.40572401059997,45.3278302769488,29398800
2020-12-14 00:00:00+00:00,45.62615966796875,46.41266074221191,44.966221588594266,45.038541821983664,33436400
2020-12-15 00:00:00+00:00,45.80695724487305,46.11432596434518,45.391106462229175,46.087206310697894,25465600
2020-12-16 00:00:00+00:00,46.21376419067383,46.52113287621364,45.815994370567935,45.84311402122131,28351000
2020-12-17 00:00:00+00:00,45.78888702392578,46.3945823751569,45.40015583338697,46.24089971538178,26399000
2020-12-18 00:00:00+00:00,42.9050407409668,45.81600336686853,42.588633259274395,45.716560030170086,119298400
2020-12-21 00:00:00+00:00,41.91061782836914,41.99198025179335,40.89811035243259,41.87445598493989,53775700
2020-12-22 00:00:00+00:00,41.73884963989258,41.89253574591702,41.37724156136895,41.811173324747166,32171200
2020-12-23 00:00:00+00:00,42.10045623779297,42.51630703126889,41.64844360612366,41.73884475302444,22564200
2020-12-24 00:00:00+00:00,42.55247116088867,42.57055208095902,41.89253309694411,42.127578160692806,11865600
2020-12-28 00:00:00+00:00,42.55247116088867,43.06776531285337,42.362626673024394,42.66095323272785,21269200
2020-12-29 00:00:00+00:00,44.649810791015625,45.806962117490734,42.02813938589759,42.68807746731436,84531400
2020-12-30 00:00:00+00:00,44.071231842041016,44.4690017187153,43.8994682825054,44.39668149049393,37385400
2020-12-31 00:00:00+00:00,45.038536071777344,45.373024436736976,44.04410971169951,44.071229364685216,28576800
2021-01-04 00:00:00+00:00,44.902931213378906,46.45785570194971,44.65884743769167,45.101817866172624,46102500
2021-01-05 00:00:00+00:00,45.752723693847656,45.95161037517049,44.59557234487782,44.70405442169798,24866600
2021-01-06 00:00:00+00:00,46.1956901550293,47.144919452274856,45.38206947699663,45.59903361170558,36809600
2021-01-07 00:00:00+00:00,47.18107604980469,47.63308866995505,46.37649413771027,46.548261140460276,32092300
2021-01-08 00:00:00+00:00,46.69290542602539,47.48844516107108,46.34937486627501,47.41612493451358,34625400
2021-01-11 00:00:00+00:00,46.59346389770508,47.226282285307384,46.33129573806397,46.367457577031594,32925000
2021-01-12 00:00:00+00:00,48.13030242919922,48.681754895955216,46.61153984054286,46.9189085417848,39883900
2021-01-13 00:00:00+00:00,51.48423767089844,54.467520247870254,51.43903709899846,53.7895013236229,124070700
2021-01-14 00:00:00+00:00,53.56349182128906,54.36807367830824,52.28881645766244,52.84027236827083,74680900
2021-01-15 00:00:00+00:00,52.05377960205078,53.9251117393238,51.98145592110162,53.20188872416388,50265400
2021-01-19 00:00:00+00:00,52.424434661865234,52.74084217362992,51.61984915600902,52.37923063282751,35647100
2021-01-20 00:00:00+00:00,53.039161682128906,53.53637834649362,52.51482881141172,52.65043398325351,28701300
2021-01-21 00:00:00+00:00,56.465423583984375,57.81242289792434,52.63235795986955,53.373658484776186,86519500
2021-01-22 00:00:00+00:00,51.22207260131836,53.89798662202091,51.2130338658287,53.2018867375021,85729300
2021-01-25 00:00:00+00:00,50.11915588378906,51.07742383799151,48.8716035898405,50.96894177951391,61968500
2021-01-26 00:00:00+00:00,49.911231994628906,50.806218487445655,49.58578236087736,49.97451348468253,31485900
2021-01-27 00:00:00+00:00,48.446712493896484,49.58578277290941,48.18454434802008,49.36881864766057,49722900
2021-01-28 00:00:00+00:00,50.68869400024414,51.89104920268796,49.45018040978699,49.53154281783644,49202600
2021-01-29 00:00:00+00:00,50.18244934082031,51.67409265713031,50.04684759752695,50.607342390022744,37256200
2021-02-01 00:00:00+00:00,51.24919509887695,51.882013524318666,50.36325068269175,50.5802182808883,26926600
2021-02-02 00:00:00+00:00,52.4334716796875,52.68659768080146,51.420964226648536,51.70120988542953,23580900
2021-02-03 00:00:00+00:00,52.14418029785156,52.731798130375516,51.872973393833924,52.33402478580562,21893200
2021-02-04 00:00:00+00:00,53.470245361328125,53.55210163223287,52.015023152967714,52.39702024036156,29853800
2021-02-05 00:00:00+00:00,52.915443420410156,53.73400614937411,52.860871415307486,53.66124347590387,23432600
2021-02-08 00:00:00+00:00,53.80677032470703,53.861342334851784,52.706260808154454,53.09735154040298,34358300
2021-02-09 00:00:00+00:00,53.46114730834961,53.94319132569838,52.69715661714268,53.452053709312125,28754100
2021-02-10 00:00:00+00:00,53.53392028808594,54.04324520063118,52.860879335702315,53.93410464358802,16325100
2021-02-11 00:00:00+00:00,55.171043395996094,55.471184269515284,53.53392113634505,53.75220225389009,27539100
2021-02-12 00:00:00+00:00,56.21697235107422,56.85362836483985,54.961844051979725,55.11645952117565,26214200
2021-02-16 00:00:00+00:00,56.81725311279297,57.18105607031898,56.1169279959235,56.38978108144681,26326300
2021-02-17 00:00:00+00:00,56.25335693359375,56.56259137842572,55.67126938320781,55.925935288638264,21055400
2021-02-18 00:00:00+00:00,56.03507614135742,56.37159485771822,55.15284774140871,55.16194481103537,17846100
2021-02-19 00:00:00+00:00,57.30839538574219,57.53577356742894,56.25336076149628,56.30793277412676,28290100
2021-02-22 00:00:00+00:00,55.216514587402344,57.026446367423084,55.17103964679707,56.280646239046746,32288200
2021-02-23 00:00:00+00:00,55.589420318603516,55.93503614756513,53.815869698070216,55.00733269267823,27374600
2021-02-24 00:00:00+00:00,57.47209930419922,57.55395557606719,54.91637114718362,55.052795953953435,24669900
2021-02-25 00:00:00+00:00,54.934566497802734,57.79043571826617,54.68899766126718,56.76268543265786,36394000
2021-02-26 00:00:00+00:00,55.280174255371094,56.107830575667656,54.279711791545424,55.3802211956567,38216800
2021-03-01 00:00:00+00:00,57.190155029296875,57.372058248829184,56.071454913018904,56.13512051942791,28495400
2021-03-02 00:00:00+00:00,55.698551177978516,57.42662297506835,55.580313572701726,57.11738856323952,23320000
2021-03-03 00:00:00+00:00,54.47980499267578,55.953214402511854,54.29790178256284,55.152842359723984,28740400
2021-03-04 00:00:00+00:00,53.051876068115234,54.789045140876674,52.669878939963155,54.416145082415284,40210400
2021-03-05 00:00:00+00:00,55.243804931640625,55.643989285154035,53.21558848378008,53.897723033562606,39511700
2021-03-08 00:00:00+00:00,54.434322357177734,56.11692258305074,54.31608822888179,54.99822261165101,33112400
2021-03-09 00:00:00+00:00,56.9991569519043,57.4539132836202,55.33475058197212,55.643985026319555,36387500
2021-03-10 00:00:00+00:00,56.61716079711914,58.317951900641866,56.5080202537938,57.49938915191353,27160300
2021-03-11 00:00:00+00:00,57.581241607666016,58.29065682698587,56.74448824562922,57.24471946133373,30701800
2021-03-12 00:00:00+00:00,57.208351135253906,57.57215413937883,56.608072882407896,56.98097295660745,20173000
2021-03-15 00:00:00+00:00,58.0178108215332,58.09966709605604,56.82634804114866,57.85409827248753,21247400
2021-03-16 00:00:00+00:00,58.9182243347168,59.78226545665174,58.2815682987903,58.34523390238295,30186600
2021-03-17 00:00:00+00:00,59.82773971557617,60.29159309999411,57.945048848268904,58.40890223268684,32394700
2021-03-18 00:00:00+00:00,57.96324157714844,59.75497916338515,57.89048236828096,59.69131355455781,30094200
2021-03-19 00:00:00+00:00,57.99052047729492,59.10922053248344,57.22652977259116,57.46300498592443,54951700
2021-03-22 00:00:00+00:00,59.69131088256836,60.37344534905419,58.71813265460981,58.95460787925347,34380100
2021-03-23 00:00:00+00:00,57.735862731933594,60.07331343950007,57.45391256079138,60.02783503128827,35160000
2021-03-24 00:00:00+00:00,56.42616653442383,61.337536310195794,56.38069159510502,60.55535486365655,74584700
2021-03-25 00:00:00+00:00,56.40797424316406,56.789967885879,55.462080266657495,56.080549138256764,35401400
2021-03-26 00:00:00+00:00,59.000091552734375,59.091041435245195,56.18060009119584,56.20788436204597,34705800
2021-03-29 00:00:00+00:00,58.66355895996094,59.23654936337952,57.85409335269008,58.21789975730204,26161600
2021-03-30 00:00:00+00:00,57.99961471557617,58.20880218207621,57.435717915901506,57.99961471557617,20709500
2021-03-31 00:00:00+00:00,58.20880889892578,58.65446814912957,57.82681525589396,58.21790596824485,33013200
2021-04-01 00:00:00+00:00,58.70905303955078,59.018284055674336,57.82682452797307,58.863668547612555,31416300
2021-04-05 00:00:00+00:00,60.51896667480469,60.70086641149235,58.84545995335146,59.072838093726126,27947500
2021-04-06 00:00:00+00:00,59.627647399902344,60.5553541932154,59.38208203639646,60.08240372708654,28771400
2021-04-07 00:00:00+00:00,60.255226135253906,60.546269968836484,59.445760256257614,59.72770701843788,17793300
2021-04-08 00:00:00+00:00,60.98283767700195,61.20111881201975,60.35527160741459,60.91007498565197,22224200
2021-04-09 00:00:00+00:00,62.08334732055664,62.21067856081742,60.60083697618413,60.75545942995693,27177100
2021-04-12 00:00:00+00:00,59.4912223815918,62.292515910506864,58.85455939940576,62.0287564243337,51266900
2021-04-13 00:00:00+00:00,59.31841278076172,59.691309337827924,58.399803113404765,59.67312213903244,26822000
2021-04-14 00:00:00+00:00,58.38161849975586,59.463933821288585,58.06328699449556,59.4002682141396,25768400
2021-04-15 00:00:00+00:00,59.136512756347656,59.318419459937175,57.9177690679384,58.181528583869785,24927700
2021-04-16 00:00:00+00:00,58.89093780517578,59.59125941779382,58.72722526807895,59.418456751268906,24625500
2021-04-19 00:00:00+00:00,57.87229537963867,58.88185158504863,57.362967007108736,58.845470243543126,23997700
2021-04-20 00:00:00+00:00,57.02644348144531,57.99052466374325,56.76268398196118,57.881384117910834,19872100
2021-04-21 00:00:00+00:00,57.93595886230469,58.00871807312476,56.662639712555574,57.10830245582243,24364200
2021-04-22 00:00:00+00:00,56.908206939697266,58.12695404461384,56.644447435237865,57.617625705262796,38257600
2021-04-23 00:00:00+00:00,53.87952423095703,54.57075223265068,52.6607772923139,53.80676156261297,77479500
2021-04-26 00:00:00+00:00,53.442962646484375,54.134194214524236,53.170109541001466,53.75219709123579,39645900
2021-04-27 00:00:00+00:00,52.724449157714844,53.324727364825726,52.54254593475373,53.26106175721665,38167700
2021-04-28 00:00:00+00:00,52.40612030029297,52.897257986269814,51.9786516946603,52.315170418970844,30387400
2021-04-29 00:00:00+00:00,53.00640106201172,53.02459173304553,52.26969796747901,52.64259804988275,23290600
2021-04-30 00:00:00+00:00,52.32426452636719,53.14282734426123,51.90588951700606,52.39702720774248,30731800
2021-05-03 00:00:00+00:00,52.078697204589844,52.64259759319878,51.69670352474093,52.62440692232278,22281700
2021-05-04 00:00:00+00:00,51.75127029418945,51.824029500806155,50.75990138373999,51.73307962515644,35323600
2021-05-05 00:00:00+00:00,51.70580291748047,52.11508438424875,51.35109346945332,51.80584988374784,21001900
2021-05-06 00:00:00+00:00,52.33538818359375,52.39029630106427,51.475181955194145,51.81377328571852,25529300
2021-05-07 00:00:00+00:00,52.7746467590332,53.08578580048553,52.38115077129017,52.802102565347894,19959000
2021-05-10 00:00:00+00:00,51.21895980834961,52.37200254520282,51.13659936351118,52.298795200282434,35046500
2021-05-11 00:00:00+00:00,50.367897033691406,50.90781466525208,49.69071084681292,50.37704664163322,35968100
2021-05-12 00:00:00+00:00,49.06843948364258,50.01100981109819,48.885415881843485,49.77307808149392,30232300
2021-05-13 00:00:00+00:00,49.42532730102539,49.77307175112745,48.92201507825508,49.45278310687846,29192500
2021-05-14 00:00:00+00:00,50.65157699584961,51.10913416289752,49.65410223204981,49.965241245277745,28158300
2021-05-17 00:00:00+00:00,50.63328552246094,51.14574739373896,50.11166706066274,50.596680105688314,20010200
2021-05-18 00:00:00+00:00,50.184879302978516,51.3745274544067,50.14827388517832,51.20065695618293,18703400
2021-05-19 00:00:00+00:00,50.66073226928711,50.724789996153504,49.269758002831615,49.48023388980469,23769700
2021-05-20 00:00:00+00:00,51.20064926147461,51.46603326431554,50.66073164816014,50.85290482640319,23145200
2021-05-21 00:00:00+00:00,51.319618225097656,51.896137794866405,51.228104688788314,51.63075377589602,17723100
2021-05-24 00:00:00+00:00,52.12491989135742,52.51841939663843,51.612458017231226,51.84123663700462,19164400
2021-05-25 00:00:00+00:00,52.04255676269531,52.67398795484802,51.63075457017931,52.67398795484802,22309900
2021-05-26 00:00:00+00:00,52.08831024169922,52.37199696388441,51.786324303397684,52.20727609176197,15173600
2021-05-27 00:00:00+00:00,52.82955551147461,52.96682407203346,52.161522397916215,52.26218554354143,32387600
2021-05-28 00:00:00+00:00,52.271339416503906,52.75635247673404,52.10661852674799,52.664838931933645,20303900
2021-06-01 00:00:00+00:00,52.06086349487305,52.91192026157001,51.786329842267364,52.71974705383452,20326400
2021-06-02 00:00:00+00:00,52.60077667236328,52.79294986359009,51.94189317000338,52.079161729956525,18483600
2021-06-03 00:00:00+00:00,51.466033935546875,52.25302936493272,51.328765383077695,52.14321661748795,21831300
2021-06-04 00:00:00+00:00,52.500118255615234,52.847862745500905,51.74057503055038,51.74972463962523,21493800
2021-06-07 00:00:00+00:00,52.2438850402832,52.56417370725438,51.960198298905404,52.53672139033819,17364400
2021-06-08 00:00:00+00:00,52.161521911621094,52.74719458156094,51.79547474746646,52.57332409857395,33254500
2021-06-09 00:00:00+00:00,52.161521911621094,52.60077641407598,52.13406959611906,52.49096366118337,13904800
2021-06-10 00:00:00+00:00,52.50926971435547,53.10409203040307,52.0974675011627,52.298793803364646,26738100
2021-06-11 00:00:00+00:00,52.93937301635742,53.02173346190715,52.11577205174501,52.59163201593399,18119700
2021-06-14 00:00:00+00:00,53.25050735473633,53.25966045391958,52.371998340907496,53.094939577466114,21784500
2021-06-15 00:00:00+00:00,53.06748962402344,53.46098563430737,52.89361564064659,53.26881243351843,20806500
2021-06-16 00:00:00+00:00,52.36285400390625,53.41523360842893,51.951051771317,53.213910787629075,21879700
2021-06-17 00:00:00+00:00,52.32624435424805,52.98512787311466,51.88698983863183,52.20727849870055,21498800
2021-06-18 00:00:00+00:00,50.94441604614258,51.932741255798106,50.422801126896935,51.86868352823351,55118300
2021-06-21 00:00:00+00:00,51.12744903564453,51.28302032472297,50.6698917597085,51.017636266867676,19254600
2021-06-22 00:00:00+00:00,51.12744903564453,51.50264586227668,50.788857628899656,51.191506775004775,18682800
2021-06-23 00:00:00+00:00,50.5692253112793,51.2189592539203,50.54177299359191,51.12744571015444,20287900
2021-06-24 00:00:00+00:00,51.31046676635742,51.33791908268561,50.64243363892313,50.77970220233321,21209700
2021-06-25 00:00:00+00:00,51.16404724121094,51.621604452629704,51.01762907319232,51.26471038626459,21101200
2021-06-28 00:00:00+00:00,52.60077667236328,52.82955527836219,51.55754678754977,51.575849494935824,22480900
2021-06-29 00:00:00+00:00,51.9327392578125,52.92106442944463,51.13659075236498,52.66483003815989,26360000
2021-06-30 00:00:00+00:00,51.3745231628418,51.59415216041152,50.68818734540258,51.55754674566915,29891600
2021-07-01 00:00:00+00:00,51.25556182861328,51.832084943531115,51.127446356605944,51.36537808252083,24871600
2021-07-02 00:00:00+00:00,51.94189453125,52.1523739262634,51.53924543085807,51.74972133498689,17219400
2021-07-06 00:00:00+00:00,51.328765869140625,52.1706694256635,50.97187181840226,52.08830899157893,26186600
2021-07-07 00:00:00+00:00,51.209800720214844,51.65820830987504,50.98102212140307,51.584997482630776,14857400
2021-07-08 00:00:00+00:00,50.68818664550781,50.9901760766358,50.139119395491676,50.614979307918404,19162000
2021-07-09 00:00:00+00:00,51.23726272583008,51.34707548909998,50.61498458249264,50.798004690980875,18708000
2021-07-12 00:00:00+00:00,51.9144401550293,51.94189247029632,51.34707019724267,51.48433526446223,15392800
2021-07-13 00:00:00+00:00,52.04255676269531,52.43605624766788,51.557547230890094,51.81377815472915,15716000
2021-07-14 00:00:00+00:00,51.72227096557617,52.582477322337326,51.54840047063389,52.3170932846217,16263600
2021-07-15 00:00:00+00:00,51.07254409790039,51.61246181998154,50.85291507074664,51.61246181998154,18917000
2021-07-16 00:00:00+00:00,50.30384826660156,52.09747195877017,50.23979052694447,51.29217017194315,25263800
2021-07-19 00:00:00+00:00,50.00184631347656,50.1574175644655,49.38872138946236,49.79137043698434,27007700
2021-07-20 00:00:00+00:00,50.55092239379883,50.84375873064862,49.663260284100375,50.258082566064544,19867000
2021-07-21 00:00:00+00:00,51.456886291503906,51.502641316882375,50.34044551966889,50.496016795017304,18497200
2021-07-22 00:00:00+00:00,51.209800720214844,51.74056874508266,50.953569806628664,51.30131425427018,36691000
2021-07-23 00:00:00+00:00,48.501068115234375,50.0659130600079,47.87878998090021,49.946950689388686,67742300
2021-07-26 00:00:00+00:00,49.69986343383789,49.91033932317588,48.28143334644187,48.327191858332846,32881200
2021-07-27 00:00:00+00:00,48.66578674316406,48.68408945107506,47.86963814890082,48.61087861943106,39878000
2021-07-28 00:00:00+00:00,48.565120697021484,49.34296653695657,48.44615484814145,48.528515283383875,28478800
2021-07-29 00:00:00+00:00,49.14164352416992,49.5076871862575,48.79389907793501,48.94031724094691,16886600
2021-07-30 00:00:00+00:00,49.159942626953125,49.32466348462625,48.72983777737507,49.09588490351181,16465700
2021-08-02 00:00:00+00:00,49.12333679199219,49.846277939883535,48.99522134621581,49.40702348684279,18098100
2021-08-03 00:00:00+00:00,49.47108840942383,49.56259845804355,48.738994056927694,49.315517137708795,16375900
2021-08-04 00:00:00+00:00,49.324668884277344,49.818828020509,49.141645301173085,49.64495753654643,17612700
2021-08-05 00:00:00+00:00,49.635982513427734,49.75572144118386,49.35045581883066,49.72809073230525,15310000
2021-08-06 00:00:00+00:00,49.663612365722656,49.85703786524464,49.48861202322767,49.60835094891857,19256000
2021-08-09 00:00:00+00:00,49.78335952758789,50.11494213754646,49.58072844316751,49.810993754130976,14670100
2021-08-10 00:00:00+00:00,49.68204116821289,50.09651942181475,49.2859845607233,49.958362346327284,16215700
2021-08-11 00:00:00+00:00,49.866249084472656,50.06888365769298,49.589931447807274,49.97677543642494,18590800
2021-08-12 00:00:00+00:00,49.31361770629883,49.903096314698224,49.05571817994685,49.893883735059056,15070100
2021-08-13 00:00:00+00:00,49.2675666809082,49.33204068584703,48.87151007138697,49.276775747226715,15281100
2021-08-16 00:00:00+00:00,49.24913787841797,49.26755952194794,48.81623803938691,49.02808166962764,17690300
2021-08-17 00:00:00+00:00,48.53070831298828,48.98202979999421,48.097811983263014,48.97281722135388,22014900
2021-08-18 00:00:00+00:00,48.0701789855957,48.843870473339166,47.996495922442186,48.447813907377075,15061700
2021-08-19 00:00:00+00:00,48.300453186035156,48.5122968628757,47.50834342141963,47.94123984210683,22999400
2021-08-20 00:00:00+00:00,47.904388427734375,48.245183579889876,47.360962213657935,48.04254900439951,25728300
2021-08-23 00:00:00+00:00,49.0280876159668,49.313617854957734,48.337291710871995,48.43860900579038,23976300
2021-08-24 00:00:00+00:00,49.56230163574219,49.70967127887042,49.10177106177027,49.33203634875623,20348800
2021-08-25 00:00:00+00:00,49.56230163574219,49.94914563136526,49.488615057393346,49.81098856731535,15048400
2021-08-26 00:00:00+00:00,48.935977935791016,49.507034842265185,48.788608298198675,49.507034842265185,19570000
2021-08-27 00:00:00+00:00,49.635982513427734,49.68203486608185,48.74255211494693,49.14782125086942,16525000
2021-08-30 00:00:00+00:00,49.68204116821289,50.53862838780016,49.51624986677214,49.97678047886983,14581300
2021-08-31 00:00:00+00:00,49.79256820678711,50.19783385744845,49.42414233268077,50.14256892226164,22350100
2021-09-01 00:00:00+00:00,49.433349609375,49.884671113142915,49.304401612175425,49.83861875893869,18615000
2021-09-02 00:00:00+00:00,49.488609313964844,49.63597893999001,49.13860513456668,49.55308330575279,15869500
2021-09-03 00:00:00+00:00,49.28597640991211,49.8109844533629,49.11097607114129,49.22150241596659,13456200
2021-09-07 00:00:00+00:00,49.4149284362793,49.6912460580623,49.22150293881892,49.34124186323359,13915000
2021-09-08 00:00:00+00:00,49.341243743896484,49.66361372933573,48.80703012323012,49.48861338203576,18235100
2021-09-09 00:00:00+00:00,49.184669494628906,49.63598751511434,49.129404557733494,49.42414386070306,13495800
2021-09-10 00:00:00+00:00,49.58993148803711,50.63994061635902,49.56230077841897,49.5991405533867,20324700
2021-09-13 00:00:00+00:00,50.64915466308594,51.10968524243778,50.11493750452445,50.29915043897908,22639200
2021-09-14 00:00:00+00:00,50.21625518798828,51.06362977412809,49.98598989650644,50.99915577359874,22072700
2021-09-15 00:00:00+00:00,50.76889419555664,50.79652842178301,50.12415062953446,50.354415937858825,18796200
2021-09-16 00:00:00+00:00,50.50178527832031,50.61231163413451,49.95835905134372,50.52941598888149,19863100
2021-09-17 00:00:00+00:00,49.976776123046875,50.280727987053304,49.43334990759219,50.280727987053304,35359200
2021-09-20 00:00:00+00:00,48.797813415527344,49.27676557734666,48.18991327044303,49.00965703282971,35051900
2021-09-21 00:00:00+00:00,48.696510314941406,49.23072755948926,48.65967053297642,49.000462232750365,17968900
2021-09-22 00:00:00+00:00,49.27677536010742,49.617567028331074,48.816244749265294,49.184670643366886,18594100
2021-09-23 00:00:00+00:00,49.76492691040039,50.01361381304627,49.36887038176834,49.507030943316835,16474300
2021-09-24 00:00:00+00:00,49.939937591552734,50.12414701406935,49.4886160738202,49.53466842944935,12976200
2021-09-27 00:00:00+00:00,50.34519577026367,50.5386177433494,49.57150436435177,49.68203070417662,13899900
2021-09-28 00:00:00+00:00,49.737308502197266,50.28073479119,49.700465208198125,49.90309981162352,24691300
2021-09-29 00:00:00+00:00,49.2675666809082,49.78335872041883,48.98203643505786,49.73730636168678,20514300
2021-09-30 00:00:00+00:00,49.07414245605469,49.71888603613874,49.05572080935859,49.516251436051505,20534100
2021-10-01 00:00:00+00:00,49.608360290527344,49.83862560675625,48.86229940106052,49.414938268151836,19895100
2021-10-04 00:00:00+00:00,49.24913787841797,50.04125098236023,48.88992461350677,49.67282513889943,27353300
2021-10-05 00:00:00+00:00,49.69124984741211,50.05046313447978,49.25834998167956,49.3228239812266,18129400
2021-10-06 00:00:00+00:00,49.718875885009766,49.801771521432435,48.880710456100125,49.25834535234361,20059600
2021-10-07 00:00:00+00:00,49.90309524536133,50.64915606951296,49.84783030941949,50.03204324898936,20704400
2021-10-08 00:00:00+00:00,49.56230163574219,50.271519141287264,49.460984347297256,50.24388491762173,16068000
2021-10-11 00:00:00+00:00,49.22150802612305,50.11493849201241,49.20308638095764,49.56230319132862,14398800
2021-10-12 00:00:00+00:00,48.051761627197266,49.4794093131968,47.90439197417682,49.3412487263034,32784300
2021-10-13 00:00:00+00:00,48.13465118408203,48.42939396638617,47.77543791990943,48.24518104503455,18534000
2021-10-14 00:00:00+00:00,49.645198822021484,49.73730353424968,48.56755541838991,48.724137645461305,26586700
2021-10-15 00:00:00+00:00,50.16099166870117,50.18862589368611,49.562304002095004,49.92151730477263,25231100
2021-10-18 00:00:00+00:00,50.17020034790039,50.253095989271515,49.479404507664135,49.91230084498504,22407600
2021-10-19 00:00:00+00:00,50.851783752441406,50.860996331269305,50.07809226865671,50.31757012821138,18392900
2021-10-20 00:00:00+00:00,50.9991569519043,51.10968682413936,50.732051877926885,50.88863059323883,16850300
2021-10-21 00:00:00+00:00,51.57941818237305,51.64389217401549,50.50177845329017,50.593883151759655,38390900
2021-10-22 00:00:00+00:00,45.555686950683594,46.55964381778107,45.26094764232192,46.41227416360024,109971900
2021-10-25 00:00:00+00:00,45.5096321105957,46.11753234013492,45.41752739934442,45.89647962770403,43178800
2021-10-26 00:00:00+00:00,44.46882247924805,45.53725306323231,44.14645254537861,45.50041329476778,68405400
2021-10-27 00:00:00+00:00,44.109615325927734,44.96620242630607,44.09119368237915,44.68988480021579,41081500
2021-10-28 00:00:00+00:00,44.28461837768555,44.54251435553826,44.10040545911825,44.33987979375731,31317200
2021-10-29 00:00:00+00:00,45.131996154785156,45.38989215132742,44.13724843057452,44.303039717942966,42301000
2021-11-01 00:00:00+00:00,45.638580322265625,45.68463267810367,45.13199738090812,45.5004232547515,28013700
2021-11-02 00:00:00+00:00,45.924110412597656,45.96095370258553,45.34384089278197,45.693845120527726,27193300
2021-11-03 00:00:00+00:00,46.412269592285156,46.46753452474836,45.78594774531292,45.98858231744198,23962100
2021-11-04 00:00:00+00:00,46.660831451416016,46.69792741503029,46.12289929197221,46.595909092587036,24806000
2021-11-05 00:00:00+00:00,47.226585388183594,47.83871658272342,46.874150718483165,46.88342382536859,36816200
2021-11-08 00:00:00+00:00,47.81088638305664,48.218973813622846,47.356429883748234,47.72741427571384,31647800
2021-11-09 00:00:00+00:00,47.48627853393555,48.01493407825877,47.087467714463166,47.80161723914619,22508400
2021-11-10 00:00:00+00:00,47.078189849853516,47.66249463454768,47.03181724046583,47.282233576763325,25040700
2021-11-11 00:00:00+00:00,46.8648796081543,47.36571235119507,46.75358462236873,47.310063089300385,25420000
2021-11-12 00:00:00+00:00,46.660831451416016,47.208036717262594,46.54025984016082,46.929793993134716,23884800
2021-11-15 00:00:00+00:00,46.67011260986328,46.957628489999344,46.48461860777562,46.753584733902535,24695800
2021-11-16 00:00:00+00:00,46.9390754699707,47.43990817935832,46.68865911527689,46.71648197535279,30927800
2021-11-17 00:00:00+00:00,46.58663558959961,47.24513586669924,46.35476899586001,46.92979715769325,23546900
2021-11-18 00:00:00+00:00,46.076534271240234,46.5959167654005,45.4180339301111,46.5959167654005,30658200
2021-11-19 00:00:00+00:00,45.92814254760742,46.12290966790972,45.66845305387102,46.00233802953039,27607600
2021-11-22 00:00:00+00:00,46.21564865112305,47.161661188732545,45.82611095504568,45.95595567440371,33389600
2021-11-23 00:00:00+00:00,45.538597106933594,46.7906788225031,45.111963428148464,46.52171272752853,44713300
2021-11-24 00:00:00+00:00,46.15073013305664,46.1692798870744,45.10269556608158,45.31601243028014,26035800
2021-11-26 00:00:00+00:00,45.2418098449707,45.6127978200502,44.62968216269201,45.35310836029668,25269000
2021-11-29 00:00:00+00:00,46.373321533203125,46.49389315983048,45.186165634114296,45.72409432413755,31478900
2021-11-30 00:00:00+00:00,45.63134002685547,46.74430023004764,45.14905715420543,45.90957919315277,49460800
2021-12-01 00:00:00+00:00,45.07486343383789,46.66083358963109,45.00066796520616,46.224923270658316,35093500
2021-12-02 00:00:00+00:00,45.909584045410156,46.17855013439296,44.82445012076024,45.08413956501766,37240800
2021-12-03 00:00:00+00:00,45.677711486816406,46.42896040119432,45.22325148078469,46.076522245782144,32224900
2021-12-06 00:00:00+00:00,47.29151153564453,47.49555173022118,45.61279614033454,45.89103534239608,40336000
2021-12-07 00:00:00+00:00,48.75690841674805,51.0106520541822,48.423019946312834,50.69531333632711,91731500
2021-12-08 00:00:00+00:00,47.99638366699219,49.044421634323,47.653222107743524,48.75690579181537,37143400
2021-12-09 00:00:00+00:00,46.81850051879883,47.84798872448175,46.77212790930029,47.579022636185556,31694200
2021-12-10 00:00:00+00:00,46.92052459716797,47.36570803777282,46.41969189973621,47.15239119360821,23783600
2021-12-13 00:00:00+00:00,46.373321533203125,47.31933771704091,46.326948919270656,47.16166658406612,35726900
2021-12-14 00:00:00+00:00,46.0950813293457,46.62373690051859,45.74264310256259,46.206376308012736,34120400
2021-12-15 00:00:00+00:00,46.99471664428711,47.09673850536818,45.7519151743998,46.25274429733826,32590300
2021-12-16 00:00:00+00:00,47.14311599731445,47.671771530730446,46.91124941114943,47.059643884774914,33132300
2021-12-17 00:00:00+00:00,46.94834518432617,47.319333135876505,46.3825901503134,46.92052232626106,50102300
2021-12-20 00:00:00+00:00,46.00233459472656,46.49389422003003,45.408756631646796,46.28985046846996,30140300
2021-12-21 00:00:00+00:00,47.087467193603516,47.15238955531079,46.31766842192668,46.31766842192668,31956300
2021-12-22 00:00:00+00:00,47.27296447753906,47.31933709085788,46.56808801828005,46.96689886122837,23307900
2021-12-23 00:00:00+00:00,47.58829879760742,47.97783295904328,47.34715556985861,47.3749819656778,25198200
2021-12-27 00:00:00+00:00,48.172603607177734,48.28390212269013,47.57902567645911,47.62539828892084,20985400
2021-12-28 00:00:00+00:00,48.00566101074219,48.33954949267067,47.88509292182642,48.16333214409893,19290400
2021-12-29 00:00:00+00:00,48.07058334350586,48.35809565201856,47.9129122218669,48.05203359166578,14174800
2021-12-30 00:00:00+00:00,47.98711013793945,48.35809455229415,47.90363802555906,48.15405082469691,18359400
2021-12-31 00:00:00+00:00,47.76451873779297,48.376646409223184,47.72741923334181,48.12623006118308,16319000
2022-01-03 00:00:00+00:00,49.35049057006836,49.36904032423573,47.85726897063133,47.90364512505169,33857600
2022-01-04 00:00:00+00:00,49.28556442260742,50.02753684242391,48.83110786334639,49.68437526163446,45681400
2022-01-05 00:00:00+00:00,49.962615966796875,52.095788064135945,49.92551999820246,50.259404943574296,59109300
2022-01-06 00:00:00+00:00,50.09245681762695,50.70458447701535,49.54525152074919,50.64893875943675,35757900
2022-01-07 00:00:00+00:00,49.56380081176758,50.44489455793817,49.29483825729722,50.25940057905962,30717200
2022-01-10 00:00:00+00:00,51.20541763305664,51.298166393210956,49.44323364616595,50.055361311170664,49260800
2022-01-11 00:00:00+00:00,51.854644775390625,52.01231589856995,50.76023417215799,51.47438370396257,39795200
2022-01-12 00:00:00+00:00,51.696983337402344,52.197812549516314,50.83443922486736,52.06796780793107,29136800
2022-01-13 00:00:00+00:00,50.95500183105469,52.13288456255021,50.797334244116065,51.938117471154214,29605400
2022-01-14 00:00:00+00:00,51.65987777709961,51.72480014028671,50.57474027896593,50.871529235822244,30151500
2022-01-18 00:00:00+00:00,50.788055419921875,51.613503437666665,50.713859952193985,51.29816473931565,35313800
2022-01-19 00:00:00+00:00,49.730751037597656,50.87153436900016,49.67510531382433,50.667494151824975,30595100
2022-01-20 00:00:00+00:00,48.265350341796875,50.16665567685542,48.17260158276756,49.95333883809308,28582600
2022-01-21 00:00:00+00:00,48.265350341796875,49.27628881819435,48.181878227672186,48.3024498454086,46372400
2022-01-24 00:00:00+00:00,48.172603607177734,48.34882448773726,46.26202508492762,47.74596991172417,64198400
2022-01-25 00:00:00+00:00,47.300785064697266,47.87581322582321,46.60518528433407,47.310058171713926,44095400
2022-01-26 00:00:00+00:00,47.940738677978516,48.89603151040661,47.068921504096274,47.42135973949704,54895400
2022-01-27 00:00:00+00:00,44.56475067138672,46.4289597342867,44.31433437019107,46.35476073926452,89642800
2022-01-28 00:00:00+00:00,44.26796340942383,44.703873676342205,42.941686397227976,44.24941365998018,61945400
2022-01-31 00:00:00+00:00,45.27890396118164,45.325276568046625,43.87843142104158,44.22159295744623,51828400
2022-02-01 00:00:00+00:00,45.399478912353516,45.47367438120014,44.85227361984658,45.24180779179895,35386100
2022-02-02 00:00:00+00:00,45.91885757446289,45.98378347412771,44.60185705161216,44.750251526553136,37962700
2022-02-03 00:00:00+00:00,44.77806854248047,46.08579578789582,44.75024568768532,45.67771191955445,42145800
2022-02-04 00:00:00+00:00,44.866859436035156,45.081804835871324,44.044474215173935,44.72668183848054,32431500
2022-02-07 00:00:00+00:00,45.02573013305664,45.474304846959285,44.82013205232649,44.9790042687875,27558500
2022-02-08 00:00:00+00:00,45.61448669433594,45.735973230281395,44.76406311794282,44.83882378891271,28051200
2022-02-09 00:00:00+00:00,46.6424674987793,46.69854067273571,45.63317532224748,46.100441077019845,35217300
2022-02-10 00:00:00+00:00,45.66121292114258,46.661161412354325,45.567757625495915,45.96026273730189,32762700
2022-02-11 00:00:00+00:00,44.51173400878906,45.8948401284581,44.39024392197322,45.74531523889806,37208200
2022-02-14 00:00:00+00:00,44.46501159667969,45.025729084764606,44.0257806398751,44.78274889229425,28456900
2022-02-15 00:00:00+00:00,45.268707275390625,45.287398334299496,44.10054283074843,44.57715592053723,35837900
2022-02-16 00:00:00+00:00,45.07245635986328,45.31543655994511,44.483700483462655,44.91358770707936,26022900
2022-02-17 00:00:00+00:00,44.45566940307617,45.100494945105524,44.278109676563666,44.726684431665205,32030600
2022-02-18 00:00:00+00:00,42.09130096435547,43.18470114321391,41.59599682931479,43.16601008482041,76520100
2022-02-22 00:00:00+00:00,41.76420593261719,42.43706966448604,40.979199433754964,41.76420593261719,57093300
2022-02-23 00:00:00+00:00,41.72683334350586,42.7174344624404,41.63337805354189,42.21278659149934,38176700
2022-02-24 00:00:00+00:00,43.66131591796875,43.72673284241282,40.77361323552689,41.025937186220446,72740100
2022-02-25 00:00:00+00:00,44.58649826049805,44.6612624937742,43.222083087802005,43.857564810829864,39266300
2022-02-28 00:00:00+00:00,44.57715606689453,44.68929885576098,43.7828021029568,43.922983262756105,41946100
2022-03-01 00:00:00+00:00,43.7547607421875,44.76405638565044,43.19404331689994,44.42762450449613,53853000
2022-03-02 00:00:00+00:00,45.670555114746094,45.78270146570743,44.371556851560456,44.40893896854757,46936500
2022-03-03 00:00:00+00:00,44.792091369628906,45.371499853443495,44.50238534524438,45.02572422527481,36389900
2022-03-04 00:00:00+00:00,44.922935485839844,45.10984252614955,44.268762627233535,44.268762627233535,38310700
2022-03-07 00:00:00+00:00,44.55846405029297,45.3621617439656,44.48369981601881,44.86685760428659,43813700
2022-03-08 00:00:00+00:00,44.39025115966797,45.530380856554565,43.820186311224674,44.567810880922785,44813900
2022-03-09 00:00:00+00:00,44.51173400878906,45.287393259333484,43.82017916647726,45.24066739977495,36076500
2022-03-10 00:00:00+00:00,43.60524368286133,44.212690640059584,43.137977889618085,44.19399958053524,36456000
2022-03-11 00:00:00+00:00,42.82958221435547,44.184650096181784,42.773509038539,44.06316356267847,27082100
2022-03-14 00:00:00+00:00,41.493202209472656,42.96976020339688,41.399746915581915,42.894999533239236,35993900
2022-03-15 00:00:00+00:00,41.87635803222656,41.960466010294425,41.18480314978474,41.58665198222509,34448900
2022-03-16 00:00:00+00:00,43.57720184326172,43.57720184326172,42.30623852036414,42.334273322648656,38885500
2022-03-17 00:00:00+00:00,44.05381393432617,44.193995084018454,42.736124674046685,43.28749839657241,28555000
2022-03-18 00:00:00+00:00,44.34352493286133,44.4837025332556,43.31553803852772,43.754769029331044,46237100
2022-03-21 00:00:00+00:00,44.287445068359375,44.75471079571486,43.98839528804824,44.35286198499278,32910900
2022-03-22 00:00:00+00:00,45.22197723388672,45.29674146261697,44.296793075555044,44.390244796513215,27923300
2022-03-23 00:00:00+00:00,45.10983657836914,46.334074144273124,44.913585816149705,45.287396282526515,37126400
2022-03-24 00:00:00+00:00,48.24051284790039,48.26855121580029,45.40888367187754,45.47430058871964,51677900
2022-03-25 00:00:00+00:00,48.436763763427734,48.576941333269275,47.14710944415033,47.37139498187854,33239800
2022-03-28 00:00:00+00:00,48.137718200683594,48.19379137663494,47.24991608699425,47.99754060823761,22932400
2022-03-29 00:00:00+00:00,48.82926940917969,48.866651523646645,47.922772740606554,48.59563654119318,27303700
2022-03-30 00:00:00+00:00,48.06295394897461,49.07224608619334,47.866703195203556,48.829269471756035,24623300
2022-03-31 00:00:00+00:00,46.31538772583008,47.90408860574969,46.268658293516424,47.84801899090157,43698300
2022-04-01 00:00:00+00:00,44.96031188964844,46.633124162021375,44.23137844658407,46.56770724097482,46598600
2022-04-04 00:00:00+00:00,45.978946685791016,46.00698148767193,44.78274404119141,45.016376896744255,23784900
2022-04-05 00:00:00+00:00,44.979000091552734,45.773350405221024,44.87620106073469,45.63317282543199,25779200
2022-04-06 00:00:00+00:00,44.42762756347656,45.01637983107959,44.14726883152921,44.33417227619098,31518700
2022-04-07 00:00:00+00:00,44.446319580078125,44.77340418024935,43.70803883688619,44.324829486462484,24117000
2022-04-08 00:00:00+00:00,43.941673278808594,44.46501222268933,43.78280106380975,44.18464990974489,22167300
2022-04-11 00:00:00+00:00,43.52113342285156,44.20334101753657,43.483751305756655,43.8295305414522,30352500
2022-04-12 00:00:00+00:00,43.455711364746094,44.77340053449828,43.37160339370002,44.22202684985279,29861400
2022-04-13 00:00:00+00:00,43.93232727050781,44.17530747360805,43.50244360650585,43.689350632362576,22171300
2022-04-14 00:00:00+00:00,42.680057525634766,43.68935338999388,42.63333165746005,43.68935338999388,36181800
2022-04-18 00:00:00+00:00,43.58655548095703,43.820188392896085,42.53988103365756,42.549224781554784,25593100
2022-04-19 00:00:00+00:00,44.792091369628906,44.857508284013406,43.30618626512278,43.54916286641456,31483100
2022-04-20 00:00:00+00:00,44.96031188964844,45.5584114906197,44.838821794152764,45.193944769087516,22787100
2022-04-21 00:00:00+00:00,44.39025115966797,45.69859683035603,44.296799425313885,45.43692555724533,27316900
2022-04-22 00:00:00+00:00,43.49309158325195,44.53042199265852,43.455709472202955,44.34351500236786,28219900
2022-04-25 00:00:00+00:00,43.97905349731445,44.05381416323868,43.15666478241954,43.18469958652178,35999300
2022-04-26 00:00:00+00:00,42.539878845214844,43.773460271595646,42.53053153284317,43.633279105661636,35356600
2022-04-27 00:00:00+00:00,42.25951385498047,43.04452042570612,42.0632595385831,42.50249046653513,28320900
2022-04-28 00:00:00+00:00,43.77345657348633,44.17530541259565,42.55856630953121,42.79219918971315,41097000
2022-04-29 00:00:00+00:00,40.73623275756836,42.390354124305325,40.65212477061715,42.04457842904154,70765900
2022-05-02 00:00:00+00:00,42.01652908325195,42.04456744821631,40.66145789847909,40.85771219341273,45446500
2022-05-03 00:00:00+00:00,42.10999298095703,42.51184183317421,41.33433008227342,41.85766903433543,40158400
2022-05-04 00:00:00+00:00,43.49309158325195,43.58654329592012,41.50253873182189,42.10998555902797,44625600
2022-05-05 00:00:00+00:00,42.00957489013672,43.243489748438414,41.56687552015289,42.951493641871934,52996700
2022-05-06 00:00:00+00:00,41.72699737548828,42.52763042030808,41.29371563912066,41.905964226739655,40916600
2022-05-09 00:00:00+00:00,40.56843566894531,41.63280474167557,40.38005122170734,41.265457045785475,44925800
2022-05-10 00:00:00+00:00,41.45384216308594,42.14144600518928,40.97346518670391,41.774094678385566,42770000
2022-05-11 00:00:00+00:00,40.34238052368164,41.717580993258,40.29528171314887,41.463262507547064,40351700
2022-05-12 00:00:00+00:00,40.35179901123047,40.41773303565469,39.570004731436356,40.248187374811025,42329600
2022-05-13 00:00:00+00:00,41.067657470703125,41.29371955943275,40.47425122491599,40.89811180243966,32034100
2022-05-16 00:00:00+00:00,40.57786178588867,41.0770775774139,40.30470448394151,40.89811071393511,25071900
2022-05-17 00:00:00+00:00,41.821189880371094,41.84002509158528,41.11475088639952,41.27487533366183,28596600
2022-05-18 00:00:00+00:00,39.890254974365234,41.425583440913755,39.76780813205948,41.425583440913755,35218400
2022-05-19 00:00:00+00:00,39.570003509521484,40.219929720397545,39.29684981382816,39.86199960376542,29181000
2022-05-20 00:00:00+00:00,39.23090744018555,39.833734712628086,37.968736491083746,39.796057109816935,44802300
2022-05-23 00:00:00+00:00,39.56058883666992,39.79606853212629,38.92950497755165,39.26859272077542,27199500
2022-05-24 00:00:00+00:00,39.24974822998047,39.45697148177608,38.71285488954137,39.278008232674544,29837500
2022-05-25 00:00:00+00:00,39.74897003173828,40.0503837296002,38.986014587887034,39.033109804465205,26283100
2022-05-26 00:00:00+00:00,40.95462417602539,41.143008632495935,39.63594016700088,39.72070939962125,28826700
2022-05-27 00:00:00+00:00,41.96247482299805,41.96247482299805,41.0205561800884,41.058233788157054,30553300
2022-05-31 00:00:00+00:00,41.840023040771484,42.1508579075878,41.11474887113547,41.67989860135776,41111500
2022-06-01 00:00:00+00:00,41.548038482666016,42.32041160451847,41.001723858697915,42.169704741550554,29885500
2022-06-02 00:00:00+00:00,42.235633850097656,42.27331145973486,41.38790559893357,41.623385269464194,28727600
2022-06-03 00:00:00+00:00,40.869850158691406,41.67990078270309,40.82275494423052,41.54803274495878,33174700
2022-06-06 00:00:00+00:00,40.8227653503418,41.48210930027095,40.577868016837776,41.265468384019385,25437100
2022-06-07 00:00:00+00:00,41.0017204284668,41.058236844777205,40.18225215420694,40.55902107667352,25168700
2022-06-08 00:00:00+00:00,38.8353157043457,39.80549101875744,38.646931206259374,39.79607341076407,59649900
2022-06-09 00:00:00+00:00,37.68616485595703,38.94833603256156,37.68616485595703,38.628083537210124,39047200
2022-06-10 00:00:00+00:00,36.90437698364258,37.75210529753188,36.90437698364258,37.53546082265525,43066200
2022-06-13 00:00:00+00:00,35.57627487182617,36.55587132375437,35.482080832331995,36.31097041420472,50335900
2022-06-14 00:00:00+00:00,35.72697448730469,35.98129295259526,35.35962679070757,35.80232611046422,31351700
2022-06-15 00:00:00+00:00,36.40515899658203,36.89495355599094,35.71755518731926,36.32038617031228,37652300
2022-06-16 00:00:00+00:00,35.171241760253906,35.59510586204731,34.78505526598312,35.510333041688625,45576500
2022-06-17 00:00:00+00:00,34.82273864746094,35.905943094834086,34.474226109791516,35.303115647055115,71393200
2022-06-21 00:00:00+00:00,35.53858947753906,35.82116434790276,35.16182418143228,35.19008059052832,34004900
2022-06-22 00:00:00+00:00,35.208927154541016,35.57627492629269,35.05822028425481,35.16183193128943,32571000
2022-06-23 00:00:00+00:00,35.237178802490234,35.43498086926662,34.76621944742186,35.425563263144525,30163000
2022-06-24 00:00:00+00:00,36.36748123168945,36.39573764261425,35.54801297665849,35.651621014427626,38159900
2022-06-27 00:00:00+00:00,36.38631820678711,36.79134351096852,36.235611367542944,36.612376669086125,29585300
2022-06-28 00:00:00+00:00,35.585689544677734,36.75367038614297,35.54801552512201,36.339227425950746,37824200
2022-06-29 00:00:00+00:00,35.1241455078125,35.41613797463434,34.86982705426378,35.3596251581575,25437200
2022-06-30 00:00:00+00:00,35.237178802490234,35.7929109851963,34.59667379214647,35.04879434183594,35141000
2022-07-01 00:00:00+00:00,34.22932434082031,35.0393749655155,33.79604261839925,34.93576333773339,40596300
2022-07-05 00:00:00+00:00,34.558998107910156,34.60609692055034,33.47579368674956,33.843141429279456,33215000
2022-07-06 00:00:00+00:00,34.841575622558594,35.24659737331897,34.342356249190765,34.68144756902255,26258300
2022-07-07 00:00:00+00:00,35.92478561401367,36.10375250134696,35.53859901580266,35.68930589332073,33165400
2022-07-08 00:00:00+00:00,35.78349304199219,35.92477869130094,35.21833966535307,35.47265814587047,22566300
2022-07-11 00:00:00+00:00,35.039371490478516,35.48207077464109,34.87924346529565,35.472653169928776,25904300
2022-07-12 00:00:00+00:00,35.04879379272461,35.510335534439896,34.84157412307266,35.46324031829785,30546300
2022-07-13 00:00:00+00:00,35.04879379272461,35.25601705551123,34.49306161872523,34.54957803397649,27059200
2022-07-14 00:00:00+00:00,35.51975631713867,35.943620486594924,34.182233374782285,34.84157723914367,36690700
2022-07-15 00:00:00+00:00,36.376895904541016,36.42399111666326,35.53858891210822,36.047225826550935,32892300
2022-07-18 00:00:00+00:00,36.461673736572266,37.055083551674116,36.2921280751146,36.82902147201894,30814400
2022-07-19 00:00:00+00:00,37.883975982666016,38.36435299852295,36.96089597286248,37.03624760981831,53095300
2022-07-20 00:00:00+00:00,38.204227447509766,38.30783549626199,37.262308656731136,37.874553714856226,36387900
2022-07-21 00:00:00+00:00,38.251319885253906,38.28899749649604,37.507203232328344,38.157125857148586,29661200
2022-07-22 00:00:00+00:00,36.9232177734375,38.15712910499946,36.67831687265301,38.025261047562466,41350000
2022-07-25 00:00:00+00:00,36.88553237915039,37.12101203008805,36.310961455961,36.99856160552286,32263400
2022-07-26 00:00:00+00:00,36.6971549987793,37.27172603249225,36.621803364414575,36.82902305376882,35925500
2022-07-27 00:00:00+00:00,37.846290588378906,38.0723490459156,36.951467177221375,36.98914478452229,42571600
2022-07-28 00:00:00+00:00,37.40359115600586,37.78977768383743,36.77250734426379,37.76152127230711,56662300
2022-07-29 00:00:00+00:00,34.201072692871094,34.493065219312484,33.19321987106009,33.53230761855959,125292400
2022-08-01 00:00:00+00:00,34.81331253051758,35.50091271559671,33.956166700554874,33.956166700554874,52513400
2022-08-02 00:00:00+00:00,33.918495178222656,34.53074384939733,33.90907757098796,34.464809819349,53929400
2022-08-03 00:00:00+00:00,34.398868560791016,34.464802576984106,33.21204908304663,33.99384326524239,59513900
2022-08-04 00:00:00+00:00,33.927913665771484,34.346540572218984,33.64248606458415,34.2609119289219,54046300
2022-08-05 00:00:00+00:00,33.6710205078125,33.95644804772787,33.471221592812554,33.6329625346483,40205100
2022-08-08 00:00:00+00:00,33.66151809692383,34.21334435849481,33.490260794854755,33.642489104537354,41534600
2022-08-09 00:00:00+00:00,32.843284606933594,33.58539705078632,32.72911429928133,33.50928472215435,48202300
2022-08-10 00:00:00+00:00,33.652000427246094,33.68054572937782,32.909887901184135,33.290460474728704,42243300
2022-08-11 00:00:00+00:00,33.8613166809082,34.52731688908878,33.76617534948633,33.90888734661914,35569700
2022-08-12 00:00:00+00:00,34.35605239868164,34.38459406625294,33.937421917457904,34.061108525947496,37675200
2022-08-15 00:00:00+00:00,34.57488250732422,34.660511144866916,33.97548204452533,34.34653826407415,25400600
2022-08-16 00:00:00+00:00,34.432167053222656,34.803226903813886,33.965969514088656,34.40362538371896,25000200
2022-08-17 00:00:00+00:00,34.042083740234375,34.32751496881716,33.55685718457954,34.070629040737956,29176100
2022-08-18 00:00:00+00:00,34.441688537597656,34.56537517304557,33.84228798209842,33.94694562521518,24598200
2022-08-19 00:00:00+00:00,33.66151809692383,34.279944017142874,33.48074448395692,34.06111604881221,31425500
2022-08-22 00:00:00+00:00,32.196311950683594,33.3570548497633,32.09165432805726,33.29996788394663,51006100
2022-08-23 00:00:00+00:00,32.30097198486328,32.71959887721433,32.2629140048108,32.32951365519827,30687100
2022-08-24 00:00:00+00:00,32.21533966064453,32.33902626696723,31.967966447999135,32.31999727911694,25105700
2022-08-25 00:00:00+00:00,33.1953125,33.23337047977773,32.17728513210235,32.22485579212015,29799100
2022-08-26 00:00:00+00:00,31.739635467529297,33.32851832556253,31.730119156017206,33.252405980512926,44851500
2022-08-29 00:00:00+00:00,31.340028762817383,31.787200966505686,31.216345768553293,31.615943681238203,32976800
2022-08-30 00:00:00+00:00,30.693056106567383,31.46371385270319,30.588402107924534,31.435172183019567,40182500
2022-08-31 00:00:00+00:00,30.36957359313965,30.81674397852586,30.22685979479974,30.81674397852586,44074500
2022-09-01 00:00:00+00:00,30.217348098754883,30.28394775650257,29.617947549616545,30.036576302936464,36440700
2022-09-02 00:00:00+00:00,29.703575134277344,30.807233047033623,29.551346832111893,30.64548843444026,34893300
2022-09-06 00:00:00+00:00,28.885347366333008,29.865316797451694,28.85680388024729,29.865316797451694,46989600
2022-09-07 00:00:00+00:00,29.161258697509766,29.294459809761992,28.59040171348341,28.9424307616227,37329500
2022-09-08 00:00:00+00:00,29.25640296936035,29.35154610618533,28.45720352355757,28.894861227070713,37359500
2022-09-09 00:00:00+00:00,29.931917190551758,29.969975172940625,29.570375431379905,29.675033068244815,34069500
2022-09-12 00:00:00+00:00,30.02705955505371,30.312488971473055,29.589403657130262,30.19831684196443,38305500
2022-09-13 00:00:00+00:00,27.867321014404297,29.427662019055212,27.829263031508173,29.33251887651941,71417900
2022-09-14 00:00:00+00:00,27.76266098022461,28.32400347656698,27.600918196283516,28.114688218111237,40767200
2022-09-15 00:00:00+00:00,27.439178466796875,27.98149203370225,27.315491833994688,27.73412058280243,39919100
2022-09-16 00:00:00+00:00,27.819747924804688,27.895862074220805,27.039577439613396,27.30597786992203,72748000
2022-09-19 00:00:00+00:00,28.010034561157227,28.067119720267634,27.496262685050105,27.610434817975406,33151900
2022-09-20 00:00:00+00:00,27.553348541259766,27.75314932525788,27.315491588460063,27.658006181197088,31129000
2022-09-21 00:00:00+00:00,27.087146759033203,28.15274661271233,27.077632263990022,27.734117904334347,39977300
2022-09-22 00:00:00+00:00,26.70657730102539,27.11569153381817,26.678035629242753,27.020548393565633,36092700
2022-09-23 00:00:00+00:00,26.183292388916016,26.54483413922103,25.869321300725936,26.54483413922103,43491100
2022-09-26 00:00:00+00:00,25.66000747680664,26.354551159837232,25.555351651320706,26.22135003194812,44786400
2022-09-27 00:00:00+00:00,25.583894729614258,26.25940945795115,25.327010585034248,26.069123158917048,44121400
2022-09-28 00:00:00+00:00,25.81223487854004,25.954950497334636,25.30797931644131,25.555350757059607,40433400
2022-09-29 00:00:00+00:00,25.098663330078125,25.479235883108505,24.917893363563564,25.479235883108505,41831300
2022-09-30 00:00:00+00:00,24.518293380737305,25.27943484950694,24.48974989514429,25.022548923283036,43821000
2022-10-03 00:00:00+00:00,25.66000747680664,25.92640791788033,24.80372280759737,25.051094256871966,44096200
2022-10-04 00:00:00+00:00,26.354549407958984,26.449690731221,25.774177899597717,26.09766347986094,42427500
2022-10-05 00:00:00+00:00,26.297460556030273,26.48774681835725,25.583889794360527,26.040576461004424,30120000
2022-10-06 00:00:00+00:00,25.85980796813965,26.411636021126025,25.688550673298273,26.107179414610027,33985100
2022-10-07 00:00:00+00:00,24.470722198486328,25.003523069498016,24.404122543285993,24.898865431494915,57215500
2022-10-10 00:00:00+00:00,23.975980758666992,24.727607760492898,23.871323122262893,24.68003709742075,43409300
2022-10-11 00:00:00+00:00,23.82375144958496,24.24237834805178,23.49075137807841,23.795207964128604,48134900
2022-10-12 00:00:00+00:00,24.09966468811035,24.28043646762643,23.4622080269052,23.83326426643952,39634100
2022-10-13 00:00:00+00:00,25.136722564697266,25.536322313541532,23.395609762169638,23.528809073549557,62447000
2022-10-14 00:00:00+00:00,24.6514949798584,25.336522365546806,24.508781168011385,25.174779561532304,48185400
2022-10-17 00:00:00+00:00,25.136722564697266,25.450693666310293,24.89886561454483,25.03206492592475,39416500
2022-10-18 00:00:00+00:00,24.613435745239258,25.650490283364082,24.299464672391256,25.441176839700198,51126900
2022-10-19 00:00:00+00:00,24.73712158203125,24.974978520320015,24.442179486670426,24.489750148446408,33882300
2022-10-20 00:00:00+00:00,24.813236236572266,25.64097919719597,24.68955142460546,24.879835890300885,33247700
2022-10-21 00:00:00+00:00,25.66000747680664,25.736121629298474,24.53732418122822,24.59440934192096,53058700
2022-10-24 00:00:00+00:00,25.85980796813965,26.145235583072267,25.231865763524276,25.450693722619583,43831600
2022-10-25 00:00:00+00:00,26.07863426208496,26.221348060438835,25.688549033055654,25.859806316962064,32205300
2022-10-26 00:00:00+00:00,25.88834571838379,26.449688182111053,25.67903228679392,25.869318544387795,37111100
2022-10-27 00:00:00+00:00,24.99401092529297,26.249895440668745,24.860809787655917,26.116696117736364,56305100
2022-10-28 00:00:00+00:00,27.658004760742188,27.800718562151634,26.506778039374286,26.811234632968954,91695700
2022-10-31 00:00:00+00:00,27.04909324645996,27.762664112343902,26.68754965817755,27.66752096728513,59507700
2022-11-01 00:00:00+00:00,26.925405502319336,27.4486918711954,26.535320256910445,27.40111939327695,44418700
2022-11-02 00:00:00+00:00,26.088150024414062,27.448692051860544,26.078635528767748,26.8968640073058,51956100
2022-11-03 00:00:00+00:00,26.059606552124023,26.525805950828502,25.850293091900937,26.116693526033995,39678200
2022-11-04 00:00:00+00:00,27.19263458251953,27.231204737967765,26.4308542408671,26.585138541087908,43051900
2022-11-07 00:00:00+00:00,27.395130157470703,27.452986306280927,26.893705296545274,27.346917006664487,34389800
2022-11-08 00:00:00+00:00,27.462631225585938,27.9158429674121,26.932279172758577,27.732629670945908,36258000
2022-11-09 00:00:00+00:00,26.536924362182617,27.289059836909928,26.536924362182617,27.211917689778566,30544800
2022-11-10 00:00:00+00:00,28.69690704345703,28.764406193994382,27.62655811575354,27.848341564437387,62943900
2022-11-11 00:00:00+00:00,29.342975616455078,29.535830085205188,27.838702667662353,27.89655882436598,49826500
2022-11-14 00:00:00+00:00,29.265832901000977,29.882970131932595,29.10190559413301,29.256189901865916,39395300
2022-11-15 00:00:00+00:00,29.61297035217285,30.220466396071025,29.092261296616932,29.98903994480018,40933200
2022-11-16 00:00:00+00:00,28.475122451782227,29.150115769275452,28.388337307656638,29.034403469917226,35582800
2022-11-17 00:00:00+00:00,28.822261810302734,28.88011980044275,27.96405518791181,28.03155433719462,31983300
2022-11-18 00:00:00+00:00,28.802976608276367,29.17904433447916,28.552264177736568,29.17904433447916,27122200
2022-11-21 00:00:00+00:00,27.906200408935547,28.65833592559415,27.877271412443307,28.600479771823636,36086800
2022-11-22 00:00:00+00:00,28.7547607421875,28.79333273304023,28.021909468909385,28.099051611401094,25584100
2022-11-23 00:00:00+00:00,28.61012077331543,29.005474501705663,28.436550484907258,28.667976923046872,23143900
2022-11-25 00:00:00+00:00,28.291912078857422,28.619766692824296,28.291912078857422,28.619766692824296,11314900
2022-11-28 00:00:00+00:00,27.703697204589844,28.147265892173472,27.52048577028768,28.060480754150884,28267900
2022-11-29 00:00:00+00:00,27.86762809753418,28.13762654409084,27.713343796420073,27.81941494314125,24361500
2022-11-30 00:00:00+00:00,28.995834350585938,29.00547734969031,27.211919978985524,27.742273894441873,72072500
2022-12-01 00:00:00+00:00,28.764408111572266,29.391188344478422,28.465482493887304,29.159761881830644,38896300
2022-12-02 00:00:00+00:00,28.359407424926758,28.378693420620323,27.684412289362132,28.127980994245284,31546000
2022-12-05 00:00:00+00:00,28.12798309326172,28.687264135614384,27.85798465104481,28.36905253977949,34040400
2022-12-06 00:00:00+00:00,27.57834243774414,28.26297871819532,27.327630016403024,28.1472664247848,27701200
2022-12-07 00:00:00+00:00,27.317989349365234,27.5301297981923,27.144419055227683,27.26977619619987,28239900
2022-12-08 00:00:00+00:00,27.424060821533203,27.578345120565167,27.06727723051309,27.30834667765227,28486100
2022-12-09 00:00:00+00:00,27.231204986572266,27.751915883981724,27.18299183201833,27.37584628944802,25641300
2022-12-12 00:00:00+00:00,27.665130615234375,27.684414773444505,26.864780114274833,27.125133722644026,35117900
2022-12-13 00:00:00+00:00,27.703697204589844,29.01511543318562,27.35655849171321,28.725832865919475,58546800
2022-12-14 00:00:00+00:00,27.250490188598633,28.079769665058897,27.00942074443822,27.491559632759046,37141100
2022-12-15 00:00:00+00:00,26.180139541625977,26.99977596556628,26.151212387331118,26.94191981776278,45682700
2022-12-16 00:00:00+00:00,25.958356857299805,26.17049729817023,25.505146981216424,26.035499002999398,81104200
2022-12-19 00:00:00+00:00,25.8330020904541,26.00657054243023,25.553360657044916,25.939071393459425,37662500
2022-12-20 00:00:00+00:00,25.49550437927246,25.910144108555976,25.476218382744424,25.59193252269879,31863300
2022-12-21 00:00:00+00:00,25.871572494506836,26.00657079375305,25.630503052016383,25.64014605042167,28100900
2022-12-22 00:00:00+00:00,25.042293548583984,25.50514828566791,24.444442348638713,25.50514828566791,47478300
2022-12-23 00:00:00+00:00,25.15800666809082,25.254434811023486,24.762652937359356,24.994079376869443,23600900
2022-12-27 00:00:00+00:00,25.01336669921875,25.167651000403847,24.733725253812043,24.926581549900387,29548100
2022-12-28 00:00:00+00:00,24.627656936645508,25.186938010736196,24.589084940191103,24.91693955319744,26176900
2022-12-29 00:00:00+00:00,25.273719787597656,25.350863775815828,24.830152890626614,24.849438887681156,30944800
2022-12-30 00:00:00+00:00,25.485862731933594,25.51478988904513,24.878366683595974,24.974794832133654,31030100
2023-01-03 00:00:00+00:00,25.775142669677734,26.102997237232728,25.428003945782972,26.083711241679193,31308000
2023-01-04 00:00:00+00:00,26.69120979309082,26.922636244340204,26.18978489577685,26.430854345730037,37665200
2023-01-05 00:00:00+00:00,26.57549476623535,26.7876370522534,26.401924473752903,26.459782464056307,33552600
2023-01-06 00:00:00+00:00,27.703697204589844,27.800125340083127,26.401921973464766,26.93227579907098,31788600
2023-01-09 00:00:00+00:00,28.262981414794922,28.80297829961147,27.80977151713731,27.80977151713731,37493200
2023-01-10 00:00:00+00:00,28.388336181640625,28.455835326791227,27.886911333073627,28.19547990474139,23008100
2023-01-11 00:00:00+00:00,28.783693313598633,28.812620471120535,27.96405679822175,28.619766010523257,30375400
2023-01-12 00:00:00+00:00,29.207975387573242,29.294758697326316,28.41726604818337,28.90904794592512,28963900
2023-01-13 00:00:00+00:00,29.034404754638672,29.09226090687782,28.745120315015104,28.89940461379544,31361900
2023-01-17 00:00:00+00:00,28.54262351989746,29.179046726826428,28.465481368730735,29.101904575659702,34759100
2023-01-18 00:00:00+00:00,27.780841827392578,28.754762588389678,27.6072715358387,28.735476591725053,44199600
2023-01-19 00:00:00+00:00,27.404775619506836,27.732630224266018,27.231205318256215,27.58798891962849,36886600
2023-01-20 00:00:00+00:00,28.17619514465332,28.185838142842474,27.240846390871358,27.404773681659314,35158500
2023-01-23 00:00:00+00:00,29.188688278198242,29.4008287235835,28.13762537116362,28.282266667526926,38795800
2023-01-24 00:00:00+00:00,28.8511905670166,29.111546002854098,28.66797727818127,28.87047656357061,24855100
2023-01-25 00:00:00+00:00,28.639053344726562,28.822264814961045,28.127985413828632,28.46548303463994,28268000
2023-01-26 00:00:00+00:00,29.015117645263672,29.03440364167541,28.282266334542182,28.98618865064606,56088100
2023-01-27 00:00:00+00:00,27.154062271118164,27.231204420328744,25.82335973743222,26.102999338615348,148548200
2023-01-30 00:00:00+00:00,26.95156478881836,27.49155983268477,26.681566347278196,26.729779500775336,55145800
2023-01-31 00:00:00+00:00,27.250490188598633,27.279419184014884,26.546567853061564,26.787637297221977,52621600
2023-02-01 00:00:00+00:00,28.03155517578125,28.378695770150827,26.691209630742602,26.893707084648902,63330600
2023-02-02 00:00:00+00:00,29.111547470092773,29.217616778058037,27.771200069456867,28.2051258177228,62230700
2023-02-03 00:00:00+00:00,29.236900329589844,30.05653676373486,28.47512188318245,28.56190702557509,57603100
2023-02-06 00:00:00+00:00,28.002229690551758,28.93921520347328,27.924147564474964,28.841612080471105,48726400
2023-02-07 00:00:00+00:00,28.353593826293945,28.56832103513832,27.748457910663006,27.96318325788295,50780800
2023-02-08 00:00:00+00:00,27.56301498413086,28.421920183249103,27.533733490425252,28.255995442166576,36479100
2023-02-09 00:00:00+00:00,27.06523895263672,28.12910895174248,26.909074719889496,27.992465713494784,43906400
2023-02-10 00:00:00+00:00,27.133563995361328,27.31900974325662,26.68459223496979,26.967639244428643,31232500
2023-02-13 00:00:00+00:00,27.865581512451172,27.865581512451172,27.05547884529115,27.201884444523,32347500
2023-02-14 00:00:00+00:00,27.953426361083984,28.03150848482236,27.319008873006595,27.699658993528093,27928900
2023-02-15 00:00:00+00:00,28.158388137817383,28.187667765544692,27.484928775724097,27.680134981486436,23359400
2023-02-16 00:00:00+00:00,27.52397346496582,28.138869908751705,27.455649983101143,27.816780940744902,28972500
2023-02-17 00:00:00+00:00,26.948118209838867,27.397089938587733,26.72363048383983,27.32876831565852,32086200
2023-02-21 00:00:00+00:00,25.435272216796875,26.616266278204687,25.415753084633707,26.460102051152745,63668400
2023-02-22 00:00:00+00:00,24.859416961669922,26.255136427710145,24.693492230847845,25.28886953467257,89195300
2023-02-23 00:00:00+00:00,24.996063232421875,25.45479545717064,24.713014382393666,25.161987971011783,56473200
2023-02-24 00:00:00+00:00,24.537328720092773,24.742295446145526,24.32260335807878,24.61541083915464,44089900
2023-02-27 00:00:00+00:00,24.30307960510254,24.96677847262712,24.283558612146088,24.937496983192442,37657000
2023-02-28 00:00:00+00:00,24.332365036010742,24.51781077588773,24.137158798074474,24.34212553407002,50255300
2023-03-01 00:00:00+00:00,24.722774505615234,25.298630833078455,24.371404038247963,24.42996702389222,47823400
2023-03-02 00:00:00+00:00,25.57192039489746,25.669521652354405,24.517810804390407,24.60565156377673,48309300
2023-03-03 00:00:00+00:00,25.76712417602539,25.845206297161468,25.38647406819009,25.571919803997503,36744900
2023-03-06 00:00:00+00:00,25.366954803466797,25.903771051829636,25.308393674024853,25.835447562251836,37879800
2023-03-07 00:00:00+00:00,24.91798210144043,25.366953846261588,24.888700607012005,25.220550097368804,43164600
2023-03-08 00:00:00+00:00,25.357192993164062,25.3864744871826,24.839899630209082,24.947261385027765,36071900
2023-03-09 00:00:00+00:00,25.80616569519043,26.33321953780848,25.347431612988608,25.35719211065509,54886100
2023-03-10 00:00:00+00:00,26.56746482849121,26.860274161836333,25.689040551704853,25.913526404132295,65187000
2023-03-13 00:00:00+00:00,26.303939819335938,26.655308426042993,25.97209034627264,26.09897309226763,50977000
2023-03-14 00:00:00+00:00,27.33852767944336,27.42637029431564,26.5967466325355,26.694349744796313,47689800
2023-03-15 00:00:00+00:00,27.728939056396484,27.816781673769935,26.99691848603412,27.065240108074672,49322800
2023-03-16 00:00:00+00:00,29.45650863647461,29.544351255599253,27.70941861346735,27.70941861346735,75779500
2023-03-17 00:00:00+00:00,29.095378875732422,30.256852106897263,28.734249747934122,29.202742495057443,80628500
2023-03-20 00:00:00+00:00,28.460960388183594,29.18322048020236,27.943665167769986,29.085617362551254,38780100
2023-03-21 00:00:00+00:00,27.777740478515625,28.470720939680174,27.30924774685839,28.30479619784849,55650800
2023-03-22 00:00:00+00:00,27.455650329589844,28.421919107429034,27.426370698617145,27.797260296726222,37415500
2023-03-23 00:00:00+00:00,28.334077835083008,28.460960585773083,27.543494252082628,27.69965849675871,43785500
2023-03-24 00:00:00+00:00,28.656166076660156,29.09537730527202,28.236473981906343,28.343837595436273,55912100
2023-03-27 00:00:00+00:00,28.480480194091797,29.01729452630721,28.382877080518664,28.665925923718298,34758200
2023-03-28 00:00:00+00:00,28.587844848632812,28.62688497851229,27.943665020187566,28.38287811648555,37407900
2023-03-29 00:00:00+00:00,30.764385223388672,31.125514332127047,29.046576712975515,29.056337210728525,85556200
2023-03-30 00:00:00+00:00,31.320720672607422,31.798975756041244,31.047432319448752,31.086474310596248,70077600
2023-03-31 00:00:00+00:00,31.886810302734375,32.11129985959346,30.96934597538122,31.037667588947482,59765000
2023-04-03 00:00:00+00:00,32.10154342651367,32.755483778380075,31.759935295631553,32.15034405617549,57038300
2023-04-04 00:00:00+00:00,32.30650329589844,33.02876516195409,32.05273782705385,32.06249646217338,55714100
2023-04-05 00:00:00+00:00,32.04298400878906,32.199148256918505,31.564728904564877,32.01370065253086,39615700
2023-04-06 00:00:00+00:00,32.02346420288086,32.20890809091326,31.681852337663894,31.81849559445088,28551900
2023-04-10 00:00:00+00:00,31.74041175842285,31.974656251348996,31.428083285688604,31.81849201498187,30534400
2023-04-11 00:00:00+00:00,31.574481964111328,32.316264804141184,31.54520233627418,31.87705177034044,27059100
2023-04-12 00:00:00+00:00,31.252395629882812,32.1015383665515,31.19383264956991,31.984416129174495,37070800
2023-04-13 00:00:00+00:00,31.35976219177246,31.65256967447336,30.891267613176623,31.057192349807018,29722300
2023-04-14 00:00:00+00:00,31.12551498413086,31.467126827768343,30.9303106098554,31.232878600038376,24623600
2023-04-17 00:00:00+00:00,31.369522094726562,31.85753582668746,31.008392975585302,31.18407821695117,29601100
2023-04-18 00:00:00+00:00,31.066953659057617,31.68185013344323,31.018153031207433,31.652570501382968,26041400
2023-04-19 00:00:00+00:00,30.40325355529785,30.76438451737318,30.334931934219302,30.35445292927733,25746600
2023-04-20 00:00:00+00:00,30.120208740234375,30.500858863126293,29.97380312839162,30.022605619547434,30255100
2023-04-21 00:00:00+00:00,29.573631286621094,30.100687008481,29.505309662296582,30.100687008481,28655800
2023-04-24 00:00:00+00:00,28.948972702026367,29.64195312806772,28.900172076394732,29.407704912487166,38732500
2023-04-25 00:00:00+00:00,28.187671661376953,28.861131116549412,28.177913025202002,28.734248368404405,38289900
2023-04-26 00:00:00+00:00,28.353593826293945,29.095374837087064,28.148628975987336,28.499999418369452,41218800
2023-04-27 00:00:00+00:00,29.144180297851562,29.23202291741756,27.826542865986188,28.06078923095398,60186200
2023-04-28 00:00:00+00:00,30.315410614013672,31.789212215845687,30.071403763279058,31.213355899182034,80229700
2023-05-01 00:00:00+00:00,29.573631286621094,30.491097620067237,29.554112152260263,30.36421486941095,36918500
2023-05-02 00:00:00+00:00,29.05633544921875,29.84691710303838,29.03681445489617,29.573628767395718,33463400
2023-05-03 00:00:00+00:00,29.915241241455078,30.3642148405713,29.524830630239645,29.90548074347161,45554500
2023-05-04 00:00:00+00:00,30.61595916748047,31.0863703868526,29.773137664169386,29.83194046852692,46104000
2023-05-05 00:00:00+00:00,30.370952606201172,30.78256288390154,30.11614606579161,30.753161482191516,35010800
2023-05-08 00:00:00+00:00,30.15534782409668,30.22394922525371,29.78293754746141,30.086746422939655,30882800
2023-05-09 00:00:00+00:00,29.49873161315918,29.96914282549875,29.31252647397343,29.773137219066594,30706500
2023-05-10 00:00:00+00:00,29.371326446533203,29.792737178090977,28.90091524959575,29.684935780406107,40526500
2023-05-11 00:00:00+00:00,28.28350067138672,29.087120263507554,28.24429880384525,29.008718397672542,47144400
2023-05-12 00:00:00+00:00,28.3717041015625,28.518707372033433,28.146297092975864,28.450105970430197,24147300
2023-05-15 00:00:00+00:00,29.204723358154297,29.234124760049205,28.303100928438564,28.32270186303517,28717500
2023-05-16 00:00:00+00:00,28.636308670043945,29.30272547676297,28.626508202974787,29.028319875818404,22812000
2023-05-17 00:00:00+00:00,28.29330062866211,28.96951600834132,28.107095499689855,28.930316010753835,41667300
2023-05-18 00:00:00+00:00,29.087120056152344,29.165521921428446,28.29330093657583,28.420703266681524,36529200
2023-05-19 00:00:00+00:00,29.33212661743164,29.63593361688515,28.910715883440798,29.008718684013914,40668700
2023-05-22 00:00:00+00:00,29.675134658813477,29.841738854376008,29.224322536424562,29.2537239365525,28693400
2023-05-23 00:00:00+00:00,28.920516967773438,29.59673424999005,28.900916033390814,29.44972911136836,29400900
2023-05-24 00:00:00+00:00,28.420705795288086,28.900917496484908,28.244301115410053,28.724512816606875,28045800
2023-05-25 00:00:00+00:00,26.8526668548584,27.724889798704417,26.323454677104557,27.724889798704417,78009400
2023-05-26 00:00:00+00:00,28.420705795288086,28.508908135227102,26.558659927377448,26.891868351758603,71910600
2023-05-30 00:00:00+00:00,29.390928268432617,29.439930604540834,28.420704444465784,29.106722195996916,54874800
2023-05-31 00:00:00+00:00,30.81196403503418,31.644985050897073,29.07732060245757,29.106722003928486,136243800
2023-06-01 00:00:00+00:00,30.508153915405273,31.301974899480218,30.400352519575563,31.16477023413201,52667400
2023-06-02 00:00:00+00:00,30.684560775756836,30.958968256854796,30.21414955323008,30.772763113636607,36496200
2023-06-05 00:00:00+00:00,29.263525009155273,30.772761397927788,29.23412360841859,30.68455906496566,48244100
2023-06-06 00:00:00+00:00,30.341550827026367,30.82176436940935,29.106721878535176,29.175323279090467,42295300
2023-06-07 00:00:00+00:00,30.65515899658203,30.74336132799938,30.312150137653216,30.410152935811148,39098000
2023-06-08 00:00:00+00:00,31.184371948242188,31.213773349248747,30.439553279307525,30.802163081396642,35199000
2023-06-09 00:00:00+00:00,30.713960647583008,31.35097604666667,30.067144781529084,31.292175114093027,40218000
2023-06-12 00:00:00+00:00,32.409400939941406,32.63480606389449,30.733560406314766,30.772760403448927,59881600
2023-06-13 00:00:00+00:00,33.23262023925781,33.27182210422168,32.40939976749475,33.095417450379905,51990000
2023-06-14 00:00:00+00:00,34.86927032470703,34.88886752304277,33.124824331607385,33.193425741271795,74404300
2023-06-15 00:00:00+00:00,35.104469299316406,35.69248237005532,34.51645622857749,34.57525529255383,67676300
2023-06-16 00:00:00+00:00,35.64347839355469,36.0648890901967,34.88885932604447,35.63367979668896,110188500
2023-06-20 00:00:00+00:00,34.300846099853516,36.368697705746825,34.02644052737326,36.03548933695129,65970200
2023-06-21 00:00:00+00:00,32.2427978515625,34.349847649977356,32.17419645626733,34.22244345650248,70973500
2023-06-22 00:00:00+00:00,32.05659484863281,32.57601028427737,31.488182682818767,32.03699391346735,45740300
2023-06-23 00:00:00+00:00,32.34080505371094,32.78181677941536,31.390180193692107,31.566584883973874,46199200
2023-06-26 00:00:00+00:00,32.674007415771484,33.311024649713566,32.43879995967875,32.52700228840156,38952400
2023-06-27 00:00:00+00:00,33.418827056884766,33.546231262367364,32.35060042282913,32.556408366607485,33038900
2023-06-28 00:00:00+00:00,32.899417877197266,33.13462537147452,32.370203818945654,32.93861974932619,33906900
2023-06-29 00:00:00+00:00,32.252601623535156,32.67401239853167,31.84099318572252,32.67401239853167,38313000
2023-06-30 00:00:00+00:00,32.772010803222656,32.88961640935033,32.49760519925002,32.69361080430017,33798400
2023-07-03 00:00:00+00:00,32.94841766357422,33.21302468720255,32.47800642328926,32.8700176594415,15753000
2023-07-05 00:00:00+00:00,31.86058807373047,32.66421143222731,31.850789475753086,32.64461049777656,37664700
2023-07-06 00:00:00+00:00,31.331375122070312,31.399978390882627,30.753160655387852,31.262773722505944,41693600
2023-07-07 00:00:00+00:00,31.213773727416992,31.762586801452922,31.18437232605422,31.360776995734906,28345700
2023-07-10 00:00:00+00:00,32.08599853515625,32.1742008752923,31.135373729078424,31.23337653692382,36305700
2023-07-11 00:00:00+00:00,32.63480758666992,32.69361038898678,31.850788914924802,32.16439638362285,28148800
2023-07-12 00:00:00+00:00,33.30122756958008,33.39923224945889,32.39960694567266,33.017019605675934,37762200
2023-07-13 00:00:00+00:00,33.193416595458984,33.614827274998085,32.94841056030813,33.46782589700482,32745800
2023-07-14 00:00:00+00:00,32.4878044128418,33.19341930959561,32.34079928433291,33.10521698018942,30426200
2023-07-17 00:00:00+00:00,33.683433532714844,33.9088386690032,32.40940271354346,32.49760504848202,34111200
2023-07-18 00:00:00+00:00,33.81083679199219,34.00684239065943,33.154222335727155,33.59523025960864,29679500
2023-07-19 00:00:00+00:00,33.77163314819336,34.14404339222299,33.64423269348231,33.71283408863307,26486700
2023-07-20 00:00:00+00:00,32.70341110229492,33.5266316955034,32.5662082931762,33.02682092821433,37878000
2023-07-21 00:00:00+00:00,33.34042739868164,33.56583254084737,32.752410570926834,33.05621945219162,79724100
2023-07-24 00:00:00+00:00,32.95821762084961,33.77163583016144,32.88961622025087,33.164021822645815,25225800
2023-07-25 00:00:00+00:00,33.418827056884766,33.654034533276025,32.732813039276934,33.026819580894006,31771100
2023-07-26 00:00:00+00:00,33.67363357543945,33.840235902211106,33.02681772483363,33.04641865830602,32643200
2023-07-27 00:00:00+00:00,33.85983657836914,34.330247762644376,33.42862726074078,34.12444357049192,58890800
2023-07-28 00:00:00+00:00,36.094295501708984,36.251099234687665,34.80066003151501,36.0158917659717,90863000
2023-07-31 00:00:00+00:00,35.05546951293945,36.447102218638456,34.957464840251916,36.13349474303034,55630700
2023-08-01 00:00:00+00:00,35.08486557006836,35.300472090127435,34.575252538062315,35.104466502664245,24702200
2023-08-02 00:00:00+00:00,33.70303726196289,34.47725740635223,33.59523398382054,34.447857871766594,39052000
2023-08-03 00:00:00+00:00,34.17344284057617,34.3302465631894,33.44822702542588,33.605030748039106,24817900
2023-08-04 00:00:00+00:00,34.56195068359375,34.975043685807705,33.91280775321122,33.91280775321122,26664300
2023-08-07 00:00:00+00:00,34.65047073364258,34.965206476031334,34.17836712005945,34.827510057729505,22486900
2023-08-08 00:00:00+00:00,34.44392013549805,34.52260218148307,33.303002329125064,34.09967539747068,34753600
2023-08-09 00:00:00+00:00,33.71609115600586,34.52260181653971,33.666914408791904,34.4242483221118,28720200
2023-08-10 00:00:00+00:00,34.109519958496094,34.512775375313275,33.912809175475154,34.1291914119928,30957300
2023-08-11 00:00:00+00:00,34.316062927246094,34.37507728487278,33.79478256668778,33.89313607745299,28752000
2023-08-14 00:00:00+00:00,35.09306335449219,35.12256865307454,33.90296878702895,34.09967578017183,36896100
2023-08-15 00:00:00+00:00,34.19803237915039,35.04388594060253,34.17836092982065,34.82750374992072,27420300
2023-08-16 00:00:00+00:00,32.978431701660156,34.06033899883146,32.90958349888829,33.952147893919765,35757300
2023-08-17 00:00:00+00:00,32.04405975341797,33.03744357008837,31.817839959101025,33.00793827167546,39906700
2023-08-18 00:00:00+00:00,32.211265563964844,32.36863342885599,31.65064231079349,31.699819065082128,23692300
2023-08-21 00:00:00+00:00,32.5948486328125,32.6243539342114,31.49327360788662,32.063730695957865,43718200
2023-08-22 00:00:00+00:00,32.348960876464844,33.243991281080426,32.289950274103944,32.67353419723266,23434200
2023-08-23 00:00:00+00:00,33.42103576660156,33.588241253719055,32.260446215831806,32.33913203375682,32324300
2023-08-24 00:00:00+00:00,32.053897857666016,33.52922300529971,31.955544348602118,33.165310519428246,37931000
2023-08-25 00:00:00+00:00,32.70303726196289,32.85057126166723,31.817840767627814,31.99488006649483,27324800
2023-08-28 00:00:00+00:00,33.06695556640625,33.22432344305988,32.66370014798469,32.948930596902564,22341800
2023-08-29 00:00:00+00:00,33.745601654052734,33.91280335214455,32.919419508789375,32.9390909589082,29943600
2023-08-30 00:00:00+00:00,33.96198272705078,34.089845286735404,33.22432017432113,33.499716745329984,26279200
2023-08-31 00:00:00+00:00,34.56195068359375,34.975043685807705,33.73576843111181,33.75543988378352,48157600
2023-09-01 00:00:00+00:00,36.00776672363281,36.14546312570516,35.142241658105185,35.20125600982714,43782600
2023-09-05 00:00:00+00:00,36.10612106323242,36.794606841531916,35.860233553264436,35.978262259449934,43379400
2023-09-06 00:00:00+00:00,36.371681213378906,36.43069556840109,35.437307894562714,35.958591984060924,39643400
2023-09-07 00:00:00+00:00,37.551937103271484,37.70930494398724,36.14546038539832,36.22414618172884,67659700
2023-09-08 00:00:00+00:00,37.384735107421875,38.19124958635702,37.08967084787984,37.492926211374595,44255200
2023-09-11 00:00:00+00:00,37.955196380615234,38.10273038812013,37.217533846982086,37.61095536569803,36349300
2023-09-12 00:00:00+00:00,38.22075653076172,39.410851221541385,38.014211915392515,38.014211915392515,55326600
2023-09-13 00:00:00+00:00,38.07322311401367,38.50598755520661,37.62079097271727,38.161742772262606,35407800
2023-09-14 00:00:00+00:00,38.033878326416016,38.26009813780729,37.66996586139009,38.17157848394199,30616500
2023-09-15 00:00:00+00:00,37.25687789916992,37.88634934698742,37.001152778527945,37.78799208829982,68868800
2023-09-18 00:00:00+00:00,37.36506652832031,37.758484281127345,36.892959221839014,37.00115032324325,29322200
2023-09-19 00:00:00+00:00,35.742210388183594,37.473256894153685,35.42747465982539,37.41424629005267,53288100
2023-09-20 00:00:00+00:00,34.119346618652344,35.65368590051986,34.06033602254477,35.62418060246607,57660800
2023-09-21 00:00:00+00:00,34.08000946044922,34.67013796763067,33.893132556683504,34.00132365845407,45215900
2023-09-22 00:00:00+00:00,33.61773681640625,34.31605636434601,33.57839391884607,34.23737432117086,29232700
2023-09-25 00:00:00+00:00,33.72593307495117,33.804615130179045,33.21448658415974,33.44070265186533,21729400
2023-09-26 00:00:00+00:00,33.273502349853516,34.20787196199683,33.08662542586809,33.57840048571023,34198300
2023-09-27 00:00:00+00:00,34.04066848754883,34.25705070334605,33.322677387430296,33.362016538710535,44369100
2023-09-28 00:00:00+00:00,34.60129165649414,35.073395238410804,33.8144523532997,34.080011321617654,32265300
2023-09-29 00:00:00+00:00,34.9651985168457,35.319277084420065,34.581614652621866,35.06355575891922,28758500
2023-10-02 00:00:00+00:00,34.876686096191406,35.38813260503356,34.404582492324636,35.02422011387612,26086200
2023-10-03 00:00:00+00:00,35.102901458740234,35.93892128872603,34.68981222072873,34.68981222072873,45292600
2023-10-04 00:00:00+00:00,35.338951110839844,35.91924574959853,34.748822623128994,35.91924574959853,39842200
2023-10-05 00:00:00+00:00,35.29961013793945,35.50615474471777,35.01437972746714,35.37829594163346,25771200
2023-10-06 00:00:00+00:00,35.59467315673828,35.86023210702724,34.6012893073867,35.279937456828144,33252300
2023-10-09 00:00:00+00:00,35.46681594848633,35.57500330172597,34.9160265729728,35.11273733222375,19376100
2023-10-10 00:00:00+00:00,35.830726623535156,36.135628472732584,35.220926677085785,35.54549622447423,24044100
2023-10-11 00:00:00+00:00,36.27333068847656,36.420860960239764,35.78155561204039,36.01760554763995,19262600
2023-10-12 00:00:00+00:00,36.23398208618164,36.60773213606729,35.79138383657303,36.1946391857841,23639200
2023-10-13 00:00:00+00:00,35.378299713134766,36.184810527248196,35.27010859749462,36.13563377066977,28390100
2023-10-16 00:00:00+00:00,35.958587646484375,36.33233392737034,35.48648411909264,35.54549471505078,29555800
2023-10-17 00:00:00+00:00,35.46681594848633,35.75204260985726,34.493099753764234,35.3291157906487,24993600
2023-10-18 00:00:00+00:00,35.05372619628906,35.42747629797615,34.86685302141852,34.935701230683776,22086000
2023-10-19 00:00:00+00:00,35.083229064941406,35.76188101195215,34.93569880615984,35.36845948464315,29201800
2023-10-20 00:00:00+00:00,34.34556579589844,35.68319445840024,34.29638904400115,35.063560630992285,32291800
2023-10-23 00:00:00+00:00,33.29316711425781,34.611124308475915,32.84073499957213,34.03082963896319,53924700
2023-10-24 00:00:00+00:00,34.02099609375,34.13902104821362,33.08662280371101,33.08662280371101,52673900
2023-10-25 00:00:00+00:00,32.28995132446289,33.88330142311442,32.01455474735268,33.61774244801486,44658500
2023-10-26 00:00:00+00:00,31.985048294067383,32.673534084145444,31.62113582363375,32.348960764501015,59142500
2023-10-27 00:00:00+00:00,34.95537185668945,35.78155410027395,34.03083235080565,34.089846708185235,84128200
2023-10-30 00:00:00+00:00,35.102901458740234,35.36846043401013,34.34556743710664,34.88652298966338,36656300
2023-10-31 00:00:00+00:00,35.89957809448242,35.96842630026138,35.034052969330894,35.07339587318911,41185200
2023-11-01 00:00:00+00:00,36.67658233642578,36.706087637360646,35.68319468290073,35.899576894944936,41710700
2023-11-02 00:00:00+00:00,37.07984161376953,37.19786658188791,36.30283609043588,36.961816645651155,35440000
2023-11-03 00:00:00+00:00,37.51259994506836,37.68963926195629,37.0503302007559,37.37490353236572,30493400
2023-11-06 00:00:00+00:00,37.448455810546875,37.69515182541967,37.349775146028286,37.51753039356866,23877200
2023-11-07 00:00:00+00:00,38.25762176513672,38.385904758025376,37.47806138691897,37.73462737269627,32052000
2023-11-08 00:00:00+00:00,37.418853759765625,38.37603560514898,37.251102258437705,38.336563335089636,33483400
2023-11-09 00:00:00+00:00,37.300437927246094,38.010923678104184,37.27083560905453,37.54713395026264,48955800
2023-11-10 00:00:00+00:00,38.346431732177734,38.47471472253525,37.73462662816008,37.73462662816008,38862500
2023-11-13 00:00:00+00:00,37.72475814819336,38.060264914615274,37.63594742283806,37.84317119390614,24558300
2023-11-14 00:00:00+00:00,38.889163970947266,38.96810851136614,37.56687303319415,38.28722502524342,45457400
2023-11-15 00:00:00+00:00,40.073307037353516,40.300266952053384,39.05692051407083,39.066786699804304,47392100
2023-11-16 00:00:00+00:00,42.77709197998047,42.82643419957941,40.280529251014535,40.45815070157873,86405700
2023-11-17 00:00:00+00:00,43.231014251708984,43.231014251708984,41.99753408460766,42.34290702568293,49735000
2023-11-20 00:00:00+00:00,44.14872360229492,44.33621123172494,43.20140797728784,43.20140797728784,44564900
2023-11-21 00:00:00+00:00,43.06325912475586,44.06977939593776,42.72775236769523,43.91189408463174,37252100
2023-11-22 00:00:00+00:00,43.09286117553711,44.04017680174799,42.96458194884538,43.44810406483085,31481200
2023-11-24 00:00:00+00:00,43.379032135009766,43.41850440607957,43.03365917385641,43.10273376608708,13037100
2023-11-27 00:00:00+00:00,43.4974479675293,43.96123396715262,43.07313047380296,43.07313047380296,33339900
2023-11-28 00:00:00+00:00,43.64546203613281,43.79348116276332,43.082995377789274,43.11259769740228,24548900
2023-11-29 00:00:00+00:00,44.3460807800293,44.74079596740847,44.010574000041906,44.010574000041906,38982000
2023-11-30 00:00:00+00:00,44.109249114990234,44.494094303784046,43.82308082845238,44.05991066386225,46263000
2023-12-01 00:00:00+00:00,43.16194152832031,43.77374666363665,42.29357039916354,43.77374666363665,43922500
2023-12-04 00:00:00+00:00,41.790306091308594,42.73762170997078,41.13902872088735,42.72775176074531,50417600
2023-12-05 00:00:00+00:00,41.365989685058594,41.731102530170645,41.06008900826224,41.35612349986118,31859300
2023-12-06 00:00:00+00:00,40.72458267211914,42.027137460168056,40.6259019977016,41.91859060045017,31992300
2023-12-07 00:00:00+00:00,41.592952728271484,41.87911726610087,40.6357709143088,41.19823756920078,29118700
2023-12-08 00:00:00+00:00,42.135684967041016,42.39224719590146,41.257447654791754,41.28704997543026,42805900
2023-12-11 00:00:00+00:00,43.95136642456055,44.138854055701096,42.51066248602941,42.58960325966863,48288200
2023-12-12 00:00:00+00:00,43.457977294921875,43.85268871838199,43.05339592141253,43.77374793940317,31452200
2023-12-13 00:00:00+00:00,43.9809684753418,44.128987600899464,42.75735825929165,43.497446358514516,35216100
2023-12-14 00:00:00+00:00,44.582908630371094,46.44793008966711,44.05991423037119,44.41515336581766,70620800
2023-12-15 00:00:00+00:00,45.549957275390625,46.64528830971267,45.06643137433316,45.33286355275876,84553800
2023-12-18 00:00:00+00:00,45.08616638183594,45.61903072535941,44.800001839676554,45.540089950920446,27895700
2023-12-19 00:00:00+00:00,46.04335021972656,46.06308635526833,44.908546893913886,44.99735762171038,35358800
2023-12-20 00:00:00+00:00,45.15523910522461,46.32951460235054,45.09603446791247,46.02361017386815,38159100
2023-12-21 00:00:00+00:00,46.457801818847656,46.497270325887236,45.411809214497815,45.865729041858266,28320500
2023-12-22 00:00:00+00:00,47.365638732910156,47.52352404478188,46.57621217355154,46.625550627708435,30053700
2023-12-26 00:00:00+00:00,49.83259963989258,49.852335774632216,48.06625510566455,48.27347887400653,60287400
2023-12-27 00:00:00+00:00,50.08916091918945,50.60228911990351,49.52669426469732,49.96088169222299,52148000
2023-12-28 00:00:00+00:00,49.724056243896484,50.197712217786155,49.497096325008705,50.13850757372686,27705200
2023-12-29 00:00:00+00:00,49.58590316772461,49.9016737922272,49.11224723097072,49.63524162200012,29266500
