Price,Close,High,Low,Open,Volume
Ticker,META,META,META,META,META
Date,,,,,
2015-01-02 00:00:00+00:00,78.08199310302734,78.55974479536005,77.33551130436129,78.21138814137034,18177500
2015-01-05 00:00:00+00:00,76.82791137695312,78.87824568013595,76.49945755354838,77.61420647225279,26452200
2015-01-06 00:00:00+00:00,75.79279327392578,77.22603328594651,75.00649813437246,76.86772897814596,27399300
2015-01-07 00:00:00+00:00,75.79279327392578,76.99711643391822,75.46433943203525,76.39993246277572,22045300
2015-01-08 00:00:00+00:00,77.81327056884766,77.86303906437733,75.72312284790765,76.38002294598307,23961000
2015-01-09 00:00:00+00:00,77.37533569335938,78.25121265619045,76.83786780987849,77.83317701774534,21157000
2015-01-12 00:00:00+00:00,76.36011505126953,77.63410947902533,75.85250528615859,77.47485637875296,19190200
2015-01-13 00:00:00+00:00,76.09138488769531,77.71374373475815,75.49420088967257,76.86773243809206,25179600
2015-01-14 00:00:00+00:00,75.92217254638672,76.83785504301495,75.67334528576347,76.06151520484731,25918600
2015-01-15 00:00:00+00:00,73.70265197753906,76.21082791155857,73.19504214087068,76.0416271638714,34134000
2015-01-16 00:00:00+00:00,74.82733154296875,74.96667419663346,73.49361352325711,73.69267988106748,21791500
2015-01-20 00:00:00+00:00,75.88236999511719,75.95204133419156,74.46903277754753,75.36481256107986,22821600
2015-01-21 00:00:00+00:00,76.38001251220703,76.93739073029583,75.49418808675057,75.80273904839417,25096700
2015-01-22 00:00:00+00:00,77.28575134277344,77.38528073174588,76.32030032316896,76.80799964465785,19519500
2015-01-23 00:00:00+00:00,77.46490478515625,77.8232166488,76.67860972847164,77.28574885333437,16746500
2015-01-26 00:00:00+00:00,77.13646697998047,78.10191816877153,76.92745294842884,77.61421876181774,19260800
2015-01-27 00:00:00+00:00,75.42451477050781,76.51935315128578,75.27521690185513,76.35015244382843,20110000
2015-01-28 00:00:00+00:00,75.88236999511719,77.27580437021122,75.64349791737737,76.53927770090972,53306400
2015-01-29 00:00:00+00:00,77.63410949707031,77.6540123378061,73.8618871115569,76.48950251781542,61293500
2015-01-30 00:00:00+00:00,75.55390930175781,77.79335453595439,75.39465621795122,77.63410145214779,42649500
2015-02-02 00:00:00+00:00,74.63822937011719,75.78283638584834,73.4040481778118,75.75297832699026,41955300
2015-02-03 00:00:00+00:00,75.04631042480469,75.22546637315232,73.51353344307635,74.83729641733348,26957700
2015-02-04 00:00:00+00:00,75.27522277832031,75.99184652891341,74.6581360103362,74.73775496537549,20277400
2015-02-05 00:00:00+00:00,75.25532531738281,75.62359243598596,74.85720013930491,75.35485471350074,15062600
2015-02-06 00:00:00+00:00,74.12066650390625,75.34489238852738,73.90169729693845,75.3249895486237,21211000
2015-02-09 00:00:00+00:00,74.09081268310547,74.4789826290658,73.10545119541611,73.70264273714513,16194300
2015-02-10 00:00:00+00:00,74.83728790283203,74.98657818146471,74.15052224670086,74.49887888618579,15811300
2015-02-11 00:00:00+00:00,76.1511001586914,76.38997221269088,74.67803937288232,74.73775548798078,20877400
2015-02-12 00:00:00+00:00,75.8724136352539,76.50941083162488,75.5340046032787,76.49945561473001,17235000
2015-02-13 00:00:00+00:00,75.38470458984375,76.12123874709806,75.14583254636943,76.10132831387207,18621900
2015-02-17 00:00:00+00:00,75.245361328125,76.54922132417565,74.72780397248117,74.94677317457847,25254400
2015-02-18 00:00:00+00:00,76.35015106201172,76.53926219845617,75.09605961907326,75.58376648741898,22426400
2015-02-19 00:00:00+00:00,79.04744720458984,79.46547520573768,76.58903250312555,76.62884577851189,45851200
2015-02-20 00:00:00+00:00,79.52519989013672,79.96313073754129,78.82847895274674,79.17684321824468,36931700
2015-02-23 00:00:00+00:00,78.47016143798828,79.81383472319654,78.0123201886661,79.58491030173276,24139100
2015-02-24 00:00:00+00:00,78.08199310302734,79.10716781849071,77.73363644903762,78.13176159371396,18897100
2015-02-25 00:00:00+00:00,79.1867904663086,79.82378769006206,78.13176523826803,78.13176523826803,25593800
2015-02-26 00:00:00+00:00,80.0328140258789,80.98830991809982,79.34604826844254,79.50529378700953,31111900
2015-02-27 00:00:00+00:00,78.59956359863281,80.84896436973376,78.25120692013635,80.30154130809214,30739200
2015-03-02 00:00:00+00:00,79.37589263916016,79.48537723649567,78.15165922968345,78.62941089020254,21662500
2015-03-03 00:00:00+00:00,79.22660064697266,79.32613003549487,78.1516650262793,79.23655586390656,18635000
2015-03-04 00:00:00+00:00,80.5205078125,80.7693350878207,78.48012111742793,78.92801476916868,28126700
2015-03-05 00:00:00+00:00,80.82904815673828,81.6053880114944,80.66980265521151,80.84895859043259,27825700
2015-03-06 00:00:00+00:00,79.63468933105469,80.94849714017627,79.455533375556,80.52051389057421,24488600
2015-03-09 00:00:00+00:00,79.06735229492188,79.53514875708572,78.26114681165011,79.30622433748871,18925100
2015-03-10 00:00:00+00:00,77.18621826171875,78.88819579063458,77.18621826171875,78.1317588021369,23067100
2015-03-11 00:00:00+00:00,77.20612335205078,78.06208974971562,76.89757997391769,77.43504777665646,20215700
2015-03-12 00:00:00+00:00,78.55974578857422,78.67918561156883,77.5445338707397,77.73363743180747,16093300
2015-03-13 00:00:00+00:00,77.68388366699219,79.00763909043563,77.31561654081558,78.23129915370157,18557300
2015-03-16 00:00:00+00:00,77.70377349853516,77.75354198608751,76.99710501820098,77.59428890080402,19305400
2015-03-17 00:00:00+00:00,78.98772430419922,79.40575226944338,77.97250485305747,77.99241528584349,22170000
2015-03-18 00:00:00+00:00,80.53047180175781,80.85891806981776,78.79862830948304,78.87825486872464,36912400
2015-03-19 00:00:00+00:00,82.3618392944336,82.61066660348023,80.6200481311072,80.73948797314804,42099500
2015-03-20 00:00:00+00:00,83.40691375732422,84.20315655886799,82.68033470222906,82.99883334156787,44466300
2015-03-23 00:00:00+00:00,84.03395080566406,84.56146343370519,82.90925421368217,83.52634101919166,27357300
2015-03-24 00:00:00+00:00,84.9098129272461,85.66624993414337,84.1235178637196,84.31262901384528,32576500
2015-03-25 00:00:00+00:00,82.5310287475586,85.11883088877548,82.5310287475586,85.0989280479625,37436100
2015-03-26 00:00:00+00:00,82.62061309814453,83.377042570378,81.75469142039644,82.33197253889517,32794800
2015-03-27 00:00:00+00:00,82.90924835205078,83.5561931709778,82.49121277260161,82.98886730630274,18372600
2015-03-30 00:00:00+00:00,82.8097152709961,83.94436705379151,82.02342775308485,83.41685443819787,24527700
2015-03-31 00:00:00+00:00,81.83432006835938,83.10831457379504,81.8243648505839,82.51113059857285,19734300
2015-04-01 00:00:00+00:00,81.28690338134766,82.33198111530078,80.49066054969431,82.1130118686739,22058200
2015-04-02 00:00:00+00:00,81.17740631103516,82.17271539319539,81.05797408108356,81.86417200767953,19664100
2015-04-06 00:00:00+00:00,82.05328369140625,82.42154319426832,80.42097739364505,80.42097739364505,19062900
2015-04-07 00:00:00+00:00,81.933837890625,83.02867628946721,81.83430850774937,82.26229168835921,17467000
2015-04-08 00:00:00+00:00,81.89403533935547,82.71018853554502,81.45609688504678,82.2423920218255,18966700
2015-04-09 00:00:00+00:00,81.7845458984375,82.41159548347802,81.32670462941442,82.112999719782,15927300
2015-04-10 00:00:00+00:00,81.65516662597656,82.22249255891445,81.52577916534388,81.8243673653285,12529700
2015-04-13 00:00:00+00:00,82.62061309814453,83.5462508938042,81.53572219657927,81.54567741409988,26883100
2015-04-14 00:00:00+00:00,83.12821197509766,83.29742029178122,82.05328392749297,82.7798553118181,19634200
2015-04-15 00:00:00+00:00,82.322021484375,83.26756976289198,81.88408301459422,83.15808514544679,22390900
2015-04-16 00:00:00+00:00,81.92389678955078,82.68033389822718,81.76465126823318,82.08314990447485,13769700
2015-04-17 00:00:00+00:00,80.40106964111328,81.72483259552473,79.99299684986516,81.0977905825116,24215000
2015-04-20 00:00:00+00:00,82.70023345947266,82.75995717200274,80.85891305445882,81.15750883629076,28796800
2015-04-21 00:00:00+00:00,83.22775268554688,84.09366677395408,83.14812613220187,83.60596742352655,27171900
2015-04-22 00:00:00+00:00,84.23300170898438,84.34248631137645,83.25760309771641,83.92445833511876,45548000
2015-04-23 00:00:00+00:00,82.02342224121094,85.18849772208354,82.02342224121094,83.70548936766622,73728100
2015-04-24 00:00:00+00:00,81.14755249023438,82.55094201428155,81.09779158969177,82.38173369033969,29660400
2015-04-27 00:00:00+00:00,81.52577209472656,82.5409840363967,81.24707916786251,81.48595881946027,25446000
2015-04-28 00:00:00+00:00,80.3015365600586,81.51581484782557,79.853650513275,81.44614351624577,23775300
2015-04-29 00:00:00+00:00,80.092529296875,81.00821190134309,79.14698103898634,79.63468799464096,26430300
2015-04-30 00:00:00+00:00,78.40049743652344,80.58022687807045,77.9526113619947,79.63468623468484,28999000
2015-05-01 00:00:00+00:00,78.61946105957031,79.3858532934181,77.74359181449269,78.86828832626793,24136400
2015-05-04 00:00:00+00:00,78.4403076171875,79.31618448371219,78.26115167572615,78.9578726007895,14692000
2015-05-05 00:00:00+00:00,77.19617462158203,78.43036342502673,76.85777315824167,78.18153613953311,22311300
2015-05-06 00:00:00+00:00,77.733642578125,78.44031115868178,76.6885725337549,77.6042551231857,28663000
2015-05-07 00:00:00+00:00,78.06208801269531,78.56969774736541,77.19616641750578,77.63410482338628,19749400
2015-05-08 00:00:00+00:00,78.14171600341797,78.858339737712,77.66396431602013,78.72894470070557,19943600
2015-05-11 00:00:00+00:00,77.6440658569336,78.6592778087266,77.56443930560704,78.11186235396977,18874100
2015-05-12 00:00:00+00:00,77.09664916992188,77.52463242660825,76.42979383315205,77.50472958393735,21285300
2015-05-13 00:00:00+00:00,78.0720443725586,78.16161854219752,77.28574931121557,77.35542064102543,21512300
2015-05-14 00:00:00+00:00,80.98829650878906,81.4660405789958,78.30095763785711,78.56969532175285,49438000
2015-05-15 00:00:00+00:00,80.0427474975586,81.13758587254596,79.80387546514072,81.02810886929171,27069900
2015-05-18 00:00:00+00:00,80.50059509277344,80.99824962928723,79.85365027018997,79.95317965877162,21613700
2015-05-19 00:00:00+00:00,80.25176239013672,81.3067950997545,80.17214344082629,80.86885670732428,17955400
2015-05-20 00:00:00+00:00,80.17215728759766,80.71957277907609,79.08726633541309,80.09253073092961,23056900
2015-05-21 00:00:00+00:00,80.10247802734375,80.54040885849695,79.70435287698167,79.81383748317138,13402700
2015-05-22 00:00:00+00:00,80.16220092773438,80.9285856423299,79.87356035912907,79.97308975674318,19567900
2015-05-26 00:00:00+00:00,78.95787811279297,80.22191741485233,78.70905082081539,80.05271667877308,16321300
2015-05-27 00:00:00+00:00,80.17215728759766,80.28164190461462,79.05740827506418,79.22660901277898,14160900
2015-05-28 00:00:00+00:00,79.7740249633789,80.6897075023494,79.62472708138017,79.87355435350949,11982000
2015-05-29 00:00:00+00:00,78.81852722167969,79.69439646445245,78.50997624813482,79.5749566430539,16134600
2015-06-01 00:00:00+00:00,79.91336059570312,80.00293476085618,78.29100965788909,78.9280068109943,18119000
2015-06-02 00:00:00+00:00,80.06266784667969,80.96839519498646,79.18679096331691,79.38585734299296,18923300
2015-06-03 00:00:00+00:00,82.05328369140625,82.14285786444653,80.86886344605784,80.96839283619339,31775000
2015-06-04 00:00:00+00:00,81.66510772705078,82.56087976576383,81.12763994765986,81.75468189348003,20863900
2015-06-05 00:00:00+00:00,81.75469207763672,82.07319069840234,81.12765005370613,81.48596195126821,16143100
2015-06-08 00:00:00+00:00,80.29158782958984,81.61535083015418,79.75411997386584,81.43619487824618,16915500
2015-06-09 00:00:00+00:00,80.29158782958984,80.8091528433713,78.94792198708295,80.22191649238152,16497500
2015-06-10 00:00:00+00:00,81.77459716796875,82.21252799689407,80.43092384313172,80.45083427703163,21531200
2015-06-11 00:00:00+00:00,81.44615173339844,82.51113224848221,80.97835520547825,81.92389588568676,18656800
2015-06-12 00:00:00+00:00,81.14755249023438,81.70492317539043,80.81909865350767,80.98830697744953,11417900
2015-06-15 00:00:00+00:00,80.3313980102539,80.55036723121187,79.69440078216127,80.17215250003372,18805100
2015-06-16 00:00:00+00:00,80.67975616455078,81.12764983208288,80.07261698387394,80.44088409803064,13693700
2015-06-17 00:00:00+00:00,81.40634155273438,81.83432481864817,80.95844785011388,81.37648349128101,18350300
2015-06-18 00:00:00+00:00,82.52108001708984,82.7997653463682,81.18736189233607,81.25703322465567,26782600
2015-06-19 00:00:00+00:00,82.12296295166016,82.59075948342257,81.73479297713527,82.44146158700381,23353200
2015-06-22 00:00:00+00:00,84.34249114990234,84.57141558447462,82.91919883075995,83.0187358158123,29383100
2015-06-23 00:00:00+00:00,87.46775817871094,87.55733994352279,84.36239874587025,84.56145752206574,50667900
2015-06-24 00:00:00+00:00,88.44316101074219,88.83133092494259,87.03977163355206,87.24879321221867,41370200
2015-06-25 00:00:00+00:00,87.56729888916016,88.98063600370455,87.42794862756291,88.84129333571317,27302000
2015-06-26 00:00:00+00:00,87.59715270996094,87.92559892941996,86.42268771255887,87.70663731431578,38214600
2015-06-29 00:00:00+00:00,85.39752960205078,87.0895521492217,85.32785826407566,86.20372759770669,35957900
2015-06-30 00:00:00+00:00,85.36766052246094,86.29329831475819,85.16860173440807,86.19376892073176,23016500
2015-07-01 00:00:00+00:00,86.5023193359375,87.53743413922352,86.08428373404996,86.36296907290435,25260000
2015-07-02 00:00:00+00:00,86.88053894042969,87.02983683564747,85.93499066645468,86.99002355734896,16908800
2015-07-06 00:00:00+00:00,87.13932037353516,87.77631763121055,85.98475809799457,86.08428749570517,24635900
2015-07-07 00:00:00+00:00,86.81085968017578,87.43790167054418,84.83019672560407,87.3881407724166,33059900
2015-07-08 00:00:00+00:00,85.24822998046875,86.34306852371975,85.04916359485556,85.88522722721865,24399300
2015-07-09 00:00:00+00:00,85.47714233398438,87.18907519214264,85.24822549458284,86.32316113951093,23307400
2015-07-10 00:00:00+00:00,87.53742980957031,87.80616751132081,86.36296480134088,86.94024588533284,23245900
2015-07-13 00:00:00+00:00,89.67735290527344,89.79679273698365,88.00523322936148,88.24411289278189,29976700
2015-07-14 00:00:00+00:00,89.25931549072266,90.37406435521248,89.22945743433903,90.0356553311187,26627800
2015-07-15 00:00:00+00:00,89.33895111083984,90.56317710854401,89.00054205237437,89.57782317977619,30886600
2015-07-16 00:00:00+00:00,90.42383575439453,90.43379097221387,89.34890003809342,89.8565098363922,21804100
2015-07-17 00:00:00+00:00,94.52450561523438,94.94253361111278,92.10590421964403,92.11585943676658,54001600
2015-07-20 00:00:00+00:00,97.45072174072266,98.13747988506861,94.91268039111323,95.40037974449638,54860500
2015-07-21 00:00:00+00:00,97.928466796875,98.7744780568275,96.68433035764892,98.48583749169431,39453300
2015-07-22 00:00:00+00:00,96.58480072021484,97.12226857185206,95.47005173975178,96.28620493810323,28299500
2015-07-23 00:00:00+00:00,94.99229431152344,96.99285995353634,94.36524477553289,96.50516066501433,29418800
2015-07-24 00:00:00+00:00,96.49520874023438,97.30141422920751,95.43022836731934,96.89333387639816,33444900
2015-07-27 00:00:00+00:00,93.7282485961914,96.15680503508128,93.38984717430291,96.12694697945643,38585400
2015-07-28 00:00:00+00:00,94.8429946899414,95.1117247763998,92.87227954602835,94.39510108770413,35236000
2015-07-29 00:00:00+00:00,96.5350341796875,96.82367474994398,94.29558854933109,95.86817885889134,64648300
2015-07-30 00:00:00+00:00,94.76338195800781,95.36056592107994,91.36938175182414,94.46479377327479,86211300
2015-07-31 00:00:00+00:00,93.56900787353516,95.87812461408191,93.50928416563445,94.50459323644954,46509000
2015-08-03 00:00:00+00:00,93.6983871459961,94.63398002090692,92.36467675237037,93.09124805826949,29343100
2015-08-04 00:00:00+00:00,93.61878204345703,94.28564498658604,92.89221057117349,93.35005189742495,20136000
2015-08-05 00:00:00+00:00,95.98761749267578,96.63456236958226,94.7335258291472,94.8031971663651,29813200
2015-08-06 00:00:00+00:00,94.67379760742188,98.27681143383579,93.97707673069935,96.72413177797146,42271300
2015-08-07 00:00:00+00:00,93.85765838623047,94.95249696171562,93.17089262445603,94.93258652576502,23199100
2015-08-10 00:00:00+00:00,93.7083511352539,95.45014202031957,93.19078616270096,95.231172808363,21624200
2015-08-11 00:00:00+00:00,93.18084716796875,94.31549901353588,92.46422335106186,93.29033178408544,22491000
2015-08-12 00:00:00+00:00,93.7481689453125,93.9969962266464,90.76224156930576,92.26515288116617,27050500
2015-08-13 00:00:00+00:00,92.99172973632812,94.28563460682578,92.91210318567471,93.60882411348338,17451800
2015-08-14 00:00:00+00:00,93.97708892822266,94.27568471323143,92.77276575760482,93.10121960239321,15929700
2015-08-17 00:00:00+00:00,93.48939514160156,94.01690781211437,92.95192725269982,93.97709453216535,18313500
2015-08-18 00:00:00+00:00,94.72356414794922,95.40037463200112,93.5988676114301,93.6386808862103,22278800
2015-08-19 00:00:00+00:00,94.86290740966797,95.64920250591064,93.71830802536084,94.18609692135819,23251300
2015-08-20 00:00:00+00:00,90.13519287109375,94.32544341985893,90.03566347627583,93.10121743574688,44598200
2015-08-21 00:00:00+00:00,85.65629577636719,88.76166279549072,85.20840973418072,87.10944610126315,62778700
2015-08-24 00:00:00+00:00,81.70491790771484,81.70491790771484,71.66225303679471,76.66865644369389,83710700
2015-08-25 00:00:00+00:00,82.61064910888672,87.2587404350781,82.61064910888672,86.5421167218073,52021200
2015-08-26 00:00:00+00:00,86.781005859375,87.04973598447968,82.86944065738984,85.5468170653072,45124300
2015-08-27 00:00:00+00:00,89.30909729003906,89.6375435528123,86.78101102686061,88.68204763811286,42431400
2015-08-28 00:00:00+00:00,90.58308410644531,91.05088060249807,89.36880577888857,89.45837995373823,33215900
2015-08-31 00:00:00+00:00,89.01049041748047,90.62289384428205,88.4730226085466,90.17500020670104,32850700
2015-09-01 00:00:00+00:00,86.82081604003906,88.97067974503275,86.09423705664041,86.44259372254149,36097400
2015-09-02 00:00:00+00:00,89.46833801269531,89.46833801269531,87.21893722944237,88.39340231872247,27190500
2015-09-03 00:00:00+00:00,87.73649597167969,89.39866029483478,87.31846798506683,89.33894418063453,27048200
2015-09-04 00:00:00+00:00,87.84597778320312,87.97536522439088,86.29329052092348,86.79094503971452,27328700
2015-09-08 00:00:00+00:00,89.11001586914062,89.81668436625965,88.41330258848954,89.26926895820672,27012500
2015-09-09 00:00:00+00:00,90.01576232910156,91.54853933768821,89.74702460506809,90.35416379657339,32551100
2015-09-10 00:00:00+00:00,91.54853057861328,91.62814953218493,89.20954821531888,89.64748663118769,26437400
2015-09-11 00:00:00+00:00,91.61820220947266,91.64806026636064,90.70251210114324,91.24993512277466,21185000
2015-09-14 00:00:00+00:00,91.8769760131836,92.18552698246168,91.17030749862676,91.8769760131836,20127900
2015-09-15 00:00:00+00:00,92.4642105102539,92.81256715242668,91.35941687821649,91.93669793873438,18859400
2015-09-16 00:00:00+00:00,93.01162719726562,93.16092507270373,92.1954740842901,92.46421177879976,16321200
2015-09-17 00:00:00+00:00,93.89745330810547,95.06197068233081,92.46421342180628,92.93200989614215,27841800
2015-09-18 00:00:00+00:00,93.9571762084961,94.74347127232326,92.61351050442909,92.7628007876323,62300000
2015-09-21 00:00:00+00:00,95.10179138183594,96.03737680995489,94.0766165888193,94.1761535777224,28790000
2015-09-22 00:00:00+00:00,92.52392578125,94.23585851420307,91.48880348705501,93.33012365918049,36888900
2015-09-23 00:00:00+00:00,93.52919006347656,93.87754670264607,92.36468032956483,92.96186422437044,21701400
2015-09-24 00:00:00+00:00,93.96713256835938,94.3254368460113,91.80730612394471,92.62345925434107,29106000
2015-09-25 00:00:00+00:00,92.33482360839844,95.40037751671836,91.62815504529456,95.34066139954523,28961600
2015-09-28 00:00:00+00:00,88.79153442382812,91.85708863763986,87.7663671442966,91.64807461309906,41199900
2015-09-29 00:00:00+00:00,86.26343536376953,89.63753250707532,85.31789478373256,88.68203671011847,42281800
2015-09-30 00:00:00+00:00,89.4782943725586,89.59772661100946,87.59716068089523,88.02514392042535,36169100
2015-10-01 00:00:00+00:00,90.52335357666016,90.52335357666016,87.94550682433369,89.62758152122343,29283700
2015-10-02 00:00:00+00:00,91.63810729980469,91.76749474736503,87.95546671681544,88.48297931773817,37881700
2015-10-05 00:00:00+00:00,93.56900787353516,93.82778276455106,92.2253421466559,92.50402747150724,27292500
2015-10-06 00:00:00+00:00,92.36468505859375,93.72825362938636,91.90683620240908,93.6386794577017,22172800
2015-10-07 00:00:00+00:00,91.96656799316406,93.22065966220713,90.94140077233288,92.67323658622627,24129300
2015-10-08 00:00:00+00:00,92.0362319946289,92.78271380586216,90.04561383134023,91.45895090480984,27290500
2015-10-09 00:00:00+00:00,92.8026123046875,93.3002668222277,91.80730326960709,92.4642108776907,20012900
2015-10-12 00:00:00+00:00,93.81784057617188,94.15624203492216,92.23529511322303,92.88224756545236,18449600
2015-10-13 00:00:00+00:00,93.67849731445312,94.9226337171937,93.11117141854766,93.22065602947731,19480300
2015-10-14 00:00:00+00:00,93.62872314453125,94.75341965072433,93.17088188731269,93.6386783613593,19253400
2015-10-15 00:00:00+00:00,95.50985717773438,95.84826620925888,94.45483199645112,94.54440616756888,27557500
2015-10-16 00:00:00+00:00,97.08245086669922,97.13221176571076,94.90272150007864,95.72882987844969,25412900
2015-10-19 00:00:00+00:00,98.00809478759766,98.10762418547294,96.46536254290864,96.72414505226944,23729900
2015-10-20 00:00:00+00:00,96.54499053955078,99.12283767294379,96.10705207003588,98.26687876355639,30881800
2015-10-21 00:00:00+00:00,96.65447235107422,97.71945283989136,96.01747510132972,96.91325485678485,21917800
2015-10-22 00:00:00+00:00,99.20245361328125,99.26217732139123,97.09240323566719,97.33127528729027,26392100
2015-10-23 00:00:00+00:00,101.71063995361328,102.36754001477888,99.69016368377734,101.43195461896086,42809700
2015-10-26 00:00:00+00:00,103.28321838378906,103.32303165764097,101.07363863704964,101.72058345472793,25961200
2015-10-27 00:00:00+00:00,103.21355438232422,103.61167955550934,101.9196570614802,102.45712490623919,23795500
2015-10-28 00:00:00+00:00,103.7112045288086,103.98989745368071,102.43721010381621,103.41261635685424,24081500
2015-10-29 00:00:00+00:00,104.38800811767578,104.62688775177952,103.03438723217566,103.47232563442724,20316700
2015-10-30 00:00:00+00:00,101.4916763305664,104.22877652246471,101.17317770288976,104.0197625099525,33487100
2015-11-02 00:00:00+00:00,102.82538604736328,102.98463915658978,100.70538028762732,101.24284814085746,24003900
2015-11-03 00:00:00+00:00,102.09881591796875,103.1637964202509,101.91965996461258,102.73581317576706,21242300
2015-11-04 00:00:00+00:00,103.45243072509766,103.65148950850417,101.99928034413381,102.70594889691449,43469300
2015-11-05 00:00:00+00:00,108.24981689453125,110.1309504348189,107.44361138183255,108.28963016867982,63232900
2015-11-06 00:00:00+00:00,106.59761047363281,108.22991690318877,105.41319772625896,107.53320352238062,35084300
2015-11-09 00:00:00+00:00,105.99046325683594,107.7422093878738,105.36342126153299,106.49807302080828,26383500
2015-11-10 00:00:00+00:00,107.40381622314453,107.64268829783154,104.74633496702707,105.46295878469442,25031700
2015-11-11 00:00:00+00:00,108.49864196777344,109.35460836063703,106.60755324880493,107.7621078013338,25057100
2015-11-12 00:00:00+00:00,107.51329040527344,108.87686666639851,107.493387563578,107.97113929393615,20924700
2015-11-13 00:00:00+00:00,103.46237182617188,107.74220374205116,103.34293960109967,107.20473594841013,30278400
2015-11-16 00:00:00+00:00,103.55196380615234,103.68135126061581,99.99871048114935,102.83534001058769,49309200
2015-11-17 00:00:00+00:00,104.63684844970703,105.70182893894521,103.65149451511992,104.12924624942028,26807200
2015-11-18 00:00:00+00:00,107.26445770263672,107.37394231044827,104.89562479298043,105.3037051663882,23836500
2015-11-19 00:00:00+00:00,105.76155090332031,107.22465654802016,105.45299990754975,106.8563894340516,25520600
2015-11-20 00:00:00+00:00,106.81655883789062,107.36398181129883,106.11984559319369,106.33880718895212,22129600
2015-11-23 00:00:00+00:00,106.44831085205078,106.96587586391426,105.58239674904283,106.68719051611372,19897200
2015-11-24 00:00:00+00:00,105.24398040771484,105.99046222065643,103.90031466314112,105.50276289574418,23577300
2015-11-25 00:00:00+00:00,104.91554260253906,106.09995534382516,104.60699159810451,105.83122521078221,15150800
2015-11-27 00:00:00+00:00,104.95533752441406,105.46294727211765,104.36810882291043,105.28379133725788,5913100
2015-11-30 00:00:00+00:00,103.75102233886719,105.60229794160743,103.26332298783315,105.34351543971738,20383200
2015-12-01 00:00:00+00:00,106.61751556396484,106.64737362255873,104.00980293841366,104.33825677015828,22781900
2015-12-02 00:00:00+00:00,105.57244110107422,107.41376150748651,105.29375575440937,106.49807891312884,24429100
2015-12-03 00:00:00+00:00,103.89036560058594,106.34878039848763,102.86519839839188,105.77149927314915,23236500
2015-12-04 00:00:00+00:00,105.68192291259766,107.22465508964942,103.62163333312164,104.3183466813093,21224700
2015-12-07 00:00:00+00:00,105.11459350585938,106.32887180952119,104.16905290866997,105.98051514706223,15474900
2015-12-08 00:00:00+00:00,105.99046325683594,106.40849884731033,103.46237724772611,103.51214573985104,20401800
2015-12-09 00:00:00+00:00,104.10933685302734,105.94070966024962,103.06426678882461,105.68192715185387,23517300
2015-12-10 00:00:00+00:00,104.92548370361328,105.90088996469699,103.92022697805425,104.55722419580474,17454300
2015-12-11 00:00:00+00:00,101.6409683227539,103.85054815258275,101.43195432237574,103.66144458668202,26427700
2015-12-14 00:00:00+00:00,104.16905975341797,104.2486787146361,100.98406590289957,101.81017432358831,24648100
2015-12-15 00:00:00+00:00,104.0595703125,105.30370669790241,103.7908326008338,104.80605214374144,21764300
2015-12-16 00:00:00+00:00,106.2890625,106.58765068170165,103.70126029055568,104.87572536323658,22680500
2015-12-17 00:00:00+00:00,105.72174072265625,107.24456253014911,105.6321589491298,106.98578002103596,21675700
2015-12-18 00:00:00+00:00,103.55196380615234,106.08999755623671,103.48229247011723,105.58239536238351,35994200
2015-12-21 00:00:00+00:00,104.2785415649414,104.65676392092986,103.11403162315986,104.41789183908901,16138800
2015-12-22 00:00:00+00:00,105.01506042480469,105.1643583016415,104.31833953076807,104.72641988788165,14597100
2015-12-23 00:00:00+00:00,104.1391830444336,105.61224377787492,103.37279841802788,105.39327457215745,19599700
2015-12-24 00:00:00+00:00,104.52735900878906,104.82595477813955,104.00980161466819,104.24867367398507,6501800
2015-12-28 00:00:00+00:00,105.43309020996094,105.48285870096034,104.03965599163911,104.52735531028979,13069700
2015-12-29 00:00:00+00:00,106.7568588256836,107.23460295304932,105.75159448367614,105.92079521238459,17179900
2015-12-30 00:00:00+00:00,105.72174072265625,106.74690794764261,105.56248761132315,106.49808065638936,13115000
2015-12-31 00:00:00+00:00,104.16905975341797,105.67197110929509,104.12924647600579,105.50277037549799,18391100
2016-01-04 00:00:00+00:00,101.7405014038086,101.76040424540196,99.28208661549554,101.47176368385851,37912400
2016-01-05 00:00:00+00:00,102.24810791015625,103.22350658266241,101.19307509301349,102.40735341861189,23258200
2016-01-06 00:00:00+00:00,102.48698425292969,103.28322701569735,100.42669461893904,100.65561147071236,25096200
2016-01-07 00:00:00+00:00,97.46067810058594,100.95421562844935,96.8435912371253,100.02857773965158,45172900
2016-01-08 00:00:00+00:00,96.8734359741211,100.02856398069865,96.57484020837819,99.41146960851268,35402300
2016-01-11 00:00:00+00:00,97.05259704589844,98.13748037114962,94.9425389206533,97.45072222340211,29932400
2016-01-12 00:00:00+00:00,98.90386962890625,99.49109836264273,97.09240734082923,98.53560252214555,28395400
2016-01-13 00:00:00+00:00,94.99229431152344,100.10818201366693,94.76336989811631,100.10818201366693,33410600
2016-01-14 00:00:00+00:00,97.9085464477539,98.40620093445746,92.01631155404421,95.40036358234931,48658600
2016-01-15 00:00:00+00:00,94.52450561523438,95.92788748528491,93.10121331093873,93.53915174106224,46132800
2016-01-19 00:00:00+00:00,94.81314086914062,96.9630044376266,93.47942281259763,96.07718000332194,30998300
2016-01-20 00:00:00+00:00,93.90740966796875,94.55436208516733,88.95077472897596,92.39454321579254,59051400
2016-01-21 00:00:00+00:00,93.71830749511719,95.53971735742886,92.18553058633472,94.46478931210572,30518900
2016-01-22 00:00:00+00:00,97.4805679321289,97.60995537114171,95.04205627488014,95.95774634520328,30495400
2016-01-25 00:00:00+00:00,96.55493927001953,99.01335399644077,96.4753127184385,98.25691694363287,32482000
2016-01-26 00:00:00+00:00,96.88338470458984,97.42085253290433,95.21127269686367,97.30142030012723,26877100
2016-01-27 00:00:00+00:00,94.00694274902344,97.39099525423465,93.78798112264423,97.33127913736813,58699400
2016-01-28 00:00:00+00:00,108.59817504882812,109.82240097295414,104.31834293891073,106.69713104844914,107475300
2016-01-29 00:00:00+00:00,111.68363952636719,112.31068156118947,108.32944493566234,108.47874282784085,62739500
2016-02-01 00:00:00+00:00,114.55012512207031,115.17717473932647,111.48457874617503,111.74335365482713,46132700
2016-02-02 00:00:00+00:00,114.07238006591797,117.03839702269603,112.6689905468366,114.2614912306865,59778600
2016-02-03 00:00:00+00:00,112.16139221191406,114.79895542376427,109.23518083743114,114.72928408597211,56919300
2016-02-04 00:00:00+00:00,109.9717025756836,111.41490535628147,108.73752139272187,111.27556268692801,38890200
2016-02-05 00:00:00+00:00,103.5818099975586,109.06596485520055,102.6959855722022,108.99629352714797,76894700
2016-02-08 00:00:00+00:00,99.2820816040039,102.19833753782063,97.00282287950637,99.93898924751753,71229700
2016-02-09 00:00:00+00:00,99.07306671142578,101.9196512870532,96.36582479947756,96.68432340125938,62709000
2016-02-10 00:00:00+00:00,100.52621459960938,102.76565997435316,99.76977759126417,101.07363761754449,45179400
2016-02-11 00:00:00+00:00,101.43195343017578,104.61693949402662,98.41616049626,99.13278425902787,43670600
2016-02-12 00:00:00+00:00,101.53148651123047,103.75102161944824,100.61579634018577,103.25336705428296,36176800
2016-02-16 00:00:00+00:00,101.13335418701172,103.44247090230593,99.76977804120916,103.31308345821296,45687200
2016-02-17 00:00:00+00:00,104.70651245117188,105.22407742653857,99.92903341089661,101.54142926478703,44073400
2016-02-18 00:00:00+00:00,102.98463439941406,105.5027652222899,102.5466959628771,105.3037064385581,29593500
2016-02-19 00:00:00+00:00,104.0794677734375,104.52735381158804,101.58123991447741,102.06894681974099,32404500
2016-02-22 00:00:00+00:00,106.6573257446289,107.74220900795376,104.84585591070758,104.99515379295013,35709700
2016-02-23 00:00:00+00:00,104.96530151367188,106.96587502120208,104.62690004932473,106.34878061764383,25319300
2016-02-24 00:00:00+00:00,106.37863159179688,106.44830292355773,102.25805261369823,103.72115817428214,34412400
2016-02-25 00:00:00+00:00,107.56304931640625,107.56304931640625,105.11458995128497,106.60755353442762,29906300
2016-02-26 00:00:00+00:00,107.41375732421875,108.93657904747779,106.65732786804679,108.19009721500917,26686200
2016-02-29 00:00:00+00:00,106.41844940185547,108.39912002017206,106.24924867373977,107.09525990792423,32779000
2016-03-01 00:00:00+00:00,109.30484771728516,109.30484771728516,107.0952602465562,107.32418468631174,26817300
2016-03-02 00:00:00+00:00,109.43423461914062,110.03142616554835,108.25976955473456,109.16550449814191,25670200
2016-03-03 00:00:00+00:00,109.06597137451172,109.78259513080523,108.03084901471061,109.73282663910486,21353100
2016-03-04 00:00:00+00:00,107.88156127929688,109.5337781609847,107.42371996829586,109.5337781609847,24938900
2016-03-07 00:00:00+00:00,105.2340316772461,107.56305126419264,104.22876738685021,107.56305126419264,31436400
2016-03-08 00:00:00+00:00,105.43309020996094,106.86633770236116,103.91026854608847,104.28848325942495,25617000
2016-03-09 00:00:00+00:00,107.00568389892578,107.00568389892578,104.99515525639502,106.19947836102118,20493300
2016-03-10 00:00:00+00:00,106.81655883789062,108.15027681237386,105.27382688999832,107.40379508151078,24854300
2016-03-11 00:00:00+00:00,108.89677429199219,108.90672191578018,107.41375823814018,107.97113650811116,20697600
2016-03-14 00:00:00+00:00,109.37450408935547,109.81244247405117,108.2597552890414,108.76736499915641,17249400
2016-03-15 00:00:00+00:00,110.1508560180664,110.3101091186264,108.32943854684189,108.59817625563542,17618500
2016-03-16 00:00:00+00:00,111.65377807617188,111.97227669279826,109.58353327129737,109.97170322301058,24744800
2016-03-17 00:00:00+00:00,110.49921417236328,112.16138615902914,110.21058121251947,111.62391832780618,24241200
2016-03-18 00:00:00+00:00,110.92719268798828,111.89264369976793,109.75272768297884,111.03667729305229,36256900
2016-03-21 00:00:00+00:00,111.3253173828125,111.84288234894458,110.50916425339393,111.13621382414605,18448000
2016-03-22 00:00:00+00:00,111.72344970703125,112.35049172447277,110.6485140254692,110.83762518989383,19001100
2016-03-23 00:00:00+00:00,112.0120849609375,112.65903738273583,111.47461714560993,111.48457236263607,18562000
2016-03-24 00:00:00+00:00,112.51969909667969,112.55950477912174,111.15612286805757,111.60400893478729,17839100
2016-03-28 00:00:00+00:00,113.15670013427734,114.05247229788205,112.42016589301159,112.78843301364446,21351800
2016-03-29 00:00:00+00:00,115.59520721435547,115.77436316996757,113.10693427174645,113.29604544533879,29825300
2016-03-30 00:00:00+00:00,114.16194915771484,116.44120787650559,113.82354771331381,116.18243298147152,33235200
2016-03-31 00:00:00+00:00,113.56476593017578,114.47050084923885,113.23631210720089,114.16194986692648,21207500
2016-04-01 00:00:00+00:00,115.51557159423828,115.62505620261129,112.81828484731518,113.21641000561654,24760500
2016-04-04 00:00:00+00:00,112.02204132080078,114.01265950442331,111.08644834454435,113.53490779916739,48487900
2016-04-05 00:00:00+00:00,111.6935806274414,112.78841904236596,111.3750820413978,111.58409602658843,22962400
2016-04-06 00:00:00+00:00,113.17659759521484,113.27612698714924,111.8926479365253,111.94241642929542,20814600
2016-04-07 00:00:00+00:00,113.10692596435547,114.3510623442816,112.5396000788534,113.25622384866777,20714500
2016-04-08 00:00:00+00:00,110.11103820800781,113.79368627392715,109.38446684904258,113.71405972692656,48497800
2016-04-11 00:00:00+00:00,108.4787368774414,110.38973612401085,108.25976766007156,110.18071453026268,39762300
2016-04-12 00:00:00+00:00,110.09114074707031,110.63856379243933,108.4787372627518,108.82709393089307,26248100
2016-04-13 00:00:00+00:00,109.99160766601562,112.1215684724733,106.02031900158923,111.70354048472491,88227400
2016-04-14 00:00:00+00:00,110.32006072998047,111.5144362465365,109.74278720359808,110.10109909920428,28473300
2016-04-15 00:00:00+00:00,109.12570190429688,110.4494649848861,108.68776341902364,110.27030902214767,20922800
2016-04-18 00:00:00+00:00,109.931884765625,110.29019664164313,108.68774841656358,109.22521623059079,21167200
2016-04-19 00:00:00+00:00,111.76325988769531,111.92250539521616,108.64794513456174,110.57883962728468,30210500
2016-04-20 00:00:00+00:00,111.89264678955078,112.73865800272976,111.03668035919866,111.90260200672394,21027900
2016-04-21 00:00:00+00:00,112.90787506103516,113.50505904635698,111.78317083517926,112.02205050419307,20875200
2016-04-22 00:00:00+00:00,110.0413818359375,111.22580220435405,108.49865714452424,110.68833432944923,38458200
2016-04-25 00:00:00+00:00,109.58352661132812,110.15085247501467,108.55835948866695,109.35460977864359,21017900
2016-04-26 00:00:00+00:00,108.24981689453125,109.98165255516317,107.64267775257538,109.97169733822463,22521500
2016-04-27 00:00:00+00:00,108.37921142578125,108.42897992012205,105.8113120273599,107.43367078215466,52213100
2016-04-28 00:00:00+00:00,116.18243408203125,120.22338658061187,115.68477953418217,119.01906348604982,87110100
2016-04-29 00:00:00+00:00,117.02845001220703,117.2872249201239,115.29660664848346,116.27201294277396,37140600
2016-05-02 00:00:00+00:00,118.01380157470703,118.17305467819023,116.02318334280265,117.27727495511208,28095200
2016-05-03 00:00:00+00:00,116.879150390625,117.60572939019043,116.47107000605673,116.96872456659015,24117500
2016-05-04 00:00:00+00:00,117.50618743896484,117.74506708532535,116.02317903743693,116.06299231183034,23448400
2016-05-05 00:00:00+00:00,117.25735473632812,118.42187207596444,116.69998410785624,117.4862791550821,22056700
2016-05-06 00:00:00+00:00,118.92948150634766,119.07877938915688,116.56064859651501,116.61041708865334,26395600
2016-05-09 00:00:00+00:00,118.68064880371094,119.71577112526828,118.34224737218922,118.97924455566984,21138100
2016-05-10 00:00:00+00:00,119.93473815917969,119.93473815917969,118.44177461362973,119.05886894615494,23220000
2016-05-11 00:00:00+00:00,118.95933532714844,120.51202262201336,118.85980594002253,119.84516737530379,22038400
2016-05-12 00:00:00+00:00,119.71578216552734,120.27315285407258,118.34225828578111,119.41719397963787,22035500
2016-05-13 00:00:00+00:00,119.24797821044922,120.07408656769076,119.11859076400158,119.81530408118985,18124300
2016-05-16 00:00:00+00:00,118.11333465576172,119.04892768392529,116.79952688542438,118.82000323892133,31247800
2016-05-17 00:00:00+00:00,116.79952239990234,118.45173916545451,116.65022451485997,118.2626280048271,21328600
2016-05-18 00:00:00+00:00,117.09811401367188,117.71520077932205,116.1824314885354,116.25210281993479,21642300
2016-05-19 00:00:00+00:00,116.26205444335938,116.93886494035635,115.33641666943124,116.50093409660951,20544100
2016-05-20 00:00:00+00:00,116.79952239990234,117.43651962205102,116.40139723765796,116.41135245495568,18944800
2016-05-23 00:00:00+00:00,115.4260025024414,117.04835367146431,115.39614444313519,116.8691977220208,20441000
2016-05-24 00:00:00+00:00,117.14788055419922,117.17774620647096,115.57529791348934,115.69473014815244,20183600
2016-05-25 00:00:00+00:00,117.33699035644531,118.11333024717597,116.82938058419609,117.57586241660724,20019800
2016-05-26 00:00:00+00:00,118.90957641601562,119.19821695902448,117.3668443121834,117.68534291246807,18481300
2016-05-27 00:00:00+00:00,118.81999969482422,119.28779619495283,118.45174018131475,118.99915563969037,13493600
2016-05-31 00:00:00+00:00,118.25267028808594,119.53661992254285,117.56591218117602,118.89962271385805,23547600
2016-06-01 00:00:00+00:00,118.22282409667969,118.52141989042381,117.26732818774752,117.94413873910861,15029500
2016-06-02 00:00:00+00:00,118.37210845947266,118.8797182133575,117.66543992825542,118.13323640795268,13228300
2016-06-03 00:00:00+00:00,117.91427612304688,118.4218859153587,117.3071369345343,118.4218859153587,14135100
2016-06-06 00:00:00+00:00,118.23277282714844,118.86977006481683,117.80478959618942,118.0635720969941,12744700
2016-06-07 00:00:00+00:00,117.20760345458984,118.74038040221612,117.11802168560605,118.68065669169162,17103000
2016-06-08 00:00:00+00:00,117.83464050292969,118.04365449695241,116.71989160786949,117.20759852086147,14505600
2016-06-09 00:00:00+00:00,118.00383758544922,118.12327740418297,117.15782641849981,117.57585439365992,13859200
2016-06-10 00:00:00+00:00,116.07295989990234,117.5559684594895,115.71464798577831,116.98864252772755,18510800
2016-06-13 00:00:00+00:00,113.41546630859375,114.93829557532635,112.77846910667928,114.46054387708767,31718200
2016-06-14 00:00:00+00:00,114.40082550048828,114.41077312366747,113.04720457478227,113.53490388675407,17618500
2016-06-15 00:00:00+00:00,114.06242370605469,114.89848731606322,113.53491108709507,114.7591446466628,19819400
2016-06-16 00:00:00+00:00,113.85340118408203,113.96288578664934,112.41020610457535,113.33584382125918,19236300
2016-06-17 00:00:00+00:00,112.48983001708984,113.89321947900139,112.03198874689618,113.88326426189121,24644300
2016-06-20 00:00:00+00:00,112.83820343017578,114.18186929206882,112.22110901056573,113.23632102362086,20785400
2016-06-21 00:00:00+00:00,113.84344482421875,114.66955314671088,113.43537206806099,113.58466994220858,19166300
2016-06-22 00:00:00+00:00,113.37566375732422,114.20176454305575,113.07706798848237,114.1121903685667,14846300
2016-06-23 00:00:00+00:00,114.54016876220703,114.55011638543841,113.00739189435981,113.83350023889662,16176900
2016-06-24 00:00:00+00:00,111.55425262451172,113.14674576392103,110.47931690780808,110.48927212563115,40643100
2016-06-27 00:00:00+00:00,108.45883178710938,111.04663387935956,107.72230519327327,111.04663387935956,36130400
2016-06-28 00:00:00+00:00,112.17133331298828,112.22110180577687,110.03142480798455,110.11104376539808,26813800
2016-06-29 00:00:00+00:00,113.62449645996094,113.71407063872786,112.50974747579991,112.83820131849104,20968300
2016-06-30 00:00:00+00:00,113.74392700195312,114.63970674429385,113.13678782067808,114.13209695803309,23192700
2016-07-01 00:00:00+00:00,113.65433502197266,114.58992030088633,113.27611274911371,113.66428264439165,14980000
2016-07-05 00:00:00+00:00,113.66429138183594,113.66429138183594,112.44006549296157,113.40551649416173,14207000
2016-07-06 00:00:00+00:00,116.1525650024414,116.24214676708536,112.44006643747606,112.82823636585356,24337600
2016-07-07 00:00:00+00:00,115.30654907226562,116.421297914396,114.81884977603588,116.08288889708999,16630200
2016-07-08 00:00:00+00:00,116.69003295898438,116.94881544276942,115.30655396251154,115.88383504418374,18142600
2016-07-11 00:00:00+00:00,117.31708526611328,118.14318604033565,116.94881816881978,117.15783216665479,17711600
2016-07-12 00:00:00+00:00,117.37680053710938,118.16309562441565,117.01848865951143,118.07351385821332,15217700
2016-07-13 00:00:00+00:00,116.2322006225586,117.84460416955368,116.13267122687878,117.83464895190384,16207700
2016-07-14 00:00:00+00:00,116.73980712890625,117.08816380079114,116.15257080178094,116.94882113203718,14579700
2016-07-15 00:00:00+00:00,116.31183624267578,117.72517351487015,116.03315087560723,117.18770562397792,16646000
2016-07-18 00:00:00+00:00,118.81005096435547,119.04892302408331,116.34168103514818,116.76966425536375,20868400
2016-07-19 00:00:00+00:00,120.04423522949219,120.28310729538332,118.10338545611538,118.4318316991134,21541300
2016-07-20 00:00:00+00:00,121.34808349609375,121.62676882876444,119.9944625143169,120.68122822240237,20046500
2016-07-21 00:00:00+00:00,120.04423522949219,121.52724371257513,119.68592333385246,121.34808776475526,17801700
2016-07-22 00:00:00+00:00,120.4323959350586,120.44235115184127,118.75032119824327,119.3375574907337,18422400
2016-07-25 00:00:00+00:00,121.0594482421875,121.27841746846676,117.22750956311904,120.8205761742493,18487400
2016-07-26 00:00:00+00:00,120.6513671875,121.49737838183485,120.18357070765686,121.42770705038623,17612000
2016-07-27 00:00:00+00:00,122.76142120361328,124.41363796066167,120.94001131500963,121.84573865068822,52654200
2016-07-28 00:00:00+00:00,124.41364288330078,127.72802415217738,123.0500666236016,126.92181858264144,78955800
2016-07-29 00:00:00+00:00,123.35860443115234,125.24968552588466,123.12968001153874,124.06527293593432,35058800
2016-08-01 00:00:00+00:00,123.72686767578125,123.99560537626205,122.28367256622552,123.26902641624216,25006900
2016-08-02 00:00:00+00:00,122.51258850097656,124.21457367526183,121.4973766013731,123.47803950376341,23968400
2016-08-03 00:00:00+00:00,121.9353256225586,123.3387075699723,121.73625923716243,122.51259915619208,18525300
2016-08-04 00:00:00+00:00,123.77664184570312,124.20462506784904,121.93532150618454,122.36330472833045,21066000
2016-08-05 00:00:00+00:00,124.56294250488281,125.24970065949226,124.03542986670227,124.39374177067513,20184000
2016-08-08 00:00:00+00:00,124.67242431640625,124.86152788831326,123.96575574212852,124.66246909885133,15233900
2016-08-09 00:00:00+00:00,124.47334289550781,125.49850996523614,123.94583033291791,124.7520282045285,19621000
2016-08-10 00:00:00+00:00,124.29419708251953,124.89138861456087,123.95579563506149,124.48330824057301,10670100
2016-08-11 00:00:00+00:00,124.3141098022461,124.79185392433513,124.16481191649105,124.61269798015026,11729500
2016-08-12 00:00:00+00:00,124.29419708251953,124.41363690764895,123.59748375327901,124.11504114162828,12159000
2016-08-15 00:00:00+00:00,123.31880187988281,124.33401384433287,123.11973549908458,124.32406622049744,19295100
2016-08-16 00:00:00+00:00,122.72161102294922,123.3386977847044,122.20404605558718,122.92066979894659,14222400
2016-08-17 00:00:00+00:00,123.78659057617188,123.79653819937997,122.27371655193838,123.07992205451754,13794200
2016-08-18 00:00:00+00:00,123.3287582397461,123.67711491736243,123.0600205215806,123.42828763426418,12400800
2016-08-19 00:00:00+00:00,122.98039245605469,123.5775840030308,122.70170711738902,123.0202057320935,11688300
2016-08-22 00:00:00+00:00,123.56761932373047,124.24442977735312,122.53249700680142,122.75146621144482,14386400
2016-08-23 00:00:00+00:00,123.78659057617188,124.5032067210343,123.66715075522539,123.92593323714003,13309500
2016-08-24 00:00:00+00:00,122.90077209472656,124.10509520513124,122.51259455618057,123.88612598622022,12243700
2016-08-25 00:00:00+00:00,123.30884552001953,123.78659723590307,122.52255040876477,122.54246084346313,10730800
2016-08-26 00:00:00+00:00,124.37382507324219,124.60274950899046,123.32875506727622,123.46809773473835,17504800
2016-08-29 00:00:00+00:00,125.9464111328125,126.13552228682272,123.7666818308399,123.7666818308399,15925900
2016-08-30 00:00:00+00:00,125.24968719482422,126.0061241989598,124.56292911404306,126.0061241989598,17804300
2016-08-31 00:00:00+00:00,125.52838897705078,125.62791837035255,124.51316942199729,125.01082398211207,14200600
2016-09-01 00:00:00+00:00,125.57815551757812,126.03599682221618,125.01082959730856,125.78716953098204,13536100
2016-09-02 00:00:00+00:00,125.91655731201172,126.26491398090442,125.4089475409933,126.2549587636201,12118800
2016-09-06 00:00:00+00:00,129.12144470214844,129.330466294569,125.87674251833137,126.0758012999819,26278400
2016-09-07 00:00:00+00:00,130.43524169921875,131.36087173828196,129.34039577291983,129.42996993401445,27990800
2016-09-08 00:00:00+00:00,129.65892028808594,130.4651182265123,129.20107142120062,130.305865126099,15676600
2016-09-09 00:00:00+00:00,126.5037841796875,129.34041357552547,126.5037841796875,129.10154911306216,27100700
2016-09-12 00:00:00+00:00,128.08633422851562,128.1559979701886,125.16012295958609,125.36913696542305,21252800
2016-09-13 00:00:00+00:00,126.61327362060547,127.74793301585984,126.06585815481711,127.42942680413508,18016200
2016-09-14 00:00:00+00:00,127.17063903808594,128.19581377901144,126.29476977292855,126.29476977292855,15691100
2016-09-15 00:00:00+00:00,127.7479248046875,128.4944066048227,127.07110674188182,127.37965771625615,15077200
2016-09-16 00:00:00+00:00,128.46453857421875,128.57400798335038,127.59860942598634,127.59860942598634,24119200
2016-09-19 00:00:00+00:00,128.04649353027344,129.33045061257417,127.6583236375985,129.3005925583076,14958800
2016-09-20 00:00:00+00:00,128.03656005859375,128.56407265855017,127.42942090938958,128.04650768204544,11083800
2016-09-21 00:00:00+00:00,129.33047485351562,129.40013859745838,127.78774261600753,128.5242768627902,14068300
2016-09-22 00:00:00+00:00,129.46981811523438,130.11676299814684,128.95225309657684,129.88784614242263,15538300
2016-09-23 00:00:00+00:00,127.35975646972656,127.99676130457671,126.70285638689631,126.96163129554752,28326300
2016-09-26 00:00:00+00:00,126.71279907226562,127.55881788202487,126.20519689873703,126.77252278190872,15064900
2016-09-27 00:00:00+00:00,128.08633422851562,128.4048252524144,126.83224259988782,127.01139854683464,15637100
2016-09-28 00:00:00+00:00,128.62379455566406,128.8626742141456,127.79768615569564,128.60389930786633,12047600
2016-09-29 00:00:00+00:00,127.48914337158203,128.68351129533733,126.9516831214164,128.57402668307236,14532200
2016-09-30 00:00:00+00:00,127.66830444335938,127.98679546283388,126.85214367913446,127.4294247883446,18402900
2016-10-03 00:00:00+00:00,128.16595458984375,128.48444559835684,127.20050356646968,127.77778465581169,13156900
2016-10-04 00:00:00+00:00,127.58867645263672,128.6735597309037,126.95167923366043,128.5640751219916,14307500
2016-10-05 00:00:00+00:00,127.86737060546875,128.19582445485779,127.23037334256017,127.64840137254274,12386800
2016-10-06 00:00:00+00:00,128.13609313964844,128.45458413972864,127.47918551876873,127.82753457550609,11682700
2016-10-07 00:00:00+00:00,128.38491821289062,128.6436930952415,127.72801060321841,128.43467151499647,12804400
2016-10-10 00:00:00+00:00,129.62904357910156,130.08687719290208,128.5939137625615,129.07165780785186,15138700
2016-10-11 00:00:00+00:00,128.2754364013672,130.02717487805074,127.62847640060214,129.6190945188743,17537900
2016-10-12 00:00:00+00:00,128.44464111328125,129.0517802657233,127.85741239506015,128.40482024483933,11073000
2016-10-13 00:00:00+00:00,127.22040557861328,127.64838878432444,126.15542517281187,127.6085831037237,17139300
2016-10-14 00:00:00+00:00,127.2801284790039,128.34510894158427,126.98154029694567,127.88727524781618,13345300
2016-10-17 00:00:00+00:00,126.94171905517578,127.86735678932511,126.72274984590952,127.59861908936904,11351700
2016-10-18 00:00:00+00:00,127.96688079833984,128.78302625151554,127.40949502121335,128.0763502046647,13504000
2016-10-19 00:00:00+00:00,129.49966430664062,129.85797618099323,127.99675307135647,128.1360957343152,16752300
2016-10-20 00:00:00+00:00,129.3901824951172,130.0470901434847,128.89252794705905,129.45986142170688,13167500
2016-10-21 00:00:00+00:00,131.45050048828125,131.5102166135773,129.0916072285895,129.1712337913889,19088800
2016-10-24 00:00:00+00:00,132.65480041503906,132.78419546261128,131.53009623158735,132.0974297289005,17470200
2016-10-25 00:00:00+00:00,131.66941833496094,132.87374888361924,131.5997546036819,132.87374888361924,13336800
2016-10-26 00:00:00+00:00,130.42529296875,131.63957124091837,130.32577117474946,131.02248448159744,13084700
2016-10-27 00:00:00+00:00,129.0816192626953,131.18172174015888,128.6635913290516,131.1220056335254,16741400
2016-10-28 00:00:00+00:00,130.67413330078125,132.34626059162483,129.32051223189364,129.88784574454795,24545500
2016-10-31 00:00:00+00:00,130.37554931640625,131.50023831385485,130.26606470385332,131.39075370130195,15669000
2016-11-01 00:00:00+00:00,128.89251708984375,131.32107350975275,128.04649835452437,130.79356094822288,22077800
2016-11-02 00:00:00+00:00,126.57345581054688,129.61909921181908,125.68763132333234,129.61909921181908,39640900
2016-11-03 00:00:00+00:00,119.43708801269531,122.70170053673209,118.93943347930907,121.42770614624023,63766300
2016-11-04 00:00:00+00:00,120.18357849121094,121.3580435785546,118.69061478324558,119.02901624545348,30545500
2016-11-07 00:00:00+00:00,121.57701110839844,122.63203635069223,120.78076077114645,122.25382161698083,23008900
2016-11-08 00:00:00+00:00,123.63729858398438,124.02546852853192,120.96986987137733,121.45756920798215,19460800
2016-11-09 00:00:00+00:00,122.60218048095703,123.2292225070546,119.94470689285944,120.93006081775738,31916000
2016-11-10 00:00:00+00:00,120.23334503173828,123.5974871319865,114.72927920585383,123.34865985136916,67846700
2016-11-11 00:00:00+00:00,118.4616928100586,120.13381250158719,117.59577870129256,118.96930260756001,32840100
2016-11-14 00:00:00+00:00,114.54016876220703,118.57116591012743,113.01734711119673,118.57116591012743,51377000
2016-11-15 00:00:00+00:00,116.65022277832031,117.93417242080159,115.28665417946013,116.18243388277331,34681400
2016-11-16 00:00:00+00:00,115.79425811767578,117.3270350570537,113.67425244880941,113.94299016070872,32397900
2016-11-17 00:00:00+00:00,117.23745727539062,117.23745727539062,115.46580833052204,116.26205103721055,18597800
2016-11-18 00:00:00+00:00,116.4710693359375,118.57117217679405,116.29191339143202,117.83464555765188,22879300
2016-11-21 00:00:00+00:00,121.19878387451172,121.37793981346023,117.24741318780156,117.64553074670431,35415400
2016-11-22 00:00:00+00:00,120.90019989013672,122.40311878591494,120.33287399609681,121.82583767447616,26089200
2016-11-23 00:00:00+00:00,120.27314758300781,120.74094407336649,119.37737547099121,120.66132511678234,15672100
2016-11-25 00:00:00+00:00,119.8153076171875,120.57174466503423,119.50676422384204,120.44235721476811,8658600
2016-11-28 00:00:00+00:00,119.84517669677734,121.11917117573246,119.25794035793037,119.55653613613812,18101300
2016-11-29 00:00:00+00:00,120.30300903320312,121.52723492679539,119.83521255918126,120.00441327722157,18891000
2016-11-30 00:00:00+00:00,117.86449432373047,121.21868851168172,117.39669786142451,119.75558301250534,30188900
2016-12-01 00:00:00+00:00,114.56007385253906,117.89435775948016,113.46523538074425,117.82468642746427,43277000
2016-12-02 00:00:00+00:00,114.85868072509766,115.93361646041316,113.76384214739767,114.5700401520811,25070400
2016-12-05 00:00:00+00:00,116.879150390625,117.01849306008589,114.53022025741875,115.40608955025944,20201500
2016-12-06 00:00:00+00:00,116.75970458984375,117.24741150161536,115.78430595351169,117.13792689640995,19131200
2016-12-07 00:00:00+00:00,117.3967056274414,117.3967056274414,116.02318179939691,116.45116501730732,21913700
2016-12-08 00:00:00+00:00,118.35221099853516,118.93943973388036,117.08816416484362,117.42657321401678,22442800
2016-12-09 00:00:00+00:00,119.11859130859375,119.37737379627777,118.39201233711363,118.66075004183318,17464700
2016-12-12 00:00:00+00:00,117.2175521850586,118.68065781222525,117.0981199500938,118.66075497093311,17805500
2016-12-13 00:00:00+00:00,119.74564361572266,120.94996679820837,117.0583118985868,117.30713919067739,29768000
2016-12-14 00:00:00+00:00,119.64610290527344,121.11916367636114,118.29248195679465,119.43708891091201,25913100
2016-12-15 00:00:00+00:00,120.0044174194336,121.92536427875329,119.06882443909585,119.5167180885282,20139600
2016-12-16 00:00:00+00:00,119.30770874023438,120.93005989650577,118.71051718437911,120.33287593425658,25324300
2016-12-19 00:00:00+00:00,118.68064880371094,119.79539767160472,117.9540774508059,119.28778793071673,15918100
2016-12-20 00:00:00+00:00,118.53135681152344,119.20816730176854,118.24272385553586,118.93943718655032,13684400
2016-12-21 00:00:00+00:00,118.4815902709961,118.64083577038548,117.92421963272514,118.36215045124999,10767600
2016-12-22 00:00:00+00:00,116.84929656982422,118.43183448478466,116.38150005097995,118.30244702805153,16258600
2016-12-23 00:00:00+00:00,116.71988677978516,117.0085273101453,115.75444339788369,116.45115668247347,10890000
2016-12-27 00:00:00+00:00,117.45642852783203,118.12328379958822,116.31182154887983,116.41135093974398,12051500
2016-12-28 00:00:00+00:00,116.37153625488281,117.69529915879595,116.10280614344458,117.63558304372205,12087400
2016-12-29 00:00:00+00:00,115.80420684814453,116.97867183493905,115.51556631141646,116.45115925159672,9934900
2016-12-30 00:00:00+00:00,114.51031494140625,116.28196392363971,114.23162201490157,116.05303948955519,18684100
2017-01-03 00:00:00+00:00,116.31183624267578,117.28723502741572,114.96817031224856,115.48572776628919,20663900
2017-01-04 00:00:00+00:00,118.13323974609375,119.09869079000872,116.73980548457541,116.99858797730452,19630900
2017-01-05 00:00:00+00:00,120.10395050048828,120.38263584099676,117.76497557138534,118.30244341105424,19492200
2017-01-06 00:00:00+00:00,122.83109283447266,123.29888170678883,119.46694340394167,120.41249155243992,28545300
2017-01-09 00:00:00+00:00,124.3141098022461,124.84162241745544,122.46283424353778,122.97044401766256,22880400
2017-01-10 00:00:00+00:00,123.76668548583984,124.91129247344114,123.69701415234789,124.23448197940256,17324600
2017-01-11 00:00:00+00:00,125.49851989746094,125.5283855488812,123.47804365355091,123.76668420176745,18356500
2017-01-12 00:00:00+00:00,126.02603912353516,126.13552373041456,124.21457689190186,125.02077482109958,18653900
2017-01-13 00:00:00+00:00,127.73798370361328,128.6636291904466,126.77254012332072,126.89197237173263,24884300
2017-01-17 00:00:00+00:00,127.27017211914062,127.73796099828286,126.8023756463929,127.4393652431146,15294500
2017-01-18 00:00:00+00:00,127.31993865966797,127.82754083490693,126.2450030057399,127.8076455876352,13145900
2017-01-19 00:00:00+00:00,126.95167541503906,127.74792571161167,126.85213843276328,127.6284782954385,12195500
2017-01-20 00:00:00+00:00,126.4440689086914,127.87730884828521,126.18528641661797,127.49910171778814,19097200
2017-01-23 00:00:00+00:00,128.3251953125,128.64370151520387,126.35448754170763,126.71279942614368,16593600
2017-01-24 00:00:00+00:00,128.7631378173828,129.29065044347382,127.77779149444896,128.77310062853948,15162700
2017-01-25 00:00:00+00:00,130.8632354736328,131.122025557981,129.16126542712087,129.39018226640374,18731300
2017-01-26 00:00:00+00:00,132.15713500976562,132.51544687678793,130.82342452198685,131.01253567225012,20020100
2017-01-27 00:00:00+00:00,131.55996704101562,132.32635940233828,130.46513599776833,132.0576216571863,19539500
2017-01-30 00:00:00+00:00,130.36557006835938,130.96276155011833,128.9920539598502,130.96276155011833,18956100
2017-01-31 00:00:00+00:00,129.7086944580078,130.04709592078996,128.91244410829927,129.5593889746306,19790500
2017-02-01 00:00:00+00:00,132.60501098632812,132.86380104061715,130.0669700530759,131.62961243957272,50139800
2017-02-02 00:00:00+00:00,130.2262420654297,134.85443860173407,129.78830362116395,132.59508263911508,54366400
2017-02-03 00:00:00+00:00,130.36557006835938,132.22680824708894,130.1466008708618,130.62436013115303,24804900
2017-02-06 00:00:00+00:00,131.4405059814453,131.4405059814453,129.68876758390036,130.3655704236756,17058500
2017-02-07 00:00:00+00:00,131.22154235839844,132.3761045088195,131.04239401809738,131.61967509330793,14596400
2017-02-08 00:00:00+00:00,133.5704803466797,133.80936000194623,131.81874176969404,131.97799487320506,22390600
2017-02-09 00:00:00+00:00,133.51075744628906,133.86906931737792,132.68464909941167,133.85912169411836,16470600
2017-02-10 00:00:00+00:00,133.56053161621094,134.30701344712006,133.05291425137725,133.47095744143266,15061900
2017-02-13 00:00:00+00:00,133.42117309570312,134.0681178640707,133.07280887445293,134.0681178640707,13526200
2017-02-14 00:00:00+00:00,133.2221221923828,133.60032930344067,131.92821739212593,133.47094945446256,14364900
2017-02-15 00:00:00+00:00,132.8140411376953,133.0728160214986,132.03770129907477,132.8239887607302,13226500
2017-02-16 00:00:00+00:00,133.212158203125,133.24201625933347,132.39601268807613,132.44578117749379,12831100
2017-02-17 00:00:00+00:00,132.90362548828125,133.46099616514846,132.54531359783633,132.8737674296785,12276500
2017-02-21 00:00:00+00:00,133.09274291992188,133.28185409145485,132.27658211377164,132.87377368837974,14759100
2017-02-22 00:00:00+00:00,135.48146057128906,136.14831580024094,132.83395008853984,132.97329274552663,27360100
2017-02-23 00:00:00+00:00,134.7250518798828,135.48148139303447,133.69988463437988,135.25256453291973,18422500
2017-02-24 00:00:00+00:00,134.80465698242188,134.98380531733523,133.53066264344744,133.53066264344744,12625700
2017-02-27 00:00:00+00:00,135.7701416015625,136.53651880712897,134.38666231930898,134.62552682505884,14306700
2017-02-28 00:00:00+00:00,134.90419006347656,136.1682368853752,134.117902549087,136.14832645075938,16112100
2017-03-01 00:00:00+00:00,136.77537536621094,136.83509148254814,135.66063402868514,135.82983475404447,16257000
2017-03-02 00:00:00+00:00,136.11846923828125,137.17350965851097,135.67058317351862,136.44692306903033,12294800
2017-03-03 00:00:00+00:00,136.5265350341797,136.68578812065758,135.44165185856818,135.98907485132955,11160600
2017-03-06 00:00:00+00:00,136.77537536621094,137.1834557441308,135.86964043586536,136.23791513196434,12748200
2017-03-07 00:00:00+00:00,136.65594482421875,137.7209176822353,136.34740142785145,136.38720711016484,13527100
2017-03-08 00:00:00+00:00,137.073974609375,137.34271232691555,136.40711931468792,136.50664111536852,10184500
2017-03-09 00:00:00+00:00,137.59152221679688,137.91997601066907,136.75545111093572,137.07395728216096,15535300
2017-03-10 00:00:00+00:00,138.13894653320312,138.83567506924624,137.57162823030205,138.258393955297,16314100
2017-03-13 00:00:00+00:00,138.9451446533203,139.02475600982362,138.01949937145844,138.05932023692043,10955500
2017-03-14 00:00:00+00:00,138.6664581298828,138.8058007833591,137.87020788692814,138.8058007833591,12944000
2017-03-15 00:00:00+00:00,139.06459045410156,139.44281277686983,137.84036449778824,138.6365996382514,19344800
2017-03-16 00:00:00+00:00,139.3333282470703,139.59210314914841,139.07453815778038,139.5423346560379,13612900
2017-03-17 00:00:00+00:00,139.18402099609375,139.68167554644066,139.0446783294851,139.68167554644066,20592800
2017-03-20 00:00:00+00:00,139.28353881835938,139.53236605929908,138.59677320341228,139.0546220091135,12099500
2017-03-21 00:00:00+00:00,137.86026000976562,141.64243768306977,137.7507753996601,140.48787546508638,29894800
2017-03-22 00:00:00+00:00,138.93521118164062,139.13426998935384,136.9545555421559,137.28299422191526,17055400
2017-03-23 00:00:00+00:00,138.87548828125,139.73145478113983,138.4375498133232,138.8257197849469,13022800
2017-03-24 00:00:00+00:00,139.68167114257812,140.35848920706135,139.10439005991074,139.42289625195252,16664700
2017-03-27 00:00:00+00:00,139.66175842285156,139.99019700988828,138.11902652098456,138.39771181054914,12800500
2017-03-28 00:00:00+00:00,141.09500122070312,141.28411236447408,139.3532104355439,139.70157466745988,14679400
2017-03-29 00:00:00+00:00,141.98085021972656,142.18987183250246,140.7665717900322,141.32395769503023,16527600
2017-03-30 00:00:00+00:00,141.74197387695312,142.27943411351325,141.18460320579098,141.73201106604625,12404000
2017-03-31 00:00:00+00:00,141.38365173339844,141.96093279728333,141.22439864255904,141.6424266156045,11478300
2017-04-03 00:00:00+00:00,141.61256408691406,141.80167522791183,140.1594214437284,141.2641998601066,13564000
2017-04-04 00:00:00+00:00,141.0651397705078,141.42345161660663,140.60730613712101,141.19453479991324,12948600
2017-04-05 00:00:00+00:00,141.18460083007812,142.7671386420438,140.62721498108337,141.59266601567634,17158100
2017-04-06 00:00:00+00:00,140.5077667236328,141.55284418888098,140.24899185652393,141.44335959371764,15103400
2017-04-07 00:00:00+00:00,140.11961364746094,140.88600590559176,139.58215341673758,140.53764164629277,11818300
2017-04-10 00:00:00+00:00,140.37838745117188,140.76655738900448,139.9703222663202,140.33858176992226,9039400
2017-04-11 00:00:00+00:00,139.2636260986328,140.36841963774225,138.15883255952338,140.13950283225736,16638100
2017-04-12 00:00:00+00:00,138.92523193359375,139.74137741560492,138.78588928119134,139.06457458599616,11612500
2017-04-13 00:00:00+00:00,138.7361297607422,139.92054997632042,138.67641364688296,138.9650465929396,10965600
2017-04-17 00:00:00+00:00,140.75660705566406,140.88600209485432,139.09444272888265,139.10439035220068,11519700
2017-04-18 00:00:00+00:00,140.29879760742188,141.2443383510432,139.95043329740747,140.60734104286752,14807500
2017-04-19 00:00:00+00:00,141.60263061523438,142.369007691262,140.60732151027327,140.68694806113558,15563900
2017-04-20 00:00:00+00:00,143.12545776367188,143.5733438404631,142.0206640077403,142.27943891745667,15968200
2017-04-21 00:00:00+00:00,143.00601196289062,143.49371891576766,141.60263759797286,143.22498119175685,12382000
2017-04-24 00:00:00+00:00,144.78762817382812,144.9866869731338,143.6629239362923,144.28002595751667,14407200
2017-04-25 00:00:00+00:00,145.80284118652344,146.45973367574345,145.10611263970685,145.10611263970685,17767500
2017-04-26 00:00:00+00:00,145.87249755859375,146.8976647046171,145.40470107209242,146.40001016044224,12395000
2017-04-27 00:00:00+00:00,147.0071563720703,147.0569248663203,145.4544765496286,145.98198917681168,11275100
2017-04-28 00:00:00+00:00,149.54518127441406,150.81917561372174,148.37072391266904,148.79869950432547,30652200
2017-05-01 00:00:00+00:00,151.7448272705078,151.8543118755346,150.70969733439804,151.0282035261891,25218300
2017-05-02 00:00:00+00:00,152.06332397460938,152.72023162939178,150.94858263598107,152.62069464392354,21870400
2017-05-03 00:00:00+00:00,151.0879364013672,152.8794959609116,150.6300874966786,152.8794959609116,29782500
2017-05-04 00:00:00+00:00,150.14239501953125,150.80925034385334,148.0223816183431,149.4655768836499,36225500
2017-05-05 00:00:00+00:00,149.53524780273438,150.91872687340165,149.08734654852591,150.73956333427589,17148500
2017-05-08 00:00:00+00:00,150.35140991210938,150.3713203491369,149.03760962535134,150.00306079380255,15827500
2017-05-09 00:00:00+00:00,149.7740936279297,151.87419621925338,149.50537113350975,150.77936543479325,17453900
2017-05-10 00:00:00+00:00,149.58499145507812,149.8139234729202,148.16170679380122,149.5252753416275,12080700
2017-05-11 00:00:00+00:00,149.33616638183594,149.94330552284322,148.70913199419383,149.6049040835175,11841900
2017-05-12 00:00:00+00:00,149.62481689453125,149.7542119357691,148.92810357096477,149.69448063328218,9598200
2017-05-15 00:00:00+00:00,149.48545837402344,150.76940027789422,149.06743042422343,149.46554794197303,15064700
2017-05-16 00:00:00+00:00,149.07740783691406,149.50539868187,148.33092595155608,149.4058616889371,14550800
2017-05-17 00:00:00+00:00,144.1705322265625,147.97260517076845,143.74254140725702,147.3057498822803,28300100
2017-05-18 00:00:00+00:00,146.96734619140625,147.45503793337983,143.83211339614954,144.041134990718,23031600
2017-05-19 00:00:00+00:00,147.36546325683594,148.6892261853626,147.26594145893276,147.75363319924514,16187900
2017-05-22 00:00:00+00:00,147.5446319580078,147.89298104368183,146.99720889513475,147.38537885113345,12586700
2017-05-23 00:00:00+00:00,147.37542724609375,148.1119462678708,146.5592664858187,147.8233133082685,12817800
2017-05-24 00:00:00+00:00,149.33616638183594,149.52527753534477,147.72377054616888,147.813344717659,17862400
2017-05-25 00:00:00+00:00,151.24717712402344,151.87421152808466,149.24659611842415,149.5949603774005,19891400
2017-05-26 00:00:00+00:00,151.4163818359375,151.53581407086386,150.44096795999909,151.51590363597214,14996200
2017-05-30 00:00:00+00:00,151.6652069091797,152.18275671113497,150.92867270102707,151.25712652950546,13226000
2017-05-31 00:00:00+00:00,150.74951171875,152.63064516988268,150.38123705192845,151.98368519083488,18023900
2017-06-01 00:00:00+00:00,150.8191680908203,151.57559744605007,149.59494230135869,151.03813728076756,14530600
2017-06-02 00:00:00+00:00,152.88941955566406,152.90932998853324,150.5902581436134,151.13768114343748,16854400
2017-06-05 00:00:00+00:00,152.90933227539062,153.98426785824594,152.69036307218616,152.91927989836876,12520400
2017-06-06 00:00:00+00:00,152.0931854248047,153.7951707161148,151.76473159008827,152.69037697650944,13457100
2017-06-07 00:00:00+00:00,152.40171813964844,153.02876770625474,151.62537828918872,152.55102361071283,12066700
2017-06-08 00:00:00+00:00,153.98426818847656,154.00416343447552,152.3818200273405,153.35721863366354,17799400
2017-06-09 00:00:00+00:00,148.89825439453125,154.86014646238036,145.92227457903493,154.04400085958295,35577700
2017-06-12 00:00:00+00:00,147.74368286132812,148.5001122977844,143.88187875543738,147.47494515622455,33170200
2017-06-13 00:00:00+00:00,149.97315979003906,150.47081431313404,148.20151090279782,149.44564721053527,20483400
2017-06-14 00:00:00+00:00,149.54518127441406,151.68508960711713,148.35081347971442,150.5504379240709,20808800
2017-06-15 00:00:00+00:00,149.0972900390625,149.33615447732817,145.68337229915284,146.97727702619503,18994200
2017-06-16 00:00:00+00:00,149.93336486816406,150.12247603046245,147.90294095062802,148.88828725723897,22882400
2017-06-19 00:00:00+00:00,152.1529083251953,152.84963689564694,150.9983612274906,150.9983612274906,19026500
2017-06-20 00:00:00+00:00,151.5358123779297,153.11835022187182,151.49600669580292,152.16286197871165,14743900
2017-06-21 00:00:00+00:00,153.1880340576172,153.3572347896976,151.16755770948745,151.64530184637405,15039800
2017-06-22 00:00:00+00:00,152.68040466308594,153.8250192014143,152.19271294051768,152.29223473479988,13005500
2017-06-23 00:00:00+00:00,154.3425750732422,154.47195491690616,151.9339139104977,152.00359283087926,18027000
2017-06-26 00:00:00+00:00,152.86953735351562,155.76589078883342,152.48136737053997,155.5170634872538,18049700
2017-06-27 00:00:00+00:00,149.8736572265625,152.59084701885794,149.68454605356968,152.12305049215342,19360800
2017-06-28 00:00:00+00:00,152.52117919921875,152.75009605067766,149.15702942144628,150.21205468762733,16719100
2017-06-29 00:00:00+00:00,150.33148193359375,151.78463992276855,148.22143147129648,151.56567070265712,23973500
2017-06-30 00:00:00+00:00,150.2717742919922,151.20736734210615,149.35609167770542,151.18745690627895,17666000
2017-07-03 00:00:00+00:00,147.7337188720703,151.4362698500492,147.1066844814462,151.008294237198,13862700
2017-07-05 00:00:00+00:00,149.63478088378906,150.14239829357248,147.4351560654378,148.30107020606167,14334300
2017-07-06 00:00:00+00:00,148.12191772460938,149.33618093776812,147.30575691669534,148.33092414512507,14951800
2017-07-07 00:00:00+00:00,150.72962951660156,151.27705262072183,148.4901837892841,148.54989991205844,13615900
2017-07-10 00:00:00+00:00,152.7799530029297,153.2576971377507,150.79928234676566,150.9784458893312,13378700
2017-07-11 00:00:00+00:00,154.54164123535156,154.69093151872983,152.1927112578643,152.65054491836491,13667700
2017-07-12 00:00:00+00:00,158.1546173095703,158.41340740748535,155.46728565136752,155.75593380870166,22739400
2017-07-13 00:00:00+00:00,158.51292419433594,159.03048918657757,157.67686818263076,157.99537438930616,13929200
2017-07-14 00:00:00+00:00,159.2196044921875,159.56796876640368,158.58260724947024,159.37885759966989,16371200
2017-07-17 00:00:00+00:00,158.98069763183594,160.02577508847568,158.06501520128967,159.49826254900023,12858800
2017-07-18 00:00:00+00:00,162.09605407714844,162.9619682060565,158.67218805923153,158.91106773043953,23722900
2017-07-19 00:00:00+00:00,163.3700408935547,164.92272071498144,162.40458981714227,162.822617831587,26273600
2017-07-20 00:00:00+00:00,163.75820922851562,164.22600573254894,162.04627631741755,164.02694694486098,18523100
2017-07-21 00:00:00+00:00,163.65867614746094,164.2757781473989,162.98187321572473,163.3899536119134,14744000
2017-07-24 00:00:00+00:00,165.22129821777344,165.3904989296276,163.53922353487977,163.86767733572975,17367000
2017-07-25 00:00:00+00:00,164.5046844482422,164.7634593430946,163.09134736919634,164.23594674271877,15383200
2017-07-26 00:00:00+00:00,164.83316040039062,165.23127801318813,163.3302489467846,165.23127801318813,35236900
2017-07-27 00:00:00+00:00,169.64048767089844,174.66680172961966,166.71427644835845,173.88049902541266,68910700
2017-07-28 00:00:00+00:00,171.6410675048828,172.61646626279355,168.25702231943805,168.276932755742,24557600
2017-07-31 00:00:00+00:00,168.45606994628906,171.90979383608803,167.75935659399792,171.1931700488137,25478900
2017-08-01 00:00:00+00:00,169.0631866455078,169.67032574047528,168.2569887888089,169.02338096804553,14385000
2017-08-02 00:00:00+00:00,168.50582885742188,169.74996519690785,166.12704078381316,169.50113792901067,17433800
2017-08-03 00:00:00+00:00,167.79917907714844,168.9039729275429,167.46077758461303,168.50585531129104,10793800
2017-08-04 00:00:00+00:00,168.82431030273438,169.26224869938747,167.8986802084351,168.17736551772157,10777700
2017-08-07 00:00:00+00:00,171.1732635498047,171.25289010435634,168.86415421665646,169.15278718809535,12787800
2017-08-08 00:00:00+00:00,170.42678833007812,172.238258345515,169.81964911676513,171.0737484158254,14393500
2017-08-09 00:00:00+00:00,170.37701416015625,170.6457518848944,168.7646181861524,169.1826462095159,10815000
2017-08-10 00:00:00+00:00,166.61473083496094,169.7897691713807,166.0673230008563,169.2622565837159,20832700
2017-08-11 00:00:00+00:00,167.29156494140625,168.02809918502845,166.06733893063978,167.16216989108023,13791200
2017-08-14 00:00:00+00:00,169.9490509033203,170.27750477145563,168.4958927461654,169.29214316704972,12954200
2017-08-15 00:00:00+00:00,170.19784545898438,170.6954999778703,169.2124840441944,170.68555235488842,8729200
2017-08-16 00:00:00+00:00,169.20254516601562,170.57607656903565,168.44611572561072,170.44668152753044,15779900
2017-08-17 00:00:00+00:00,166.12704467773438,169.0632034703009,166.06732856199312,168.54563848852416,17216000
2017-08-18 00:00:00+00:00,166.62469482421875,167.8787787832961,165.43032697930542,166.0573613652385,15093600
2017-08-21 00:00:00+00:00,166.99295043945312,167.21191964444057,165.04215321510603,166.37586369114896,11907500
2017-08-22 00:00:00+00:00,168.84423828125,169.07315512612146,166.36591310840123,167.4906172723899,11391000
2017-08-23 00:00:00+00:00,167.91859436035156,168.5655391596934,167.41097703152857,168.04797420789356,9856500
2017-08-24 00:00:00+00:00,166.95315551757812,168.49587248774304,165.6293925792981,168.08780729507362,14030400
2017-08-25 00:00:00+00:00,165.53981018066406,167.5901444147017,165.4004523325149,167.07257945098382,12614500
2017-08-28 00:00:00+00:00,166.45550537109375,166.91333906881235,165.54977041240798,166.12705153375015,8553700
2017-08-29 00:00:00+00:00,167.26170349121094,167.6399106359235,164.22600758626484,164.47483487048643,11121000
2017-08-30 00:00:00+00:00,169.12290954589844,169.3816844278186,166.84365853621864,167.3811187331946,11138300
2017-08-31 00:00:00+00:00,171.16331481933594,171.3424631755099,169.26227070813573,169.60067217238358,17226500
2017-09-01 00:00:00+00:00,171.21307373046875,172.1088458356228,170.50639759495414,171.59128085695906,11677600
2017-09-05 00:00:00+00:00,169.91917419433594,171.5813386023973,168.75466434631255,170.4665972478201,13210900
2017-09-06 00:00:00+00:00,171.28274536132812,171.6709153164083,168.77457727644645,170.10828787213606,13906300
2017-09-07 00:00:00+00:00,172.3975067138672,172.4970285177867,169.4712953462503,171.1334598251103,18049500
2017-09-08 00:00:00+00:00,170.14808654785156,172.67618015094476,169.998796258666,172.2780474010974,10998500
2017-09-11 00:00:00+00:00,172.69607543945312,173.07429775509596,171.3922229562148,171.59128173758046,12372000
2017-09-12 00:00:00+00:00,172.148681640625,173.18379650055354,170.94435085614984,172.94491683108723,11186300
2017-09-13 00:00:00+00:00,172.23825073242188,172.35768297001985,171.2528892106017,172.19842986174768,9119300
2017-09-14 00:00:00+00:00,170.1580352783203,171.47183527607305,169.70018645068495,171.45192484342536,15615700
2017-09-15 00:00:00+00:00,170.83485412597656,171.53156746183546,169.46132270156065,170.07842467378856,15660500
2017-09-18 00:00:00+00:00,169.21250915527344,171.26285883461156,168.54565382347047,171.18323227730798,12954000
2017-09-19 00:00:00+00:00,171.71072387695312,171.75052955711783,169.56085265499374,169.81962754409196,13168600
2017-09-20 00:00:00+00:00,171.3623809814453,172.23825792631274,169.89927526091128,171.6908348357706,12264100
2017-09-21 00:00:00+00:00,170.30734252929688,171.46190474257142,169.21249643270687,170.88462363593416,11161400
2017-09-22 00:00:00+00:00,169.74000549316406,170.92442573998719,168.42620539196994,169.4115668582741,12097100
2017-09-25 00:00:00+00:00,162.10598754882812,168.50583293121633,160.8021350634787,168.44611681543108,41251600
2017-09-26 00:00:00+00:00,163.43971252441406,164.72365456950118,162.01641262685632,163.72834547844678,23363300
2017-09-27 00:00:00+00:00,166.89344787597656,167.55035562640322,164.79335993661843,165.12179862461784,19242500
2017-09-28 00:00:00+00:00,167.93850708007812,168.27692373024215,166.37587962632304,167.15221954119463,12178700
2017-09-29 00:00:00+00:00,170.06846618652344,170.8547689040776,168.0181318086372,168.03804224365697,15340400
2017-10-02 00:00:00+00:00,168.675048828125,171.06378479768165,167.95842499981543,170.58604064121292,13392300
2017-10-03 00:00:00+00:00,169.16275024414062,169.9291273567857,168.40630556841188,168.50584255854852,8190300
2017-10-04 00:00:00+00:00,167.62994384765625,169.8693891496262,167.50054881474622,169.03333321515458,12127900
2017-10-05 00:00:00+00:00,170.43673706054688,170.50640080073194,167.80912162385223,168.38638754154007,14580600
2017-10-06 00:00:00+00:00,171.4220733642578,171.5614160237167,168.95371117361026,169.45136569842208,13124500
2017-10-09 00:00:00+00:00,171.69081115722656,174.05965155657867,171.19315663213317,171.88986992982177,14570400
2017-10-10 00:00:00+00:00,170.7850799560547,172.38752816886736,169.99879247183992,172.1884693919836,11341100
2017-10-11 00:00:00+00:00,171.92970275878906,171.96950844119328,170.59597699646363,171.14340004959587,11283700
2017-10-12 00:00:00+00:00,171.74058532714844,173.03449017262673,171.48179524572595,171.80030144218088,10351000
2017-10-13 00:00:00+00:00,172.92501831054688,173.83073810064292,172.38754286122014,172.63637015033484,13658300
2017-10-16 00:00:00+00:00,173.70135498046875,174.1790991141911,173.24350609470952,173.67149692131184,11498800
2017-10-17 00:00:00+00:00,175.28390502929688,175.30381546585397,173.54211391727503,173.8904782145647,15990100
2017-10-18 00:00:00+00:00,175.2042694091797,175.91094559188352,174.92558406064612,175.8213562256165,12752400
2017-10-19 00:00:00+00:00,173.74114990234375,175.2042554592574,171.8202106752406,174.1094094006107,14048400
2017-10-20 00:00:00+00:00,174.15919494628906,175.0549823148679,173.81084584785233,174.6767599689871,12602200
2017-10-23 00:00:00+00:00,170.46658325195312,174.51748314071966,170.44667281876698,174.378140482838,13852700
2017-10-24 00:00:00+00:00,170.99411010742188,172.4273576723046,170.69551433353598,171.49176466816104,12267900
2017-10-25 00:00:00+00:00,169.79971313476562,171.4419668292184,168.09772814599026,171.0936026214451,15868200
2017-10-26 00:00:00+00:00,169.82958984375,171.48179134180944,169.5907102018471,170.57607163908423,11833100
2017-10-27 00:00:00+00:00,177.0455780029297,177.3740318106502,173.0842370641508,173.3330643257078,30285300
2017-10-30 00:00:00+00:00,179.02622985839844,179.84239055054454,176.77683692437446,178.41909074433212,24353200
2017-10-31 00:00:00+00:00,179.21534729003906,179.9518814633819,178.10060600040538,179.72296463152023,20174200
2017-11-01 00:00:00+00:00,181.80316162109375,182.04202608234863,179.72296927253834,181.50456585731374,40918300
2017-11-02 00:00:00+00:00,178.08070373535156,181.08654149316212,176.50811352264833,179.78268899196945,35529900
2017-11-03 00:00:00+00:00,178.08070373535156,179.01629672658618,175.88107911207268,178.4489632453096,17822100
2017-11-06 00:00:00+00:00,179.3248291015625,179.6035144196307,177.47355366741763,177.722380929065,13312700
2017-11-07 00:00:00+00:00,179.40444946289062,179.902103969029,178.1205075194261,179.6532767159598,12928200
2017-11-08 00:00:00+00:00,178.71771240234375,179.504015152658,178.2698263126169,178.94662925936632,10494100
2017-11-09 00:00:00+00:00,178.45892333984375,178.5584451367764,176.25928356283427,177.4735618707779,12610300
2017-11-10 00:00:00+00:00,177.62286376953125,178.25986096847438,177.12520923325656,177.51337916406237,11070200
2017-11-13 00:00:00+00:00,177.931396484375,178.2001189830603,176.4682910204695,176.6673497856028,9523400
2017-11-14 00:00:00+00:00,177.23471069335938,178.1304828689553,176.34887095482628,177.29442681343744,9585900
2017-11-15 00:00:00+00:00,177.11524963378906,177.73235159726124,175.57251750592582,175.83130758929565,10253700
2017-11-16 00:00:00+00:00,178.74757385253906,178.9864535256231,177.66269047997343,177.9214654020714,15607600
2017-11-17 00:00:00+00:00,178.16030883789062,179.13570739363462,178.06077186421456,178.45890457170896,13018000
2017-11-20 00:00:00+00:00,177.90155029296875,178.6579797258045,177.26455308973567,178.0309301459679,10052400
2017-11-21 00:00:00+00:00,181.0069122314453,181.0367702892536,178.15037999490102,178.30961790747475,14504000
2017-11-22 00:00:00+00:00,180.02154541015625,180.87751181203987,179.59356980281996,180.44953620470358,10376300
2017-11-24 00:00:00+00:00,181.922607421875,182.29086695192012,179.44428214101004,179.55376675632243,9426300
2017-11-27 00:00:00+00:00,182.1714324951172,182.86814586261963,181.1363176615725,181.7036359796772,12344500
2017-11-28 00:00:00+00:00,181.5642852783203,183.38570276460786,181.23583145090336,182.64916855883547,14379700
2017-11-29 00:00:00+00:00,174.3084716796875,181.11638165919203,173.18376763913528,181.03675511597316,41933500
2017-11-30 00:00:00+00:00,176.34884643554688,177.44369244212737,174.3781388109125,176.02040782078325,25307600
2017-12-01 00:00:00+00:00,174.2786407470703,176.647466230844,171.53157773373493,175.20427098002455,20182500
2017-12-04 00:00:00+00:00,170.66566467285156,175.7417475170558,169.98884653959175,175.46304697709283,24459400
2017-12-05 00:00:00+00:00,172.019287109375,174.55732855150202,168.21719875837766,169.65044640509473,20184900
2017-12-06 00:00:00+00:00,175.23411560058594,175.94079173542792,171.09362614963996,171.69081767731518,20255800
2017-12-07 00:00:00+00:00,179.29498291015625,179.54381018827,174.97534500703236,174.97534500703236,20404500
2017-12-08 00:00:00+00:00,178.16030883789062,181.4249211032953,177.9015339684267,180.67843936235442,19883800
2017-12-11 00:00:00+00:00,178.2001495361328,179.37462227004426,177.9612850519028,178.45893964366584,13168600
2017-12-12 00:00:00+00:00,176.12991333007812,178.33948566411485,175.77160142968066,177.76221972361944,16854100
2017-12-13 00:00:00+00:00,177.463623046875,178.31958951643927,176.41854541038654,176.46831390492642,14615700
2017-12-14 00:00:00+00:00,177.55319213867188,179.5139523071212,176.8465159857579,177.4536551524434,13591000
2017-12-15 00:00:00+00:00,179.3347930908203,179.64335168067933,177.52333835806274,178.18024603369213,28463100
2017-12-18 00:00:00+00:00,179.9718017578125,180.4495458813727,178.90681371316313,180.1608977327131,17265400
2017-12-19 00:00:00+00:00,178.6679229736328,179.23525642477415,177.3839809752139,179.1058613877326,14920600
2017-12-20 00:00:00+00:00,177.05552673339844,178.96651829164313,176.52801415057516,178.96651829164313,11860500
2017-12-21 00:00:00+00:00,176.6175994873047,177.8418254468067,176.21948191603616,177.10530642123874,11600700
2017-12-22 00:00:00+00:00,176.3687744140625,176.6972282487119,175.40332334509029,176.30905829634662,8509500
2017-12-26 00:00:00+00:00,175.16444396972656,176.1697006359028,173.8506287429197,175.8014411498482,8897300
2017-12-27 00:00:00+00:00,176.78680419921875,177.60296498209087,175.4331831642986,175.72183131910447,9496100
2017-12-28 00:00:00+00:00,177.08538818359375,178.10060768897029,176.84650853903128,177.11524624076264,12220800
2017-12-29 00:00:00+00:00,175.6322479248047,178.01103603186576,175.6322479248047,177.16501723423346,10261500
2018-01-02 00:00:00+00:00,180.5689697265625,180.7282228227546,176.71712848408478,176.84650833593108,18151900
2018-01-03 00:00:00+00:00,183.80372619628906,183.91321080270566,180.47939751012842,181.02682054221148,16886600
2018-01-04 00:00:00+00:00,183.46533203125,185.3365180379734,183.23641518592063,184.03265033266837,13880900
2018-01-05 00:00:00+00:00,185.9735107421875,186.0232640472396,184.06250391230233,184.71941156087465,13574500
2018-01-08 00:00:00+00:00,187.3967742919922,188.01386100216322,185.45592481063986,186.32183876681017,17994700
2018-01-09 00:00:00+00:00,186.98870849609375,187.91435382049985,186.22233145364547,187.81481683948036,12393100
2018-01-10 00:00:00+00:00,186.9588623046875,187.00863079835582,184.75923764433958,186.06309016750532,10529900
2018-01-11 00:00:00+00:00,186.88919067382812,187.5162250685007,186.50102073914078,187.5162250685007,9588600
2018-01-12 00:00:00+00:00,178.52857971191406,180.62868241811768,176.56781966543534,177.22472728437162,77551300
2018-01-16 00:00:00+00:00,177.55319213867188,180.89743136731119,177.20482787408395,180.64860408895177,36183800
2018-01-17 00:00:00+00:00,176.7668914794922,178.47882424230647,174.9753321710574,178.41909294268305,27992400
2018-01-18 00:00:00+00:00,178.9565887451172,180.1310462557839,176.2493466340063,177.2944242820887,23304900
2018-01-19 00:00:00+00:00,180.4395751953125,181.5145108168175,179.32483389325304,180.00165196036858,26826500
2018-01-22 00:00:00+00:00,184.5004425048828,184.52035293924786,179.56371788715904,179.951887827614,21059500
2018-01-23 00:00:00+00:00,188.46177673339844,188.66083550811203,184.67959926499583,185.17725379538535,25678800
2018-01-24 00:00:00+00:00,185.67491149902344,189.76563241622563,185.64505344166665,188.99924017390876,24334500
2018-01-25 00:00:00+00:00,186.60055541992188,187.735207244834,185.72469369414512,187.0683519359763,17377700
2018-01-26 00:00:00+00:00,189.1087188720703,189.1087188720703,185.9336805831592,186.86927351700632,17759200
2018-01-29 00:00:00+00:00,185.1075897216797,187.95417447136586,184.75924063478703,187.86460029364022,20453200
2018-01-30 00:00:00+00:00,186.24224853515625,187.29727383392583,180.98701729007587,186.73990312417683,20858600
2018-01-31 00:00:00+00:00,186.01332092285156,188.93953216707698,184.35115651408114,187.48637416877298,43275100
2018-02-01 00:00:00+00:00,192.18423461914062,194.40378489480474,187.0086302249544,187.33708405750394,54211300
2018-02-02 00:00:00+00:00,189.38742065429688,193.29899344520533,189.08882487688817,191.13915926136931,26677500
2018-02-05 00:00:00+00:00,180.4097137451172,189.71585947925897,179.76276893459863,186.0531142614743,33128200
2018-02-06 00:00:00+00:00,184.4407196044922,184.89856845477743,176.90623791250104,177.73234625533001,37758500
2018-02-07 00:00:00+00:00,179.3347930908203,184.21181697651505,179.10587624163267,183.2861715813623,27601900
2018-02-08 00:00:00+00:00,170.77513122558594,180.98699676690902,170.67559424418377,180.1608884203465,38478300
2018-02-09 00:00:00+00:00,175.28390502929688,176.07019262035004,166.3957859146003,173.9402315251376,39887600
2018-02-12 00:00:00+00:00,175.5824737548828,176.71712546826816,171.03390409099242,176.22941856470717,32092100
2018-02-13 00:00:00+00:00,172.3377685546875,175.14454757111807,172.28801524831223,174.79618330321944,21809400
2018-02-14 00:00:00+00:00,178.6779022216797,178.96653519177443,172.3975039375849,172.6363684129151,28929700
2018-02-15 00:00:00+00:00,179.1158447265625,179.65330499542176,176.0104697921348,179.65330499542176,20922100
2018-02-16 00:00:00+00:00,176.5280303955078,179.03621369092346,175.4730051327729,178.15038916021092,20645300
2018-02-20 00:00:00+00:00,175.18435668945312,177.11525885569642,174.28858453616257,174.94549221508885,21204900
2018-02-21 00:00:00+00:00,177.07545471191406,180.41969406700002,175.57252817398142,175.88108676807173,23200800
2018-02-22 00:00:00+00:00,178.15037536621094,179.36465364290387,176.57778521791664,177.8617272319484,18464200
2018-02-23 00:00:00+00:00,182.43020629882812,182.52974328810072,178.66793894995033,179.05610890857383,19007300
2018-02-26 00:00:00+00:00,184.0625,184.7890865597399,182.36052998612493,183.7141509359819,17599700
2018-02-27 00:00:00+00:00,180.60879516601562,183.833586915874,180.60879516601562,183.58475964197942,15849800
2018-02-28 00:00:00+00:00,177.48350524902344,182.0221117843782,177.30434173462268,181.4448307514133,18783000
2018-03-01 00:00:00+00:00,175.1147003173828,179.2750854179347,173.59187848036618,178.17029161586254,23201600
2018-03-02 00:00:00+00:00,175.79148864746094,176.27919557459333,172.17852693631085,172.47710751699228,20025900
2018-03-05 00:00:00+00:00,179.55374145507812,180.30022322141667,175.06490323422483,175.37344660102443,16189300
2018-03-06 00:00:00+00:00,178.93667602539062,181.52448586501552,178.26982072386542,180.92729430595986,15086800
2018-03-07 00:00:00+00:00,182.84823608398438,182.95772068926377,177.23469353200903,177.90154878699772,19097300
2018-03-08 00:00:00+00:00,181.4846649169922,183.53499931514816,180.59884039000602,182.69894328259738,17225900
2018-03-09 00:00:00+00:00,184.36109924316406,184.63978457452825,182.35058580792406,183.04729913633454,18526300
2018-03-12 00:00:00+00:00,183.89329528808594,185.22702096227977,183.35583508147866,184.36109175828622,15301200
2018-03-13 00:00:00+00:00,181.02682495117188,185.11754598187946,180.26043268758988,184.7393236619174,18067500
2018-03-14 00:00:00+00:00,183.3259735107422,183.38568962286377,180.9969540147365,181.7434357906776,16821700
2018-03-15 00:00:00+00:00,182.99754333496094,183.13688601030637,181.3353788550503,182.38045651374728,15614300
2018-03-16 00:00:00+00:00,184.2217559814453,184.46063563064666,182.5496439986702,183.6245796392591,24403400
2018-03-19 00:00:00+00:00,171.7505340576172,176.33890956779285,169.26226133381718,176.1796564685389,88140100
2018-03-20 00:00:00+00:00,167.36122131347656,169.40160803302504,161.1903078489395,166.68441840634694,129851800
2018-03-21 00:00:00+00:00,168.5954132080078,172.5865973586535,162.5339842409996,164.02694793852154,106598800
2018-03-22 00:00:00+00:00,164.11651611328125,169.47128390579698,162.95200629426867,165.35070485882497,73743000
2018-03-23 00:00:00+00:00,158.64230346679688,165.81848815516477,158.27404399075158,164.66392605157208,53609700
2018-03-26 00:00:00+00:00,159.30917358398438,160.34430356236098,148.32096770110778,160.06561822676997,126116600
2018-03-27 00:00:00+00:00,151.50595092773438,162.08609141664357,150.0428453501392,155.57676146178918,79117000
2018-03-28 00:00:00+00:00,152.31216430664062,155.14880157630208,150.09262906279673,150.93863276294607,60029200
2018-03-29 00:00:00+00:00,159.04042053222656,160.66277908360263,153.41693068269436,154.42218731860137,59434300
2018-04-02 00:00:00+00:00,154.66107177734375,158.4531968059537,153.38707741569027,157.06971784194513,36796000
2018-04-03 00:00:00+00:00,155.37770080566406,156.65169521078622,150.10255965374913,155.8156392300269,42543900
2018-04-04 00:00:00+00:00,154.3724365234375,154.83027017208983,149.80395653654847,151.31683051354383,49885600
2018-04-05 00:00:00+00:00,158.59254455566406,160.8120947303666,155.91516071075105,160.80213191978945,41449600
2018-04-06 00:00:00+00:00,156.4626007080078,160.6628066800192,156.0744307336851,156.9901133606204,41644800
2018-04-09 00:00:00+00:00,157.1891632080078,159.77697301425755,155.3080295646195,157.0796937837121,34915200
2018-04-10 00:00:00+00:00,164.2657928466797,165.20138574898738,156.27346268612155,157.1891451557475,57889300
2018-04-11 00:00:00+00:00,165.53981018066406,167.8588669261611,162.48420407601944,164.5843068005088,56144600
2018-04-12 00:00:00+00:00,163.101318359375,166.6645272186688,162.33494118848225,166.1967306664545,38263000
2018-04-13 00:00:00+00:00,163.74826049804688,164.92271796851728,163.00177865885271,163.80797661522848,19990600
2018-04-16 00:00:00+00:00,164.0568084716797,165.00234912359446,162.62356087048948,164.94263300474694,18119400
2018-04-17 00:00:00+00:00,167.86883544921875,168.20723689626863,164.88290816703645,165.0521088905614,22743000
2018-04-18 00:00:00+00:00,165.57962036132812,167.3313588874807,164.99239164478516,166.09718533911396,20969600
2018-04-19 00:00:00+00:00,167.31146240234375,167.54037923829648,164.42505695837133,165.42036603824914,22235000
2018-04-20 00:00:00+00:00,165.5,167.63990854270122,165.0322034965275,167.00291131053618,19119400
2018-04-23 00:00:00+00:00,165.0620574951172,167.65981485354345,164.31557567013508,166.48535740543315,23088100
2018-04-24 00:00:00+00:00,158.94091796875,165.3208531598246,157.44795426840437,164.65398267559019,35079900
2018-04-25 00:00:00+00:00,158.94091796875,160.30448662182448,155.45733600127687,159.38880404141128,41083600
2018-04-26 00:00:00+00:00,173.34304809570312,175.44315104466574,169.99880868852128,172.40745504916822,77556900
2018-04-27 00:00:00+00:00,172.77569580078125,176.26924031554097,171.79034955279135,175.98059218377009,29804700
2018-04-30 00:00:00+00:00,171.19317626953125,174.89572757591907,170.90454329424105,172.97477299135807,20750500
2018-05-01 00:00:00+00:00,173.04443359375,173.20368668811005,169.43145684991214,171.19315813664434,26025900
2018-05-02 00:00:00+00:00,175.24407958984375,177.24464540275068,173.38284125549177,173.43260974766798,30424500
2018-05-03 00:00:00+00:00,173.2036895751953,175.29382952147006,171.312593219372,174.30848325651598,24026100
2018-05-04 00:00:00+00:00,175.7815399169922,176.14979942232154,172.2481895914646,172.26810002578856,17677800
2018-05-07 00:00:00+00:00,177.1351776123047,178.65799945676414,176.33892722352275,176.51809077492484,18697200
2018-05-08 00:00:00+00:00,178.08070373535156,178.20013596837327,176.27919668028616,177.41384845562752,15577200
2018-05-09 00:00:00+00:00,181.80316162109375,182.15151068949424,177.9413575005515,178.82718198119832,23282800
2018-05-10 00:00:00+00:00,184.65969848632812,185.25689002890425,181.64391308946358,182.2908579379112,21071400
2018-05-11 00:00:00+00:00,186.11285400390625,187.43661692885604,183.31602267673784,183.9828931382243,21207800
2018-05-14 00:00:00+00:00,185.76449584960938,186.97877420602256,185.32655740143252,186.8294839110587,15646700
2018-05-15 00:00:00+00:00,183.45538330078125,184.42081916974965,182.3406267650775,184.01275397502718,15429400
2018-05-16 00:00:00+00:00,182.3406219482422,183.45537845449775,181.8031617229063,182.8382764924171,16975500
2018-05-17 00:00:00+00:00,182.8979949951172,183.19659076296196,181.3652256614244,181.82305934320297,14840700
2018-05-18 00:00:00+00:00,181.82305908203125,183.32598554271354,181.75339534238745,182.62927221021758,13130500
2018-05-21 00:00:00+00:00,183.6245880126953,184.43078598309745,182.2709669799176,182.90796421962406,13532900
2018-05-22 00:00:00+00:00,182.93783569335938,184.55023175239882,182.56956095864035,184.06252477248083,12731400
2018-05-23 00:00:00+00:00,186.02325439453125,186.03321720479394,181.32539448819193,181.64390067238278,16628100
2018-05-24 00:00:00+00:00,185.0578155517578,185.92374480485222,184.162043427549,185.00806224602204,12354700
2018-05-25 00:00:00+00:00,184.0525665283203,185.45595607728876,183.5847700119975,185.14741267018488,10965100
2018-05-29 00:00:00+00:00,184.8687286376953,185.933701540346,182.8482522601467,183.47528670293636,16398900
2018-05-30 00:00:00+00:00,186.7896728515625,187.1181267049463,184.38102644729418,185.6649686130555,13736900
2018-05-31 00:00:00+00:00,190.88038635253906,191.8159793775158,186.6005539974393,186.9887239559709,30782600
2018-06-01 00:00:00+00:00,193.08001708984375,193.637387753908,191.16902544710422,192.1643345435651,17307200
2018-06-04 00:00:00+00:00,192.37335205078125,193.07006542106865,190.57184491217654,190.9401044392115,18939800
2018-06-05 00:00:00+00:00,192.0349578857422,194.08529239078823,191.71645165452068,193.38857899400747,15544300
2018-06-06 00:00:00+00:00,190.44244384765625,191.62686413334436,188.2229087569771,190.1339004496458,22558900
2018-06-07 00:00:00+00:00,187.29725646972656,190.07417732385417,185.89388220107608,189.8552081100086,21503200
2018-06-08 00:00:00+00:00,188.2129669189453,188.5911740698045,185.55547811552233,186.65032425877573,12677100
2018-06-11 00:00:00+00:00,190.64149475097656,191.69653513441844,187.9143575880134,187.92430521143038,12928900
2018-06-12 00:00:00+00:00,191.4974822998047,192.3733592479131,190.66142622418104,191.2685654382629,11562700
2018-06-13 00:00:00+00:00,191.50743103027344,193.58762344186442,191.00977647129693,191.83588486166337,15853800
2018-06-14 00:00:00+00:00,195.88677978515625,196.35457627293994,192.00508040483567,192.19419156209437,19120900
2018-06-15 00:00:00+00:00,194.93128967285156,196.14556796717247,193.7269590019489,194.87155837070827,21860900
2018-06-18 00:00:00+00:00,197.37974548339844,198.64379229468997,193.2193607290978,193.88621600462014,16826000
2018-06-19 00:00:00+00:00,196.5635986328125,197.0313951224248,192.8809428316582,195.3194622641013,19994000
2018-06-20 00:00:00+00:00,201.05242919921875,202.59516127259553,197.87739088240605,198.16603901332226,28230900
2018-06-21 00:00:00+00:00,200.55477905273438,202.43591260112518,199.15138960897312,201.80886302259117,19045700
2018-06-22 00:00:00+00:00,200.79367065429688,201.29132522252058,198.37506155537935,200.21638953269192,17420200
2018-06-25 00:00:00+00:00,195.428955078125,199.06182735242183,192.20414800761938,199.06182735242183,25275100
2018-06-26 00:00:00+00:00,198.06651306152344,198.16605004749434,195.3095025720166,196.67308638120144,17897600
2018-06-27 00:00:00+00:00,194.92135620117188,199.8083281714931,194.88155051429624,198.24568538858327,18734400
2018-06-28 00:00:00+00:00,195.30950927734375,196.4143030358185,192.35343990161968,194.26443163761698,18172400
2018-06-29 00:00:00+00:00,193.40847778320312,196.67309052056333,193.050165888263,196.39440517863346,15811600
2018-07-02 00:00:00+00:00,196.43418884277344,196.5237630096649,191.31830108620954,192.46290038460558,13961600
2018-07-03 00:00:00+00:00,191.82591247558594,194.48338586540604,191.6169060760871,193.6373822697018,13489500
2018-07-05 00:00:00+00:00,197.51910400390625,197.71816280273615,193.1198392447504,193.82651544589132,19684200
2018-07-06 00:00:00+00:00,202.27667236328125,202.68475275580082,196.77261403151402,197.51909588685908,19740100
2018-07-09 00:00:00+00:00,203.7795867919922,204.83461198831594,201.17186667143633,203.96868276019953,18149400
2018-07-10 00:00:00+00:00,202.585205078125,203.9487888559146,201.31121066053123,203.54070848492603,13190100
2018-07-11 00:00:00+00:00,201.58990478515625,203.5407173650133,200.80361725374786,201.27141376046836,12927400
2018-07-12 00:00:00+00:00,205.94935607910156,206.10860917920462,202.23685740781673,202.47572187075977,15454700
2018-07-13 00:00:00+00:00,206.3474884033203,207.45226691657402,205.481559165305,206.83518013896315,11486800
2018-07-16 00:00:00+00:00,206.2578887939453,207.74090473588194,205.86971887454052,206.52662648805963,11078200
2018-07-17 00:00:00+00:00,209.0049591064453,209.4727555888652,203.87910823383896,203.93882434866512,15349900
2018-07-18 00:00:00+00:00,208.37789916992188,210.0002577490534,207.4622166846042,208.835748006186,15334900
2018-07-19 00:00:00+00:00,207.11386108398438,209.0049574325307,206.78540726785985,207.79067915008648,11350400
2018-07-20 00:00:00+00:00,208.9552001953125,210.50788000082565,207.52195262492742,207.870316893667,16163900
2018-07-23 00:00:00+00:00,209.92063903808594,210.62729997106072,207.82053629850535,209.59218522339768,16732000
2018-07-24 00:00:00+00:00,213.6630096435547,215.18583140124744,211.60272763670477,214.10094809179273,28468700
2018-07-25 00:00:00+00:00,216.479736328125,217.59447769666542,213.26489208243018,214.70808728717526,58954200
2018-07-26 00:00:00+00:00,175.4331817626953,179.285038422579,172.93496131412928,174.06961311468746,169803700
2018-07-27 00:00:00+00:00,174.06961059570312,179.08596185525963,172.18847697496795,179.02624573828578,60073700
2018-07-30 00:00:00+00:00,170.257568359375,174.47768431517719,165.77867751083073,174.47768431517719,65280800
2018-07-31 00:00:00+00:00,171.7704315185547,173.42264812730198,169.20253243907294,169.8693876562205,40356500
2018-08-01 00:00:00+00:00,170.8448028564453,174.25872100508855,170.09832102307217,173.11410641492267,34042100
2018-08-02 00:00:00+00:00,175.5426788330078,175.96070687475398,169.47130182226041,169.87936705218513,32400000
2018-08-03 00:00:00+00:00,176.94606018066406,178.01104826529112,175.32370139975882,176.8564860017363,24763400
2018-08-06 00:00:00+00:00,184.81895446777344,184.91847626827825,177.54324716970507,178.13047591048323,49716200
2018-08-07 00:00:00+00:00,182.94775390625,187.4166970046211,182.85817973675125,185.625137678592,33398600
2018-08-08 00:00:00+00:00,184.3113250732422,185.97350457389018,182.8979880256589,183.88334946583524,22205200
2018-08-09 00:00:00+00:00,182.23114013671875,185.69482675210617,181.62400097602253,184.97820298252336,19732100
2018-08-10 00:00:00+00:00,179.4144287109375,181.24580915862342,178.57837263818416,181.18607785010136,21500400
2018-08-13 00:00:00+00:00,179.20541381835938,181.75340278856729,178.06079919424056,179.25518231283624,17423300
2018-08-14 00:00:00+00:00,180.26043701171875,181.13631390539462,177.78211181241068,179.86231943489085,19102000
2018-08-15 00:00:00+00:00,178.68783569335938,180.02154619902845,173.9601176222036,178.49872454055935,33020200
2018-08-16 00:00:00+00:00,173.8804931640625,179.65328886303155,173.19372746920294,179.5736623142003,31351800
2018-08-17 00:00:00+00:00,172.98472595214844,175.39337217026755,171.2329722028169,173.68143929008178,24893200
2018-08-20 00:00:00+00:00,171.69081115722656,173.75110818097448,170.10827341236012,173.2235804121415,21518000
2018-08-21 00:00:00+00:00,171.8102569580078,173.35298914513027,170.58603098197142,171.99936812243865,19578500
2018-08-22 00:00:00+00:00,172.8254852294922,173.42267681176148,171.3225738366386,171.40220039342205,16894100
2018-08-23 00:00:00+00:00,172.0889434814453,174.7265218032826,172.01927973929915,172.27805464717545,18053600
2018-08-24 00:00:00+00:00,173.8307342529297,173.99995017052908,172.108853702789,172.8851936126657,14631600
2018-08-27 00:00:00+00:00,176.62754821777344,177.83186364654213,174.9653687628437,175.1644427198199,17921900
2018-08-28 00:00:00+00:00,175.4331817626953,177.40390477462168,175.00520612671494,177.264562103929,15910700
2018-08-29 00:00:00+00:00,175.07485961914062,175.96068408537408,173.9302602616878,175.4729923601064,18494100
2018-08-30 00:00:00+00:00,176.80670166015625,178.94661007455034,174.87579964452792,175.07485842004183,24216500
2018-08-31 00:00:00+00:00,174.90567016601562,176.78680382502029,174.15918831423264,176.3190073162593,18065200
2018-09-04 00:00:00+00:00,170.35711669921875,173.0743064093969,168.00818651234187,172.68613645080003,29809000
2018-09-05 00:00:00+00:00,166.39576721191406,170.32725028692562,165.8881650408612,168.69494397861726,31226700
2018-09-06 00:00:00+00:00,161.767578125,166.19670034482047,159.2494474521399,166.19670034482047,41514800
2018-09-07 00:00:00+00:00,162.27517700195312,163.85772989640483,159.40869733286974,159.55798761196402,24300600
2018-09-10 00:00:00+00:00,163.4098358154297,164.23594416595807,161.39932242891166,162.74298056102486,20197700
2018-09-11 00:00:00+00:00,165.1615753173828,166.40571154800404,162.95198815682272,163.17095734838884,20457100
2018-09-12 00:00:00+00:00,161.24005126953125,163.71837604347684,161.04099251528234,162.48418746759862,24078100
2018-09-13 00:00:00+00:00,160.6030731201172,162.5538855915627,160.10541858208848,161.2400703213055,25453800
2018-09-14 00:00:00+00:00,161.55857849121094,162.07612828229784,159.58785556172506,160.9613869633889,21770400
2018-09-17 00:00:00+00:00,159.82672119140625,161.29977426036015,159.0205233306086,161.16043160771872,21005300
2018-09-18 00:00:00+00:00,159.5480499267578,161.00119269115459,158.1247500328282,158.64231501127637,22465200
2018-09-19 00:00:00+00:00,162.29510498046875,162.67332731134414,158.7318964578358,159.32908801319564,19629000
2018-09-20 00:00:00+00:00,165.24122619628906,165.66920183279677,163.69849400565428,163.72835206461005,18936000
2018-09-21 00:00:00+00:00,162.1656951904297,166.4654375488163,162.0462629651003,165.85829842470739,45994800
2018-09-24 00:00:00+00:00,164.6340789794922,164.9227119310411,160.12533005079237,160.27462033828124,19222800
2018-09-25 00:00:00+00:00,164.13644409179688,164.81324705906795,160.39407177371342,161.2301430453955,27622800
2018-09-26 00:00:00+00:00,166.16685485839844,168.50583736967272,163.43971758429612,163.52929176033336,25252200
2018-09-27 00:00:00+00:00,168.0479736328125,170.96423699938606,166.42563023491599,166.7640316614995,27266900
2018-09-28 00:00:00+00:00,163.68853759765625,167.99821253926552,161.79744123773713,167.54037886837096,34265600
2018-10-01 00:00:00+00:00,161.6780242919922,165.10189027282908,160.503551571955,162.26525305840443,26407700
2018-10-02 00:00:00+00:00,158.5825958251953,161.51875454202442,157.92568819456326,160.8220412309955,36031000
2018-10-03 00:00:00+00:00,161.6680450439453,162.89228613554695,158.78165481415675,159.2494512923048,23109500
2018-10-04 00:00:00+00:00,158.10484313964844,160.70260027681286,156.61187961684612,160.70260027681286,25739600
2018-10-05 00:00:00+00:00,156.5919952392578,160.1452411173978,155.46729100503472,158.46318135908817,25744000
2018-10-08 00:00:00+00:00,156.51235961914062,157.59724291846962,153.66577491937397,154.8103743361395,24046000
2018-10-09 00:00:00+00:00,157.1593017578125,159.83668568282627,156.68155763936608,156.9502953503973,18844400
2018-10-10 00:00:00+00:00,150.66990661621094,156.95030503235463,150.60022768463307,156.08439091665173,30610000
2018-10-11 00:00:00+00:00,152.6306610107422,154.08380383427874,148.46031333017697,149.42576440030737,35338900
2018-10-12 00:00:00+00:00,153.01881408691406,156.15403142266788,150.59025764999004,155.99477833465738,25293500
2018-10-15 00:00:00+00:00,152.7998809814453,154.8402679903218,151.83442978974102,152.60082216801652,15433500
2018-10-16 00:00:00+00:00,158.03517150878906,158.71198956769666,154.28285209596817,154.6710220223144,19180100
2018-10-17 00:00:00+00:00,158.67214965820312,159.737137515648,157.20904429897485,158.81149230254823,17592000
2018-10-18 00:00:00+00:00,154.19329833984375,157.915760188644,152.56099187099488,157.76645469738287,21675100
2018-10-19 00:00:00+00:00,153.32737731933594,156.61190054587448,152.82972274523047,155.12888444764374,19761300
2018-10-22 00:00:00+00:00,154.05392456054688,156.60191315001015,153.73543358046896,154.0340141282889,15424700
2018-10-23 00:00:00+00:00,153.665771484375,154.04399380263433,150.1423839494724,150.51064345690705,19095000
2018-10-24 00:00:00+00:00,145.3549346923828,153.924546675088,144.91701144440304,153.55628716695506,27744600
2018-10-25 00:00:00+00:00,150.24191284179688,151.49601208799794,146.31044474493663,147.03701617050223,22105700
2018-10-26 00:00:00+00:00,144.68807983398438,148.30105674754023,143.125452435404,145.13598108131342,31303300
2018-10-29 00:00:00+00:00,141.4234619140625,148.1318505038993,138.37781859406542,147.80339668879222,31336800
2018-10-30 00:00:00+00:00,145.53408813476562,145.9521161064893,139.08448984826904,139.2835486175836,50528300
2018-10-31 00:00:00+00:00,151.0779571533203,155.6663325765578,148.26124584809438,154.2729059525163,60101300
2018-11-01 00:00:00+00:00,151.0381622314453,152.03347137300344,148.64942636659072,150.80924538130637,25640800
2018-11-02 00:00:00+00:00,149.6447296142578,153.4069968061903,148.26125056947006,151.08792477523312,24708700
2018-11-05 00:00:00+00:00,147.9825439453125,149.4854703477016,146.74837042910647,149.3958961771146,15971200
2018-11-06 00:00:00+00:00,149.23666381835938,150.26183107897293,147.30576154117634,148.60961416270158,16667100
2018-11-07 00:00:00+00:00,150.8191680908203,152.29222112456657,149.1271458671268,150.8589889547433,21877400
2018-11-08 00:00:00+00:00,147.1763458251953,150.23195192890162,146.05165691482944,149.78406588939586,24145800
2018-11-09 00:00:00+00:00,144.28001403808594,147.06686737256055,143.39418954522546,146.06161064742588,17326900
2018-11-12 00:00:00+00:00,140.88601684570312,144.35963614878224,139.83099154950557,143.80226544039206,18542100
2018-11-13 00:00:00+00:00,141.49314880371094,144.2003908377079,140.9556733715668,141.33389569883772,15141700
2018-11-14 00:00:00+00:00,143.54348754882812,144.89710860711426,140.88601392744823,143.02592253580954,22068400
2018-11-15 00:00:00+00:00,143.1752166748047,144.16056294034868,140.1693790125019,141.66234262668252,30320300
2018-11-16 00:00:00+00:00,138.87548828125,141.10498630559886,137.12374959675554,140.40827291899384,37250600
2018-11-19 00:00:00+00:00,130.9329071044922,137.1038201082185,130.59450567619737,136.9644774502612,44362700
2018-11-20 00:00:00+00:00,131.80877685546875,133.53067253368346,126.25495784724691,126.43411378903508,41939500
2018-11-21 00:00:00+00:00,134.18759155273438,136.54646946024212,133.50082578543137,133.7695483304703,25469700
2018-11-23 00:00:00+00:00,131.11207580566406,133.86908652404355,130.64427926974798,133.02306763469414,11886100
2018-11-26 00:00:00+00:00,135.74026489257812,136.35735169728568,132.15714592637772,132.37611515137954,24263600
2018-11-27 00:00:00+00:00,134.3667449951172,135.96919345032526,133.0828027808711,135.11322691175673,20750300
2018-11-28 00:00:00+00:00,136.11846923828125,136.14832729678463,131.23151302094777,135.64072511501524,29847500
2018-11-29 00:00:00+00:00,138.02947998046875,139.33334785976578,135.02365696980274,135.28243190830625,24238700
2018-11-30 00:00:00+00:00,139.95040893554688,140.30872080822343,136.71565445815415,137.61142654623998,25732600
2018-12-03 00:00:00+00:00,140.42816162109375,143.0060086249615,140.0997077854609,142.3292057058723,24819200
2018-12-04 00:00:00+00:00,137.28297424316406,142.71736850742872,136.51659718563815,140.06984270721745,30307400
2018-12-06 00:00:00+00:00,138.9750213623047,139.04468510539806,133.04297215071628,133.19227763542327,28218100
2018-12-07 00:00:00+00:00,136.77537536621094,140.20918874050585,136.0189459139201,138.59679285055435,21195500
2018-12-10 00:00:00+00:00,141.18460083007812,142.37896870350107,138.35791146541635,138.94515537220585,26422200
2018-12-11 00:00:00+00:00,141.41351318359375,143.2050725305097,140.43811455641045,143.2050725305097,20300300
2018-12-12 00:00:00+00:00,143.82215881347656,146.4995426081933,141.84148832159053,142.40882177424544,23696900
2018-12-13 00:00:00+00:00,144.32977294921875,145.1658441692461,142.51831821145262,144.8871588249744,18148600
2018-12-14 00:00:00+00:00,143.3842315673828,145.32508134331542,141.841499370591,142.66760777515967,21785800
2018-12-17 00:00:00+00:00,139.5323944091797,144.24020251186207,137.77069293296938,142.4088372913835,24334000
2018-12-18 00:00:00+00:00,142.98611450195312,145.24545531187314,139.17407867849647,140.41821510179648,24709100
2018-12-19 00:00:00+00:00,132.61500549316406,144.23026222894453,131.87847120545,140.54762116480103,57404900
2018-12-20 00:00:00+00:00,132.77423095703125,134.93406511907358,129.3901860131116,130.08689936189364,40297900
2018-12-21 00:00:00+00:00,124.36387634277344,134.26719943444778,122.84105454493147,132.7642880721994,56901500
2018-12-24 00:00:00+00:00,123.47804260253906,129.1314061002804,122.44292024334739,122.52254679257884,22066000
2018-12-26 00:00:00+00:00,133.55055236816406,133.61028366454303,125.29944756175249,125.40893215763246,39723400
2018-12-27 00:00:00+00:00,133.88897705078125,134.35677351713508,129.0617221053048,131.81873241371147,31202500
2018-12-28 00:00:00+00:00,132.57516479492188,135.28240667434343,131.57985572711132,134.705125592548,22627600
2018-12-31 00:00:00+00:00,130.4750518798828,134.00840183252112,129.3404002385476,133.81929069443026,24625300
2019-01-02 00:00:00+00:00,135.04351806640625,136.86493536205813,127.95692283391503,128.38491360201309,28146200
2019-01-03 00:00:00+00:00,131.12200927734375,136.5265296987934,130.50490738816046,134.05816770368918,22717900
2019-01-04 00:00:00+00:00,137.30288696289062,137.352655455208,133.1225917908266,133.38136668878082,29002100
2019-01-07 00:00:00+00:00,137.40240478515625,138.21855023393647,135.27244422103934,136.91469792800075,20089300
2019-01-08 00:00:00+00:00,141.8614044189453,142.4685435757686,138.88542475071125,139.23378900964045,26263800
2019-01-09 00:00:00+00:00,143.5534210205078,144.02121749221544,140.6073147169991,142.27942664268605,22205900
2019-01-10 00:00:00+00:00,143.52357482910156,143.88188672668684,140.17933551404312,142.40883345315282,16125000
2019-01-11 00:00:00+00:00,143.12545776367188,144.67813759639466,141.90123177051925,142.47849770856254,12908000
2019-01-14 00:00:00+00:00,144.70799255371094,145.88246521432006,140.60732383342656,141.3338952396335,20520300
2019-01-15 00:00:00+00:00,148.25128173828125,149.9731621630156,145.3051754197818,145.3250706662286,24069000
2019-01-16 00:00:00+00:00,146.847900390625,148.94800323428012,146.31044014999821,148.30105838333154,18025700
2019-01-17 00:00:00+00:00,147.60433959960938,148.30105291815846,145.81278021818937,146.26066626674154,15787900
2019-01-18 00:00:00+00:00,149.33616638183594,151.71495445485576,147.85316558535095,149.04753343351956,31029600
2019-01-22 00:00:00+00:00,146.87779235839844,150.81920845795935,145.68340911638478,148.50013609805595,22378700
2019-01-23 00:00:00+00:00,143.62310791015625,148.10199891450284,142.3889191437845,147.5844339238035,20098400
2019-01-24 00:00:00+00:00,145.14593505859375,145.75307424712892,141.85146420450752,143.9615147410241,20955500
2019-01-25 00:00:00+00:00,148.31101989746094,149.1271807394284,145.8526049340697,146.78819802131503,22237200
2019-01-28 00:00:00+00:00,146.77822875976562,148.2612447312759,145.52414480757503,147.35550983886606,15508500
2019-01-29 00:00:00+00:00,143.5136260986328,147.40528844766618,142.75718143888923,147.3953256365356,17632100
2019-01-30 00:00:00+00:00,149.71438598632812,150.24189856964045,145.0165260394173,145.5340909995918,44613200
2019-01-31 00:00:00+00:00,165.9080810546875,170.87466388593916,164.22600619761857,164.82319774958563,77233600
2019-02-01 00:00:00+00:00,164.93267822265625,168.30677547601843,164.88290973003913,165.06205807880676,30806500
2019-02-04 00:00:00+00:00,168.45606994628906,168.50583844014102,162.85247469466714,164.9227195037694,20036000
2019-02-05 00:00:00+00:00,170.35711669921875,171.17326229979147,167.89870189903442,168.3565356003475,22557000
2019-02-06 00:00:00+00:00,169.6902618408203,171.66096969831568,168.47598346720895,170.39692282994076,13281200
2019-02-07 00:00:00+00:00,165.59954833984375,168.44613323842864,164.4748440921947,167.4110031731907,17517600
2019-02-08 00:00:00+00:00,166.54507446289062,166.58488014474156,163.43971491331934,163.69848981337972,12561400
2019-02-11 00:00:00+00:00,165.01229858398438,167.51053428979807,164.3056375868081,167.11240151436337,12811200
2019-02-12 00:00:00+00:00,164.2657928466797,167.55031562749227,163.72833266195522,166.07726254046014,16292300
2019-02-13 00:00:00+00:00,163.3003692626953,165.44027772576158,162.96195263069217,164.60422173726036,14205100
2019-02-14 00:00:00+00:00,163.18092346191406,164.09660600894796,161.48890103397727,162.42449401537604,12755200
2019-02-15 00:00:00+00:00,161.7377166748047,163.92739349388302,160.1054104801597,163.73828234904803,15504400
2019-02-19 00:00:00+00:00,161.52871704101562,163.37999268778879,159.57791959047944,159.74712032536792,14345400
2019-02-20 00:00:00+00:00,161.7974395751953,162.9520017383714,160.49358712678574,161.4888961942387,11770700
2019-02-21 00:00:00+00:00,159.2892608642578,161.47895302279102,158.8413748089984,161.1703944461166,15607800
2019-02-22 00:00:00+00:00,161.13058471679688,161.64814968555814,159.55799456390736,159.82673226519643,15858500
2019-02-25 00:00:00+00:00,163.84779357910156,165.29100405068314,162.13586056170018,162.30507648831508,18737100
2019-02-26 00:00:00+00:00,163.36009216308594,165.46019503225543,163.0316383281301,163.56909857528655,13784100
2019-02-27 00:00:00+00:00,162.04627990722656,163.1610212927436,159.65754402762937,162.13585408558868,12697500
2019-02-28 00:00:00+00:00,160.69264221191406,162.73302879076954,160.10541352053545,161.60832471047328,11114200
2019-03-01 00:00:00+00:00,161.5187530517578,162.36477182769426,160.93152435125234,161.83725924083868,11097800
2019-03-04 00:00:00+00:00,166.5848846435547,166.71427969068517,163.0614969969428,163.1311607388662,18894700
2019-03-05 00:00:00+00:00,170.45664978027344,171.07375181757237,165.76875190757858,166.58489756215508,28187900
2019-03-06 00:00:00+00:00,171.70077514648438,172.75581559750373,170.46660152642886,172.08894510556834,21531700
2019-03-07 00:00:00+00:00,168.33663940429688,170.93439686249698,166.82376526180786,170.6955172019317,18306500
2019-03-08 00:00:00+00:00,168.804443359375,168.82433860822377,165.19146616843682,165.42038302790067,13184800
2019-03-11 00:00:00+00:00,171.26283264160156,173.48236753333543,170.77512574791209,170.79503618099608,18884000
2019-03-12 00:00:00+00:00,171.11355590820312,172.9847420648404,170.41684250537432,171.28275664980347,12155300
2019-03-13 00:00:00+00:00,172.5567169189453,173.21362450558448,171.31258066570908,171.51165461599496,11973300
2019-03-14 00:00:00+00:00,169.37173461914062,170.34713320924843,167.37116895033358,168.96365427478565,18037400
2019-03-15 00:00:00+00:00,165.20140075683594,166.79390139742011,161.74767695249813,166.3758733963894,37135400
2019-03-18 00:00:00+00:00,159.7172393798828,163.1311420227546,158.53281921816472,162.80270341146422,37524200
2019-03-19 00:00:00+00:00,160.8120880126953,163.05153334058028,160.06560623673366,160.72249865729984,25611500
2019-03-20 00:00:00+00:00,164.6639404296875,165.3407433298635,160.48364523454472,160.7424201339276,20211500
2019-03-21 00:00:00+00:00,165.30091857910156,165.60946193548324,162.98184681418115,164.1164984532159,16223000
2019-03-22 00:00:00+00:00,163.569091796875,166.63464560887888,163.32026452499687,164.87294427156255,16389200
2019-03-25 00:00:00+00:00,165.50994873046875,165.7587760132471,161.2400792403657,162.23538837147908,12631200
2019-03-26 00:00:00+00:00,166.89344787597656,168.6551495022248,165.5696999372267,166.56500918797715,15437900
2019-03-27 00:00:00+00:00,165.0919189453125,168.147525234885,164.01698327278595,167.06264193855046,10620300
2019-03-28 00:00:00+00:00,164.77342224121094,165.93793204948196,162.56383485509318,163.79802358925264,10443000
2019-03-29 00:00:00+00:00,165.9080810546875,166.4057356189227,164.03689503325526,165.60948527870397,13455500
2019-04-01 00:00:00+00:00,167.9086456298828,168.10770441658664,166.49530850091017,167.04273155475462,10381500
2019-04-02 00:00:00+00:00,173.38282775878906,174.07954103338696,168.75464690369344,169.34187557891093,23946500
2019-04-03 00:00:00+00:00,172.72593688964844,177.12521653645277,172.1387081575625,173.6814403210659,27391100
2019-04-04 00:00:00+00:00,175.19430541992188,177.16501311109815,174.70659851193915,175.19430541992188,17847700
2019-04-05 00:00:00+00:00,174.89572143554688,176.1697159062194,174.27863463521825,176.05028367059762,9594100
2019-04-08 00:00:00+00:00,174.1094207763672,174.6767542767004,173.4127074149852,174.3881213081322,7297400
2019-04-09 00:00:00+00:00,176.74697875976562,178.34942690002268,174.7265026508168,174.79616638532684,19751000
2019-04-10 00:00:00+00:00,176.98587036132812,177.9513062101447,175.7118607489435,177.34416705539726,11701500
2019-04-11 00:00:00+00:00,176.67733764648438,177.56316226220216,176.1697354017069,177.40392432615536,8071000
2019-04-12 00:00:00+00:00,178.25985717773438,178.78736975999095,177.1152426563164,177.16501114632777,12329800
2019-04-15 00:00:00+00:00,178.80726623535156,179.65328500972774,176.04030826846116,177.66266689327645,10834800
2019-04-16 00:00:00+00:00,178.0309295654297,179.3248344016808,177.46361128945566,178.16032460521816,11215200
2019-04-17 00:00:00+00:00,177.94137573242188,179.89218842674828,177.5233476951833,178.75753655789697,9973700
2019-04-18 00:00:00+00:00,177.44369506835938,178.0408865693711,176.50810213747266,177.96126002342217,11655600
2019-04-22 00:00:00+00:00,180.5888671875,180.81778400482455,177.41382905110584,177.41382905110584,13389900
2019-04-23 00:00:00+00:00,182.91790771484375,183.35584615485925,180.62869371571574,181.88279291888955,19954800
2019-04-24 00:00:00+00:00,181.72354125976562,184.27153018132606,180.7978958792481,183.6245853271154,37289900
2019-04-25 00:00:00+00:00,192.3534393310547,197.54895426769116,191.21878751657155,196.0559905545706,54148800
2019-04-26 00:00:00+00:00,190.59173583984375,191.99511006092004,188.20298500265494,191.596992514994,22075000
2019-04-29 00:00:00+00:00,193.8662872314453,194.49333676596623,189.75565617129305,190.05425191093207,19641300
2019-04-30 00:00:00+00:00,192.49278259277344,196.46407154922858,191.37804121013858,193.27908532226306,23494700
2019-05-01 00:00:00+00:00,192.12451171875,195.25972926579593,192.10460128460426,193.86630261982248,15996600
2019-05-02 00:00:00+00:00,191.62684631347656,193.0899518024202,188.85988842530531,192.0946427725108,13209500
2019-05-03 00:00:00+00:00,194.55307006835938,195.2398357740529,192.80133152807173,193.46818679944053,14575400
2019-05-06 00:00:00+00:00,192.97055053710938,193.36866813805912,189.65616911331784,190.3429348840872,13994900
2019-05-07 00:00:00+00:00,188.87982177734375,191.995129091674,186.9688300304998,191.63681718994,16253000
2019-05-08 00:00:00+00:00,188.65087890625,189.8253515339713,187.66553262346574,188.50158861710437,12505700
2019-05-09 00:00:00+00:00,187.7650604248047,188.87981697251516,185.3862722226761,186.32186523047105,12967000
2019-05-10 00:00:00+00:00,187.4564971923828,189.10871381060596,183.7240883671735,187.36692302550827,12578500
2019-05-13 00:00:00+00:00,180.6884002685547,184.56015190872026,179.9916869632314,182.63921271067096,16833300
2019-05-14 00:00:00+00:00,179.8822021484375,182.62926487365488,177.26454964812933,181.66381387054747,17628100
2019-05-15 00:00:00+00:00,185.396240234375,186.401497011794,179.17555802635854,179.57367561278664,16746900
2019-05-16 00:00:00+00:00,186.11285400390625,187.6953918273591,184.18195192070448,184.18195192070448,12953100
2019-05-17 00:00:00+00:00,184.4307861328125,186.7000897503096,183.41556656060206,183.97293724739612,10485400
2019-05-20 00:00:00+00:00,181.86288452148438,183.36579583272658,180.51921112794926,181.0268285014773,10352000
2019-05-21 00:00:00+00:00,183.95301818847656,184.82887978840435,183.0273729134857,183.70419093642238,7502800
2019-05-22 00:00:00+00:00,184.45069885253906,185.86403602218994,182.74871352472974,183.8634549121248,9213800
2019-05-23 00:00:00+00:00,180.02154541015625,183.03733065682746,178.82717757169823,181.56427749563628,12768800
2019-05-24 00:00:00+00:00,180.21066284179688,182.76861451334628,179.98174600169153,181.47470964859104,8807700
2019-05-28 00:00:00+00:00,183.44541931152344,183.8435520671503,180.59883465444122,180.68840882925286,14843300
2019-05-29 00:00:00+00:00,181.33535766601562,183.69423524701858,180.4993017116362,182.63921008736682,12797700
2019-05-30 00:00:00+00:00,182.1515350341797,182.6193315829404,180.04148434595763,182.2212139694993,8581500
2019-05-31 00:00:00+00:00,176.6374969482422,179.69308781068935,176.3289535750894,179.43431292709263,15226500
2019-06-03 00:00:00+00:00,163.37997436523438,174.22885211476645,160.25470455796818,174.17908362486003,56059600
2019-06-04 00:00:00+00:00,166.7142791748047,167.49061908076115,160.08551672805768,162.9420642567451,46044300
2019-06-05 00:00:00+00:00,167.3811492919922,167.92857239908435,163.85776134425856,166.69438350193235,19758300
2019-06-06 00:00:00+00:00,167.54037475585938,168.90394329890293,166.44552872240118,167.5105166992388,12446400
2019-06-07 00:00:00+00:00,172.5368194580078,173.05436919791654,168.0479661941618,169.3717289730709,16917300
2019-06-10 00:00:00+00:00,173.9999542236328,177.0256873804005,172.98473463044883,173.93027529273795,14767900
2019-06-11 00:00:00+00:00,177.2645721435547,179.13574308637396,175.9607043523264,177.64277930701965,15266600
2019-06-12 00:00:00+00:00,174.21890258789062,178.4290711221646,172.06904641979827,177.5432466082492,17699800
2019-06-13 00:00:00+00:00,176.6374969482422,177.19486758196476,173.79091247983564,174.7065949762671,12253600
2019-06-14 00:00:00+00:00,180.47938537597656,180.9869875058471,179.15562256456207,179.6632246944326,16773700
2019-06-17 00:00:00+00:00,188.1233673095703,188.61107423541162,183.54495456710626,184.14213091409988,29459900
2019-06-18 00:00:00+00:00,187.5858917236328,193.61746193909994,186.40147156297772,193.0899493748568,37571400
2019-06-19 00:00:00+00:00,186.60055541992188,187.21765742098805,183.68430689668395,186.1228112797516,21417100
2019-06-20 00:00:00+00:00,188.6409454345703,190.26330423864954,186.75981171415484,190.0542826309533,14635700
2019-06-21 00:00:00+00:00,190.24337768554688,191.0993441051731,187.8645895825595,187.8645895825595,22751200
2019-06-24 00:00:00+00:00,191.69654846191406,193.07006476230487,190.67138125187216,191.51738491747295,15509000
2019-06-25 00:00:00+00:00,187.9541778564453,192.2340102756709,187.24751685871084,191.97523536184332,16750300
2019-06-26 00:00:00+00:00,186.7797088623047,189.865157951906,186.43134460333138,188.65087963810572,12808600
2019-06-27 00:00:00+00:00,188.61106872558594,197.94707266014254,187.38684282216087,188.98929103201445,11159000
2019-06-28 00:00:00+00:00,192.09466552734375,192.2937243194633,189.04902196499893,189.65616115265155,16378900
2019-07-01 00:00:00+00:00,192.09466552734375,194.36396916937375,191.02967744932505,194.29430542637743,14181800
2019-07-02 00:00:00+00:00,194.08526611328125,194.08526611328125,191.80601505514426,192.09464799929887,9050000
2019-07-03 00:00:00+00:00,196.2749786376953,196.47403744779328,193.2492452374506,193.2492452374506,10246100
2019-07-05 00:00:00+00:00,195.4787139892578,196.14558449475325,193.25917880306716,195.25974475791568,11164100
2019-07-08 00:00:00+00:00,194.84170532226562,195.7573878782559,192.73165487529718,194.274387028616,9723900
2019-07-09 00:00:00+00:00,198.27554321289062,198.52437050134316,193.9758003785689,194.0554269333392,14698600
2019-07-10 00:00:00+00:00,201.7790069580078,202.00793898281333,198.7333635816976,199.06181740287772,20571700
2019-07-11 00:00:00+00:00,200.28604125976562,202.84399287684622,199.27083693628398,202.30651747056885,13678500
2019-07-12 00:00:00+00:00,203.9089813232422,204.33697215639953,198.22577456422704,198.7433243890145,15366300
2019-07-15 00:00:00+00:00,202.9534912109375,204.36682837304232,200.87329874477555,203.2918926749882,16030300
2019-07-16 00:00:00+00:00,202.88380432128906,204.50616302237094,202.14728530339357,202.93357281398212,12132700
2019-07-17 00:00:00+00:00,200.85337829589844,203.40136714771688,200.6443567036925,203.22220361336727,12083700
2019-07-18 00:00:00+00:00,199.83816528320312,201.5202401376113,198.44473858043352,199.2111156733508,11937900
2019-07-19 00:00:00+00:00,197.4295196533203,201.38089811477818,197.1408866879658,201.23159263293655,12098300
2019-07-22 00:00:00+00:00,201.37095642089844,201.61978371074994,197.87741155156712,198.97225770179878,13589000
2019-07-23 00:00:00+00:00,201.41073608398438,203.28192192183113,200.01730951572225,201.88848016635845,14583700
2019-07-24 00:00:00+00:00,203.69998168945312,203.84927199249563,196.2948789142863,196.70295932555305,32532500
2019-07-25 00:00:00+00:00,199.7684783935547,207.68118199805323,197.32995916545258,205.7303696530136,39889900
2019-07-26 00:00:00+00:00,198.81298828125,201.92831055452586,195.32940650911294,199.2509267054153,24434000
2019-07-29 00:00:00+00:00,195.02085876464844,198.69355160939767,194.3838615766168,198.0665020445251,16530800
2019-07-30 00:00:00+00:00,196.11570739746094,197.7778870356209,192.59231970385682,194.47345338184786,11903600
2019-07-31 00:00:00+00:00,193.31886291503906,197.82761147233526,191.77613092681932,196.02610461138067,14593500
2019-08-01 00:00:00+00:00,191.82591247558594,197.5389919948615,189.98459981160997,193.25915996385098,17777000
2019-08-02 00:00:00+00:00,188.13331604003906,191.7164194154677,187.1877755043236,190.20356063320716,15297000
2019-08-05 00:00:00+00:00,180.8775177001953,184.7990379670132,178.49872956907845,183.82363930569468,23086700
2019-08-06 00:00:00+00:00,183.64447021484375,184.91846460375427,182.23113316424647,182.82832467845316,18035700
2019-08-07 00:00:00+00:00,184.28146362304688,185.49574187303037,180.3699063657146,182.73874675293004,15833200
2019-08-08 00:00:00+00:00,189.26797485351562,189.44712319479413,183.18663587789268,185.7445722695946,14828900
2019-08-09 00:00:00+00:00,186.96881103515625,190.08411803298276,186.242224494184,189.10871941683078,11058800
2019-08-12 00:00:00+00:00,184.5004425048828,186.71002991584524,183.594722768629,185.97351090366547,10930900
2019-08-13 00:00:00+00:00,187.56597900390625,190.4822422866689,184.50042544523856,184.64973090835375,13577000
2019-08-14 00:00:00+00:00,178.86700439453125,185.11754430488043,178.46887164364853,184.92843314661258,18903700
2019-08-15 00:00:00+00:00,181.73348999023438,182.340629165648,179.18550105315822,180.10118362821922,12925900
2019-08-16 00:00:00+00:00,182.83828735351562,184.23172927230652,181.50457674083154,182.8880558483318,12654600
2019-08-19 00:00:00+00:00,185.2967071533203,186.6204701775788,183.98290694062078,185.1374540405044,9691200
2019-08-20 00:00:00+00:00,182.94775390625,185.1274831539845,181.53441687883006,184.5800601394741,10083400
2019-08-21 00:00:00+00:00,182.68898010253906,185.0279472697166,182.28089974501412,184.13217519500367,8398200
2019-08-22 00:00:00+00:00,181.1860809326172,183.24637827611076,179.06608265401175,182.56956011959602,10821400
2019-08-23 00:00:00+00:00,176.91619873046875,182.270966736199,175.83131541834643,179.9917003124135,17323400
2019-08-26 00:00:00+00:00,179.51394653320312,179.6532891971141,177.4038961404909,178.55844313266266,8773600
2019-08-27 00:00:00+00:00,180.4495391845703,183.17667634309558,180.16089104662296,181.07657357746902,14399600
2019-08-28 00:00:00+00:00,180.90737915039062,181.09649031206425,178.08070491066854,179.6831531922032,9386100
2019-08-29 00:00:00+00:00,184.6995086669922,185.20711081775832,182.60935357614633,182.90794933015442,10128700
2019-08-30 00:00:00+00:00,184.7990264892578,185.9237305573962,182.59940202932543,185.90382012430058,10774500
2019-09-03 00:00:00+00:00,181.53443908691406,184.79905195273994,181.25575373401767,183.13688745967474,9779400
2019-09-04 00:00:00+00:00,186.26214599609375,186.869285159894,183.02739139279333,183.78382084801504,11308000
2019-09-05 00:00:00+00:00,190.00450134277344,190.46235021169514,187.058394908082,187.6456236328548,13876700
2019-09-06 00:00:00+00:00,186.61050415039062,189.31774605243214,185.47585241109465,189.31774605243214,15226800
2019-09-09 00:00:00+00:00,187.87452697753906,188.09349617904846,184.97818924341115,186.84935989193164,14722400
2019-09-10 00:00:00+00:00,185.2967071533203,187.21766175703215,183.68431115089413,186.56075405707602,15455900
2019-09-11 00:00:00+00:00,187.60581970214844,188.55136031966398,185.207121100956,185.5853434228469,11761700
2019-09-12 00:00:00+00:00,186.59059143066406,190.03435228703714,186.35171178792396,188.96937948597764,11419800
2019-09-13 00:00:00+00:00,186.31192016601562,187.08826007948636,185.6649601133152,186.45126283799212,11441100
2019-09-16 00:00:00+00:00,185.34646606445312,186.9090934899129,184.8985799966315,186.05312703680875,8444800
2019-09-17 00:00:00+00:00,187.19772338867188,187.43660302225166,184.6696299583865,185.78438639454836,9671100
2019-09-18 00:00:00+00:00,187.2574462890625,188.19303923715574,185.13743312741343,187.20767779852778,9681900
2019-09-19 00:00:00+00:00,189.24807739257812,190.20358083986184,187.2674067562529,187.7750241324273,10392700
2019-09-20 00:00:00+00:00,189.03904724121094,192.19419040569105,187.23754022715252,189.76563380811857,19934200
2019-09-23 00:00:00+00:00,185.94366455078125,189.20827738042374,184.34121619578136,188.45183269904956,13327600
2019-09-24 00:00:00+00:00,180.42962646484375,187.15791029089206,179.54380200263316,187.09819417682118,18546600
2019-09-25 00:00:00+00:00,181.9425048828125,182.55959165936068,177.03562316654745,180.59883153499985,18068300
2019-09-26 00:00:00+00:00,179.26510620117188,180.5490481402854,176.8365497894927,180.47938440701145,16083300
2019-09-27 00:00:00+00:00,176.26922607421875,179.91204539132707,174.8359787159815,179.6433229020649,14656200
2019-09-30 00:00:00+00:00,177.24464416503906,177.83187288186775,176.020418239553,177.03562257424318,10740000
2019-10-01 00:00:00+00:00,174.98529052734375,178.99638498734498,174.05966035374882,178.30961927805242,17073000
2019-10-02 00:00:00+00:00,173.7809600830078,175.70189919197665,172.2780337506373,174.01982452677828,16151700
2019-10-03 00:00:00+00:00,178.53855895996094,178.99639266097572,172.81553138679055,174.74643355447506,16086300
2019-10-04 00:00:00+00:00,179.60353088378906,180.13104351186144,177.2645635222184,178.7077587346279,10430200
2019-10-07 00:00:00+00:00,178.8371124267578,180.33007591504213,177.2545747741068,179.15561859411926,9178300
2019-10-08 00:00:00+00:00,176.91619873046875,179.52390380402827,176.8863406713984,177.4238009218771,9466900
2019-10-09 00:00:00+00:00,179.00633239746094,179.87224638048187,177.1052885341478,178.31956674725387,7556900
2019-10-10 00:00:00+00:00,179.1855010986328,180.75809134333625,178.32953464106544,179.47414925059118,8605000
2019-10-11 00:00:00+00:00,183.3259735107422,185.615187327737,181.2855869523944,181.29553457534445,14930500
2019-10-14 00:00:00+00:00,182.4202423095703,183.7539527977851,181.71358138565225,183.33592481732424,7006000
2019-10-15 00:00:00+00:00,188.00393676757812,189.48695280561785,182.79847438612796,182.93781705373354,15039100
2019-10-16 00:00:00+00:00,188.6608428955078,188.810133185586,186.02326466883702,187.4366169552316,10516900
2019-10-17 00:00:00+00:00,189.4969024658203,189.94478853170787,187.8845065537403,189.40732829008516,9603000
2019-10-18 00:00:00+00:00,184.9782257080078,190.59176913458336,183.05727100467385,189.33766979013535,16874200
2019-10-21 00:00:00+00:00,188.86984252929688,189.01914800123302,185.87396771386167,186.16260066006723,8122600
2019-10-22 00:00:00+00:00,181.4846649169922,189.75568143926805,180.64860888444142,189.10873657324444,19537600
2019-10-23 00:00:00+00:00,185.2767791748047,185.5057111980063,181.1462525675178,181.15620019092214,12300400
2019-10-24 00:00:00+00:00,185.50572204589844,185.85407113195666,181.94251350851803,183.7539682427725,11413500
2019-10-25 00:00:00+00:00,187.00863647460938,188.11343024384743,184.2217678039247,184.9583020458209,8061200
2019-10-28 00:00:00+00:00,188.51153564453125,188.6409306861893,184.21180827140668,186.32185868312075,13657900
2019-10-29 00:00:00+00:00,188.42196655273438,191.62686312518983,187.58591053919255,190.79080711164804,13574900
2019-10-30 00:00:00+00:00,187.366943359375,189.5566204036889,185.10758738623434,188.67079588719415,28734600
2019-10-31 00:00:00+00:00,190.7509765625,197.16076938214727,187.36693181052763,195.7772903868913,42286500
2019-11-01 00:00:00+00:00,192.71176147460938,193.19946844755256,189.01917286602517,191.94538432925827,21711800
2019-11-04 00:00:00+00:00,193.8065948486328,196.44415796607126,192.9008598961494,193.6373941191379,16371300
2019-11-05 00:00:00+00:00,193.40847778320312,194.83176255182977,192.69185399332287,194.45354022183406,9942000
2019-11-06 00:00:00+00:00,190.65147399902344,193.4582379529475,190.45241520304222,193.1198364810582,10973000
2019-11-07 00:00:00+00:00,189.52676391601562,192.5326017601282,188.58122327395193,191.00977999653213,13473000
2019-11-08 00:00:00+00:00,189.9447784423828,191.43774204084735,188.81012671503822,189.10872247217333,10760800
2019-11-11 00:00:00+00:00,188.72055053710938,189.1883470079637,187.65556255833565,189.03904153737838,8631200
2019-11-12 00:00:00+00:00,193.55775451660156,194.14498321829487,188.84994690540836,189.10872179415176,17615500
2019-11-13 00:00:00+00:00,192.28375244140625,194.78197261989664,191.83586641882889,193.78666359763125,10860700
2019-11-14 00:00:00+00:00,192.2439422607422,193.119819108925,190.5519198662892,192.0249730486965,9040500
2019-11-15 00:00:00+00:00,194.18482971191406,194.38388851315625,192.47289668424767,193.34875844715597,11524300
2019-11-18 00:00:00+00:00,196.47401428222656,197.6982554350498,192.14442872103075,193.64734002536312,16167200
2019-11-19 00:00:00+00:00,198.385009765625,199.0618126387354,195.9365427877957,196.47400299954742,19056800
2019-11-20 00:00:00+00:00,196.58349609375,198.6537408570649,194.51325133043508,197.64848412722168,12355400
2019-11-21 00:00:00+00:00,197.0015106201172,198.15607274923698,195.936537846706,196.493908478085,12131000
2019-11-22 00:00:00+00:00,197.88735961914062,198.36510372764116,196.6929765670723,197.4494211916771,9959800
2019-11-25 00:00:00+00:00,198.85279846191406,200.02727109759064,198.31533823013774,198.58407593963173,15272300
2019-11-26 00:00:00+00:00,198.03665161132812,199.21110905216818,197.11100625673026,199.06181876298055,11735500
2019-11-27 00:00:00+00:00,201.05242919921875,202.18708091493383,198.4845300137139,198.96227410790686,12736600
2019-11-29 00:00:00+00:00,200.69410705566406,202.8439781502692,200.26613147359896,200.65430137785737,7985200
2019-12-02 00:00:00+00:00,198.7632293701172,201.23159174949927,197.12097538755344,201.18183844298255,11503400
2019-12-03 00:00:00+00:00,197.88735961914062,197.99682903879514,194.1648981729119,196.6730813201595,11595300
2019-12-04 00:00:00+00:00,197.7778778076172,199.09167792136535,197.12097015713732,199.06181986336279,8456300
2019-12-05 00:00:00+00:00,198.42483520507812,200.34577459846923,197.28023574330973,198.92248978623178,9740400
2019-12-06 00:00:00+00:00,200.10690307617188,200.62446807477446,199.12154157277283,199.55948001872795,12270600
2019-12-09 00:00:00+00:00,200.39553833007812,202.18709781708355,199.2708493307123,199.70877259445834,11954800
2019-12-10 00:00:00+00:00,199.92771911621094,201.102191663791,199.21109540278832,200.71402175128793,9475700
2019-12-11 00:00:00+00:00,201.31121826171875,201.67949296546794,199.34051044559442,199.34051044559442,8036800
2019-12-12 00:00:00+00:00,195.82708740234375,202.7046777001349,193.18952406621912,201.4008250627596,23734800
2019-12-13 00:00:00+00:00,193.199462890625,195.87684697810124,192.26386984428777,195.47871419922762,18798000
2019-12-16 00:00:00+00:00,196.99159240722656,198.18596039381202,193.89618022913203,194.35402913738315,14911500
2019-12-17 00:00:00+00:00,197.45936584472656,198.06650498508384,195.209972813297,197.9072518889089,10175700
2019-12-18 00:00:00+00:00,201.55007934570312,203.34163864399594,199.15138092930027,199.15138092930027,23274400
2019-12-19 00:00:00+00:00,205.0933837890625,205.33226343239056,201.5600335659583,201.828771266301,16514600
2019-12-20 00:00:00+00:00,205.33226013183594,206.73564953780917,202.47571282992806,206.50671752142884,27306900
2019-12-23 00:00:00+00:00,205.2128143310547,207.6115128062618,204.71515980195167,205.73037929374087,13348900
2019-12-24 00:00:00+00:00,204.15780639648438,205.81997084156072,204.03837415932344,205.33227908167865,6046300
2019-12-26 00:00:00+00:00,206.81527709960938,206.84515034569526,204.34691471369524,204.60570480688463,9350700
2019-12-27 00:00:00+00:00,207.12384033203125,207.9499335623513,205.6209137946839,207.69115865057015,10284200
2019-12-30 00:00:00+00:00,203.4511260986328,206.92474495551875,202.9435087644576,206.88493927598088,10524300
2019-12-31 00:00:00+00:00,204.2871856689453,204.5957290492589,202.64493178595515,203.04304933722213,8953500
2020-01-02 00:00:00+00:00,208.7959442138672,208.8058918375868,205.302414699591,205.78015882073373,12077100
2020-01-03 00:00:00+00:00,207.69114685058594,209.41302733101944,205.97921399369764,206.238004077988,11188400
2020-01-06 00:00:00+00:00,211.60272216796875,211.78187051732047,205.55124097651958,205.73038932587127,17058900
2020-01-07 00:00:00+00:00,212.06056213378906,213.57343627326793,210.75670959529046,211.82169766091124,14912400
2020-01-08 00:00:00+00:00,214.21043395996094,215.22565353344663,211.61267650150876,212.00084645795738,13475000
2020-01-09 00:00:00+00:00,217.27598571777344,217.35561227049277,215.26545702644307,216.51954106054566,12642800
2020-01-10 00:00:00+00:00,217.03709411621094,218.848563919665,216.40009691672174,218.17174585240141,12119400
2020-01-13 00:00:00+00:00,220.86904907226562,220.9287651891354,218.18171750264293,218.56988744950831,14463400
2020-01-14 00:00:00+00:00,218.0323944091797,221.336827689664,217.60441881471306,220.57043548158845,13288900
2020-01-15 00:00:00+00:00,220.11260986328125,220.64012249161075,219.1073531009804,219.57514961096498,10036500
2020-01-16 00:00:00+00:00,220.7296905517578,221.58565693557952,219.35615921354815,221.52594082299836,10015300
2020-01-17 00:00:00+00:00,221.09796142578125,221.24725171492378,219.49551317773475,220.9884768180062,15905900
2020-01-21 00:00:00+00:00,220.40126037597656,221.32689059464877,218.09213586052408,221.1178841782058,14275800
2020-01-22 00:00:00+00:00,220.28182983398438,221.70511463809535,220.24200896288042,221.2671761792266,12212800
2020-01-23 00:00:00+00:00,218.72914123535156,220.4510370618256,218.24144945405595,219.7145027968314,11195000
2020-01-24 00:00:00+00:00,216.91766357421875,220.73964680087644,215.09624613326204,219.76424815377564,11905800
2020-01-27 00:00:00+00:00,213.86204528808594,215.0464654574919,211.50316775933624,212.1003592490703,13810700
2020-01-28 00:00:00+00:00,216.7683563232422,217.7139120923478,212.51839751638414,215.1261024276998,13413800
2020-01-29 00:00:00+00:00,222.18284606933594,223.14829711100327,217.42526978783843,220.40124946328032,33181300
2020-01-30 00:00:00+00:00,208.547119140625,210.43820039774826,203.7895427519186,205.56119177429653,48775500
2020-01-31 00:00:00+00:00,200.96287536621094,207.71107023003282,200.1168565085857,207.45228012961394,31359900
2020-02-03 00:00:00+00:00,203.23216247558594,204.17770305949318,201.55008770870518,202.4856806692574,15495600
2020-02-04 00:00:00+00:00,208.84571838378906,209.61211067296307,204.23743221196708,205.65076936637377,19628900
2020-02-05 00:00:00+00:00,209.12440490722656,211.7321100052707,207.73097818015233,211.5131407785573,12538200
2020-02-06 00:00:00+00:00,209.86093139648438,210.199332848112,208.35800492430647,209.48270907571722,10567500
2020-02-07 00:00:00+00:00,211.333984375,211.82169130451058,208.94523340741898,209.3135081040746,12242500
2020-02-10 00:00:00+00:00,212.06056213378906,212.7970963619907,209.67182628173794,210.52779274637848,11856400
2020-02-11 00:00:00+00:00,206.21810913085938,209.8708919581951,205.54129099866825,209.2040366375089,25030800
2020-02-12 00:00:00+00:00,209.77134704589844,210.22919592867086,206.42710775723387,206.87500901608962,13813700
2020-02-13 00:00:00+00:00,212.1401824951172,213.32460276260556,208.19875174834357,208.53716838706288,15396600
2020-02-14 00:00:00+00:00,213.17529296875,213.92177478401734,211.65247128058152,212.9961446229473,10741700
2020-02-18 00:00:00+00:00,216.77833557128906,216.95748392814932,212.39896620575263,212.5482716903485,15609200
2020-02-19 00:00:00+00:00,216.46978759765625,217.29589599590963,215.09625614186007,216.96744216138393,12135100
2020-02-20 00:00:00+00:00,213.5734405517578,217.74378834603158,211.9510817673054,215.50434274466656,13109200
2020-02-21 00:00:00+00:00,209.19406127929688,213.2350290198585,207.85040309421998,212.47858437706003,14092300
2020-02-24 00:00:00+00:00,199.77845764160156,202.69470621727362,197.24041622289212,200.8533933667213,23080100
2020-02-25 00:00:00+00:00,195.84698486328125,202.5454111618152,195.03082407389752,201.30127472961732,21433500
2020-02-26 00:00:00+00:00,196.2749786376953,200.2661784007033,194.57300834606195,196.2650310127152,16524500
2020-02-27 00:00:00+00:00,188.8599090576172,194.96115893741018,188.61108177295628,190.92020626447123,21682600
2020-02-28 00:00:00+00:00,191.567138671875,191.83587637425185,180.96710310953827,181.84296476728204,32568900
2020-03-02 00:00:00+00:00,195.51852416992188,195.6479192142432,187.9641316633237,193.1198255677862,24949000
2020-03-03 00:00:00+00:00,185.01800537109375,196.31476957098187,183.1070137486246,195.2995500509412,27984100
2020-03-04 00:00:00+00:00,190.86045837402344,190.93013729753557,185.5156536238536,188.2826115738702,23062500
2020-03-05 00:00:00+00:00,184.3013916015625,188.1034798056102,183.0273971175453,185.90383992419214,19333400
2020-03-06 00:00:00+00:00,180.2405242919922,182.9179082457758,175.43317943603327,177.49347659739217,24559600
2020-03-09 00:00:00+00:00,168.70489501953125,174.17909515290836,164.4151151631478,168.80443200593194,29949000
2020-03-10 00:00:00+00:00,177.35414123535156,177.45366303879118,168.70490222523648,173.8506487479301,24517800
2020-03-11 00:00:00+00:00,169.44142150878906,175.05496405492758,166.8735222862603,173.19372576711294,20373900
2020-03-12 00:00:00+00:00,153.7454071044922,165.81851207082747,153.61601205383104,158.791616646514,43266300
2020-03-13 00:00:00+00:00,169.48121643066406,169.98881855663976,156.86070551670343,162.762880636043,35028600
2020-03-16 00:00:00+00:00,145.3250732421875,158.38353869359048,142.42873536288815,151.60548629159945,39120400
2020-03-17 00:00:00+00:00,148.71908569335938,153.21788713204242,139.34327568073533,150.03290101106796,34255600
2020-03-18 00:00:00+00:00,146.2706298828125,147.4848929948495,136.4568816926054,139.09444469421217,37553100
2020-03-19 00:00:00+00:00,152.41168212890625,159.1797716276007,144.12075578707334,145.93221038975346,39862300
2020-03-20 00:00:00+00:00,149.0276336669922,158.5228913921021,147.30575310273773,155.2881366786974,32568400
2020-03-23 00:00:00+00:00,147.40530395507812,151.59554733461124,141.58273884846324,148.9579839335851,29830800
2020-03-24 00:00:00+00:00,160.224853515625,160.55330733873305,151.85431558698232,154.4819309846351,30440400
2020-03-25 00:00:00+00:00,155.47723388671875,162.22542805261037,152.3420012567321,158.17451291612159,35184300
2020-03-26 00:00:00+00:00,162.5738067626953,163.23071450257598,156.2834602962886,157.50768640263811,26556800
2020-03-27 00:00:00+00:00,156.05450439453125,159.33902740489134,154.0240805481914,157.4578938460723,24879900
2020-03-30 00:00:00+00:00,165.1715545654297,165.96780494292827,157.31856578161563,158.43330719778598,22515200
2020-03-31 00:00:00+00:00,166.01756286621094,170.1281791701588,163.42975310094974,164.70374754892737,23676300
2020-04-01 00:00:00+00:00,158.85133361816406,163.37997773607637,157.29863871198742,160.86184700440853,19507600
2020-04-02 00:00:00+00:00,157.44793701171875,160.59311717399154,155.18858127374065,158.35367186892188,20886300
2020-04-03 00:00:00+00:00,153.45675659179688,157.16927063515496,150.12248007042623,156.4128259656046,25983300
2020-04-06 00:00:00+00:00,164.77342224121094,165.42036707229104,157.76643777023222,159.3987440639469,28453600
2020-04-07 00:00:00+00:00,168.0380401611328,172.57664730782005,165.23126115940093,170.98414664464016,31411900
2020-04-08 00:00:00+00:00,173.4624481201172,174.17907180193623,166.95313406200572,170.44666312046616,21664200
2020-04-09 00:00:00+00:00,174.36817932128906,176.24931265023898,170.76516574209208,175.07484017881745,23534300
2020-04-13 00:00:00+00:00,173.97006225585938,174.17908383883875,168.65511557107914,172.8553209791983,19355400
2020-04-14 00:00:00+00:00,177.33421325683594,180.3798565480623,175.79148117761952,178.14041116484162,21011800
2020-04-15 00:00:00+00:00,176.1398468017578,177.35412507847326,172.00932024859716,174.3681978774768,17423000
2020-04-16 00:00:00+00:00,175.4232177734375,177.21477707750196,171.70075650761524,177.11524009891647,23593200
2020-04-17 00:00:00+00:00,178.39923095703125,179.43434586866098,175.8313313340565,178.35941008319156,20974800
2020-04-20 00:00:00+00:00,177.40390014648438,179.65329325390158,175.94079454877485,176.5777917677822,16110700
2020-04-21 00:00:00+00:00,169.99879455566406,174.55731198207238,167.55032752706842,174.4279169412668,24850500
2020-04-22 00:00:00+00:00,181.42494201660156,183.91321477323393,177.30436293910685,177.6129063309754,33242000
2020-04-23 00:00:00+00:00,184.26158142089844,186.1725731002809,182.29085843732526,183.216503812133,21426600
2020-04-24 00:00:00+00:00,189.1783905029297,189.51679192083105,179.98172979857523,182.37046534368045,28792000
2020-04-27 00:00:00+00:00,186.6204833984375,192.84116617838544,186.5309092113376,191.75628274649384,29197800
2020-04-28 00:00:00+00:00,182.052001953125,188.31248988208242,181.70363767252206,187.77502961849112,21731000
2020-04-29 00:00:00+00:00,193.2790985107422,195.98634078519575,189.10875047813857,190.03438075640602,45954500
2020-04-30 00:00:00+00:00,203.74972534179688,208.70636023218432,200.62445548574865,205.9493498702122,46230100
2020-05-01 00:00:00+00:00,201.3211669921875,206.30765989492178,198.11627061716683,200.6543117471903,30415600
2020-05-04 00:00:00+00:00,204.29713439941406,204.94409440774302,197.82762543939134,199.26087293125784,19250700
2020-05-05 00:00:00+00:00,206.09866333007812,209.3931340323651,205.5313298512808,206.04889483746598,21071200
2020-05-06 00:00:00+00:00,207.49209594726562,210.607418390097,205.69058884843633,207.14373167620724,21857000
2020-05-07 00:00:00+00:00,210.26901245117188,210.6074291155417,208.05942485079666,210.16949064523843,15152000
2020-05-08 00:00:00+00:00,211.35389709472656,212.20986354293584,209.86093341905072,211.2444124843552,12506000
2020-05-11 00:00:00+00:00,212.1799774169922,213.99144719004357,209.3831613976249,209.90072635952686,12911900
2020-05-12 00:00:00+00:00,209.11444091796875,214.27013459187316,209.01490393644792,212.28946408241274,14704600
2020-05-13 00:00:00+00:00,204.1378936767578,209.791241830966,201.16191412876898,208.44756852905806,20684600
2020-05-14 00:00:00+00:00,205.83987426757812,205.9593065006722,199.7485873843937,201.60981055709746,17178900
2020-05-15 00:00:00+00:00,209.8907928466797,210.34862653870135,203.1624934512638,204.3071080557419,19383200
2020-05-18 00:00:00+00:00,212.18995666503906,213.63315187160842,209.9505111139863,211.154826661047,20151900
2020-05-19 00:00:00+00:00,215.8626251220703,219.45569129183468,211.83162055354305,212.26955895230594,31843200
2020-05-20 00:00:00+00:00,228.89122009277344,230.2547886114049,222.1430260475361,222.45156941856564,50162900
2020-05-21 00:00:00+00:00,230.3045654296875,236.0873087047166,230.11545427616284,233.6189464600002,47782600
2020-05-22 00:00:00+00:00,233.8080596923828,234.8829953215454,227.66700448955004,230.42399970712026,33925600
2020-05-26 00:00:00+00:00,231.11077880859375,239.7699652718426,230.58326618042517,238.64527627319504,33178300
2020-05-27 00:00:00+00:00,228.06512451171875,229.47846159851966,220.09270415994385,227.99546077269645,34697600
2020-05-28 00:00:00+00:00,224.4023895263672,230.54344466366163,222.9492316023007,223.24782736063887,29377200
2020-05-29 00:00:00+00:00,224.03411865234375,226.42286957245176,221.83449407585033,224.14360325935553,23241500
2020-06-01 00:00:00+00:00,230.8221435546875,231.34965617763115,222.45159014199734,223.53647344675224,18223800
2020-06-02 00:00:00+00:00,231.62832641601562,231.90701173875053,225.4972189414253,229.85667749839604,20919000
2020-06-03 00:00:00+00:00,229.08033752441406,231.55864737081342,227.45797889224568,231.02118715930845,15380300
2020-06-04 00:00:00+00:00,225.22850036621094,230.5434627575773,223.5563882878214,228.48316553183412,17041500
2020-06-05 00:00:00+00:00,229.68748474121094,230.2647658403739,224.25309038509863,225.64653223428178,16750400
2020-06-08 00:00:00+00:00,230.3145294189453,230.46383490259535,226.34325566157713,227.95565161195444,15466500
2020-06-09 00:00:00+00:00,237.5504150390625,238.64526109613027,229.32916754933692,230.43396122975577,27462900
2020-06-10 00:00:00+00:00,235.61953735351562,240.07853340381845,234.17634208348298,239.82970610942618,20720700
2020-06-11 00:00:00+00:00,223.37721252441406,231.79753413629194,222.50135084959444,228.8613753484341,26708200
2020-06-12 00:00:00+00:00,227.5077667236328,230.573320719935,223.44690357998104,228.82156690078384,22091400
2020-06-15 00:00:00+00:00,231.4093780517578,232.67342492837398,223.74550061178724,224.0341335837579,15340300
2020-06-16 00:00:00+00:00,234.5446014404297,237.34143298452497,231.90703819676787,236.02761758127343,15236700
2020-06-17 00:00:00+00:00,234.42515563964844,236.47548999532918,230.6429779490936,233.8976430214281,19578100
2020-06-18 00:00:00+00:00,234.83323669433594,235.03229548131026,231.06100661680077,233.887696065799,15782500
2020-06-19 00:00:00+00:00,237.6698455810547,239.7002845838928,234.44505392169353,236.6745365134077,30081300
2020-06-22 00:00:00+00:00,238.09783935546875,239.57089254159123,235.79867781040153,237.44093171767489,18917800
2020-06-23 00:00:00+00:00,241.10366821289062,244.03982685435867,238.73482782898103,240.14816484856743,24017900
2020-06-24 00:00:00+00:00,232.9222412109375,242.07908194761006,231.58851546677465,240.06855330130904,20834900
2020-06-25 00:00:00+00:00,234.57444763183594,236.18685874398884,231.6482515573315,233.51942238775302,18704300
2020-06-26 00:00:00+00:00,215.06639099121094,231.9965932235573,214.3895729095091,231.54870716841384,76343900
2020-06-29 00:00:00+00:00,219.60501098632812,219.71449560068444,206.13847935656102,208.76609491390064,58514300
2020-06-30 00:00:00+00:00,226.00485229492188,226.43282793258098,217.44518766961858,219.55523817330223,33927100
2020-07-01 00:00:00+00:00,236.43565368652344,237.87884868503667,226.49251140589138,227.4281042867401,43399700
2020-07-02 00:00:00+00:00,232.3250274658203,238.87416257899295,231.51882959706987,237.87885356824714,30633600
2020-07-06 00:00:00+00:00,239.15286254882812,239.2722947775324,231.18044235138282,232.6634431484982,26206200
2020-07-07 00:00:00+00:00,239.73016357421875,246.488306051291,237.69973958129484,238.2869683375528,27887800
2020-07-08 00:00:00+00:00,242.4373779296875,245.83138540303432,235.48016226855867,236.99303626267638,29791300
2020-07-09 00:00:00+00:00,243.3530731201172,245.37354936294736,238.1177527608801,243.8507276663751,22174900
2020-07-10 00:00:00+00:00,243.92041015625,244.3384381587484,238.19738279067388,242.54687872860399,22982700
2020-07-13 00:00:00+00:00,237.87889099121094,248.97658213202462,237.30160985169562,245.8513119541056,24674900
2020-07-14 00:00:00+00:00,238.6054229736328,239.20261445015885,230.9415466900028,235.64935402052822,23378100
2020-07-15 00:00:00+00:00,239.15286254882812,243.67157423948157,236.93332757121027,240.4169093223894,19133600
2020-07-16 00:00:00+00:00,239.79981994628906,240.62592834164292,235.22140708839132,236.88357150294232,18880700
2020-07-17 00:00:00+00:00,240.89466857910156,243.01468189523962,236.74423131120093,239.86950138566678,18152400
2020-07-20 00:00:00+00:00,244.2687530517578,244.89580263324785,234.53463144597885,238.9338957654093,20872200
2020-07-21 00:00:00+00:00,240.615966796875,245.75176522431602,238.9538024784891,245.06499953856144,19364200
2020-07-22 00:00:00+00:00,238.74476623535156,240.7652423010825,237.0029754761207,239.1329361399203,15427900
2020-07-23 00:00:00+00:00,231.5089111328125,241.28283895200926,230.66289229223875,238.5059331446508,21771800
2020-07-24 00:00:00+00:00,229.6277618408203,232.39471983584943,225.83562153315907,229.1101968728605,18325800
2020-07-27 00:00:00+00:00,232.40467834472656,233.84787352398592,229.74720483023086,230.37425443256768,13163100
2020-07-28 00:00:00+00:00,229.04052734375,233.8578349744444,228.75189438446205,233.5293811459508,14170100
2020-07-29 00:00:00+00:00,232.1956329345703,232.6037132747854,229.2296163285791,230.05572463174246,13588300
2020-07-30 00:00:00+00:00,233.3999786376953,233.7881485703719,227.92577871229093,229.14005700163025,20615300
2020-07-31 00:00:00+00:00,252.48007202148438,254.64985388098967,247.8319800809852,254.61999582125813,53005100
2020-08-03 00:00:00+00:00,250.778076171875,254.20192656370455,249.1557175523712,251.4648266625451,23124900
2020-08-04 00:00:00+00:00,248.65805053710938,251.61411949688264,246.26929981282657,250.37993086330934,17183500
2020-08-05 00:00:00+00:00,247.95140075683594,251.08663356735158,246.60774256993932,249.01638879497116,13050100
2020-08-06 00:00:00+00:00,264.0356140136719,265.3494294010227,247.5035281794499,247.8717877105046,45241600
2020-08-07 00:00:00+00:00,267.1807556152344,277.5817470184157,262.1942477078983,262.84119249566663,72766400
2020-08-10 00:00:00+00:00,261.76629638671875,272.5753387604546,258.4718256568246,266.7826628147097,30248800
2020-08-11 00:00:00+00:00,254.92852783203125,264.672612547767,253.93321871958005,258.9694803986292,28238300
2020-08-12 00:00:00+00:00,258.6709289550781,262.66209829102206,256.89924937588086,257.75523110371927,21415700
2020-08-13 00:00:00+00:00,260.07427978515625,263.9161890619428,258.3524143221964,260.32310708321876,17374000
2020-08-14 00:00:00+00:00,260.0145263671875,261.4179157718895,257.46653763046413,261.0795143399958,14792700
2020-08-17 00:00:00+00:00,259.9349365234375,262.86114780108176,258.183182731535,261.268647115209,13351100
2020-08-18 00:00:00+00:00,261.109375,263.906191026981,258.043836461771,259.7259112021232,18690400
2020-08-19 00:00:00+00:00,261.35821533203125,266.65326708267753,260.1240417564759,260.1638626256813,23291500
2020-08-20 00:00:00+00:00,267.74810791015625,268.36519468579377,260.2335060591054,260.2733269275274,20299700
2020-08-21 00:00:00+00:00,265.7574768066406,269.22113283033497,265.170248117272,267.4295887059704,15538600
2020-08-24 00:00:00+00:00,270.1169128417969,275.9494087592045,267.5091778558725,269.7984066851989,23685600
2020-08-25 00:00:00+00:00,279.50274658203125,281.7620876100364,268.9922834934137,271.1321922731617,42127200
2020-08-26 00:00:00+00:00,302.4844055175781,303.24085018663294,282.66779682087395,282.66779682087395,69015200
2020-08-27 00:00:00+00:00,291.8445129394531,299.8169479335092,290.6501299620831,298.75195998903666,30301300
2020-08-28 00:00:00+00:00,292.2825012207031,295.8357623290817,289.61507987369595,293.6162118942067,17157400
2020-08-31 00:00:00+00:00,291.82464599609375,295.48737626610404,290.1823616493295,292.57112783574155,17345100
2020-09-01 00:00:00+00:00,294.0541076660156,300.0757152585912,291.33690302930654,293.32752112594926,17295900
2020-09-02 00:00:00+00:00,301.0810546875,302.17590096124934,291.6753699202183,297.4780399838755,24341400
2020-09-03 00:00:00+00:00,289.7543640136719,296.20397755323415,282.2995089943307,294.6015141977818,32294100
2020-09-04 00:00:00+00:00,281.40374755859375,287.64432456505733,269.86811894847597,285.9025336723623,30333700
2020-09-08 00:00:00+00:00,269.88800048828125,277.98980020584395,268.1561724941728,270.00743271209274,24864000
2020-09-09 00:00:00+00:00,272.43603515625,277.1737166631498,270.0771572146062,274.47640686436205,22918800
2020-09-10 00:00:00+00:00,266.8323974609375,277.8504758472288,265.77737230622853,274.21760391832174,24814700
2020-09-11 00:00:00+00:00,265.3593444824219,270.1169511382751,261.40799651619125,268.79317302604136,18913900
2020-09-14 00:00:00+00:00,264.9015197753906,275.34233323920216,264.4536488900222,269.6790218402906,24093800
2020-09-15 00:00:00+00:00,271.1421203613281,273.2322451870108,268.0367304321977,269.4003294236436,18478500
2020-09-16 00:00:00+00:00,262.2838439941406,271.1620145612476,260.56197868488323,266.0361787536034,29183400
2020-09-17 00:00:00+00:00,253.6246795654297,260.27333725791146,249.0163934378196,257.0684406472539,31281400
2020-09-18 00:00:00+00:00,251.34539794921875,257.98412280339227,248.87703571081616,257.18785732363517,28130800
2020-09-21 00:00:00+00:00,246.98594665527344,248.77750606956155,242.98481501511017,246.3788074978539,24709400
2020-09-22 00:00:00+00:00,253.5550079345703,254.12234144434478,247.05564034949728,252.12176031746898,30293100
2020-09-23 00:00:00+00:00,247.8518829345703,256.77979182708066,246.9859536672072,254.0626021641427,19641300
2020-09-24 00:00:00+00:00,248.35946655273438,251.05676076626773,244.46780451413667,245.34368133988227,20006800
2020-09-25 00:00:00+00:00,253.6246795654297,254.55030976562472,245.45318493319996,248.2300907209971,18351300
2020-09-28 00:00:00+00:00,255.61529541015625,258.38225354793383,253.6246771707645,258.1831795742251,18826300
2020-09-29 00:00:00+00:00,260.5619812011719,262.09473536563075,255.69490505880265,256.60063999657757,20200200
2020-09-30 00:00:00+00:00,260.67144775390625,264.8318325106439,258.8799035199725,260.75108949174785,20142500
2020-10-01 00:00:00+00:00,265.3792724609375,267.0712797207441,263.55783978269386,264.1052780170264,20009800
2020-10-02 00:00:00+00:00,258.72064208984375,263.9061938397875,257.96419747681665,259.9846736739717,16367600
2020-10-05 00:00:00+00:00,263.4085388183594,263.6275080283354,259.6164136985559,260.97004982597724,12822300
2020-10-06 00:00:00+00:00,257.4466247558594,264.4436456796355,257.02858161895597,260.5519839177032,18696900
2020-10-07 00:00:00+00:00,256.9092102050781,258.9595447619281,253.62470193909473,257.99409360656267,23133400
2020-10-08 00:00:00+00:00,262.52276611328125,263.3787174514303,257.93437487509345,258.5315664740767,16312800
2020-10-09 00:00:00+00:00,263.2095031738281,263.5080837535246,260.94019964486534,263.2791517261419,14107800
2020-10-12 00:00:00+00:00,274.4564514160156,278.865662910463,266.6134117885357,268.93249872314016,31019300
2020-10-13 00:00:00+00:00,274.84466552734375,277.7907719164177,272.10756554144547,276.2778826663997,18063300
2020-10-14 00:00:00+00:00,270.5449523925781,277.44243781687163,270.2264461606481,276.31773356778655,15577800
2020-10-15 00:00:00+00:00,265.4688415527344,267.77796593011686,262.433160979685,266.3447184113569,15416100
2020-10-16 00:00:00+00:00,264.68255615234375,270.0970403824918,264.05550652513386,266.12576657606246,16622700
2020-10-19 00:00:00+00:00,260.17376708984375,267.29022038040654,258.6609083413512,264.28439812867344,13587000
2020-10-20 00:00:00+00:00,266.30487060546875,268.434846421159,261.6468318278838,261.8259801560017,18763200
2020-10-21 00:00:00+00:00,277.4225158691406,281.7222280886955,275.07357060274734,278.2486090558798,28998600
2020-10-22 00:00:00+00:00,276.8153381347656,281.125043175388,273.7497997361582,278.5571289093977,16720000
2020-10-23 00:00:00+00:00,283.4541015625,283.90197245570727,275.52148641560984,277.4921790945712,17535200
2020-10-26 00:00:00+00:00,275.8100891113281,283.8920244882496,272.97348248625366,281.8317273689323,21322900
2020-10-27 00:00:00+00:00,281.96112060546875,283.1753989102221,275.01385222261126,277.45237164283316,16287200
2020-10-28 00:00:00+00:00,266.4143981933594,277.4822304436777,266.00631782044366,277.4822304436777,23121800
2020-10-29 00:00:00+00:00,279.51263427734375,282.26965985580756,272.4957174456053,275.25271264964664,32368100
2020-10-30 00:00:00+00:00,261.8757629394531,275.4020403492147,257.88459409973575,273.2123481776211,47247800
2020-11-02 00:00:00+00:00,260.1340026855469,269.2012854579295,256.13287056323003,263.35882520708196,27165700
2020-11-03 00:00:00+00:00,264.05548095703125,268.7831989828786,259.6562319300243,261.9255353674542,17961900
2020-11-04 00:00:00+00:00,286.03192138671875,287.5846010841984,277.3130043359313,279.68184474923083,35364400
2020-11-05 00:00:00+00:00,293.2976989746094,295.9850458838273,287.5945968691913,290.53074069652536,23823600
2020-11-06 00:00:00+00:00,292.0336608886719,293.2180812052693,286.70875086963366,292.57113633366833,13891000
2020-11-09 00:00:00+00:00,277.46234130859375,291.2075592555854,277.2234768147632,288.51027976465934,25117700
2020-11-10 00:00:00+00:00,271.15203857421875,272.7146810804901,262.76159053010724,271.81890900584,29067700
2020-11-11 00:00:00+00:00,275.18304443359375,277.0940207121045,271.20180841653934,272.1871546109458,14957000
2020-11-12 00:00:00+00:00,273.78961181640625,278.4377186434033,273.14266698112743,275.8797669856649,12899500
2020-11-13 00:00:00+00:00,275.65087890625,276.4570768809638,271.8189326363391,276.4172560104624,10391200
2020-11-16 00:00:00+00:00,277.65142822265625,278.09932948386626,273.34175302621117,273.7597658538778,12970400
2020-11-17 00:00:00+00:00,273.7099914550781,276.37741244557907,272.0080214675956,276.37741244557907,15040300
2020-11-18 00:00:00+00:00,270.6941833496094,276.08877136291704,270.56478832285484,273.23220908800323,12152900
2020-11-19 00:00:00+00:00,271.65966796875,272.18718057635516,267.92725884670676,269.74866113351766,12963700
2020-11-20 00:00:00+00:00,268.43487548828125,271.7193833571145,268.1462273454444,271.28144492468033,18114700
2020-11-23 00:00:00+00:00,267.1708068847656,269.6790051856263,263.2891075791746,269.6192890712651,20990800
2020-11-24 00:00:00+00:00,275.6210021972656,276.5167742891776,266.6134368509369,267.2305236170447,16930400
2020-11-25 00:00:00+00:00,274.2972412109375,278.8657065013396,271.37102992044345,276.8352977329993,12467000
2020-11-27 00:00:00+00:00,276.5068054199219,277.8206206589636,273.53084107303255,276.0887926275861,7808400
2020-11-30 00:00:00+00:00,275.6707458496094,276.39733238314204,269.7387124797952,274.73515292264676,16693300
2020-12-01 00:00:00+00:00,285.2057800292969,287.94287976230135,277.651388411135,277.8504623596669,20738900
2020-12-02 00:00:00+00:00,286.1712951660156,290.4113221506814,279.5126740736574,284.0214236121468,17361600
2020-12-03 00:00:00+00:00,280.5278625488281,285.30533385151614,279.7515227027808,284.90721630536245,12921700
2020-12-04 00:00:00+00:00,278.38800048828125,282.13034249421014,277.9898525014484,278.9851617196769,10880300
2020-12-07 00:00:00+00:00,284.2403564453125,287.1367095410005,276.8950008785257,277.8803471574216,13007700
2020-12-08 00:00:00+00:00,282.070556640625,285.0863416113504,280.22922896721013,284.66832885271003,10747700
2020-12-09 00:00:00+00:00,276.6163024902344,286.2807447892554,270.4752323325116,282.3293666750694,25189700
2020-12-10 00:00:00+00:00,275.8200378417969,277.4225011998251,270.58470254241007,274.24746291457967,20065100
2020-12-11 00:00:00+00:00,272.26678466796875,275.18306333533354,268.9822768780611,273.2421984939375,14391400
2020-12-14 00:00:00+00:00,272.90380859375,275.9195939963605,270.28614076214086,272.0876478298217,16376900
2020-12-15 00:00:00+00:00,274.25738525390625,274.7848978136489,266.2153018267017,273.54076155251806,23979500
2020-12-16 00:00:00+00:00,274.3768615722656,276.55656046631617,271.23168130189237,273.4711266839322,15885000
2020-12-17 00:00:00+00:00,273.19244384765625,279.1244773865395,272.3264994442091,275.7702906881683,16377800
2020-12-18 00:00:00+00:00,275.1034240722656,276.69592467766915,269.868118957792,274.4763744909662,26693200
2020-12-21 00:00:00+00:00,271.5103759765625,273.3815619312568,266.5338305117045,271.69948713418097,16553700
2020-12-22 00:00:00+00:00,265.83709716796875,270.2264138331731,263.38864534857277,270.2264138331731,17312900
2020-12-23 00:00:00+00:00,266.8523254394531,270.8933085906598,264.9811697252356,265.6380774185522,14329000
2020-12-24 00:00:00+00:00,266.1456604003906,269.1315878477572,264.9513076460988,267.61872887588436,6702000
2020-12-28 00:00:00+00:00,275.7005920410156,275.999172590209,264.41379166520557,267.47933000979765,23299700
2020-12-29 00:00:00+00:00,275.48162841796875,279.19414198492615,274.98397390963555,275.65084431554715,16383000
2020-12-30 00:00:00+00:00,270.59466552734375,276.7755261993359,270.435412435023,276.64616153784556,11803800
2020-12-31 00:00:00+00:00,271.878662109375,275.7902199379974,268.54437024646853,270.7240998035171,12900400
2021-01-04 00:00:00+00:00,267.67840576171875,273.70997589140853,263.95595980941005,273.49100669571857,15106100
2021-01-05 00:00:00+00:00,269.6988830566406,271.1221676479237,266.95182047531745,267.0314622056163,9871600
2021-01-06 00:00:00+00:00,262.0748596191406,266.49403483971406,258.79035145155876,260.7710070140246,24354100
2021-01-07 00:00:00+00:00,267.4793395996094,270.33587166218,263.5379243368469,264.65266559302853,15789800
2021-01-08 00:00:00+00:00,266.31488037109375,267.6884118776815,261.94545856026525,267.0513994328306,18528300
2021-01-11 00:00:00+00:00,255.6351776123047,262.23408159904403,254.6995846575814,259.25811720283696,30412300
2021-01-12 00:00:00+00:00,249.91217041015625,258.5016932201833,249.1258828653461,255.42619159676337,26383500
2021-01-13 00:00:00+00:00,250.45957946777344,252.7587410418486,248.0310228517457,250.3700052943654,19528900
2021-01-14 00:00:00+00:00,244.4877471923828,253.83369981661875,243.46257994850188,252.21134098783833,29739400
2021-01-15 00:00:00+00:00,250.18089294433594,252.66916566410885,246.00059781255973,246.7371168177972,24942900
2021-01-19 00:00:00+00:00,259.8752136230469,260.9700597144118,251.53451845577186,255.69490322853497,28028500
2021-01-20 00:00:00+00:00,266.2253112792969,269.05198571488916,262.3635067882512,267.6684913704016,25199900
2021-01-21 00:00:00+00:00,271.5899658203125,272.3165523354043,266.23519846449295,267.996914859097,20838700
2021-01-22 00:00:00+00:00,273.21234130859375,277.16371955451825,270.72406861908013,270.7340314296534,21954000
2021-01-25 00:00:00+00:00,276.7059326171875,278.7861252920127,270.2364225318204,276.83532767880325,19087000
2021-01-26 00:00:00+00:00,280.7268981933594,284.05125706447734,276.5067976495511,276.8352666372918,19373600
2021-01-27 00:00:00+00:00,270.8634338378906,282.1203773615264,266.86227180467614,281.20467962212916,35346200
2021-01-28 00:00:00+00:00,263.7569274902344,285.44472259889307,263.45834689190224,275.8797857733197,37758800
2021-01-29 00:00:00+00:00,257.1181945800781,265.309599667257,253.65453824202993,264.05550044172963,30389500
2021-02-01 00:00:00+00:00,260.78094482421875,262.9308161071233,253.71424419858698,258.30260453139135,22914300
2021-02-02 00:00:00+00:00,265.8271484375,267.5888650330022,262.0350230912574,262.76160968920584,17320800
2021-02-03 00:00:00+00:00,265.3991394042969,267.93719558496593,262.6023235376201,264.37397234684335,14223400
2021-02-04 00:00:00+00:00,265.23992919921875,266.9021088666218,262.7616191024998,265.7575094037497,16060000
2021-02-05 00:00:00+00:00,266.84234619140625,267.90733410015804,264.42375263649586,265.54842628025125,12454400
2021-02-08 00:00:00+00:00,265.3294982910156,268.5941110689522,263.7569232079565,267.4893324986351,13755200
2021-02-09 00:00:00+00:00,268.18609619140625,272.10761716329426,264.5034397256057,265.1902055550357,14613400
2021-02-10 00:00:00+00:00,270.59466552734375,272.51560469662627,266.464139060546,271.17196178380914,14687200
2021-02-11 00:00:00+00:00,269.12164306640625,272.29665116199936,267.2305314702786,270.6146067216081,12828600
2021-02-12 00:00:00+00:00,269.2311096191406,269.9079125124252,267.0812383336282,269.25100486620556,9097600
2021-02-16 00:00:00+00:00,272.684814453125,275.3024820455079,268.78318971526033,269.5296714830765,15417200
2021-02-17 00:00:00+00:00,272.2867126464844,272.6848302040985,268.3154087577032,269.9676254775032,12763200
2021-02-18 00:00:00+00:00,268.1263427734375,270.67433173208707,264.7820882811947,268.3054911280868,15249100
2021-02-19 00:00:00+00:00,260.3330383300781,269.00217183862065,258.92964889423274,268.594091474346,25622600
2021-02-22 00:00:00+00:00,259.10882568359375,261.8359934937076,256.3219721270092,256.7400153477097,17434900
2021-02-23 00:00:00+00:00,264.61285400390625,266.2053545861773,253.76400643443046,258.2827029167671,21924600
2021-02-24 00:00:00+00:00,263.07012939453125,265.1304263929796,257.1779168994554,261.0994065645692,15736100
2021-02-25 00:00:00+00:00,253.49526977539062,265.6878058976632,252.8483097667801,261.069557227545,19053100
2021-02-26 00:00:00+00:00,256.4115295410156,264.30432353909475,255.26693013278157,255.26693013278157,26619500
2021-03-01 00:00:00+00:00,263.6673583984375,265.3991866510312,256.6902313300045,259.5965474990258,22157300
2021-03-02 00:00:00+00:00,257.7850341796875,265.45885815950373,257.4366699505065,264.5332280679473,15191700
2021-03-03 00:00:00+00:00,254.2119140625,259.765725763843,253.90337065544898,259.0690275823576,15513500
2021-03-04 00:00:00+00:00,256.43145751953125,265.2399189753767,252.31086316271254,255.2669324786491,31626500
2021-03-05 00:00:00+00:00,263.040283203125,264.20480819481656,254.41095527719872,259.4472319937252,26820100
2021-03-08 00:00:00+00:00,254.1123504638672,264.33416344595895,253.8535755789369,264.30430538951356,18391800
2021-03-09 00:00:00+00:00,264.493408203125,267.27032886271934,258.59123302785827,259.9548015199282,22039700
2021-03-10 00:00:00+00:00,263.6573791503906,267.70829454847,261.63690285684623,267.3798559044421,14210300
2021-03-11 00:00:00+00:00,272.59527587890625,276.59640774204075,266.56370483735765,266.8523226223486,21834000
2021-03-12 00:00:00+00:00,267.1409606933594,268.4746712640375,262.78150190481927,267.8775100939008,20600200
2021-03-15 00:00:00+00:00,272.4659118652344,274.6655368406581,267.2405382130244,267.8178042231867,16844800
2021-03-16 00:00:00+00:00,277.96990966796875,280.81650933951283,273.5109141988186,274.784908565087,22437700
2021-03-17 00:00:00+00:00,282.6777038574219,284.8872909355213,274.1180408353059,274.4166213697443,21315000
2021-03-18 00:00:00+00:00,277.31304931640625,283.8522381651603,276.9746478273918,278.5571858382654,18728300
2021-03-19 00:00:00+00:00,288.7491149902344,291.42649896009794,279.8809374369784,279.90083268463866,38930500
2021-03-22 00:00:00+00:00,292.1630554199219,298.304095845231,285.4048978091573,289.087553801626,28273100
2021-03-23 00:00:00+00:00,289.2666931152344,296.60211643700694,288.4505323506131,291.77486115165414,23000900
2021-03-24 00:00:00+00:00,280.8165588378906,290.35160783223125,279.84114486427575,289.6349839764876,18675000
2021-03-25 00:00:00+00:00,277.43243408203125,286.7087216913055,276.4470878451703,279.6619470022479,24505600
2021-03-26 00:00:00+00:00,281.6923828125,283.16545127943186,276.46700980997974,276.9945224409715,17629200
2021-03-29 00:00:00+00:00,289.455810546875,291.8047255307527,283.36452348761327,284.4294811797683,21718800
2021-03-30 00:00:00+00:00,286.6490173339844,291.09805017216587,285.3551276693987,288.4704196002147,17474500
2021-03-31 00:00:00+00:00,293.1484069824219,295.1091672513115,287.2561633642928,288.62969487110405,19498200
2021-04-01 00:00:00+00:00,297.259033203125,300.98147968952236,295.2086987922236,297.00024310533706,17616000
2021-04-05 00:00:00+00:00,307.4609375,309.3121978449165,299.26953267822694,299.47856945865806,28237000
2021-04-06 00:00:00+00:00,304.8233642578125,309.88948375856984,303.8180923813874,307.391248283219,17335200
2021-04-07 00:00:00+00:00,311.621337890625,312.7759001486744,304.06694509282426,304.9030011332549,22855200
2021-04-08 00:00:00+00:00,311.5516357421875,314.39823549157427,308.5955665742663,313.3730683592338,20894100
2021-04-09 00:00:00+00:00,310.9942932128906,313.2635968942729,308.8742798313838,309.93926792787056,15988600
2021-04-12 00:00:00+00:00,310.07861328125,310.6857372677254,306.4855315456019,309.59089115543276,10881900
2021-04-13 00:00:00+00:00,308.3069152832031,312.95499114859626,307.868976907847,310.7454040272703,14036900
2021-04-14 00:00:00+00:00,301.3995056152344,306.5850574639895,300.53359156772814,305.8584708942408,17421400
2021-04-15 00:00:00+00:00,306.3760681152344,308.6851926200754,302.67351688313573,304.90299964674796,14558300
2021-04-16 00:00:00+00:00,304.74371337890625,307.50073884849365,303.18107090239033,306.72439901532357,13059200
2021-04-19 00:00:00+00:00,300.82220458984375,306.25661399956397,299.15009263658635,303.57923016247355,14553500
2021-04-20 00:00:00+00:00,301.2303161621094,303.66883579405584,295.8158318125477,300.57340846075533,16796400
2021-04-21 00:00:00+00:00,300.0558776855469,300.56349511757384,295.99502935261387,300.5336370553621,14863500
2021-04-22 00:00:00+00:00,295.1290283203125,301.49903053443455,294.65129941634854,299.9164624167889,16375400
2021-04-23 00:00:00+00:00,299.7174377441406,301.17058054276225,295.7560965437511,297.3585600087054,17536800
2021-04-26 00:00:00+00:00,301.61846923828125,304.3655016183372,300.14540087910467,301.91704980967137,16172600
2021-04-27 00:00:00+00:00,302.1459655761719,303.9076516014449,299.69748352480445,302.85262647339385,15309300
2021-04-28 00:00:00+00:00,305.659423828125,309.4615117946956,303.9375281889594,305.9181835337125,33907200
2021-04-29 00:00:00+00:00,327.96429443359375,330.25349309637005,320.1013286474889,328.57141837372023,56526800
2021-04-30 00:00:00+00:00,323.5550842285156,328.2728702411657,322.97781828784815,324.61013986908836,26332400
2021-05-03 00:00:00+00:00,321.0668029785156,327.00879964754824,320.33028394858235,324.6399894534123,18719500
2021-05-04 00:00:00+00:00,316.8665466308594,320.6785969658152,311.65113738866995,318.51876315306555,24032600
2021-05-05 00:00:00+00:00,313.5422668457031,319.5539424122972,313.0147542291022,316.697410108755,15577600
2021-05-06 00:00:00+00:00,318.518798828125,318.7377680393141,311.80046258070394,313.0445989228189,19012200
2021-05-07 00:00:00+00:00,317.583251953125,321.42516132977187,317.25481327589307,320.86779059757856,15916700
2021-05-10 00:00:00+00:00,304.53472900390625,313.1043258444617,303.4000620410102,312.8754241892421,24239200
2021-05-11 00:00:00+00:00,305.0920715332031,305.400614898284,298.2841615070491,299.33918663431024,18920100
2021-05-12 00:00:00+00:00,301.1307373046875,303.5294357312583,296.79120447862084,299.717415480368,24645500
2021-05-13 00:00:00+00:00,303.82806396484375,307.4111524061888,301.34972366445834,304.6441943379279,18079200
2021-05-14 00:00:00+00:00,314.45794677734375,315.36368166667563,307.63011083254275,308.0879748696261,19245700
2021-05-17 00:00:00+00:00,313.980224609375,314.1991938433881,310.1184201410121,312.0791804355396,15401300
2021-05-18 00:00:00+00:00,308.5060119628906,315.015342231373,308.3567216670497,314.10960727070574,14522400
2021-05-19 00:00:00+00:00,312.11895751953125,313.183945479841,302.14597189554263,302.76305863907277,19106200
2021-05-20 00:00:00+00:00,317.11541748046875,317.75242988360776,311.6910011150971,312.10901392703676,17320200
2021-05-21 00:00:00+00:00,314.74658203125,318.4292071771092,314.32853887850086,317.7922251996114,13600900
2021-05-24 00:00:00+00:00,323.1072082519531,324.42102359552996,316.5381619084933,316.7173102623199,16445400
2021-05-25 00:00:00+00:00,326.25238037109375,327.6358442337782,323.2763854894499,325.5456890362261,16437000
2021-05-26 00:00:00+00:00,326.12298583984375,328.28278959364997,324.2916207267979,326.8097515540389,9686900
2021-05-27 00:00:00+00:00,331.1890869140625,332.2142540222155,325.2271954148985,326.4613689190458,20477700
2021-05-28 00:00:00+00:00,327.1879577636719,331.3085214715173,326.7898098407,329.44729839186954,12037400
2021-06-01 00:00:00+00:00,327.5860595703125,329.86532570978346,325.10774985334245,328.6012638264931,11765900
2021-06-02 00:00:00+00:00,327.6059875488281,330.3132295435605,325.58551127009054,328.83022868917175,11654300
2021-06-03 00:00:00+00:00,324.51055908203125,325.8442695144331,321.9625704388723,324.2517690188537,12610800
2021-06-04 00:00:00+00:00,328.8003845214844,330.90047225301316,323.65462283959226,324.37124664419105,13289400
2021-06-07 00:00:00+00:00,335.0010986328125,336.10590744645873,327.3869906581949,327.93442884719076,20136700
2021-06-08 00:00:00+00:00,332.11474609375,336.7130694543896,330.6814985041449,335.12059913209447,14580500
2021-06-09 00:00:00+00:00,328.7008361816406,335.2200987540202,328.45200890216927,334.16507351901566,13727900
2021-06-10 00:00:00+00:00,330.9004211425781,332.37348939517653,327.0087593134409,329.2382721247277,13240200
2021-06-11 00:00:00+00:00,329.70611572265625,331.2687279892512,327.3870284147638,331.0199007040351,13587900
2021-06-14 00:00:00+00:00,335.19024658203125,335.24003026345406,328.2629035047306,330.3430959527123,12250800
2021-06-15 00:00:00+00:00,335.1703186035156,338.32546161925774,333.45838584288754,335.4091830528614,15795200
2021-06-16 00:00:00+00:00,329.52691650390625,335.96656745988287,327.1780016572366,335.12057904228806,17232200
2021-06-17 00:00:00+00:00,334.9314880371094,336.39459368620845,328.60130611926826,328.9397075815492,17794100
2021-06-18 00:00:00+00:00,328.1136169433594,334.57316358557347,327.4567092616118,332.96076762784065,23039500
2021-06-21 00:00:00+00:00,330.73126220703125,331.3583117864079,326.1130135029647,329.5368791630354,11337500
2021-06-22 00:00:00+00:00,337.43963623046875,338.32547589153086,331.0398061349241,331.1293803072075,15345300
2021-06-23 00:00:00+00:00,338.9923095703125,341.80905122369285,336.613536708315,337.758136054017,14817800
2021-06-24 00:00:00+00:00,341.5701599121094,343.2820927302898,340.1866960972433,340.24641221158737,12329100
2021-06-25 00:00:00+00:00,339.7686462402344,342.50574613338665,338.08657151230705,340.9829244987188,14594400
2021-06-28 00:00:00+00:00,353.97174072265625,356.46001345732424,340.1667780762027,340.85354378092495,29156100
2021-06-29 00:00:00+00:00,350.23931884765625,355.0665434773281,347.41261439466916,354.5987470052938,21417300
2021-06-30 00:00:00+00:00,346.0789489746094,351.2645317094801,345.5415038831109,350.5180498190841,15107500
2021-07-01 00:00:00+00:00,352.7275695800781,353.0062548839086,344.8745670239666,345.1930731924643,17137000
2021-07-02 00:00:00+00:00,353.0361633300781,354.76799151004735,350.965903313761,353.43428091031626,11521300
2021-07-06 00:00:00+00:00,351.1251525878906,357.1069701606323,347.5420336560119,354.82770375509466,13488500
2021-07-07 00:00:00+00:00,348.84588623046875,354.817740992949,348.3581944780152,353.59353020627196,14218900
2021-07-08 00:00:00+00:00,344.028564453125,346.6959853970699,340.9530631568389,344.1082061861982,14406500
2021-07-09 00:00:00+00:00,348.7762145996094,349.0648323577811,343.6503486347571,343.7001323124717,13018700
2021-07-12 00:00:00+00:00,351.5033874511719,352.52855467350497,347.9999101341868,349.58244805753054,10018600
2021-07-13 00:00:00+00:00,350.4383850097656,356.8083573136762,347.16380949457744,349.8511562729013,11456000
2021-07-14 00:00:00+00:00,345.9992980957031,353.53379507228595,345.1035260043988,352.8967826854956,13894200
2021-07-15 00:00:00+00:00,342.8441467285156,347.5917903348502,338.62404607792644,347.5917903348502,14781600
2021-07-16 00:00:00+00:00,339.5596618652344,344.3669915336808,338.5444575010918,343.2920710524959,11026100
2021-07-19 00:00:00+00:00,335.36944580078125,338.1961202729858,332.9707469930695,335.9865326425013,14372300
2021-07-20 00:00:00+00:00,340.05731201171875,341.8389238121627,332.93089518436625,337.2107121804647,11024300
2021-07-21 00:00:00+00:00,344.60589599609375,344.89451377838043,339.6492455222509,339.8980728083478,9279700
2021-07-22 00:00:00+00:00,349.5426025390625,349.8909667962364,343.59064323258406,345.0537488131761,12385400
2021-07-23 00:00:00+00:00,368.05535888671875,373.56934940555897,355.5144582100015,359.2170092598052,33694300
2021-07-26 00:00:00+00:00,370.71282958984375,372.6835525995639,366.49272860375424,367.84633443913236,14925200
2021-07-27 00:00:00+00:00,366.08465576171875,371.39960297387034,362.83993821529435,370.1654293485959,15705400
2021-07-28 00:00:00+00:00,371.52899169921875,375.77895075945287,365.2087726340715,372.8029861736175,29676900
2021-07-29 00:00:00+00:00,356.63916015625,363.80536737432345,355.0665547855303,359.30658122562585,33413200
2021-07-30 00:00:00+00:00,354.62860107421875,359.0378432342275,351.2843772581157,352.33940241732114,15976200
2021-08-02 00:00:00+00:00,350.2990417480469,357.71407614594534,349.094695895471,356.420186495806,13180400
2021-08-03 00:00:00+00:00,349.5923767089844,352.1105076477053,346.0690041816964,351.0754079995655,12406100
2021-08-04 00:00:00+00:00,357.23638916015625,358.789069072342,349.86114439006076,350.76687940124015,14180600
2021-08-05 00:00:00+00:00,361.2673034667969,362.1929335329,355.22577063854857,357.95293791180006,10247200
2021-08-06 00:00:00+00:00,361.8048400878906,363.43713130483627,359.7047219794249,359.7047219794249,8925000
2021-08-09 00:00:00+00:00,359.9136962890625,364.0641484534068,359.0577450731845,362.0536350776019,7798900
2021-08-10 00:00:00+00:00,359.4360046386719,362.3920740821066,357.35581212283637,360.1327028314983,7469900
2021-08-11 00:00:00+00:00,358.27142333984375,360.660158892994,356.13151503961376,360.4013992045629,8400300
2021-08-12 00:00:00+00:00,360.9488220214844,361.2971862649437,355.4348013626303,356.76854222323726,7170700
2021-08-13 00:00:00+00:00,361.47637939453125,362.94944791039416,359.78437201930916,361.2673729723267,7195700
2021-08-16 00:00:00+00:00,364.8404846191406,365.2286697301517,355.7035547879011,360.8194275337745,11222100
2021-08-17 00:00:00+00:00,356.7685546875,362.95937842886747,353.40440511067914,361.27730364045703,12328700
2021-08-18 00:00:00+00:00,353.7826232910156,358.17190958763973,353.4840123434971,354.57885840222,10042400
2021-08-19 00:00:00+00:00,353.45416259765625,355.89268204149806,349.35349396712365,349.7018582268758,12004500
2021-08-20 00:00:00+00:00,357.6842346191406,358.3013214154006,351.6526637646161,352.93662103793287,8697700
2021-08-23 00:00:00+00:00,361.6455383300781,363.9745577909056,357.4154749969707,357.75387641868883,10942000
2021-08-24 00:00:00+00:00,363.7954406738281,366.23392975632663,360.1426428938778,361.95411275476704,9235100
2021-08-25 00:00:00+00:00,366.66192626953125,369.12031053573185,363.68593146808894,363.8850054336998,9684500
2021-08-26 00:00:00+00:00,362.67071533203125,367.7069766788736,362.4218880703319,366.6519515192218,7888700
2021-08-27 00:00:00+00:00,370.882080078125,371.9868587342969,362.372168009399,363.3874028549914,11219100
2021-08-30 00:00:00+00:00,378.8743591308594,379.7004523048969,368.7819104508178,370.81234948471433,13547300
2021-08-31 00:00:00+00:00,377.6003723144531,380.9645219421303,377.02307602509967,378.16770579296224,12345400
2021-09-01 00:00:00+00:00,380.2578430175781,382.5271466312402,377.03305113880157,377.8093910494116,11567200
2021-09-02 00:00:00+00:00,373.51959228515625,379.9592432814854,372.3053139862149,379.7104160101812,14832900
2021-09-03 00:00:00+00:00,374.4949951171875,375.3907671926716,371.3597472913604,372.99206872286544,7509600
2021-09-07 00:00:00+00:00,380.38720703125,381.1635468785225,371.3995674871091,374.11677213977373,10793800
2021-09-08 00:00:00+00:00,375.79888916015625,379.08339725874265,373.03193089318444,378.376736255602,11067200
2021-09-09 00:00:00+00:00,376.2268371582031,378.04823943366733,374.80355244505876,375.86854046444216,9098900
2021-09-10 00:00:00+00:00,376.91357421875,381.98965628223397,376.4855986311408,379.571032285459,11549600
2021-09-13 00:00:00+00:00,374.74383544921875,379.9592453645315,372.5939641684337,379.88956643832284,13026300
2021-09-14 00:00:00+00:00,374.76373291015625,376.81406721910173,373.3503806283047,375.62964696424973,8711600
2021-09-15 00:00:00+00:00,372.1659851074219,375.7888943692672,365.9453033482442,375.2315237135987,17940300
2021-09-16 00:00:00+00:00,371.3100280761719,371.8076826498412,367.9757363577028,371.04130554118336,11934200
2021-09-17 00:00:00+00:00,363.0091552734375,369.6677759328582,359.8938327665593,369.6677759328582,26299000
2021-09-20 00:00:00+00:00,354.0314636230469,359.3364478302785,348.15911555715337,357.61455213009725,19822800
2021-09-21 00:00:00+00:00,355.8031005859375,358.3510893988698,353.5238342896112,356.8183049119828,11751900
2021-09-22 00:00:00+00:00,341.6000061035156,348.19890987911134,339.0918382649235,345.6011678721146,43692900
2021-09-23 00:00:00+00:00,344.3371276855469,348.0297463156424,341.39102125477564,343.7399361507413,21806300
2021-09-24 00:00:00+00:00,351.3042907714844,352.6877849976096,340.7639710672077,341.62988512267395,18801900
2021-09-27 00:00:00+00:00,351.92138671875,353.48402933337866,345.4518774123901,348.1690822558539,15205800
2021-09-28 00:00:00+00:00,339.052001953125,347.9600295787499,337.3301368370853,346.3376710623459,21710300
2021-09-29 00:00:00+00:00,338.01690673828125,343.6105693594989,337.2903505394969,341.54030943488596,14452200
2021-09-30 00:00:00+00:00,337.7979736328125,341.19195097053165,336.56376968103655,338.8529988601151,16547100
2021-10-01 00:00:00+00:00,341.4010314941406,343.4015824081909,337.0515349833782,340.007574261203,14905300
2021-10-04 00:00:00+00:00,324.69970703125,334.3641501375341,321.18626703229666,333.9560697510419,42885000
2021-10-05 00:00:00+00:00,331.39813232421875,333.6077198938345,324.6300421264469,327.0386733051586,35377900
2021-10-06 00:00:00+00:00,332.0749206542969,332.81143961957736,324.271671098932,328.19319112250105,26443000
2021-10-07 00:00:00+00:00,327.6756591796875,337.25052774673,327.4367947183731,335.4191626696661,28307500
2021-10-08 00:00:00+00:00,328.50177001953125,331.83606171861595,327.16805941478225,329.95494323578305,15946100
2021-10-11 00:00:00+00:00,323.92333984375,328.90981748917983,323.7839819981584,326.09310626528196,14708200
2021-10-12 00:00:00+00:00,322.251220703125,322.858375056985,315.8812484524,321.51470167904193,31658700
2021-10-13 00:00:00+00:00,323.0176086425781,325.4660604087046,321.1464227625839,325.43620235208436,14761500
2021-10-14 00:00:00+00:00,326.9889221191406,328.96957765800676,325.56563728844213,326.81970619460645,14302200
2021-10-15 00:00:00+00:00,323.2366027832031,327.52638270361007,320.9971572406713,327.13819756318094,21596400
2021-10-18 00:00:00+00:00,333.7669372558594,334.31437546469414,325.96371785354785,327.4069281434316,21585000
2021-10-19 00:00:00+00:00,338.3951416015625,340.85355636918456,335.69786236240606,338.05674014208074,18786300
2021-10-20 00:00:00+00:00,339.18145751953125,342.3664590112534,337.85770968902955,341.83894636646966,13639500
2021-10-21 00:00:00+00:00,340.27630615234375,340.7042818084151,336.2154277021801,338.68380539491534,16354400
2021-10-22 00:00:00+00:00,323.0872802734375,328.08375151727347,319.60369833823506,324.81913880440356,35224500
2021-10-25 00:00:00+00:00,327.1481628417969,328.01407693153243,318.22023866325475,318.79750459827034,38409000
2021-10-26 00:00:00+00:00,314.3285827636719,328.6610285642443,308.14772139721987,326.7201939307644,65654000
2021-10-27 00:00:00+00:00,310.7554016113281,317.75242321611404,310.596148513885,312.71616171036374,29971800
2021-10-28 00:00:00+00:00,315.433349609375,323.99298292596797,306.6646491535005,311.5217620560489,50806800
2021-10-29 00:00:00+00:00,322.05218505859375,324.4707789739673,318.10080656592766,318.6880353123913,37059400
2021-11-01 00:00:00+00:00,328.43212890625,331.8858529206723,324.470787498318,324.51060836972124,31518900
2021-11-02 00:00:00+00:00,326.541015625,333.21956195362407,322.2810936380869,329.82555407541145,28353000
2021-11-03 00:00:00+00:00,330.06439208984375,330.5919046870114,321.68390664997906,325.9537607315269,20786500
2021-11-04 00:00:00+00:00,334.27459716796875,335.6879192065325,331.08959561370864,332.44323190531827,22495300
2021-11-05 00:00:00+00:00,339.52978515625,345.1632380917071,338.0467843737886,338.7136244356057,26872800
2021-11-08 00:00:00+00:00,337.0315856933594,343.17265662621725,336.752900341226,342.8043970938723,18342500
2021-11-09 00:00:00+00:00,333.7967834472656,339.708921496221,332.90101139805864,338.40506910110867,17556700
2021-11-10 00:00:00+00:00,326.10308837890625,331.62704173879837,323.98307513420957,330.93031321844114,21872600
2021-11-11 00:00:00+00:00,326.20263671875,330.90049749066253,325.4661176097251,328.27289692301093,12376600
2021-11-12 00:00:00+00:00,339.2909240722656,340.25634471248503,328.23302448965154,328.6311420434949,25414300
2021-11-15 00:00:00+00:00,345.92962646484375,351.9910552055998,341.59009339241663,342.72472996548066,25076600
2021-11-16 00:00:00+00:00,341.3511657714844,345.0238584075251,339.27097360863104,342.2170797406546,18181100
2021-11-17 00:00:00+00:00,339.1714782714844,345.67084561746344,338.504638170007,342.62520213677027,13602800
2021-11-18 00:00:00+00:00,337.10125732421875,340.85356187246754,333.72714473719753,338.126424530338,17487200
2021-11-19 00:00:00+00:00,343.6802062988281,350.4483261320839,338.305543449234,340.594772512091,26488500
2021-11-22 00:00:00+00:00,339.4103698730469,352.1702095994419,338.9127153172373,347.4126332608795,27116800
2021-11-23 00:00:00+00:00,335.6679992675781,339.79852602282074,331.93559008372813,337.34011129208125,17225000
2021-11-24 00:00:00+00:00,339.4601135253906,340.1767372803542,331.24881358804356,334.42385199377156,13566200
2021-11-26 00:00:00+00:00,331.557373046875,336.16565918592676,330.3430946913893,334.2247942296062,14750700
2021-11-29 00:00:00+00:00,336.4443359375,339.07196655746384,333.7370939537903,335.3096993511872,16650900
2021-11-30 00:00:00+00:00,322.9379577636719,334.2347212729011,321.91279068284473,333.4285233925623,25390000
2021-12-01 00:00:00+00:00,309.14300537109375,328.94964992722845,308.8344619871975,328.7406435259103,30329600
2021-12-02 00:00:00+00:00,308.9339904785156,313.1242330724047,305.75895218040523,309.93923196398356,24396200
2021-12-03 00:00:00+00:00,305.4006042480469,312.27819295535653,298.09503996853954,312.25829771051696,27471000
2021-12-06 00:00:00+00:00,316.37890625,318.5984565303587,304.90299327018903,306.684605106222,21758300
2021-12-07 00:00:00+00:00,321.29571533203125,325.00822906181776,319.4942083628053,320.06154181704915,18794000
2021-12-08 00:00:00+00:00,329.0093688964844,331.18909822383927,321.5545135653709,323.4754528106619,19937700
2021-12-09 00:00:00+00:00,328.27288818359375,334.5532868161569,326.4614181466979,327.9942028221041,16879200
2021-12-10 00:00:00+00:00,328.20318603515625,333.4584170332668,324.8390363115673,331.0000022640614,14528000
2021-12-13 00:00:00+00:00,332.9209289550781,339.48997504686696,328.0439204719581,329.3975566337777,22948700
2021-12-14 00:00:00+00:00,332.1744384765625,334.1252661184989,326.11300990025524,326.5111274523815,20461000
2021-12-15 00:00:00+00:00,340.05731201171875,340.50518288372535,322.4602543483379,330.93031416613354,24681300
2021-12-16 00:00:00+00:00,333.32904052734375,342.844193921568,332.17447822592237,337.38991901847066,22635000
2021-12-17 00:00:00+00:00,332.2242431640625,335.528646392657,329.1984949025982,331.23886647028985,40012600
2021-12-20 00:00:00+00:00,323.92333984375,328.3524468556564,321.01702407658814,328.23301463053303,17901800
2021-12-21 00:00:00+00:00,332.63232421875,334.4238685074129,322.2313316347468,324.87885757202804,16116800
2021-12-22 00:00:00+00:00,328.89990234375,332.9408548364397,326.72017299739485,332.23416350993966,16764600
2021-12-23 00:00:00+00:00,333.66741943359375,335.09073455875176,326.81968783291677,328.5515463551032,13987700
2021-12-27 00:00:00+00:00,344.5561218261719,346.2381967565768,336.42446290171756,337.2605189611526,17795000
2021-12-28 00:00:00+00:00,344.59588623046875,351.05543197755543,343.58068197631724,345.0039665689939,16637600
2021-12-29 00:00:00+00:00,341.3313293457031,348.04966624627264,340.0374395738821,345.2827079673855,10747000
2021-12-30 00:00:00+00:00,342.7445983886719,345.6011607809274,341.6099619044068,342.3863017224052,10593300
2021-12-31 00:00:00+00:00,334.7721862792969,341.828923403355,334.69254455008445,341.41088026103967,12870500
2022-01-03 00:00:00+00:00,336.95196533203125,339.4800286823342,335.608291915867,336.71307048341737,14537900
2022-01-04 00:00:00+00:00,334.9513854980469,341.48061106214226,330.31324123539184,338.3553561401792,15998000
2022-01-05 00:00:00+00:00,322.6493835449219,334.1850130566316,322.3209145126648,331.45784530545694,20564500
2022-01-06 00:00:00+00:00,330.9004211425781,337.57896639221883,321.2061212168237,321.30565819155953,27962800
2022-01-07 00:00:00+00:00,330.2336120605469,335.4191639237884,327.33725895858873,331.179137473067,14722000
2022-01-10 00:00:00+00:00,326.53106689453125,326.79978941934576,313.95034516876285,323.78400403206666,24942400
2022-01-11 00:00:00+00:00,332.801513671875,333.0603037691717,323.75415719641865,325.24712091265417,16226800
2022-01-12 00:00:00+00:00,331.69671630859375,334.7921129918219,328.4818570203185,333.607692747427,14104900
2022-01-13 00:00:00+00:00,324.9485168457031,334.0555887819827,324.2318930987002,333.4086439598992,14797100
2022-01-14 00:00:00+00:00,330.3431091308594,331.16923275584577,319.7032516194067,320.2805479506256,16868500
2022-01-18 00:00:00+00:00,316.6576232910156,322.68919475374526,316.1500362417862,321.77352727806647,22645600
2022-01-19 00:00:00+00:00,318.0908508300781,325.56563234221346,317.8320607286372,318.08088801866114,20814700
2022-01-20 00:00:00+00:00,315.0750732421875,326.2822643875418,314.4978072795093,322.38063901674565,16925000
2022-01-21 00:00:00+00:00,301.7478942871094,316.81685931889024,301.61849923516417,313.333277225582,28710700
2022-01-24 00:00:00+00:00,307.2618713378906,308.07803210989107,287.654299808725,296.4428660138379,38878100
2022-01-25 00:00:00+00:00,298.7420349121094,304.7935315459782,296.1840831100483,298.54299130702105,25108500
2022-01-26 00:00:00+00:00,293.2478942871094,306.0674790126866,289.48562749803085,305.5698245147957,28348800
2022-01-27 00:00:00+00:00,293.25787353515625,300.294685445216,292.87965123565107,296.35327010582546,21629900
2022-01-28 00:00:00+00:00,300.294677734375,300.4837888792717,291.6554026784193,294.2332494108696,21871600
2022-01-31 00:00:00+00:00,311.7905578613281,312.31807050230145,297.9159457107182,299.2695515915459,21579500
2022-02-01 00:00:00+00:00,317.5035705566406,318.1604781406537,310.6558397862955,313.0843961728579,18023800
2022-02-02 00:00:00+00:00,321.4848937988281,326.46144014246323,315.3836431216229,326.2822917639552,58458300
2022-02-03 00:00:00+00:00,236.64468383789062,246.83665438976746,234.6441180338213,243.50236286244046,188119900
2022-02-04 00:00:00+00:00,235.9778289794922,241.4719394198013,229.0305757696883,233.86777856434068,89342200
2022-02-07 00:00:00+00:00,223.85498046875,237.1821691355087,222.95919313784003,236.58497758156872,88613800
2022-02-08 00:00:00+00:00,219.1471405029297,224.7109296642567,215.13604622510545,219.8140109347167,94729700
2022-02-09 00:00:00+00:00,230.91171264648438,232.27528126211837,221.1676431788184,223.14829858041023,86563300
2022-02-10 00:00:00+00:00,227.00015258789062,233.897637326421,225.6365688004285,227.19921136944953,49310400
2022-02-11 00:00:00+00:00,218.52011108398438,229.33911590053276,217.743771218222,227.38831861274423,46156900
2022-02-14 00:00:00+00:00,216.67877197265625,219.96329479665474,213.77247143853222,218.2812201123737,38184000
2022-02-15 00:00:00+00:00,219.96331787109375,220.1126081658047,214.05117920514752,219.43580524683236,42685500
2022-02-16 00:00:00+00:00,215.52423095703125,216.43992871555378,211.36384610995427,211.41361460358013,45817500
2022-02-17 00:00:00+00:00,206.7356414794922,216.4797100205745,206.18821848567626,213.01603891266416,38747500
2022-02-18 00:00:00+00:00,205.1929168701172,209.76138175304652,204.21750306881063,208.407760841007,37128400
2022-02-22 00:00:00+00:00,201.13206481933594,206.50672788629166,199.12153618422826,201.39083971802836,39852400
2022-02-23 00:00:00+00:00,197.51910400390625,205.96928442106883,197.12098640624646,203.20232611185864,44481400
2022-02-24 00:00:00+00:00,206.6261749267578,207.37265675064464,189.32769793464607,190.16375393246855,49957200
2022-02-25 00:00:00+00:00,209.49266052246094,210.32873173032027,202.2269008674937,203.97865464852086,37627600
2022-02-28 00:00:00+00:00,210.04006958007812,212.15011992599685,205.85977456824187,206.7057781563645,34239800
2022-03-01 00:00:00+00:00,202.53546142578125,210.75670941661997,201.27141457142983,208.88552338219853,27094900
2022-03-02 00:00:00+00:00,207.13377380371094,208.1688885673236,201.0723451351296,203.8193927359262,29452100
2022-03-03 00:00:00+00:00,202.01788330078125,208.09922233042207,200.47515120370952,208.0395062161321,27263500
2022-03-04 00:00:00+00:00,199.12152099609375,204.92417443094456,197.85747428265773,201.420682412557,32130900
2022-03-07 00:00:00+00:00,186.59059143066406,199.9476372461916,186.40148027856287,199.8481002649138,38560600
2022-03-08 00:00:00+00:00,189.3973388671875,195.77727306534018,185.23695462624173,186.96879771650885,37508100
2022-03-09 00:00:00+00:00,197.56886291503906,198.16605446976786,193.01034526309815,194.82181517515326,31894700
2022-03-10 00:00:00+00:00,194.29429626464844,195.3592691052372,190.17371719450452,193.9260215700199,24853000
2022-03-11 00:00:00+00:00,186.72994995117188,192.6520363471014,185.79435692165998,191.73635375297826,34694500
2022-03-14 00:00:00+00:00,185.75454711914062,191.38798523225927,184.94834915671402,186.15266469481412,31010500
2022-03-15 00:00:00+00:00,191.1292266845703,191.3780539874651,185.03793916961408,189.90500060674765,31721700
2022-03-16 00:00:00+00:00,202.67478942871094,202.77431122271875,193.60752325415578,193.78667159569645,40640300
2022-03-17 00:00:00+00:00,206.8650360107422,207.06409478975073,200.1666101395919,200.75383885319104,29499700
2022-03-18 00:00:00+00:00,215.47447204589844,215.78301543625656,205.03367414278475,205.7303874737888,52128000
2022-03-21 00:00:00+00:00,210.49794006347656,213.7028367789471,206.6560460920424,213.49381517262836,30142300
2022-03-22 00:00:00+00:00,215.63369750976562,218.430528670313,209.19404680393862,210.3784669918694,31998800
2022-03-23 00:00:00+00:00,212.4586944580078,215.7830233211375,211.16478954617054,212.32929941066044,23717300
2022-03-24 00:00:00+00:00,218.54002380371094,219.63485468849314,213.78243238949347,213.99145398040548,31502300
2022-03-25 00:00:00+00:00,220.77947998046875,224.44221031346072,217.8632163127484,219.4756122542055,40039000
2022-03-28 00:00:00+00:00,222.54115295410156,222.98903900145544,218.51014815349424,221.0880102060458,26224100
2022-03-29 00:00:00+00:00,228.78175354003906,229.80692071243064,224.23318359942581,225.0095386805417,31417900
2022-03-30 00:00:00+00:00,226.7811737060547,230.0656814298118,225.64652199359784,227.83619887183954,25588000
2022-03-31 00:00:00+00:00,221.31692504882812,227.4181744978048,221.2173880671073,227.37835363023203,24192300
2022-04-01 00:00:00+00:00,223.79527282714844,226.21386681906534,221.65534900048968,223.496677038869,19544800
2022-04-04 00:00:00+00:00,232.79286193847656,233.25071084057373,224.80053049175748,224.91996273264687,28054800
2022-04-05 00:00:00+00:00,230.75245666503906,235.74891256840743,229.9363111054611,232.98195450257984,29727200
2022-04-06 00:00:00+00:00,222.25250244140625,227.91581307381645,220.3713690414003,225.84556853410876,28995100
2022-04-07 00:00:00+00:00,221.90415954589844,224.4621112082165,217.5347532292296,222.87955820593345,21037200
2022-04-08 00:00:00+00:00,221.28707885742188,224.0739474357174,218.99786483999299,221.33684735095093,18375700
2022-04-11 00:00:00+00:00,215.44461059570312,219.57513721157125,214.2104218664918,217.39540789179856,20516600
2022-04-12 00:00:00+00:00,213.135498046875,220.98848653242345,212.13024128563168,219.2068898590888,20128800
2022-04-13 00:00:00+00:00,213.9815216064453,215.5939175844612,210.33868643879734,210.82639339420786,19231800
2022-04-14 00:00:00+00:00,209.19406127929688,213.9815108517496,209.01491292950467,213.8819738659461,18379500
2022-04-18 00:00:00+00:00,209.7812957763672,212.37905304219174,207.3228811720837,209.01490354428572,16580800
2022-04-19 00:00:00+00:00,216.29061889648438,217.40536023272782,208.01960267463804,209.53247676469104,20089900
2022-04-20 00:00:00+00:00,199.47984313964844,213.15539530786995,197.9868795260212,212.60797227876438,43036500
2022-04-21 00:00:00+00:00,187.1877899169922,202.0178894471708,184.70946478807872,200.6543208386935,49954100
2022-04-22 00:00:00+00:00,183.24635314941406,191.81596483389984,182.4102971770767,189.47698244880127,36426800
2022-04-25 00:00:00+00:00,186.11285400390625,186.30194997557484,180.80785468050712,181.8728275197423,29281100
2022-04-26 00:00:00+00:00,180.10116577148438,186.31189958023248,178.65797071678531,185.75452895391095,31747400
2022-04-27 00:00:00+00:00,174.1293182373047,180.3599627166506,168.20723232599158,173.6117532700364,71062900
2022-04-28 00:00:00+00:00,204.7649383544922,207.55180689185846,191.99512068773245,201.96812219345097,100890600
2022-04-29 00:00:00+00:00,199.52960205078125,211.48325800922478,198.9622686149811,203.50089053975063,49193400
2022-05-02 00:00:00+00:00,210.13963317871094,210.88611506777977,200.04719864598886,200.2263470095032,49915300
2022-05-03 00:00:00+00:00,211.03536987304688,213.89190189481963,207.11384991214564,209.46277980213057,41556300
2022-05-04 00:00:00+00:00,222.3620147705078,223.24783928231463,205.98918273782917,209.6618606437168,41375900
2022-05-05 00:00:00+00:00,207.302978515625,219.13720312897797,205.19292807963836,217.71391840321272,41129200
2022-05-06 00:00:00+00:00,202.81411743164062,208.39780148092828,200.07701770526845,206.36736263361826,34747200
2022-05-09 00:00:00+00:00,195.28961181640625,201.61977851457536,194.66256220223283,198.90257364463199,36303200
2022-05-10 00:00:00+00:00,196.72283935546875,202.0079434824973,193.2790783425283,198.57411490604073,34452500
2022-05-11 00:00:00+00:00,187.85464477539062,199.72867503424354,187.3868482839765,195.40903719037124,31153400
2022-05-12 00:00:00+00:00,190.34291076660156,197.12096305892135,183.91320753417187,186.18251098392093,38262200
2022-05-13 00:00:00+00:00,197.68829345703125,198.95234029762156,190.3827281278088,191.67663302715846,24549800
2022-05-16 00:00:00+00:00,199.10162353515625,204.4066228034296,195.01090257076893,196.1256590780549,27112600
2022-05-17 00:00:00+00:00,201.66952514648438,204.49621453506938,197.4295138444243,201.17187059607872,24872700
2022-05-18 00:00:00+00:00,191.33824157714844,200.0571444967755,190.7311023719334,199.0618353201746,23960000
2022-05-19 00:00:00+00:00,190.39266967773438,194.3739060489008,188.7106100681742,190.3030955043139,24446900
2022-05-20 00:00:00+00:00,192.63211059570312,196.98162155597763,186.9887099950689,194.05541046219443,31465600
2022-05-23 00:00:00+00:00,195.30950927734375,196.06595394738446,190.34292636344654,194.27439444888316,25059200
2022-05-24 00:00:00+00:00,180.42962646484375,182.81836215094546,175.28388041051807,179.70305509829623,50406300
2022-05-25 00:00:00+00:00,182.96768188476562,184.58007783920206,178.47884310975888,179.55376362124167,28030200
2022-05-26 00:00:00+00:00,190.7310791015625,191.92544693032073,181.40502292734416,182.02212486885114,23056500
2022-05-27 00:00:00+00:00,194.2146759033203,194.41373469239704,188.9096764041194,190.46235622101486,22562700
2022-05-31 00:00:00+00:00,192.73165893554688,196.67308976474118,191.10930019702332,193.97579534552827,26131100
2022-06-01 00:00:00+00:00,187.75509643554688,198.59401125850084,184.13217214250176,195.58817370948535,36623500
2022-06-02 00:00:00+00:00,197.9271697998047,199.99741456665316,186.84937456923174,187.56599834187975,31951600
2022-06-03 00:00:00+00:00,189.88507080078125,195.68772473485097,188.88976169072905,195.06067513561032,19465000
2022-06-06 00:00:00+00:00,193.3387908935547,195.99626434360303,187.5162266373198,193.08001599733524,30574200
2022-06-07 00:00:00+00:00,194.73223876953125,195.60811572482962,190.59176404269607,191.02968733313213,18828700
2022-06-08 00:00:00+00:00,195.7175750732422,201.08229035732788,193.49804009779297,193.75681498880314,22267200
2022-06-09 00:00:00+00:00,183.13687133789062,198.514393638331,182.81836514135458,193.368647499835,23501600
2022-06-10 00:00:00+00:00,174.74642944335938,182.2411059000566,174.19900639005766,182.18137459561396,27450800
2022-06-13 00:00:00+00:00,163.48947143554688,171.77045064695062,163.2605545891736,169.7897800204355,31749300
2022-06-14 00:00:00+00:00,162.96194458007812,165.96778212800888,160.60306701933558,165.2511584054928,27244300
2022-06-15 00:00:00+00:00,168.5555877685547,171.3524036708078,163.21076803059321,166.41566427393508,30008300
2022-06-16 00:00:00+00:00,160.11537170410156,164.3056297405773,158.86128769259773,162.95200874316495,26944100
2022-06-17 00:00:00+00:00,162.971923828125,165.12178002530368,159.14992519347047,160.92157424527068,31374200
2022-06-21 00:00:00+00:00,156.31329345703125,166.97304515845718,155.23835783225354,165.15162772651811,50724900
2022-06-22 00:00:00+00:00,155.11892700195312,160.03574112554074,154.71084663209396,157.63705777251027,47267800
2022-06-23 00:00:00+00:00,158.00531005859375,159.00061909833292,153.52641937976747,155.53694789245958,40499200
2022-06-24 00:00:00+00:00,169.36181640625,169.45139058894296,160.54337632376567,160.97135198810747,68736000
2022-06-27 00:00:00+00:00,168.69493103027344,170.94432394491855,167.2218627479508,170.5163483567806,29174600
2022-06-28 00:00:00+00:00,159.92626953125,170.49646320334057,159.85660578696826,169.103021258367,27744500
2022-06-29 00:00:00+00:00,163.17098999023438,165.54977833156292,159.5679756054907,162.80273045220846,28595200
2022-06-30 00:00:00+00:00,160.49359130859375,164.4549172478533,157.7465436782428,161.3893634177571,35250600
2022-07-01 00:00:00+00:00,159.27931213378906,159.86654085076404,154.27290863624773,159.55799746344536,31423900
2022-07-05 00:00:00+00:00,167.4010467529297,167.46076287139942,156.28344547718694,157.39818685452104,28618600
2022-07-06 00:00:00+00:00,168.9736328125,170.7850875055919,164.68385295409936,167.41099021110313,23085900
2022-07-07 00:00:00+00:00,171.3822784423828,171.90979105681865,166.99296161309277,168.65512600783367,24083400
2022-07-08 00:00:00+00:00,170.07843017578125,171.59128912909785,167.3612252972131,169.1826428402313,19249200
2022-07-11 00:00:00+00:00,162.11593627929688,166.70431141922256,161.15048532539075,166.2862834578215,21885600
2022-07-12 00:00:00+00:00,162.50411987304688,165.1317352711838,161.33961005665554,164.02694157042103,16639700
2022-07-13 00:00:00+00:00,162.7230987548828,164.206099671793,158.8612943845739,159.40871745570726,16555100
2022-07-14 00:00:00+00:00,157.30860900878906,161.82730571844314,156.54221673613603,160.46373708780524,23765200
2022-07-15 00:00:00+00:00,163.92739868164062,164.20608400267676,159.07030080986016,159.78690935880238,23342800
2022-07-18 00:00:00+00:00,166.44554138183594,170.88462677932483,164.86300351173682,165.96779725235947,23574300
2022-07-19 00:00:00+00:00,174.95542907714844,175.66210520716854,168.71483688564845,169.570803302963,25933700
2022-07-20 00:00:00+00:00,182.23114013671875,182.73875749938003,175.87111557208019,176.65741826877792,24784300
2022-07-21 00:00:00+00:00,182.31076049804688,182.98757856288015,178.03092846034147,179.78268214305504,27195800
2022-07-22 00:00:00+00:00,168.47598266601562,174.7762913553687,167.62001619667512,172.25816044187403,42583900
2022-07-25 00:00:00+00:00,165.86825561523438,169.76988065609982,164.03689051423166,168.20723807758844,26166300
2022-07-26 00:00:00+00:00,158.4034423828125,165.22131601619705,157.2090744611017,165.16159989819332,28468400
2022-07-27 00:00:00+00:00,168.78451538085938,170.06845740995198,161.25998117617786,161.8272994536616,43846600
2022-07-28 00:00:00+00:00,159.96607971191406,160.7523672182703,154.12362015683283,160.3044811608668,73214300
2022-07-29 00:00:00+00:00,158.35366821289062,159.38878289207398,154.44209593966227,156.9502788758509,42065400
2022-08-01 00:00:00+00:00,159.17977905273438,164.41511470365762,154.50182926200065,156.5123579214233,40596700
2022-08-02 00:00:00+00:00,159.43856811523438,161.47895481991452,157.26878636687042,157.56738213610367,27374500
2022-08-03 00:00:00+00:00,168.0081787109375,168.74469772334,160.81209818776804,161.92683951716316,31721900
2022-08-04 00:00:00+00:00,169.76986694335938,171.34244183125261,166.01754768306282,167.51051121404862,23938200
2022-08-05 00:00:00+00:00,166.3260955810547,170.80498629603912,165.02224315842406,166.20666335522924,25832700
2022-08-08 00:00:00+00:00,169.45138549804688,176.67732457523664,166.34602576028146,167.21193987472466,27299100
2022-08-09 00:00:00+00:00,167.73944091796875,168.73475001506094,165.81850165044239,168.15746891628208,18655100
2022-08-10 00:00:00+00:00,177.50341796875,179.63337879589918,173.13401170798647,175.16445073930183,30262100
2022-08-11 00:00:00+00:00,176.6574249267578,182.24110981599185,175.54266836138663,178.86701243504587,24079100
2022-08-12 00:00:00+00:00,179.65328979492188,180.60879319864185,178.07075199512173,179.96183318123636,21274000
2022-08-15 00:00:00+00:00,180.04144287109375,180.58886585387944,177.36405925391375,178.12050380729394,15878700
2022-08-16 00:00:00+00:00,178.6281280517578,180.14100215870383,176.20951900539458,178.59826999329016,21156700
2022-08-17 00:00:00+00:00,174.02980041503906,177.30436063789398,173.35298233666936,175.9308292341521,20118100
2022-08-18 00:00:00+00:00,173.84068298339844,174.93551383026298,171.05381459528806,173.52217679631798,18844500
2022-08-19 00:00:00+00:00,167.172119140625,171.51166732085684,166.26638423624556,169.40160175176052,26240800
2022-08-22 00:00:00+00:00,162.28514099121094,164.71369746352707,161.49883834970646,164.71369746352707,19499700
2022-08-23 00:00:00+00:00,160.354248046875,164.2757682901935,159.9461676751728,161.7178166398378,18111800
2022-08-24 00:00:00+00:00,162.49417114257812,164.6838634867741,159.0205518266917,159.8466602679633,20891500
2022-08-25 00:00:00+00:00,167.98825073242188,168.08778770667038,163.2505853900674,164.40513228041598,15550500
2022-08-26 00:00:00+00:00,161.02110290527344,170.11822735439944,160.9116182981977,167.68967075178267,24023600
2022-08-29 00:00:00+00:00,158.42335510253906,162.28515945273423,158.2641019940911,159.90637119893756,20052700
2022-08-30 00:00:00+00:00,156.42279052734375,160.90168172720922,155.17865408293667,159.5978291634246,19567900
2022-08-31 00:00:00+00:00,162.1656951904297,167.05266623963342,161.3794077283267,166.28628921082225,40953000
2022-09-01 00:00:00+00:00,164.5843048095703,166.5749229058703,159.59781194573478,162.81265591884022,30145700
2022-09-02 00:00:00+00:00,159.5679473876953,167.14223435578117,158.47310140445535,166.6644902845538,22634200
2022-09-06 00:00:00+00:00,157.79629516601562,160.93152788640614,156.95029155870617,159.34899009107613,19339800
2022-09-07 00:00:00+00:00,159.63763427734375,160.2049677838299,156.07442569081752,157.01996634774872,16831200
2022-09-08 00:00:00+00:00,161.29978942871094,161.46899015231475,157.00006203771443,157.96551307438028,22530800
2022-09-09 00:00:00+00:00,168.35653686523438,168.74470682674763,162.25530209515227,162.4842189475287,22086800
2022-09-12 00:00:00+00:00,168.16744995117188,170.58604402934446,166.49532258950057,166.6048072095339,23220400
2022-09-13 00:00:00+00:00,152.41168212890625,160.87180918948542,151.95383327619615,160.78221983126946,44444100
2022-09-14 00:00:00+00:00,150.7594757080078,152.81975771757354,148.35082942673566,152.6107513043194,43064200
2022-09-15 00:00:00+00:00,148.84848022460938,153.47666150459145,148.0024614074372,149.09730750175274,34606300
2022-09-16 00:00:00+00:00,145.603759765625,147.88302608142735,143.61314159011064,147.35551347989295,40122800
2022-09-19 00:00:00+00:00,147.32566833496094,147.88303904300327,144.41936736644539,144.55871004345596,22169500
2022-09-20 00:00:00+00:00,145.4047088623047,148.1418090019097,144.53879476895574,145.09616545833953,23217400
2022-09-21 00:00:00+00:00,141.4533233642578,148.89824631084826,141.3338911330671,145.70329744159392,38338600
2022-09-22 00:00:00+00:00,142.15005493164062,143.90179350464157,140.20919000984014,140.8860081046165,34418500
2022-09-23 00:00:00+00:00,139.75137329101562,141.9509981948922,138.23849900183168,140.75663015067906,31710700
2022-09-26 00:00:00+00:00,135.7303009033203,141.57277581103185,135.5511525501713,139.46271013271172,30497000
2022-09-27 00:00:00+00:00,133.76953125,138.7659869709527,133.49084592888337,137.27302338473746,30826500
2022-09-28 00:00:00+00:00,140.9457244873047,141.36375249344968,133.64015922271042,133.988508300892,32658500
2022-09-29 00:00:00+00:00,135.7701416015625,139.18404511876105,134.5658106986214,138.70630092004708,38985400
2022-09-30 00:00:00+00:00,135.04351806640625,140.32862162290934,134.86436973595366,135.41179272435343,33166400
2022-10-03 00:00:00+00:00,137.9597930908203,138.9650498008152,135.4615727510368,136.49668751865056,27723100
2022-10-04 00:00:00+00:00,139.62196350097656,141.7220663721567,138.68637048909366,139.83098510058932,34670700
2022-10-05 00:00:00+00:00,138.3280487060547,139.55228978287366,134.14775369755077,137.59152972253636,27979300
2022-10-06 00:00:00+00:00,138.4176483154297,140.7864737229414,135.95923354373198,137.07397491197278,36231100
2022-10-07 00:00:00+00:00,132.82400512695312,137.64129784407285,131.81874833697955,136.11847603550902,33214800
2022-10-10 00:00:00+00:00,133.16238403320312,135.4715081962244,131.25139258132864,132.9235195937251,24024000
2022-10-11 00:00:00+00:00,127.93701934814453,132.0377029852794,126.3942948678421,131.00257306242557,38481400
2022-10-12 00:00:00+00:00,126.90190124511719,129.06172001639234,125.65776495840035,127.71806193906448,34605200
2022-10-13 00:00:00+00:00,129.67881774902344,130.5248365706016,121.95522449366555,122.95053360742253,34325700
2022-10-14 00:00:00+00:00,126.1653823852539,131.17177829979363,125.92650273623762,130.38549080100034,23559400
2022-10-17 00:00:00+00:00,133.41122436523438,134.1577061862259,129.56933065237612,129.68877807103863,29612200
2022-10-18 00:00:00+00:00,132.17703247070312,137.19338292947282,130.7835908191714,136.446901212041,25445000
2022-10-19 00:00:00+00:00,132.60501098632812,136.3573300886311,131.59975438518703,132.26660957848378,30691000
2022-10-20 00:00:00+00:00,130.9130096435547,136.12843499157682,130.69404041832243,132.3064363612034,26356300
2022-10-21 00:00:00+00:00,129.40011596679688,129.50960056288432,124.85156179234954,125.71747575136206,46348600
2022-10-24 00:00:00+00:00,129.11151123046875,132.85386837221668,123.98566730826468,126.6530962802291,63563400
2022-10-25 00:00:00+00:00,136.86495971679688,137.70103096931584,129.97742202159375,130.26607018830055,38433200
2022-10-26 00:00:00+00:00,129.2110137939453,134.91412976389933,127.92705675736985,131.0622738413821,82791500
2022-10-27 00:00:00+00:00,97.4805679321289,102.01917463725712,95.92788069594937,97.52038120419559,232316600
2022-10-28 00:00:00+00:00,98.73465728759766,100.37691878148325,97.05259011305071,99.11287959633101,95928300
2022-10-31 00:00:00+00:00,92.72299194335938,98.85409155756919,92.16561372853651,97.75925315434657,121361400
2022-11-01 00:00:00+00:00,94.75342559814453,97.03268440407783,93.11117161789574,93.88751151989102,110189600
2022-11-02 00:00:00+00:00,90.11528778076172,94.75342428726674,90.05557166408238,93.76807039402826,71821100
2022-11-03 00:00:00+00:00,88.49293518066406,90.03565971999477,87.99528063373046,89.65744499802331,60664000
2022-11-04 00:00:00+00:00,90.3641128540039,90.96129678704688,87.67677376490204,89.92617442608974,55638100
2022-11-07 00:00:00+00:00,96.26629638671875,96.42554189242217,92.66327474770942,94.33539432242684,81987300
2022-11-08 00:00:00+00:00,96.0174789428711,97.341241990361,94.34535919699081,95.4700558499673,52088300
2022-11-09 00:00:00+00:00,100.9940185546875,104.40792917158052,100.26743954918638,101.24284583698697,107677300
2022-11-10 00:00:00+00:00,111.34523010253906,112.22109936387615,104.11928401728964,106.61751194751989,80671000
2022-11-11 00:00:00+00:00,112.48983001708984,114.36101596630525,108.29957965918129,108.7176152481457,59961700
2022-11-14 00:00:00+00:00,113.68419647216797,115.72457538892769,110.28024147639127,110.46934502486432,53395000
2022-11-15 00:00:00+00:00,116.5307846069336,118.18299367006456,113.87331128390409,115.52552034703506,50670500
2022-11-16 00:00:00+00:00,112.6988525390625,115.53548195043007,112.13152665678899,113.96289175268743,33287800
2022-11-17 00:00:00+00:00,110.92719268798828,111.8030695285004,109.28493879923917,109.8920779387376,35093800
2022-11-18 00:00:00+00:00,111.5243911743164,113.78373956066838,110.10109881313593,113.26618215369642,33357700
2022-11-21 00:00:00+00:00,109.34465026855469,111.84287805150252,108.67779504320532,110.99685930401769,24351100
2022-11-22 00:00:00+00:00,110.9172592163086,111.0964151753072,107.81189179153499,109.34466886438825,29029000
2022-11-23 00:00:00+00:00,111.71349334716797,112.14147657191677,110.2105820454552,111.19593594667465,21343100
2022-11-25 00:00:00+00:00,110.88739013671875,112.20119784095549,110.49921260278887,110.7779055285652,12007600
2022-11-28 00:00:00+00:00,108.26972198486328,111.51443175614992,107.87159682870937,110.2603401720271,23309400
2022-11-29 00:00:00+00:00,108.946533203125,110.41959401269497,108.03085065335205,109.02615975361113,23899200
2022-11-30 00:00:00+00:00,117.54601287841797,117.60573659299183,108.86691559618392,108.99631064975527,43348600
2022-12-01 00:00:00+00:00,119.87503051757812,120.63145996670963,117.844599040929,118.64084176532097,36551400
2022-12-02 00:00:00+00:00,122.91072082519531,123.45814387740222,117.05830594650168,117.27727516738443,39950500
2022-12-05 00:00:00+00:00,121.85569763183594,124.08518796674628,120.7807619441876,121.17888711668026,35474900
2022-12-06 00:00:00+00:00,113.58467864990234,119.98451654689222,113.20645632725221,119.34751932239357,43689200
2022-12-07 00:00:00+00:00,113.39557647705078,115.33642636278863,112.35049878866486,113.22637573698267,29461100
2022-12-08 00:00:00+00:00,114.78900909423828,116.78957507066605,114.05247483657799,115.84403439087818,30619400
2022-12-09 00:00:00+00:00,115.35633087158203,116.98863725407364,113.33585453188854,114.7591469061642,26033400
2022-12-12 00:00:00+00:00,114.17190551757812,115.1771698309824,112.60927054023759,114.63970200778424,24747100
2022-12-13 00:00:00+00:00,119.58638763427734,122.7216127590243,118.08346879533792,121.55709536278869,44701100
2022-12-14 00:00:00+00:00,121.0196304321289,123.55767168732355,118.82995343856926,118.82995343856926,36922000
2022-12-15 00:00:00+00:00,115.60515594482422,118.07351831295361,113.47519503296823,117.77493013276049,34531000
2022-12-16 00:00:00+00:00,118.86976623535156,122.73156281350674,118.26262707625729,119.66601655358838,67064000
2022-12-19 00:00:00+00:00,113.9429931640625,117.24741918991249,113.7936952750283,116.28196811357817,29769900
2022-12-20 00:00:00+00:00,116.54074096679688,116.77962062248262,111.93246248474388,112.7287128164845,28742500
2022-12-21 00:00:00+00:00,119.19822692871094,119.77550046940596,115.07764762068211,116.15257574054588,20392800
2022-12-22 00:00:00+00:00,116.57061004638672,118.06357376709225,113.84345751583483,116.65022900701699,23618100
2022-12-23 00:00:00+00:00,117.48628997802734,117.6256326479817,114.99801716654831,115.48571651138852,17796600
2022-12-27 00:00:00+00:00,116.33172607421875,118.0436589588536,115.50562528383824,117.37680367744063,21392300
2022-12-28 00:00:00+00:00,115.07763671875,117.59576743581066,114.96815211421644,115.70467869540127,19612500
2022-12-29 00:00:00+00:00,119.69586944580078,120.46225407930325,115.2269263078164,115.85397587428754,22366200
2022-12-30 00:00:00+00:00,119.7754898071289,119.85511635517314,117.18768774453578,117.60572332496524,19583800
2023-01-03 00:00:00+00:00,124.15485382080078,125.77721249819784,121.70639436944211,122.24386218953632,35528500
2023-01-04 00:00:00+00:00,126.77251434326172,128.44463382345305,125.25964035977157,126.78246196620191,32397100
2023-01-05 00:00:00+00:00,126.34454345703125,127.91713370570422,123.95580002508343,125.53833789766517,25447100
2023-01-06 00:00:00+00:00,129.41009521484375,129.71863861013483,125.44876160115716,128.36501760802327,27584500
2023-01-09 00:00:00+00:00,128.8626708984375,132.3263423276313,128.67355973874038,130.54474571400232,26649100
2023-01-10 00:00:00+00:00,132.36614990234375,132.814035916678,126.55354137061703,126.67297359118345,28684400
2023-01-11 00:00:00+00:00,132.26663208007812,133.22213554460268,129.72859071504672,130.34569271415705,25423000
2023-01-12 00:00:00+00:00,136.06871032714844,137.03414615767494,131.1419182560742,132.8140453994428,30757700
2023-01-13 00:00:00+00:00,136.33743286132812,136.7455132270694,134.20747204800026,134.33686708767706,22423800
2023-01-17 00:00:00+00:00,134.7250518798828,136.10853103944976,133.6202580771198,135.54119751417633,21147600
2023-01-18 00:00:00+00:00,132.39602661132812,136.6061800387928,132.1770573846314,135.1729324412187,20215500
2023-01-19 00:00:00+00:00,135.51132202148438,136.80522683289115,131.520138170728,131.8685024155259,28625200
2023-01-20 00:00:00+00:00,138.71621704101562,139.28355048775077,133.97855144399023,135.25254580936195,28688600
2023-01-23 00:00:00+00:00,142.5979461669922,143.085637930656,138.0095703781944,138.63660481536394,27470100
2023-01-24 00:00:00+00:00,142.4685516357422,144.31982726888674,140.6969025573494,141.0253564004958,21970200
2023-01-25 00:00:00+00:00,140.83624267578125,142.49840710963068,139.65182237456102,140.55755733281322,26622000
2023-01-26 00:00:00+00:00,146.60902404785156,146.81803044058447,142.62778790364493,143.72261873097537,25482100
2023-01-27 00:00:00+00:00,151.02821350097656,152.4714087082204,146.69861269203298,147.54463153104425,35771900
2023-01-30 00:00:00+00:00,146.37014770507812,150.4111000524141,146.26066310116065,148.70913006731004,28040100
2023-01-31 00:00:00+00:00,148.2711944580078,149.17692936326716,146.82799933338794,147.25597494675876,29842100
2023-02-01 00:00:00+00:00,152.40171813964844,152.85956698881722,146.37014767659468,147.33559867807605,55661000
2023-02-02 00:00:00+00:00,187.884521484375,196.23516504479508,179.31490868550472,182.51980551677087,150475700
2023-02-03 00:00:00+00:00,185.65501403808594,195.8469851742293,182.03208934926204,182.6093704771839,76809700
2023-02-06 00:00:00+00:00,185.1872100830078,189.80544373360888,184.64974984741363,185.6550065784378,42483800
2023-02-07 00:00:00+00:00,190.7211151123047,192.8709863031072,183.5349825634411,184.7094551386282,47080700
2023-02-08 00:00:00+00:00,182.56951904296875,189.9348146125968,182.06191693019886,189.10870633613692,36139100
2023-02-09 00:00:00+00:00,177.08538818359375,185.7744321256041,176.43844336198575,185.2568823432022,37118800
2023-02-10 00:00:00+00:00,173.3330535888672,178.05082364314865,172.536818550975,175.52274550470025,33433600
2023-02-13 00:00:00+00:00,178.58831787109375,180.15096056474957,174.99526633126692,177.38400227491994,31463200
2023-02-14 00:00:00+00:00,178.63807678222656,180.65855308285208,175.05497305900255,176.32896751888825,24034600
2023-02-15 00:00:00+00:00,176.32896423339844,177.35413139393586,174.50754675346582,175.59243003019583,25308900
2023-02-16 00:00:00+00:00,171.63108825683594,175.025095628684,170.9841282874727,171.93963162023846,25827500
2023-02-17 00:00:00+00:00,172.0690460205078,172.36762660759723,168.90395511245242,169.4215201087607,24171300
2023-02-21 00:00:00+00:00,171.27279663085938,177.33422557764814,171.07373784262953,173.49233173468545,34592600
2023-02-22 00:00:00+00:00,170.31729125976562,171.94959760433574,168.8940065121616,170.2675379536797,22433200
2023-02-23 00:00:00+00:00,171.23297119140625,172.87524032170427,168.58546052289745,171.19316550970734,20017800
2023-02-24 00:00:00+00:00,169.59072875976562,169.91918260811994,166.87353897983232,167.8489377133856,19791300
2023-02-27 00:00:00+00:00,168.74468994140625,172.30789816892718,168.26694584901335,171.07372466464466,19277000
2023-02-28 00:00:00+00:00,174.11936950683594,176.7171267627219,171.06376340066032,171.0936214575041,46051100
2023-03-01 00:00:00+00:00,172.60650634765625,177.01573366141542,172.23824683192723,173.771016199502,30998400
2023-03-02 00:00:00+00:00,173.7113037109375,174.18904784770294,170.6258392892335,171.57139512593176,17352000
2023-03-03 00:00:00+00:00,184.38099670410156,185.74456520713412,176.21946574438505,178.08068875943948,45877700
2023-03-06 00:00:00+00:00,184.03265380859375,188.7703350321703,183.7738788997343,187.11811821575978,33209400
2023-03-07 00:00:00+00:00,183.64447021484375,189.4670343231199,183.14681568207524,188.11341338650107,36701500
2023-03-08 00:00:00+00:00,184.1023406982422,184.39097367878765,180.48936350593286,182.01218534014973,19432400
2023-03-09 00:00:00+00:00,180.8376922607422,188.04371960612082,179.45421337643248,185.47583578465034,26582800
2023-03-10 00:00:00+00:00,178.6679229736328,183.90325832210254,177.96126204950804,180.16088655594882,25665000
2023-03-13 00:00:00+00:00,180.05140686035156,182.91790187644207,173.99994100648928,177.12521091650575,24728000
2023-03-14 00:00:00+00:00,193.10987854003906,193.40847431166495,185.68486586763575,186.70008541627902,41642600
2023-03-15 00:00:00+00:00,196.82237243652344,196.85223049422967,189.94478298357055,192.04488576977488,42123600
2023-03-16 00:00:00+00:00,203.96868896484375,204.79479734999595,195.17016006260434,197.32997901246466,50447100
2023-03-17 00:00:00+00:00,194.6924285888672,200.95291662559214,194.51326503977762,199.61920597424466,50141100
2023-03-20 00:00:00+00:00,196.88209533691406,198.42482751615233,192.7316581133867,197.54895062735395,25186300
2023-03-21 00:00:00+00:00,201.21168518066406,202.59516418009426,197.02142731474626,202.24679993080582,31827000
2023-03-22 00:00:00+00:00,198.8727264404297,206.3972614723649,198.7333837615869,201.55011058632056,28477800
2023-03-23 00:00:00+00:00,203.3217315673828,206.90485022311938,201.2017184304711,201.88848410508817,27389700
2023-03-24 00:00:00+00:00,205.04360961914062,206.60625209994325,202.5951578884906,204.21750129445783,27716400
2023-03-27 00:00:00+00:00,201.88848876953125,204.89432642311226,200.41543559356643,203.84924885877598,18527200
2023-03-28 00:00:00+00:00,199.7386016845703,200.08696590745637,196.97164389541658,199.2110891325726,19127300
2023-03-29 00:00:00+00:00,204.38674926757812,204.75500880981895,201.58991767237677,202.60513730369368,18851100
2023-03-30 00:00:00+00:00,206.8650360107422,207.1138632813057,201.86859535261925,202.42596600872767,22608300
2023-03-31 00:00:00+00:00,210.94580078125,211.17471760847994,205.80005485682372,206.26785132151798,25440300
2023-04-03 00:00:00+00:00,212.0705108642578,212.4885388512506,207.22334536538006,207.8603425627802,17924600
2023-04-04 00:00:00+00:00,213.7127685546875,215.22564262061434,211.5429868458595,212.38900564540293,21026400
2023-04-05 00:00:00+00:00,210.4879608154297,214.18056419915374,208.95519150856262,213.14543424703638,19396600
2023-04-06 00:00:00+00:00,215.08628845214844,215.92234439628268,207.6712239946029,208.26841549024772,26104400
2023-04-10 00:00:00+00:00,213.74264526367188,214.64838025756657,209.67183438413997,213.70283957905806,16106100
2023-04-11 00:00:00+00:00,212.8468475341797,215.00666636154685,212.40890911992813,214.46919096688868,16710100
2023-04-12 00:00:00+00:00,212.99615478515625,215.82282908223397,211.5828176366174,213.8322108132138,18972200
2023-04-13 00:00:00+00:00,219.3163604736328,220.11259558285633,214.67821654507077,214.71802222564747,23310400
2023-04-14 00:00:00+00:00,220.45103454589844,221.06812137423213,216.52951396808535,216.85796781816344,21591200
2023-04-17 00:00:00+00:00,217.83335876464844,219.9434092793781,216.11147820663248,218.75898897403798,15481900
2023-04-18 00:00:00+00:00,216.86788940429688,219.40593053219777,215.1957774816206,218.87841794798126,12281000
2023-04-19 00:00:00+00:00,214.6881866455078,216.31054546546787,211.93117597017783,212.46865143110782,15898100
2023-04-20 00:00:00+00:00,212.0705108642578,215.7332409525059,211.77191510577404,212.47857604073408,16475400
2023-04-21 00:00:00+00:00,211.89137268066406,212.40893771146614,208.59690169437602,209.2239513434783,17717200
2023-04-24 00:00:00+00:00,211.7918243408203,212.9165285242688,209.72159470294358,212.67764886426204,15750900
2023-04-25 00:00:00+00:00,206.576416015625,210.26900443754622,206.15838799732518,209.83108117114566,19198200
2023-04-26 00:00:00+00:00,208.417724609375,213.10563726845726,207.90017479939294,211.50318897041646,41992700
2023-04-27 00:00:00+00:00,237.44091796875,240.55624006896562,235.65932150091436,238.76468079109065,71196500
2023-04-28 00:00:00+00:00,239.1926727294922,239.3021421427726,234.64410318489115,237.8888051464784,39554000
2023-05-01 00:00:00+00:00,242.0392608642578,242.85542162022017,235.3507976508865,237.50065377540756,29143900
2023-05-02 00:00:00+00:00,238.1177520751953,243.77110041454424,237.86892480278289,242.0392571311576,24350100
2023-05-03 00:00:00+00:00,235.91810607910156,240.6159660732543,231.65818450279187,238.34666262371402,34463900
2023-05-04 00:00:00+00:00,232.424560546875,237.08259934924638,231.83731669809606,234.95263870943202,17889400
2023-05-05 00:00:00+00:00,231.6880340576172,233.579115133768,228.77178589877687,231.15057386548511,26978900
2023-05-08 00:00:00+00:00,232.17576599121094,234.51473334429355,229.18983858856006,230.3344380180247,16400500
2023-05-09 00:00:00+00:00,232.2752685546875,234.77350399447775,229.99601750847725,230.37423980806227,16865600
2023-05-10 00:00:00+00:00,231.9866485595703,235.6394311610159,229.63771845877667,235.06215005629753,19119000
2023-05-11 00:00:00+00:00,234.68389892578125,237.09256003458518,231.21028028742745,231.9567620262888,20449000
2023-05-12 00:00:00+00:00,232.71322631835938,235.84845920450806,230.36429615334117,235.62948997993087,16155300
2023-05-15 00:00:00+00:00,237.73953247070312,239.13295913720881,234.22609255917436,235.8086303848226,20653200
2023-05-16 00:00:00+00:00,237.69970703125,238.51585252887566,234.4151842335425,234.68390673368185,18163800
2023-05-17 00:00:00+00:00,241.35252380371094,242.69618205809556,237.0229228805313,237.3314662903408,21193100
2023-05-18 00:00:00+00:00,245.6920623779297,245.93092684694426,240.05860911308702,240.16809372378933,22943300
2023-05-19 00:00:00+00:00,244.4877471923828,247.52344323906496,242.26821196591578,246.3091648203921,21599800
2023-05-22 00:00:00+00:00,247.15516662597656,252.3805394775979,243.9701653095046,244.25881345757563,27738500
2023-05-23 00:00:00+00:00,245.58258056640625,250.4297311767593,245.49299120229273,245.6522443082589,17748100
2023-05-24 00:00:00+00:00,248.0409698486328,248.41917695242464,243.80094366443757,244.12939746653794,17724300
2023-05-25 00:00:00+00:00,251.50466918945312,254.42091768179606,248.00117676182518,252.21133017450006,22371400
2023-05-26 00:00:00+00:00,260.810791015625,261.0795135233531,251.5245557905279,251.74350980849536,25727200
2023-05-30 00:00:00+00:00,261.28851318359375,267.3897623404906,260.06430252774226,264.0057177449401,23816500
2023-05-31 00:00:00+00:00,263.47821044921875,263.7568957656169,257.2376336992919,258.78035056249206,25473700
2023-06-01 00:00:00+00:00,271.3311767578125,272.7146708722513,264.64272931776173,264.65266175333346,25609500
2023-06-02 00:00:00+00:00,271.3311767578125,274.0583441211411,269.84817604113204,271.380960433354,19405300
2023-06-05 00:00:00+00:00,270.1169128417969,274.27729699869366,268.29548043796774,269.031999347484,20742900
2023-06-06 00:00:00+00:00,269.8482360839844,275.2726835876364,268.42495116172773,268.8728524691586,19419000
2023-06-07 00:00:00+00:00,262.3634948730469,272.9635311187251,261.5672293379274,270.3956469072227,26163600
2023-06-08 00:00:00+00:00,263.3388366699219,266.3944425296156,257.66559370628426,259.3974216123689,20899400
2023-06-09 00:00:00+00:00,263.7071228027344,266.69304970199425,260.47236866186955,261.24870844070034,16938500
2023-06-12 00:00:00+00:00,269.77850341796875,270.47523189644943,264.085334488373,265.91672985333565,15442500
2023-06-13 00:00:00+00:00,270.0472717285156,274.42662568433303,267.82772150543565,273.5905696870389,16164000
2023-06-14 00:00:00+00:00,272.0677490234375,273.70004015551854,267.06134545688445,270.61460623980014,19175100
2023-06-15 00:00:00+00:00,280.5079650878906,282.6578365022489,270.14682353972785,271.02267007942214,25973500
2023-06-16 00:00:00+00:00,279.681884765625,286.4997588499214,278.81597062287807,283.4142942598282,43102500
2023-06-20 00:00:00+00:00,282.9962158203125,283.4640123003581,274.92427380491404,277.4225093020109,20701600
2023-06-21 00:00:00+00:00,280.31884765625,282.6677623694573,277.05420490324326,282.1999659139394,20556200
2023-06-22 00:00:00+00:00,283.54364013671875,283.9218624264393,276.48690278855537,277.77082956228554,17563100
2023-06-23 00:00:00+00:00,287.3756103515625,288.3112033451979,277.64148846781046,280.1894773602233,50988400
2023-06-26 00:00:00+00:00,277.1637268066406,288.43063312942365,276.29781274794044,287.34574985333995,24232700
2023-06-27 00:00:00+00:00,285.7034606933594,287.992689813464,279.3334886243804,280.68712477465124,26108300
2023-06-28 00:00:00+00:00,283.9517517089844,288.19174797067035,282.7275105377967,283.4839552004256,16722100
2023-06-29 00:00:00+00:00,280.2093811035156,285.2257476763586,279.37332507044584,283.16545046570934,15395700
2023-06-30 00:00:00+00:00,285.6337890625,287.6940556173731,283.08580044078826,283.4242018574071,19676000
2023-07-03 00:00:00+00:00,284.67828369140625,288.0424331420296,283.51378911198844,285.35511693031197,8629300
2023-07-05 00:00:00+00:00,292.9891357421875,296.72154487782586,285.0167001086486,286.3006573561467,33865500
2023-07-06 00:00:00+00:00,290.62030029296875,296.72155005981983,289.94349738108144,294.5020301613624,47600500
2023-07-07 00:00:00+00:00,289.1671447753906,294.8105606037905,287.30592166227655,290.80939867670173,25546200
2023-07-10 00:00:00+00:00,292.7204284667969,296.73152314518745,285.7034807016354,294.16360851643054,37058300
2023-07-11 00:00:00+00:00,296.8907775878906,298.7718961039844,290.53073748119385,292.5213557994952,27585900
2023-07-12 00:00:00+00:00,307.888916015625,307.99841581227344,298.69226957179035,300.3345235261289,36677100
2023-07-13 00:00:00+00:00,311.9398193359375,314.7565306398543,308.8344598968248,312.148825735841,30281000
2023-07-14 00:00:00+00:00,307.42108154296875,313.40289826663997,305.9181552547977,310.32739714586023,22576000
2023-07-17 00:00:00+00:00,309.16290283203125,310.2477860887302,303.2806225002827,306.09736421786033,25323100
2023-07-18 00:00:00+00:00,310.5862121582031,312.7261511581507,306.1769998560628,309.42171744719434,20764600
2023-07-19 00:00:00+00:00,314.52764892578125,317.18510730194566,309.06338112949766,311.56161677383153,21763700
2023-07-20 00:00:00+00:00,301.10089111328125,314.05983473863796,300.8023105398768,312.0293957162204,23836900
2023-07-21 00:00:00+00:00,292.879638671875,304.02708134664186,289.8339955346659,303.1412721234402,42089700
2023-07-24 00:00:00+00:00,290.2420654296875,296.1243457210145,286.9475948140285,294.3925176464592,24915700
2023-07-25 00:00:00+00:00,293.08868408203125,296.90070472883343,290.4909114282854,293.8053078788138,19585600
2023-07-26 00:00:00+00:00,297.1694641113281,300.35443520853624,290.5307386288225,299.7771692586956,47256900
2023-07-27 00:00:00+00:00,310.247802734375,323.82383394912125,308.38657950722336,323.5949019127115,64229200
2023-07-28 00:00:00+00:00,323.95318603515625,324.66980973407146,312.7758549689372,315.3935225132305,39220300
2023-07-31 00:00:00+00:00,317.10546875,324.1323481985344,316.10019689176113,322.1715881591069,25799600
2023-08-01 00:00:00+00:00,321.1961975097656,322.61951263548195,313.1839712460445,316.05046637065453,22817900
2023-08-02 00:00:00+00:00,312.8356018066406,316.89647995750096,309.1927668438837,316.5082948275176,20461100
2023-08-03 00:00:00+00:00,311.7208557128906,314.4679185156936,308.47613836606814,308.47613836606814,15180200
2023-08-04 00:00:00+00:00,309.27239990234375,316.916366310776,308.74488730741234,313.48253785122665,17600200
2023-08-07 00:00:00+00:00,315.0750732421875,315.5826906464642,309.0036811374816,311.76070702016386,16236500
2023-08-08 00:00:00+00:00,311.1734619140625,316.3988348621986,308.6553006481801,312.92518533349585,15183500
2023-08-09 00:00:00+00:00,303.7782897949219,312.1588059993001,301.4293748376465,311.41232415491487,19955800
2023-08-10 00:00:00+00:00,304.3058166503906,310.8748632631293,302.44459335790685,306.49550897944533,14358900
2023-08-11 00:00:00+00:00,300.2250671386719,303.29060596157103,298.95104226487763,301.15069736001476,13967800
2023-08-14 00:00:00+00:00,304.7536926269531,304.77358787395633,296.8509360242171,299.5681407740844,15641900
2023-08-15 00:00:00+00:00,300.5335998535156,305.788830773249,298.62259298523816,304.70394748127944,11623600
2023-08-16 00:00:00+00:00,292.90948486328125,299.6676108902431,292.8995220537815,298.79176451241966,18547700
2023-08-17 00:00:00+00:00,283.752685546875,294.6612654651381,283.61335805879924,291.6753379770627,23950100
2023-08-18 00:00:00+00:00,281.9212951660156,284.3498517361462,273.0929085409362,277.72108965942147,34061200
2023-08-21 00:00:00+00:00,288.54010009765625,289.1372916285723,280.5278740456698,282.1203746699717,20181500
2023-08-22 00:00:00+00:00,286.25091552734375,291.5260418341039,285.40489668112855,291.1776775592595,12999900
2023-08-23 00:00:00+00:00,292.8597412109375,296.0049216263318,286.320583478428,287.14667667048064,18287000
2023-08-24 00:00:00+00:00,285.4049072265625,298.0552783933872,285.29543779653994,297.0997900858898,18360900
2023-08-25 00:00:00+00:00,284.1607666015625,287.0372246680765,274.73518759423246,284.78781623540743,23701400
2023-08-28 00:00:00+00:00,288.8984069824219,290.08282715075666,284.45930686646926,286.64899886870694,14239300
2023-08-29 00:00:00+00:00,296.5921936035156,297.7467559781193,286.8282122937407,287.2263299187421,20844500
2023-08-30 00:00:00+00:00,293.7157287597656,296.89076729736024,292.0535491568498,295.77602593765755,17717000
2023-08-31 00:00:00+00:00,294.5020446777344,299.6875969448397,294.2731126340071,294.41244012300496,17229900
2023-09-01 00:00:00+00:00,294.98974609375,300.3245888357522,293.08870187335276,297.96571088735953,12819800
2023-09-05 00:00:00+00:00,298.7420349121094,299.97623891112556,294.1238162567697,295.62671241672155,14956000
2023-09-06 00:00:00+00:00,297.7666015625,301.8772021443766,294.27305731524604,300.2946645076463,15418100
2023-09-07 00:00:00+00:00,297.26898193359375,305.60964666787106,290.84922609591115,296.60211147258366,33748700
2023-09-08 00:00:00+00:00,296.49267578125,303.818137002805,295.3878667610834,297.8164236686357,17548000
2023-09-11 00:00:00+00:00,306.1172790527344,307.5903475262006,299.8667388198271,299.9961338689429,19489300
2023-09-12 00:00:00+00:00,300.2449645996094,307.21212871378674,298.82167979186084,304.8930413632468,13480400
2023-09-13 00:00:00+00:00,303.6289978027344,305.73904827782064,299.9065514127019,300.9416510282082,13210900
2023-09-14 00:00:00+00:00,310.25775146484375,311.4023508460972,303.59913120744346,305.3011012504276,19343100
2023-09-15 00:00:00+00:00,298.9012451171875,310.5364098255404,297.34856549801344,310.14822473353667,28106400
2023-09-18 00:00:00+00:00,301.1307373046875,302.1758300192665,296.4030193740689,296.79120447862084,14234200
2023-09-19 00:00:00+00:00,303.63897705078125,304.73382321724205,298.4036410748847,301.06112993463853,15924400
2023-09-20 00:00:00+00:00,298.2642822265625,306.6149095251009,298.02538739527154,303.61901950604306,19379500
2023-09-21 00:00:00+00:00,294.3427429199219,298.85149149662203,291.8942608985676,294.3128848647551,21300500
2023-09-22 00:00:00+00:00,297.6770324707031,303.94749802972694,296.87083452909513,297.89600168783267,25369600
2023-09-25 00:00:00+00:00,299.4188537597656,299.5383163784786,292.3223246667054,294.2532269478099,18987000
2023-09-26 00:00:00+00:00,297.5575866699219,298.89129715910343,294.62144318141753,296.26369704779074,19417200
2023-09-27 00:00:00+00:00,296.34332275390625,299.8866207323841,285.44470629532236,299.0406322939545,36429800
2023-09-28 00:00:00+00:00,302.53411865234375,304.8929961498602,295.3081958829428,297.5376783490477,22167100
2023-09-29 00:00:00+00:00,298.8017272949219,309.18282397593697,297.95570851083454,305.9381066890614,25356600
2023-10-02 00:00:00+00:00,305.3807678222656,305.7390645449065,300.21511078321447,301.31988938578274,16265600
2023-10-03 00:00:00+00:00,299.5283508300781,305.3309900577834,298.23446102955893,302.8327846391416,17362300
2023-10-04 00:00:00+00:00,304.14654541015625,305.46036072928314,297.09977025429816,297.32870228509904,16880500
2023-10-05 00:00:00+00:00,303.3602600097656,304.77358187976694,298.0950665235925,303.20100691360363,19130000
2023-10-06 00:00:00+00:00,313.9503479003906,314.82622478441607,299.4984704372424,300.02598305497264,21784000
2023-10-09 00:00:00+00:00,316.8665466308594,318.82730650139854,310.3572478875588,311.03405069200403,22503700
2023-10-10 00:00:00+00:00,320.33026123046875,323.1370400432874,316.6675312137756,317.62301939760385,19038000
2023-10-11 00:00:00+00:00,326.2822265625,327.2974308789376,321.4350762523211,321.49479236655725,22036300
2023-10-12 00:00:00+00:00,322.639404296875,328.9894812698115,321.176298692219,326.4613876290649,20530500
2023-10-13 00:00:00+00:00,313.2138366699219,323.52522481264265,310.904712168084,322.012365849934,21341000
2023-10-16 00:00:00+00:00,319.64349365234375,320.31036407708376,314.03989887039273,317.14528860458284,16536100
2023-10-17 00:00:00+00:00,322.4801025390625,322.87822004756026,315.8115203676538,316.6873971110003,16387800
2023-10-18 00:00:00+00:00,315.483154296875,324.41107892146374,314.07976469792465,319.88243426925715,16851000
2023-10-19 00:00:00+00:00,311.3426818847656,320.3801068212302,310.28765651709955,318.379525522907,18709200
2023-10-20 00:00:00+00:00,307.2021484375,313.8209478947954,305.03238188372967,312.66641606529106,22287400
2023-10-23 00:00:00+00:00,312.5370178222656,315.8712789822451,305.81868144861016,308.048164095756,17796800
2023-10-24 00:00:00+00:00,311.0838317871094,316.8566425084314,309.17285541857785,315.29400000826496,19525500
2023-10-25 00:00:00+00:00,298.1249694824219,309.4217352054743,297.43820369059677,308.5458582318755,42192500
2023-10-26 00:00:00+00:00,286.9974060058594,293.61620592903563,278.08937676095405,293.61620592903563,66684100
2023-10-27 00:00:00+00:00,295.33807373046875,297.9059577876648,291.59570187635046,293.09862830435657,29596300
2023-10-30 00:00:00+00:00,301.240234375,307.9486075109332,297.64715298545684,297.68697385145646,28435100
2023-10-31 00:00:00+00:00,299.8567199707031,302.2554182134435,295.467403804469,301.88715875750415,19434200
2023-11-01 00:00:00+00:00,310.3871765136719,311.27298589674984,300.43408462850954,300.43408462850954,20434600
2023-11-02 00:00:00+00:00,309.4117431640625,317.3244628661548,306.8836494789848,315.8115735548844,21631800
2023-11-03 00:00:00+00:00,313.124267578125,314.0697930547671,309.5610437782957,311.0838655769867,16754100
2023-11-06 00:00:00+00:00,314.318603515625,316.8367343387527,312.9749605221039,314.4977822392614,12887700
2023-11-07 00:00:00+00:00,317.324462890625,319.4942294957813,313.6418069740816,315.57270910877634,14055600
2023-11-08 00:00:00+00:00,318.2799377441406,319.8226546749476,313.4029293062361,316.64764664068247,13609700
2023-11-09 00:00:00+00:00,319.04632568359375,322.65930264250363,317.3045347267746,317.92165189456364,16103100
2023-11-10 00:00:00+00:00,327.2277526855469,327.55622168900237,317.9614276546455,318.43918694402515,19096200
2023-11-13 00:00:00+00:00,327.6457824707031,330.77103703454463,324.17216367099354,324.6698181866847,16908900
2023-11-14 00:00:00+00:00,334.732421875,336.51403377999327,331.7663896371569,332.97073559288077,17179400
2023-11-15 00:00:00+00:00,331.14923095703125,336.8125412903782,328.47184746202885,336.3447448707275,14531200
2023-11-16 00:00:00+00:00,332.622314453125,333.0104691652911,324.8489536558696,327.8249178220162,18932600
2023-11-17 00:00:00+00:00,333.4683837890625,333.92621749002217,327.8050723352092,328.7108073003068,14494400
2023-11-20 00:00:00+00:00,338.375244140625,340.2663254015602,332.6223586182126,333.31908715486327,16960500
2023-11-21 00:00:00+00:00,335.3992614746094,338.30554695046993,334.32431066891235,336.7429044200972,12027900
2023-11-22 00:00:00+00:00,339.8880920410156,341.31140712685965,336.9917389389294,337.61878852667485,10702700
2023-11-24 00:00:00+00:00,336.6434326171875,340.2563794017184,335.1902593545955,338.53451397155635,5467500
2023-11-27 00:00:00+00:00,333.12994384765625,338.30553256901203,332.632289333617,334.60298176958304,15684500
2023-11-28 00:00:00+00:00,337.39984130859375,337.7880264594292,331.83606676759354,331.83606676759354,12637200
2023-11-29 00:00:00+00:00,330.6416931152344,338.3055549129589,329.2283408372704,338.0965485080961,16024500
2023-11-30 00:00:00+00:00,325.6153564453125,331.9355751199318,320.8876383588967,330.3331420956273,23146400
2023-12-01 00:00:00+00:00,323.2963562011719,325.3267651910725,319.2554030970459,323.95326394770245,15264700
2023-12-04 00:00:00+00:00,318.518798828125,319.3548548050956,312.18864769916655,315.80162449657615,19037100
2023-12-05 00:00:00+00:00,316.79693603515625,320.37009199258137,313.9105457738759,317.48370173130104,16952100
2023-12-06 00:00:00+00:00,315.96087646484375,320.7383478517337,315.5527961011568,320.4198416594284,11294300
2023-12-07 00:00:00+00:00,325.0579528808594,326.7002066065437,316.27932047523444,316.27932047523444,15905100
2023-12-08 00:00:00+00:00,331.1890869140625,331.6071300804727,321.48482366113353,321.5743978308453,14077500
2023-12-11 00:00:00+00:00,323.7541198730469,328.34251029334774,318.49888941271394,327.8547882143282,25802500
2023-12-12 00:00:00+00:00,332.6521911621094,332.90101842405295,323.0375021156789,323.0773229824279,18485500
2023-12-13 00:00:00+00:00,333.1697692871094,336.7827462979258,331.07964440843716,332.36357131975313,16353300
2023-12-14 00:00:00+00:00,331.60711669921875,333.12993827171306,327.0983680924674,332.28391953712276,19607300
2023-12-15 00:00:00+00:00,333.34893798828125,337.0713843119748,329.6662821591047,330.43265923327004,30001600
2023-12-18 00:00:00+00:00,343.00341796875,345.92962915941496,335.43906271651696,335.89692677315173,18993900
2023-12-19 00:00:00+00:00,348.71649169921875,351.94131393033064,343.50108158543,343.95891527972447,17729400
2023-12-20 00:00:00+00:00,347.64154052734375,353.2948885887663,346.1585397764873,347.01449097178335,16369900
2023-12-21 00:00:00+00:00,352.42901611328125,354.7381406497163,347.5719025623058,351.324237527619,15289600
2023-12-22 00:00:00+00:00,351.7322998046875,355.5244250713496,349.57246567835153,353.9119988039421,11764200
2023-12-26 00:00:00+00:00,353.1654968261719,355.3054355830845,351.79199585176616,353.32474991909316,9898600
2023-12-27 00:00:00+00:00,356.1514587402344,357.3159838070823,353.643290624348,354.3997352959561,13207900
2023-12-28 00:00:00+00:00,356.63916015625,360.2023533310822,356.13154280090816,358.01269155934705,11798800
2023-12-29 00:00:00+00:00,352.2995910644531,358.3112663717508,350.1696454423874,357.3059944879482,14980500
