Price,Close,High,Low,Open,Volume
Ticker,MSFT,MSFT,MSFT,MSFT,MSFT
Date,,,,,
2015-01-02 00:00:00+00:00,40.07212448120117,40.637727496436796,39.88359232218806,39.98642834247686,27913900
2015-01-05 00:00:00+00:00,39.70363235473633,40.04642021227634,39.63507282176925,39.73790885212141,39673900
2015-01-06 00:00:00+00:00,39.120887756347656,40.063558411327804,39.02662003702997,39.7464787574306,36447900
2015-01-07 00:00:00+00:00,39.61793518066406,39.81503894545161,38.98377581032129,39.403691531664734,29114100
2015-01-08 00:00:00+00:00,40.78341293334961,40.92052871030609,40.037846100467384,40.063554287053606,29645200
2015-01-09 00:00:00+00:00,40.44063186645508,40.98052680208878,40.19211170671151,40.800562913243816,23944200
2015-01-12 00:00:00+00:00,39.93501281738281,40.7405709885226,39.729340755588574,40.637731688527,23651900
2015-01-13 00:00:00+00:00,39.72934341430664,41.057653405039076,39.47225168530983,40.25209844908942,35270600
2015-01-14 00:00:00+00:00,39.38656234741211,39.62651752246592,39.095190774853556,39.38656234741211,29719600
2015-01-15 00:00:00+00:00,38.97520065307617,39.74647902625709,38.91521269839525,39.60936323425808,32750800
2015-01-16 00:00:00+00:00,39.62649917602539,39.660775668792574,38.70953352617026,38.82951269269848,35695300
2015-01-20 00:00:00+00:00,39.75504684448242,39.97786204692915,39.052328010485795,39.67791900811214,36161900
2015-01-21 00:00:00+00:00,39.35226821899414,39.54080365869001,38.97520060870075,39.369408101611796,39081100
2015-01-22 00:00:00+00:00,40.38921356201172,40.39778186955498,39.48939089143091,39.746482616011335,35898000
2015-01-23 00:00:00+00:00,40.43206024169922,40.61202411578102,40.10640899162367,40.586315924940344,26211600
2015-01-26 00:00:00+00:00,40.286373138427734,40.389212440683686,39.62650559566075,40.277804831122346,42525500
2015-01-27 00:00:00+00:00,36.55854797363281,37.02131518991796,36.08721244701632,36.80707147153777,169164000
2015-01-28 00:00:00+00:00,35.29877853393555,36.66993969756246,35.27307034500635,36.62709162631437,84507100
2015-01-29 00:00:00+00:00,36.00151062011719,36.095778373033546,34.95600356647081,35.075979517782734,63585300
2015-01-30 00:00:00+00:00,34.62178039550781,35.633010838315066,34.5789290437336,35.607299373430706,78004900
2015-02-02 00:00:00+00:00,35.375911712646484,35.45303956018098,34.47608900414318,34.78460039428118,50352500
2015-02-03 00:00:00+00:00,35.65013122558594,35.93293432686735,35.178795992547926,35.67584267876458,52082400
2015-02-04 00:00:00+00:00,35.8558235168457,36.17290325763679,35.4444760309034,35.94151968383814,41614800
2015-02-05 00:00:00+00:00,36.37857437133789,36.541398377179114,35.87295919950596,36.181470595077826,36548200
2015-02-06 00:00:00+00:00,36.34429931640625,36.66995063943913,36.12148731797276,36.575682893105984,34616600
2015-02-09 00:00:00+00:00,36.301448822021484,36.6271001234317,36.1729013093572,36.19861277334948,31381100
2015-02-10 00:00:00+00:00,36.50711441040039,36.6528017833848,36.14718666967149,36.62709359307516,29670700
2015-02-11 00:00:00+00:00,36.318580627441406,36.549964137294914,36.17289326089735,36.549964137294914,38262500
2015-02-12 00:00:00+00:00,36.92703628540039,36.92703628540039,36.42998943960991,36.55853693947951,33268800
2015-02-13 00:00:00+00:00,37.59547424316406,37.59547424316406,36.97845476307092,37.17555852592971,40264900
2015-02-17 00:00:00+00:00,37.61273956298828,37.975228803046434,37.2761381784667,37.94933765514619,33695700
2015-02-18 00:00:00+00:00,37.569583892822266,37.71630808224364,37.44875414410097,37.655893207883,27111700
2015-02-19 00:00:00+00:00,37.5436897277832,37.56958087403916,37.15530607212654,37.26750652650813,27603400
2015-02-20 00:00:00+00:00,37.854393005371094,37.87165486533319,37.36244151972234,37.55231539457912,29721100
2015-02-23 00:00:00+00:00,38.10468292236328,38.13920334800926,37.67314632434042,37.71629932567012,32518800
2015-02-24 00:00:00+00:00,38.052913665771484,38.234158324507554,37.90618944748678,38.1046992649951,25271700
2015-02-25 00:00:00+00:00,37.96659851074219,38.05290452969606,37.80261246542082,37.93207478621521,29759800
2015-02-26 00:00:00+00:00,38.027008056640625,38.17372892678604,37.880283894132084,37.966593193361554,28957300
2015-02-27 00:00:00+00:00,37.845760345458984,38.14783795558249,37.68177761472666,38.08742309203041,33807700
2015-03-02 00:00:00+00:00,37.87166213989258,38.13921278978955,37.586846334354,37.69041422165722,31924000
2015-03-03 00:00:00+00:00,37.353816986083984,37.828510006338334,37.18983421968221,37.5954797852218,31748600
2015-03-04 00:00:00+00:00,37.16393280029297,37.293391803562066,37.0085793624797,37.12077650684033,25748700
2015-03-05 00:00:00+00:00,37.207096099853516,37.31929656763281,36.95680401494734,37.17257237248083,23193500
2015-03-06 00:00:00+00:00,36.55978775024414,37.20709276482392,36.37854313632906,37.11215416924072,36248800
2015-03-09 00:00:00+00:00,36.98268508911133,37.22434782252014,36.413056912101126,36.413056912101126,32108000
2015-03-10 00:00:00+00:00,36.27497100830078,36.861861136121526,36.27497100830078,36.551154210526605,39159700
2015-03-11 00:00:00+00:00,36.23182678222656,36.56842493575202,36.110997013511195,36.51664263051073,32215300
2015-03-12 00:00:00+00:00,35.40327835083008,35.94701562354828,35.265186710878645,35.67083234364541,59992500
2015-03-13 00:00:00+00:00,35.7139778137207,35.79165455054496,35.0494109080829,35.12708764490715,58007700
2015-03-16 00:00:00+00:00,35.869319915771484,35.93836405307981,35.62765720428572,35.79164320357297,35273500
2015-03-17 00:00:00+00:00,35.99015426635742,36.10235470785997,35.51546464942628,35.705338520780884,31673400
2015-03-18 00:00:00+00:00,36.68061828613281,36.96543407904203,35.67082402188441,35.75713004208279,44194800
2015-03-19 00:00:00+00:00,36.49938201904297,36.75830343124076,36.438967132608965,36.47348757316812,33879100
2015-03-20 00:00:00+00:00,37.008602142333984,37.09490819763723,36.67200391734036,36.73241881452563,71904500
2015-03-23 00:00:00+00:00,36.9913215637207,37.22435174601789,36.92227412050821,37.00858342452383,26246100
2015-03-24 00:00:00+00:00,37.02585220336914,37.2588791368426,36.89638986933817,36.9222810191988,25513300
2015-03-25 00:00:00+00:00,35.78303146362305,37.05175073746606,35.76576959615445,37.04311815754947,43469900
2015-03-26 00:00:00+00:00,35.567256927490234,35.91248763261984,35.31696483088946,35.575889505918674,37495600
2015-03-27 00:00:00+00:00,35.360103607177734,35.75711641658767,35.23927390799752,35.48956258814408,34401400
2015-03-30 00:00:00+00:00,35.35148620605469,35.852070365925655,35.30833319387776,35.4723159570956,35049700
2015-03-31 00:00:00+00:00,35.09257125854492,35.41190755789265,34.98900335190649,35.196139165183354,34887200
2015-04-01 00:00:00+00:00,35.14434814453125,35.17886857660898,34.79048819991686,35.04077697120735,36865300
2015-04-02 00:00:00+00:00,34.773231506347656,35.16161523313224,34.62650730184501,35.09256777398651,37487500
2015-04-06 00:00:00+00:00,35.860694885253906,36.05920134877577,34.678285388465696,34.816376984496706,39223700
2015-04-07 00:00:00+00:00,35.84343338012695,36.17140215859356,35.65355949142598,35.912480825009766,28809400
2015-04-08 00:00:00+00:00,35.748504638671875,35.981534890808504,35.4205390622108,35.78302837062492,24753400
2015-04-09 00:00:00+00:00,35.8002815246582,35.921111264725845,35.601775052780866,35.601775052780866,25723900
2015-04-10 00:00:00+00:00,36.00742721557617,36.20593372407025,35.739873247242016,35.92975046943813,28022000
2015-04-13 00:00:00+00:00,36.04194259643555,36.30086724214453,35.72260637038841,35.731238947839316,30276700
2015-04-14 00:00:00+00:00,35.94701385498047,36.27497942600171,35.72261289337201,36.07647290911067,24244400
2015-04-15 00:00:00+00:00,36.473480224609375,36.64609556208472,35.97289936753097,36.04194352710287,27343600
2015-04-16 00:00:00+00:00,36.38716506958008,36.542518505080814,36.09372005723012,36.20592049228352,22509700
2015-04-17 00:00:00+00:00,35.92110061645508,36.024671756408225,35.52408779038888,35.96425361192097,42387600
2015-04-20 00:00:00+00:00,37.034481048583984,37.258878693555445,35.972901116197534,36.016054129573135,46057700
2015-04-21 00:00:00+00:00,36.80144119262695,37.24161037398853,36.70650261263277,37.112148075385,26013800
2015-04-22 00:00:00+00:00,37.10352325439453,37.224352991696534,36.72376888874433,36.82733676466556,25064300
2015-04-23 00:00:00+00:00,37.405601501464844,37.638631715880244,36.93954107263404,37.017217810772514,46309500
2015-04-24 00:00:00+00:00,41.31532287597656,41.548353089848945,39.399302160298824,39.407931445687986,130933700
2015-04-27 00:00:00+00:00,41.453407287597656,41.539716588314654,40.754320059787446,40.76294934367756,59248200
2015-04-28 00:00:00+00:00,42.428680419921875,42.47183342352371,41.16859427751458,41.23763842480489,60730800
2015-04-29 00:00:00+00:00,42.34237289428711,42.558141196921824,41.859050711134664,42.048927871009376,47804600
2015-04-30 00:00:00+00:00,41.979896545410156,42.75666404995804,41.945372813571524,42.03168214316811,64725500
2015-05-01 00:00:00+00:00,41.997154235839844,42.18703144970986,41.772756585927596,41.928110071391444,38937300
2015-05-04 00:00:00+00:00,41.63465118408203,42.17838491087199,41.58286560861318,41.74684832572023,34039500
2015-05-05 00:00:00+00:00,41.08230209350586,41.565624495350626,40.83201325139551,41.27217933929568,50369200
2015-05-06 00:00:00+00:00,39.943031311035156,41.22901197798189,39.718633701447,41.0563966593338,52433000
2015-05-07 00:00:00+00:00,40.30552673339844,40.642124818380886,39.83946632694724,39.934404923709174,32971700
2015-05-08 00:00:00+00:00,41.211753845214844,41.410260327291404,41.013247363138284,41.039138510950636,35364900
2015-05-11 00:00:00+00:00,40.883785247802734,41.34984566498329,40.883785247802734,41.039138720196256,24609400
2015-05-12 00:00:00+00:00,40.86653137207031,41.15134722457784,40.0638727052855,40.43499459605113,29928300
2015-05-13 00:00:00+00:00,41.10818099975586,41.70370037410507,41.056395418018134,41.591499926521614,34184600
2015-05-14 00:00:00+00:00,42.04893493652344,42.13524095513418,41.45341221407316,41.45341221407316,32980900
2015-05-15 00:00:00+00:00,41.68644332885742,42.212918614067725,41.4706749852377,42.1783948889213,28642700
2015-05-18 00:00:00+00:00,41.4361457824707,41.617393669347706,41.09091845373441,41.41025463821536,24136500
2015-05-19 00:00:00+00:00,41.331905364990234,41.53170189605086,40.98443111998741,41.31453132136409,28574800
2015-05-20 00:00:00+00:00,41.331905364990234,41.63594284404771,41.06261265942505,41.1668536074219,25047900
2015-05-21 00:00:00+00:00,41.19291687011719,41.34927996362227,40.8367572268579,41.07130186711552,22410700
2015-05-22 00:00:00+00:00,40.741207122802734,41.132111563666086,40.67171093808717,41.0886781050991,25720600
2015-05-26 00:00:00+00:00,40.4719123840332,40.723831070576935,40.124438105092864,40.68039761414947,29581900
2015-05-27 00:00:00+00:00,41.35797119140625,41.49696024822346,40.49797412413944,40.67171127360107,27335600
2015-05-28 00:00:00+00:00,41.21898651123047,41.71413528582681,41.166864366729484,41.262419974767525,19283700
2015-05-29 00:00:00+00:00,40.70646286010742,41.32322664556098,40.47191818526717,41.20161162462769,36519600
2015-06-01 00:00:00+00:00,41.02787399291992,41.49696333725719,40.49797713880864,40.88019955882897,28837300
2015-06-02 00:00:00+00:00,40.758583068847656,41.1321168250731,40.49797897035014,40.76727174992875,21498300
2015-06-03 00:00:00+00:00,40.69776916503906,41.47089928555794,40.67170975341002,41.1494844112513,28002200
2015-06-04 00:00:00+00:00,40.27212142944336,40.96706677012937,40.13313236130615,40.645655171392235,27745500
2015-06-05 00:00:00+00:00,40.080997467041016,40.41109764151169,39.82039346141037,40.228675168946204,25438100
2015-06-08 00:00:00+00:00,39.724853515625,40.33293197718091,39.67273136848786,40.22000231526428,22121600
2015-06-09 00:00:00+00:00,39.65536117553711,39.90727660574265,39.49030936422606,39.750913475953794,24406100
2015-06-10 00:00:00+00:00,40.489288330078125,40.68039952384283,39.69009877650247,39.776969007195724,28417400
2015-06-11 00:00:00+00:00,40.34160614013672,40.75857326014019,40.07231673912454,40.53271731279835,27347800
2015-06-12 00:00:00+00:00,39.93335723876953,40.367698724285795,39.87254969589826,40.15052798152766,23931000
2015-06-15 00:00:00+00:00,39.50767135620117,39.65534907315928,39.108078285919326,39.48161194710977,33254500
2015-06-16 00:00:00+00:00,39.811710357666016,40.16786995879433,39.351306497358756,39.39473994847003,27070300
2015-06-17 00:00:00+00:00,39.93335723876953,40.02022421036776,39.40346009623767,39.724871867666195,28704100
2015-06-18 00:00:00+00:00,40.584842681884766,40.65433555054698,40.10706471213044,40.15050148302473,32658300
2015-06-19 00:00:00+00:00,40.0462646484375,40.68040583268117,39.950712350497085,40.64565773501503,63837000
2015-06-22 00:00:00+00:00,40.15919494628906,40.58485086505192,40.098387431288806,40.24606519183303,20318100
2015-06-23 00:00:00+00:00,39.8812141418457,40.20262574462928,39.62929541712523,40.07232535560066,25896500
2015-06-24 00:00:00+00:00,39.646671295166016,40.1765681841205,39.56848973263567,39.672730711422474,34890900
2015-06-25 00:00:00+00:00,39.65536117553711,40.0115209014426,39.5250574627927,39.98545817063708,20616000
2015-06-26 00:00:00+00:00,39.316558837890625,40.20261516797363,39.11676230960131,39.65534771326114,49835300
2015-06-29 00:00:00+00:00,38.54344177246094,39.29050925606068,38.534756405476166,39.12546077326383,34081700
2015-06-30 00:00:00+00:00,38.35232162475586,38.847470228750744,38.16989583873691,38.83878155078047,35945400
2015-07-01 00:00:00+00:00,38.61293029785156,39.290501456017,38.30888949357109,38.621615663112095,28343900
2015-07-02 00:00:00+00:00,38.56950378417969,38.873541329408205,38.27415160577454,38.63899666004876,21752000
2015-07-06 00:00:00+00:00,38.560813903808594,38.63899545782919,38.17859481401935,38.18728018057248,23034000
2015-07-07 00:00:00+00:00,38.482627868652344,38.64767963778771,37.631319553870696,38.51737595833981,36435800
2015-07-08 00:00:00+00:00,38.430519104003906,39.003849478829736,38.24809324228939,38.604252970381786,39785900
2015-07-09 00:00:00+00:00,38.673736572265625,39.28181484782603,38.65636252853418,38.87353310453718,32424700
2015-07-10 00:00:00+00:00,38.75192642211914,39.212327081570365,38.7171783272049,39.09939742997943,25465800
2015-07-13 00:00:00+00:00,39.559810638427734,39.629303530718616,39.04728771695669,39.07334713734558,28178300
2015-07-14 00:00:00+00:00,39.629295349121094,39.92464753634428,39.36000589066756,39.48162091238991,22880300
2015-07-15 00:00:00+00:00,39.75090408325195,39.863833720029,39.464240622215186,39.68141121630012,26629600
2015-07-16 00:00:00+00:00,40.53273010253906,40.558789520212066,39.933340299732,39.96808508537562,26271700
2015-07-17 00:00:00+00:00,40.49796676635742,40.636955797922724,40.18524061689553,40.4371592721576,29467100
2015-07-20 00:00:00+00:00,40.758583068847656,40.94100892018073,40.341615848499444,40.52404169983252,30631900
2015-07-21 00:00:00+00:00,41.07130432128906,41.114741093894004,40.37635903849645,40.636963105323616,42781900
2015-07-22 00:00:00+00:00,39.559810638427734,40.767279051615084,39.26445839022812,39.47294038086226,59152400
2015-07-23 00:00:00+00:00,40.05493927001953,40.15918021266728,39.17756833760147,39.32524604396562,33934000
2015-07-24 00:00:00+00:00,39.90727615356445,40.23737645868522,39.78566112372023,39.88121673681527,32333200
2015-07-27 00:00:00+00:00,39.394744873046875,39.968075115161156,39.307877959965445,39.90726761325209,39701400
2015-07-28 00:00:00+00:00,39.38605880737305,39.64666285574686,38.908284166394346,39.59454403432826,34328900
2015-07-29 00:00:00+00:00,40.211299896240234,40.63695231920107,39.316554975483264,39.43817326723169,40945900
2015-07-30 00:00:00+00:00,40.72382354736328,41.175538701032906,39.898574772654534,40.18523818312659,39777900
2015-07-31 00:00:00+00:00,40.56747055053711,41.149486193868164,40.39373340004288,41.079993321926786,31201500
2015-08-03 00:00:00+00:00,40.66302490234375,40.828073367684894,40.35029870379386,40.81069932179208,24125900
2015-08-04 00:00:00+00:00,41.297157287597656,41.44483168781512,40.55008998029522,40.61089747612123,33403900
2015-08-05 00:00:00+00:00,41.331905364990234,42.05290994979511,41.29715727773795,41.679376296233066,26959700
2015-08-06 00:00:00+00:00,40.49796676635742,41.496952708942935,40.24605142485525,41.444830579445984,27368000
2015-08-07 00:00:00+00:00,40.602203369140625,40.636948135160324,40.18523303931142,40.29816264171346,19163000
2015-08-10 00:00:00+00:00,41.11473846435547,41.25372751202479,40.689082641878,40.78463823348071,23079900
2015-08-11 00:00:00+00:00,40.3155517578125,40.77595238889572,39.87252517311588,40.67171142433661,29237400
2015-08-12 00:00:00+00:00,40.602203369140625,40.74119237449727,39.70745854050791,40.12442555657784,30181400
2015-08-13 00:00:00+00:00,40.59353256225586,40.91494415730389,40.38505061932336,40.880199375988965,22627200
2015-08-14 00:00:00+00:00,40.82808303833008,40.91494997460928,40.41111577941976,40.4198011475432,21473400
2015-08-17 00:00:00+00:00,41.10604476928711,41.21897439228929,40.45453306650201,40.66301826944759,21099700
2015-08-18 00:00:00+00:00,41.333396911621094,41.47330249941123,40.834983046642954,40.957400019007785,23574100
2015-08-19 00:00:00+00:00,40.75628662109375,41.16726075137484,40.485218080923524,40.90493485125613,31485500
2015-08-20 00:00:00+00:00,39.925601959228516,40.63387599612119,39.925601959228516,40.284110298383666,36238200
2015-08-21 00:00:00+00:00,37.66087341308594,39.76820333697844,37.66087341308594,39.61080912393978,70053100
2015-08-24 00:00:00+00:00,36.445438385009766,37.32859172778531,34.73159420687157,35.36991362008798,88753700
2015-08-25 00:00:00+00:00,35.38740921020508,37.80952773638869,35.31745473904856,37.22367071509757,70616600
2015-08-26 00:00:00+00:00,37.34608459472656,37.45975893308545,35.903308771177144,36.733996365518095,63408000
2015-08-27 00:00:00+00:00,38.38663864135742,38.43035851786483,37.53845902753995,37.800781622197206,50943200
2015-08-28 00:00:00+00:00,38.41286849975586,38.60523995211069,37.94068584521908,37.94943182156938,28246700
2015-08-31 00:00:00+00:00,38.05437469482422,38.41288314275917,37.687120267205,38.08935194233346,34441700
2015-09-01 00:00:00+00:00,36.56785583496094,37.24115248579379,36.427950253983475,36.87389825097034,49688900
2015-09-02 00:00:00+00:00,37.91445541381836,37.931944031287514,36.620327741615455,37.04004455403699,37671500
2015-09-03 00:00:00+00:00,38.036869049072266,38.45658582451267,37.84449760947408,37.958171945201414,28285200
2015-09-04 00:00:00+00:00,37.25864791870117,37.634644861812845,36.900139593363626,37.43353076082961,37138800
2015-09-08 00:00:00+00:00,38.377891540527344,38.47407726739385,37.77454925692741,37.86198900738096,32469800
2015-09-09 00:00:00+00:00,37.66087341308594,38.82384139435905,37.52096781656408,38.65770120525573,33469500
2015-09-10 00:00:00+00:00,37.853240966796875,38.290446327922425,37.38105837623436,37.704589409495846,31366600
2015-09-11 00:00:00+00:00,38.01939010620117,38.115575850472254,37.54720736284128,37.72209023100568,27132500
2015-09-14 00:00:00+00:00,37.63463592529297,37.98439819088439,37.477241738312635,37.9756555518797,23656000
2015-09-15 00:00:00+00:00,38.45658493041992,38.72765346758678,37.669617245620344,37.76579962757083,28882200
2015-09-16 00:00:00+00:00,38.73640060424805,38.80635507445524,38.33417240739487,38.447846753675194,23372200
2015-09-17 00:00:00+00:00,38.692684173583984,39.34849237991592,38.544035914576334,38.727661411802146,32768200
2015-09-18 00:00:00+00:00,38.01939010620117,38.465341586801046,37.888230456787824,38.036878726578934,63143700
2015-09-21 00:00:00+00:00,38.57026290893555,38.885051346852244,38.124311510016014,38.141800127190564,26177200
2015-09-22 00:00:00+00:00,38.38663864135742,38.517798270879666,37.87073609309928,37.93194458733222,28085900
2015-09-23 00:00:00+00:00,38.360408782958984,38.622731410002736,38.04562029626122,38.412874642613005,17145200
2015-09-24 00:00:00+00:00,38.39537811279297,38.58774955628024,37.835755734225444,37.99314994514912,27905600
2015-09-25 00:00:00+00:00,38.42161178588867,39.112397162209504,38.26421756506588,38.89379444835704,29384600
2015-09-28 00:00:00+00:00,37.853240966796875,38.552768877475316,37.78328650792294,38.32542355735939,27613800
2015-09-29 00:00:00+00:00,37.98440933227539,38.09808368635067,37.64338960566252,37.92320083445323,32763600
2015-09-30 00:00:00+00:00,38.701419830322266,38.736397062227574,38.17677469419229,38.36914613405908,34958900
2015-10-01 00:00:00+00:00,39.00746536254883,39.12988233784073,38.2554715593415,39.12988233784073,28657900
2015-10-02 00:00:00+00:00,39.84688186645508,39.84688186645508,38.404103364777036,38.71014900772046,41839000
2015-10-05 00:00:00+00:00,40.77378463745117,41.00113002294254,39.96058216506414,40.00430204662635,34369300
2015-10-06 00:00:00+00:00,40.87871170043945,41.25470867383799,40.41527496673974,40.51146070443885,27017200
2015-10-07 00:00:00+00:00,40.922428131103516,41.403353443447294,40.1791802243552,41.18475072550805,27711500
2015-10-08 00:00:00+00:00,41.49080276489258,41.55201126826151,40.660111644811415,40.71257750581904,33772700
2015-10-09 00:00:00+00:00,41.1934928894043,41.5694897963075,41.02735270435582,41.49079269170887,28600600
2015-10-12 00:00:00+00:00,41.09730911254883,41.15851760395255,40.66010369645788,41.07982049563168,19769100
2015-10-13 00:00:00+00:00,41.00111770629883,41.21097774461435,40.71256390617865,40.71256390617865,19987800
2015-10-14 00:00:00+00:00,40.8175048828125,41.184755893944065,40.686341901343695,40.79127362076401,24697800
2015-10-15 00:00:00+00:00,41.10603713989258,41.12352575059248,40.6863204899292,41.10603713989258,27189400
2015-10-16 00:00:00+00:00,41.54325485229492,41.56948944401377,41.00986707632726,41.11479543636538,26450300
2015-10-19 00:00:00+00:00,41.63943862915039,41.86678729017205,41.11479351782888,41.4645558135058,29387600
2015-10-20 00:00:00+00:00,41.77061080932617,41.80558804731022,41.11480260738375,41.48205359937726,30802200
2015-10-21 00:00:00+00:00,41.27218246459961,41.96296766387541,41.19348537435791,41.90175585092134,25144300
2015-10-22 00:00:00+00:00,41.997947692871094,42.8024073257748,41.17600278012395,41.56074231331387,56637100
2015-10-23 00:00:00+00:00,46.23009490966797,47.27938846524072,45.68796118460675,45.73168105450306,135227100
2015-10-26 00:00:00+00:00,47.43679428100586,47.498002780971014,45.906575110650834,45.932806371889306,64633300
2015-10-27 00:00:00+00:00,46.947113037109375,47.54171262751568,46.850930654330675,47.20943893658044,50999900
2015-10-28 00:00:00+00:00,47.20070266723633,47.20070266723633,46.22136333748789,46.81596305016699,47000800
2015-10-29 00:00:00+00:00,46.6585578918457,47.069532009435214,46.53614092123069,46.81595209281138,30202100
2015-10-30 00:00:00+00:00,46.02899169921875,47.209448478596414,46.0115030800117,46.62359140980608,46619800
2015-11-02 00:00:00+00:00,46.55363082885742,46.6585591872102,46.01149375020794,46.21260782688925,30285000
2015-11-03 00:00:00+00:00,47.3493537902832,47.55921054818384,46.2563401140127,46.28257137484702,36596900
2015-11-04 00:00:00+00:00,47.56794357299805,47.98766031012536,47.270643800581354,47.37557215096015,37087800
2015-11-05 00:00:00+00:00,47.55045700073242,47.830268170833854,47.21817998538238,47.64664271588209,31468500
2015-11-06 00:00:00+00:00,48.02263259887695,48.075098440119675,47.18319915266542,47.29687347421865,32851200
2015-11-09 00:00:00+00:00,47.358089447021484,47.97892032302759,46.833444294038514,47.69910913002167,32513100
2015-11-10 00:00:00+00:00,46.78973388671875,47.33187114015862,46.57987710235331,47.27940527626053,55283700
2015-11-11 00:00:00+00:00,46.912139892578125,47.39306515662215,46.74599970883774,46.955859764652594,36516300
2015-11-12 00:00:00+00:00,46.62358474731445,47.200695756225805,46.509910406519204,46.763490345365305,35361100
2015-11-13 00:00:00+00:00,46.20386505126953,46.59735056345313,45.9327965127403,46.404979127360626,36848200
2015-11-16 00:00:00+00:00,47.01707077026367,47.1219991359834,46.212611071445494,46.41372849785949,32165200
2015-11-17 00:00:00+00:00,46.6297492980957,47.12271786828645,46.524110297543515,46.80580758282295,31551300
2015-11-18 00:00:00+00:00,47.40439987182617,47.51884040648395,46.638535834245054,46.65614232866129,29710000
2015-11-19 00:00:00+00:00,47.4836311340332,48.117451550242706,47.34278252577506,47.52764905256664,28149200
2015-11-20 00:00:00+00:00,47.70370864868164,47.800542699251295,46.89382996772783,47.75652813756395,37147600
2015-11-23 00:00:00+00:00,47.70370864868164,47.9413913115083,47.31637580449884,47.75652813756395,28235900
2015-11-24 00:00:00+00:00,47.756534576416016,47.923791276616925,47.16673198247367,47.466032385539634,24600000
2015-11-25 00:00:00+00:00,47.2635498046875,47.73891506485547,47.2635498046875,47.61567296587015,21005100
2015-11-27 00:00:00+00:00,47.47482681274414,47.60687384449736,47.35158470742542,47.36038627576439,9009100
2015-11-30 00:00:00+00:00,47.84455871582031,48.38154511578402,47.536453416544035,48.011818756652495,56241400
2015-12-01 00:00:00+00:00,48.610435485839844,48.61923705688498,47.80055326772908,47.89738733970829,39952800
2015-12-02 00:00:00+00:00,48.60161209106445,49.26184048578924,48.46956842697666,48.69844612625267,47274900
2015-12-03 00:00:00+00:00,47.71250534057617,49.09458315920277,47.47482271877415,48.848098969820775,38627800
2015-12-04 00:00:00+00:00,49.217838287353516,49.4995355378426,47.624485485821566,47.64209198373915,43963700
2015-12-07 00:00:00+00:00,49.12981033325195,49.270658961871916,48.672051450713035,49.112203834912435,30709800
2015-12-08 00:00:00+00:00,49.112178802490234,49.38507099241946,48.407936018342184,48.830481688831014,32878000
2015-12-09 00:00:00+00:00,48.3991584777832,49.1826292282992,47.985414138842515,48.74247681941638,36373200
2015-12-10 00:00:00+00:00,48.6544303894043,48.99774860902437,48.42554933759412,48.76006598972697,31775800
2015-12-11 00:00:00+00:00,47.589263916015625,48.50477807151001,47.54524600321024,48.161459843437704,39549500
2015-12-14 00:00:00+00:00,48.540008544921875,48.60162961533392,47.254764279047166,47.826963770697816,46768900
2015-12-15 00:00:00+00:00,48.59281921386719,49.209033164101825,48.49598516136085,48.99775856244291,39843000
2015-12-16 00:00:00+00:00,49.4114875793457,49.51712316850529,48.205468117235604,48.892107842010034,37503300
2015-12-17 00:00:00+00:00,49.0329704284668,49.99250264600363,48.8833168894623,49.61397137205175,41280900
2015-12-18 00:00:00+00:00,47.65088653564453,49.29705511437573,47.56285406522592,49.094585469555994,84684200
2015-12-21 00:00:00+00:00,48.2671012878418,48.72485671009328,47.73891652985898,48.311115844816506,37246300
2015-12-22 00:00:00+00:00,48.72486114501953,48.839301690046476,47.97660353405694,48.407954291099585,28322200
2015-12-23 00:00:00+00:00,49.138607025146484,49.191426514921396,48.8040903060971,49.03297140369252,27279800
2015-12-24 00:00:00+00:00,49.006561279296875,49.261850449501495,48.795290030786525,49.173821322304846,9558500
2015-12-28 00:00:00+00:00,49.25305938720703,49.25305938720703,48.39916256723415,48.72487443706123,22458300
2015-12-29 00:00:00+00:00,49.781227111816406,50.04531783427384,49.34987971535826,49.55234938117882,27731400
2015-12-30 00:00:00+00:00,49.56996154785156,49.98370249573141,49.55235504992747,49.71081017314821,21704500
2015-12-31 00:00:00+00:00,48.83930206298828,49.46431756473873,48.78648257455042,49.332273880787724,27334100
2016-01-04 00:00:00+00:00,48.240692138671875,48.240692138671875,46.99946276820537,47.81814632724664,53778000
2016-01-05 00:00:00+00:00,48.46077346801758,48.760077202840534,48.01181954483112,48.3551378434024,34079700
2016-01-06 00:00:00+00:00,47.58046340942383,47.8885720372019,47.21953865432623,47.81814605664842,39518900
2016-01-07 00:00:00+00:00,45.92549133300781,47.08749654412079,45.837462212483594,46.39205507445411,56564900
2016-01-08 00:00:00+00:00,46.06634521484375,46.902631968894696,45.90789010483296,46.1015548496605,48754000
2016-01-11 00:00:00+00:00,46.03993606567383,46.52410298880628,45.300479968456564,46.22479925045414,36943800
2016-01-12 00:00:00+00:00,46.46247863769531,46.74417585877731,45.82866156930869,46.44487214161572,36095500
2016-01-13 00:00:00+00:00,45.45892333984375,47.59806351982846,45.15961967883081,47.360380904486256,66883600
2016-01-14 00:00:00+00:00,46.752986907958984,47.025879237687334,45.39731675517308,45.775848075211954,52381900
2016-01-15 00:00:00+00:00,44.88673400878906,45.74943213259935,44.31453466309351,45.168431218274236,71820700
2016-01-19 00:00:00+00:00,44.508209228515625,45.49414960513861,44.068056854904064,45.318087984074765,43564500
2016-01-20 00:00:00+00:00,44.710670471191406,45.23005030826177,43.2229535802448,43.99762255172671,63273000
2016-01-21 00:00:00+00:00,44.437767028808594,45.4061039124246,44.27931196345497,44.89552573337518,40191200
2016-01-22 00:00:00+00:00,46.0311279296875,46.066340919316595,45.12441191626369,45.25645894832503,37555800
2016-01-25 00:00:00+00:00,45.59098815917969,46.348050853721375,45.4677460197141,45.72303186942291,34707700
2016-01-26 00:00:00+00:00,45.92549133300781,46.163173988138034,45.37970339794714,45.59097798853923,28900800
2016-01-27 00:00:00+00:00,45.089210510253906,45.9519087649737,44.91314888808543,45.78464871277039,36775200
2016-01-28 00:00:00+00:00,45.82864761352539,45.960691256768655,45.115599850870694,45.65258606443963,62513800
2016-01-29 00:00:00+00:00,48.4959831237793,48.4959831237793,47.536450924498006,48.179072913654,83611700
2016-02-01 00:00:00+00:00,48.16145324707031,48.495969861622086,47.97659012775018,48.31110674230195,44208500
2016-02-02 00:00:00+00:00,46.656150817871094,47.765333303148786,46.34804550476508,47.686105742907806,56313800
2016-02-03 00:00:00+00:00,45.91669464111328,46.99946905742449,45.1244190398631,46.87622693236248,57559800
2016-02-04 00:00:00+00:00,45.77583694458008,46.48888484436191,45.22124413363865,45.86386605700458,46987100
2016-02-05 00:00:00+00:00,44.15608215332031,45.775842881927744,43.62790069407486,45.723023392764865,62009000
2016-02-08 00:00:00+00:00,43.495849609375,43.63669820929509,42.42187693617459,43.619091714543146,59290500
2016-02-09 00:00:00+00:00,43.381412506103516,44.22650753060749,42.84442612700171,43.15253477240388,46740500
2016-02-10 00:00:00+00:00,43.75994110107422,44.35854850101882,43.59268443506741,43.918396198594586,38237000
2016-02-11 00:00:00+00:00,43.742340087890625,44.11206981447201,42.70358025534216,42.853233803131,48878600
2016-02-12 00:00:00+00:00,44.455387115478516,44.61384222929027,43.79515859396151,44.23531094163951,34243300
2016-02-16 00:00:00+00:00,45.29768371582031,45.29768371582031,44.44652429585471,45.12922613755844,37291200
2016-02-17 00:00:00+00:00,46.47689437866211,46.78721524813779,45.61687017871434,45.65233600074704,40789000
2016-02-18 00:00:00+00:00,46.27297592163086,46.9468130834541,46.19317950463093,46.39710631201421,27176000
2016-02-19 00:00:00+00:00,45.94491958618164,46.35276638414147,45.68779745529993,46.077914724832695,33559100
2016-02-22 00:00:00+00:00,46.680816650390625,46.991134107652854,46.35276290162013,46.35276290162013,25008300
2016-02-23 00:00:00+00:00,45.37748336791992,46.4325662629834,45.20015763052757,46.40596858614704,28895300
2016-02-24 00:00:00+00:00,45.53706359863281,45.661190565814074,44.50857866486583,44.94302305000025,33014500
2016-02-25 00:00:00+00:00,46.193172454833984,46.193172454833984,44.87210277548211,45.86512207154756,26939500
2016-02-26 00:00:00+00:00,45.4838752746582,46.7074190835186,45.30654954577588,46.636487439082885,35975900
2016-02-29 00:00:00+00:00,45.111480712890625,45.794182365212144,44.916422131597066,45.52819216082785,31654000
2016-03-01 00:00:00+00:00,46.61875915527344,46.62762391996118,45.146957933786176,45.19129190384605,33024500
2016-03-02 00:00:00+00:00,46.94680404663086,46.95566881027678,46.24636934137058,46.46802563679168,29289900
2016-03-03 00:00:00+00:00,46.414833068847656,46.96454318964275,45.90945691878647,46.96454318964275,24427800
2016-03-04 00:00:00+00:00,46.131103515625,46.503487821578375,45.84738375023499,46.45915724239989,33034200
2016-03-07 00:00:00+00:00,45.244483947753906,45.927185773825386,44.84550530404792,45.71439761480977,38407800
2016-03-08 00:00:00+00:00,45.794189453125,46.21976911092172,44.863230358100296,45.040556061067214,33835100
2016-03-09 00:00:00+00:00,46.84926986694336,46.85813462966805,45.98037768505221,46.006975355432594,28251600
2016-03-10 00:00:00+00:00,46.14883804321289,46.937933879783046,45.35974220664274,46.92906911651882,38387800
2016-03-11 00:00:00+00:00,47.053192138671875,47.053192138671875,46.44142205868968,46.99112865442178,32275700
2016-03-14 00:00:00+00:00,47.14186096191406,47.514245310201865,46.66308591726799,46.73401417557576,24083600
2016-03-15 00:00:00+00:00,47.51424789428711,47.51424789428711,46.760617774970804,46.76948253941385,21104800
2016-03-16 00:00:00+00:00,48.18807601928711,48.409732308947504,47.345784824342864,47.39011540583363,31691700
2016-03-17 00:00:00+00:00,48.46293258666992,48.764385285541536,47.877760098531695,48.063950576074156,28223900
2016-03-18 00:00:00+00:00,47.42558288574219,48.73778776064772,47.390117066424196,48.69345379539689,67625500
2016-03-21 00:00:00+00:00,47.753623962402344,47.81568744302317,46.92906242591866,47.21278216081562,23925700
2016-03-22 00:00:00+00:00,47.93981170654297,48.09940447121748,47.39896993539109,47.531965033355135,23124100
2016-03-23 00:00:00+00:00,47.85116195678711,48.09055116080106,47.64723857163596,47.97528894060028,20129000
2016-03-24 00:00:00+00:00,48.063941955566406,48.17033939411348,47.638362347996306,47.7358916422281,19950000
2016-03-28 00:00:00+00:00,47.46991729736328,48.13488624327709,47.283726804237084,48.063954598920276,17025100
2016-03-29 00:00:00+00:00,48.50724792480469,48.640243013941365,47.39010202843791,47.576292447464766,23924300
2016-03-30 00:00:00+00:00,48.808719635009766,49.33182867100206,48.675727876019344,48.70232555137604,23008300
2016-03-31 00:00:00+00:00,48.96831130981445,49.2874969354804,48.64026091997195,48.720057326388435,26360500
2016-04-01 00:00:00+00:00,49.26975631713867,49.30522213271035,48.383131221084774,48.808710861325885,24399200
2016-04-04 00:00:00+00:00,49.1456298828125,49.34955325127237,48.764380816759505,49.1456298828125,18928800
2016-04-05 00:00:00+00:00,48.37425994873047,49.03036053748552,48.28559542173258,48.93283124889077,19272300
2016-04-06 00:00:00+00:00,48.87078857421875,48.94172022601097,48.063959637222474,48.19695479322923,21188700
2016-04-07 00:00:00+00:00,48.28559875488281,48.68458069840034,48.081675402019656,48.649114885152976,19225100
2016-04-08 00:00:00+00:00,48.25013732910156,49.012635472224495,48.161476170127166,48.47179360874398,22167200
2016-04-11 00:00:00+00:00,48.152618408203125,48.897383751374136,48.14375026169246,48.312211223325974,21414200
2016-04-12 00:00:00+00:00,48.45406723022461,48.569326067937105,47.66496798238541,48.20580988099828,24944300
2016-04-13 00:00:00+00:00,49.0746955871582,49.15449197763351,48.66684887237606,48.870772229767134,20818000
2016-04-14 00:00:00+00:00,49.08356857299805,49.27862718722259,48.82644646919415,48.959441593839344,20877100
2016-04-15 00:00:00+00:00,49.34067916870117,49.58006492569834,48.86190089029539,49.03035841097636,28793800
2016-04-18 00:00:00+00:00,50.05884552001953,50.174107714347265,48.95056429588411,49.19882158999044,23786000
2016-04-19 00:00:00+00:00,49.996795654296875,50.333714185181975,49.36729255932728,50.20958719543662,29596800
2016-04-20 00:00:00+00:00,49.28749465942383,50.09432345050655,49.198833492925075,49.90813297153516,36195700
2016-04-21 00:00:00+00:00,49.4559440612793,49.854926009047404,49.136758503064804,49.473676968091894,38909100
2016-04-22 00:00:00+00:00,45.90944290161133,46.48575052312153,45.0139531108373,46.02470510235458,126834100
2016-04-25 00:00:00+00:00,46.20204162597656,46.219774536575535,45.77646191822183,45.90945367440382,33226900
2016-04-26 00:00:00+00:00,45.60799789428711,46.4148266701927,45.297680435172126,46.335030268962186,33532600
2016-04-27 00:00:00+00:00,45.16469192504883,45.661203314608066,44.818908596440856,45.643470402601615,43369300
2016-04-28 00:00:00+00:00,44.24259567260742,45.013958594490624,43.9411429908521,44.880963471107854,43134800
2016-04-29 00:00:00+00:00,44.21598815917969,44.55290660891152,43.75494274960086,43.75494274960086,48411700
2016-05-02 00:00:00+00:00,44.87210464477539,44.99623163917864,44.13620406051768,44.33126269869817,33114500
2016-05-03 00:00:00+00:00,44.13618850708008,44.69476316726187,43.976595747028135,44.632699691931194,26460200
2016-05-04 00:00:00+00:00,44.21598815917969,44.384449075148595,43.85247204153949,44.189390491271325,24257600
2016-05-05 00:00:00+00:00,44.27804946899414,44.59723499707482,44.091859038349014,44.21598599211243,25390700
2016-05-06 00:00:00+00:00,44.67703628540039,44.67703628540039,44.0298003966951,44.26032142439863,24787300
2016-05-09 00:00:00+00:00,44.3933219909668,44.85436748522788,44.33125849964382,44.76570632111124,17951600
2016-05-10 00:00:00+00:00,45.23562240600586,45.3065506699946,44.499721796656296,44.62385217749892,22891000
2016-05-11 00:00:00+00:00,45.262210845947266,45.909446765476105,45.21788026722459,45.33314247766863,24039100
2016-05-12 00:00:00+00:00,45.67006301879883,45.93605328721403,45.1469540102993,45.39521136867303,24102800
2016-05-13 00:00:00+00:00,45.28882598876953,46.0158585290691,45.253360161875065,45.608008284197524,22592300
2016-05-16 00:00:00+00:00,45.95378112792969,46.06903995717445,44.99622438456269,45.040554963672705,20032000
2016-05-17 00:00:00+00:00,45.096675872802734,46.18592555490018,44.96275390908061,46.17699878633082,27803500
2016-05-18 00:00:00+00:00,45.3645133972168,45.659144356269884,44.909169997958436,45.06987903230108,24907500
2016-05-19 00:00:00+00:00,44.927024841308594,45.194872084105356,44.480611634693155,45.06095016563821,23842400
2016-05-20 00:00:00+00:00,45.19487762451172,45.73057558163854,44.99845810550848,45.06988245627433,23905800
2016-05-23 00:00:00+00:00,44.66810607910156,45.248444632328784,44.62346543789853,45.177016881713854,26118700
2016-05-24 00:00:00+00:00,46.0609130859375,46.16805129790884,44.99845091972101,45.26629815258054,34757900
2016-05-25 00:00:00+00:00,46.53410720825195,46.86445540145314,46.2394762913988,46.35554126168469,24040200
2016-05-26 00:00:00+00:00,46.328765869140625,46.409120389211466,45.855568920869445,46.3644797460305,24335200
2016-05-27 00:00:00+00:00,46.71268844604492,46.71268844604492,46.221634486636866,46.355556436004555,17721400
2016-05-31 00:00:00+00:00,47.3198127746582,47.3198127746582,46.49841388583706,46.65911955054534,37653100
2016-06-01 00:00:00+00:00,47.18588638305664,47.275171090236704,46.8198275982767,46.8198275982767,25324800
2016-06-02 00:00:00+00:00,46.85554122924805,47.08767806080489,46.28413272982092,46.998393354104834,22840800
2016-06-03 00:00:00+00:00,46.2394905090332,46.801968815755984,46.069851274995976,46.76625834015206,23368300
2016-06-06 00:00:00+00:00,46.54304885864258,46.73946838303749,46.32876898873733,46.41805368697409,18243300
2016-06-07 00:00:00+00:00,46.516265869140625,47.07874759736654,46.516265869140625,46.64126445775116,20866800
2016-06-08 00:00:00+00:00,46.46269607543945,46.81982466418932,46.310913785676846,46.44483913512249,21149400
2016-06-09 00:00:00+00:00,46.08770751953125,46.42698257661744,45.97164251531117,46.42698257661744,20305700
2016-06-10 00:00:00+00:00,45.96270751953125,46.471618348831726,45.56986508813557,45.57879185449927,25833200
2016-06-13 00:00:00+00:00,44.76632308959961,45.28416412824378,43.80207217765475,44.266342396688586,83217800
2016-06-14 00:00:00+00:00,44.489540100097656,44.73060022526724,44.25740333427624,44.55203767415827,42577100
2016-06-15 00:00:00+00:00,44.36455154418945,44.7484672461459,44.36455154418945,44.44490607264227,33757600
2016-06-16 00:00:00+00:00,44.98952102661133,45.06094877227512,44.20383285362151,44.212763024760676,31188600
2016-06-17 00:00:00+00:00,44.75739288330078,45.0252401490442,44.48061544537701,45.007383210546266,45710500
2016-06-20 00:00:00+00:00,44.70382308959961,45.382373144579475,44.66810921178744,45.21273392790309,35607900
2016-06-21 00:00:00+00:00,45.703792572021484,45.91807245527704,44.7841822609976,44.8198961425174,34097800
2016-06-22 00:00:00+00:00,45.525230407714844,45.94485659902915,45.489516525856494,45.60558493896452,28816800
2016-06-23 00:00:00+00:00,46.34661102294922,46.48053632430145,45.668064563890624,45.78412952547654,29028800
2016-06-24 00:00:00+00:00,44.489540100097656,45.48057451985691,44.21276269649899,44.47168316381429,133503000
2016-06-27 00:00:00+00:00,43.23957824707031,43.88241427689482,42.891376532869394,43.83777023693096,50216300
2016-06-28 00:00:00+00:00,44.14134979248047,44.168136908843,43.453872840809304,43.67707951060396,38140700
2016-06-29 00:00:00+00:00,45.12344741821289,45.28415644390993,44.46275437858481,44.56096582827327,31304000
2016-06-30 00:00:00+00:00,45.68593215942383,45.8020005626111,45.08774001581045,45.284162943379236,28527800
2016-07-01 00:00:00+00:00,45.67700958251953,46.17699371407405,45.596655050767254,45.65022587388986,21400400
2016-07-05 00:00:00+00:00,45.68593215942383,45.784143623208216,45.30201988278212,45.382374407163624,24806400
2016-07-06 00:00:00+00:00,45.87343215942383,46.01628428073942,44.989532317252646,45.33773415009294,28167500
2016-07-07 00:00:00+00:00,45.87343215942383,46.07878187094854,45.59665468430971,45.90914263535531,19585200
2016-07-08 00:00:00+00:00,46.694828033447266,46.74839885272959,46.025208118801665,46.18591717078565,28391000
2016-07-11 00:00:00+00:00,46.953739166259766,47.168018994696695,46.846600954972466,46.87338465632871,22269200
2016-07-12 00:00:00+00:00,47.50728988647461,47.676929074941704,47.132304449391675,47.26622636012318,27317600
2016-07-13 00:00:00+00:00,47.775146484375,48.087637815764836,47.48051549828722,47.819790535904225,25356800
2016-07-14 00:00:00+00:00,47.980491638183594,48.20369823540914,47.837639552193735,48.06977291472886,24545500
2016-07-15 00:00:00+00:00,47.94478988647461,48.21263718968912,47.50730334672908,48.167996540130574,32024400
2016-07-18 00:00:00+00:00,48.17692565917969,48.51620074293825,47.810866865551354,47.94479222662704,31433900
2016-07-19 00:00:00+00:00,47.40016174316406,48.12335247580352,47.25730963119536,47.95371325130988,53336500
2016-07-20 00:00:00+00:00,49.917930603027344,50.74825953919721,49.57865557174454,50.13221046643304,89893300
2016-07-21 00:00:00+00:00,49.819725036621094,50.203640758169925,49.784011154183226,49.9804341017282,32776700
2016-07-22 00:00:00+00:00,50.5072021484375,50.56077297230778,49.80186829386368,50.06971900735177,32157200
2016-07-25 00:00:00+00:00,50.65004348754883,50.658973659223946,50.230413971245184,50.41791011193436,25610600
2016-07-26 00:00:00+00:00,50.676822662353516,51.15002294883483,50.4536160724974,50.46254624337452,28079000
2016-07-27 00:00:00+00:00,50.16793441772461,50.71255928625669,50.09651004797459,50.54292342796956,32327500
2016-07-28 00:00:00+00:00,50.18578338623047,50.32863550889262,49.748300250642835,49.99829061383577,37550400
2016-07-29 00:00:00+00:00,50.605411529541016,50.676835885883946,50.0429298226891,50.230422589685354,30558700
2016-08-01 00:00:00+00:00,50.51613235473633,50.667911247005485,50.12328645782641,50.533985890174684,26003400
2016-08-02 00:00:00+00:00,50.51613235473633,50.80183660383628,50.27506875595887,50.757192547650476,35122000
2016-08-03 00:00:00+00:00,50.86433410644531,50.98932928947488,50.43577773354537,50.605413566819315,22075600
2016-08-04 00:00:00+00:00,51.239315032958984,51.35538343781384,50.59647882867116,50.71254723352601,26587700
2016-08-05 00:00:00+00:00,51.748226165771484,51.97143280389769,51.29288612257376,51.47145211424732,29335200
2016-08-08 00:00:00+00:00,51.83750534057617,51.864289044421,51.58751161652808,51.83750534057617,19473500
2016-08-09 00:00:00+00:00,51.962501525878906,52.23034878720485,51.801792487910795,51.935714415642416,16920700
2016-08-10 00:00:00+00:00,51.80179214477539,52.06963940432711,51.623226169786676,51.92678730550868,15756900
2016-08-11 00:00:00+00:00,52.05178451538086,52.18570985336035,51.810720950535476,51.810720950535476,18162300
2016-08-12 00:00:00+00:00,51.73037338256836,51.953580038629276,51.44466913527944,51.810727914984824,21655200
2016-08-15 00:00:00+00:00,51.891075134277344,52.230350157316884,51.748223030765345,51.79286367451357,19283900
2016-08-16 00:00:00+00:00,51.60359573364258,51.76530644398901,51.4508708555881,51.75632403878794,20523500
2016-08-17 00:00:00+00:00,51.71140670776367,51.81921270886063,51.41493592088328,51.69343846973234,18856400
2016-08-18 00:00:00+00:00,51.74732208251953,51.83716324199105,51.45085482398805,51.58561142256061,14214300
2016-08-19 00:00:00+00:00,51.765296936035156,51.86412051055006,51.38797429925853,51.59460385183957,17271000
2016-08-22 00:00:00+00:00,51.81022644042969,51.882099391950334,51.441886131613764,51.7473393213946,15221900
2016-08-23 00:00:00+00:00,52.00786209106445,52.26839634188577,51.971925623277336,52.01684792155633,18732400
2016-08-24 00:00:00+00:00,52.06177520751953,52.14263055956415,51.85514562498123,51.92701514508159,18151500
2016-08-25 00:00:00+00:00,52.25941848754883,52.36722790736472,51.909046440873965,51.99888762405388,18552600
2016-08-26 00:00:00+00:00,52.1336555480957,52.73557961093447,51.828202313317405,52.358253414047645,20971200
2016-08-29 00:00:00+00:00,52.196529388427734,52.64572500597733,52.196529388427734,52.26840233223915,16417200
2016-08-30 00:00:00+00:00,52.00786209106445,52.27737874528745,51.75631367073501,52.08871743004037,16930200
2016-08-31 00:00:00+00:00,51.62156677246094,51.92701997223667,51.477824291807124,51.792263324362445,20860300
2016-09-01 00:00:00+00:00,51.73835372924805,51.944983311506405,51.217285144090724,51.217285144090724,26075400
2016-09-02 00:00:00+00:00,51.81022644042969,52.27739034404102,51.5856286075641,51.81022644042969,18900500
2016-09-06 00:00:00+00:00,51.756309509277344,51.92700257690631,51.39695171448065,51.90903434445749,16278400
2016-09-07 00:00:00+00:00,51.80124282836914,51.96295353843273,51.576645000735375,51.630549713120196,17493400
2016-09-08 00:00:00+00:00,51.5946159362793,51.91803737331942,51.37001809690043,51.7742948932006,20146100
2016-09-09 00:00:00+00:00,50.498565673828125,51.6754593130279,50.498565673828125,51.01963418536536,35113900
2016-09-12 00:00:00+00:00,51.25321578979492,51.396958240547136,49.95953373302498,50.30990574254036,29303000
2016-09-13 00:00:00+00:00,50.78604507446289,50.89385446821095,50.35481778074033,50.759094439570816,30130200
2016-09-14 00:00:00+00:00,50.54348373413086,50.87589092149999,50.33685418438503,50.66027554123596,24062500
2016-09-15 00:00:00+00:00,51.378990173339844,51.52273262456074,50.291937671788695,50.444665953949226,26847000
2016-09-16 00:00:00+00:00,51.43289566040039,51.774285272404086,50.98370006511305,51.774285272404086,44607000
2016-09-19 00:00:00+00:00,51.145408630371094,51.88208910189309,51.0735356931054,51.45086175956975,20937100
2016-09-20 00:00:00+00:00,51.037601470947266,51.52273007790748,50.983696769244936,51.52273007790748,17384000
2016-09-21 00:00:00+00:00,51.89106750488281,51.97192283952791,51.28016472067429,51.66646973387865,33707300
2016-09-22 00:00:00+00:00,51.94497299194336,52.10668366368753,51.77427991714232,52.034810730872316,19822200
2016-09-23 00:00:00+00:00,51.5946159362793,52.025843376635784,51.54969705382173,51.98990689983331,19955300
2016-09-26 00:00:00+00:00,51.11845016479492,51.33406208939531,51.05556306786233,51.28016082179009,21688700
2016-09-27 00:00:00+00:00,52.06177520751953,52.160598796361924,50.9208178740414,51.14541569337747,28065100
2016-09-28 00:00:00+00:00,52.1336555480957,52.16060962243213,51.81023407279027,51.998898884779415,20536400
2016-09-29 00:00:00+00:00,51.567657470703125,52.25941569522752,51.396960945327294,51.93599773433284,25463500
2016-09-30 00:00:00+00:00,51.74732208251953,51.900050340076206,51.51374192207321,51.720371448222984,29910800
2016-10-03 00:00:00+00:00,51.58561325073242,51.70240504863954,51.2621953464426,51.576630848011845,19189500
2016-10-04 00:00:00+00:00,51.423919677734375,51.747337667970605,51.181353614739066,51.45087032014801,20085900
2016-10-05 00:00:00+00:00,51.78326416015625,52.070749047451855,51.4418745713339,51.46882863564236,16726400
2016-10-06 00:00:00+00:00,51.873104095458984,51.9809100688579,51.45984158109793,51.873104095458984,16212600
2016-10-07 00:00:00+00:00,51.9270133972168,52.088724095862844,51.58562376373174,51.97193227415389,20089000
2016-10-10 00:00:00+00:00,52.14262008666992,52.45705559974945,51.98989181810982,52.025828284487496,18196500
2016-10-11 00:00:00+00:00,51.378990173339844,52.12465649517286,51.10947350568697,52.00786468259014,26497400
2016-10-12 00:00:00+00:00,51.30711364746094,51.45085607903187,50.66925682155803,51.30711364746094,22177500
2016-10-13 00:00:00+00:00,51.13643264770508,51.47782231128262,50.59739922276448,50.938788886342024,25313700
2016-10-14 00:00:00+00:00,51.58561325073242,51.87310154413993,51.316096616945934,51.316096616945934,27402500
2016-10-17 00:00:00+00:00,51.405948638916016,51.62156062065645,51.09150964383278,51.53172286611305,23830000
2016-10-18 00:00:00+00:00,51.80124282836914,52.061777130926124,51.576645000735375,51.684450998414135,19149500
2016-10-19 00:00:00+00:00,51.684444427490234,51.96294693210129,51.567656039474045,51.63054314904905,22878400
2016-10-20 00:00:00+00:00,51.43289566040039,51.675461693106406,50.90284472087771,51.65749345804406,49455600
2016-10-21 00:00:00+00:00,53.5980224609375,54.307752379189125,53.44529759166574,54.155024082826685,80032200
2016-10-24 00:00:00+00:00,54.8018684387207,54.8018684387207,53.84059003699566,53.84957244193452,54067000
2016-10-25 00:00:00+00:00,54.79288101196289,55.134267201803816,54.62218448995196,54.66710336471098,35137200
2016-10-26 00:00:00+00:00,54.469459533691406,54.98154224463452,54.32571707846335,54.63117022420928,29911600
2016-10-27 00:00:00+00:00,53.99330139160156,54.64912988192621,53.98431898891174,54.45148275185084,28479900
2016-10-28 00:00:00+00:00,53.786685943603516,54.370641656966534,53.52615507229602,53.912460176736275,33574700
2016-10-31 00:00:00+00:00,53.83160400390625,54.28079964516885,53.83160400390625,54.047219419632235,26434700
2016-11-01 00:00:00+00:00,53.723793029785156,53.921440190289296,53.22967855561526,53.87652131574484,24533000
2016-11-02 00:00:00+00:00,53.39139175415039,53.84058737488052,53.27459993317519,53.74176378998539,22147000
2016-11-03 00:00:00+00:00,53.19373321533203,53.58004164076199,53.103895481223155,53.4812180769883,21600400
2016-11-04 00:00:00+00:00,52.74454116821289,53.25662382599437,52.57384809131577,52.69063989502965,28697000
2016-11-07 00:00:00+00:00,54.28079605102539,54.370637229583636,53.70582621661478,53.70582621661478,31664800
2016-11-08 00:00:00+00:00,54.325714111328125,54.60421317538318,54.03822921657372,54.39758362147159,22935400
2016-11-09 00:00:00+00:00,54.05620574951172,54.43353189765682,53.18476847260969,53.90348086539678,49632500
2016-11-10 00:00:00+00:00,52.735565185546875,54.343686288376205,51.77428685638979,54.334700457024915,57822400
2016-11-11 00:00:00+00:00,53.023040771484375,53.11287850664677,52.11566388173056,52.31331101159573,38767800
2016-11-14 00:00:00+00:00,52.214508056640625,53.07696641924061,51.459859131297684,53.02306170061209,41328400
2016-11-15 00:00:00+00:00,53.245574951171875,53.80634280087513,52.74812249438011,52.75716902918551,35904100
2016-11-16 00:00:00+00:00,53.95105743408203,53.96010051883448,53.19131065591564,53.30888800890838,27332500
2016-11-17 00:00:00+00:00,54.84647750854492,55.126861471588406,54.240490703240006,54.638452032832376,32132700
2016-11-18 00:00:00+00:00,54.58418655395508,55.298711134588345,54.538964221688765,54.973104821882416,27686300
2016-11-21 00:00:00+00:00,55.045467376708984,55.14495858518418,54.647502542808205,54.71986103996945,19652600
2016-11-22 00:00:00+00:00,55.280616760253906,55.40724065981336,55.00023625415584,55.15399286069446,23206700
2016-11-23 00:00:00+00:00,54.6294059753418,55.26252545383449,54.49373554409771,55.18112388513652,21848900
2016-11-25 00:00:00+00:00,54.74699020385742,54.74699020385742,54.385208092222605,54.538964713362766,8409600
2016-11-28 00:00:00+00:00,54.81934356689453,55.190172180511475,54.4575580388691,54.57513885301374,20732600
2016-11-29 00:00:00+00:00,55.25347900390625,55.54290601937627,54.73793691696015,54.85551772019552,22366700
2016-11-30 00:00:00+00:00,54.502784729003906,55.334890129956264,54.466608933500325,55.04546306447095,34655400
2016-12-01 00:00:00+00:00,53.5440559387207,54.40329400184758,53.3088943044792,54.367114758080795,34542100
2016-12-02 00:00:00+00:00,53.58927917480469,53.78826156864532,53.182271301150045,53.43552256155885,25515700
2016-12-05 00:00:00+00:00,54.46660614013672,54.80125552052083,53.86966241690765,53.99628632028312,23552700
2016-12-06 00:00:00+00:00,54.2224006652832,54.68367394262885,54.08673022770019,54.65654123520927,19907000
2016-12-07 00:00:00+00:00,55.506736755371094,55.515783291991575,54.086734127322416,54.27666999343886,30809000
2016-12-08 00:00:00+00:00,55.181129455566406,55.69667507619185,55.02737283819457,55.44342380898715,21220800
2016-12-09 00:00:00+00:00,56.04939270019531,56.067482315965805,55.28964608904157,55.334868403347095,27349400
2016-12-12 00:00:00+00:00,56.23030471801758,56.34788554299883,55.823300274281316,55.91374493950208,20198100
2016-12-13 00:00:00+00:00,56.96291732788086,57.360878674018956,56.29361854345576,56.52877673657311,35718900
2016-12-14 00:00:00+00:00,56.69157028198242,57.3880051073802,56.55589986070984,56.9809972938046,30352700
2016-12-15 00:00:00+00:00,56.60113525390625,57.116677421970245,56.347883987840575,56.70966953922427,27669900
2016-12-16 00:00:00+00:00,56.347869873046875,56.935770384219246,56.185066760729654,56.935770384219246,42453100
2016-12-19 00:00:00+00:00,57.541770935058594,57.67744137811023,56.45641774137359,56.58304509833504,34338200
2016-12-20 00:00:00+00:00,57.46940231323242,57.704560448669355,57.008125676069604,57.6050692739777,26028400
2016-12-21 00:00:00+00:00,57.46940231323242,57.61411580817251,57.08952723261352,57.36991113854076,17096300
2016-12-22 00:00:00+00:00,57.47844696044922,57.975899397195064,57.35182308021304,57.74074125536244,22176600
2016-12-23 00:00:00+00:00,57.19805908203125,57.46939642596741,56.8000944240328,57.38799487776241,12403800
2016-12-27 00:00:00+00:00,57.23424530029297,57.94876974812752,57.17093335683848,57.17093335683848,11763200
2016-12-28 00:00:00+00:00,56.97196960449219,57.34279827923716,56.827256059475694,57.34279827923716,14653300
2016-12-29 00:00:00+00:00,56.89054489135742,57.16188224667281,56.73678487152564,56.85436565725092,10250600
2016-12-30 00:00:00+00:00,56.20317459106445,56.97196808173869,56.10368338460425,56.94483192073129,25579900
2017-01-03 00:00:00+00:00,56.60113525390625,56.836293447135745,56.19412737116027,56.79107111577346,20694100
2017-01-04 00:00:00+00:00,56.347869873046875,56.75487765383991,56.185066760729654,56.51067298536409,21340000
2017-01-05 00:00:00+00:00,56.347869873046875,56.6734760976813,56.10366520457105,56.248378698826144,24876000
2017-01-06 00:00:00+00:00,56.836280822753906,57.11666473530999,56.11271333094686,56.347871471943414,19922900
2017-01-09 00:00:00+00:00,56.65540313720703,57.05336795109791,56.564958470546124,56.76393742724869,20382700
2017-01-10 00:00:00+00:00,56.63729476928711,57.04430253504465,56.32977817407494,56.73678593983248,18593000
2017-01-11 00:00:00+00:00,57.15283966064453,57.18901889724997,56.46545141635065,56.62825453083324,21517300
2017-01-12 00:00:00+00:00,56.628257751464844,57.342782188971064,56.03131411449255,57.03526556081915,20968200
2017-01-13 00:00:00+00:00,56.709678649902344,56.863435291284375,56.39311537902354,56.63732014790378,19422300
2017-01-17 00:00:00+00:00,56.55590057373047,56.70966061646071,56.103670430776624,56.691570996713494,20664000
2017-01-18 00:00:00+00:00,56.52876663208008,56.70965937535115,56.18507076488924,56.68252322120313,19670100
2017-01-19 00:00:00+00:00,56.347869873046875,56.962903086191496,56.257425232978136,56.29360446910237,18451700
2017-01-20 00:00:00+00:00,56.745845794677734,56.818200830996716,56.41119296969451,56.682530393815135,30213500
2017-01-23 00:00:00+00:00,56.94483184814453,57.08954538910864,56.592092807684686,56.70967363791896,23097600
2017-01-24 00:00:00+00:00,57.45132064819336,57.650303025122234,56.92673200001445,57.161893618247184,24672900
2017-01-25 00:00:00+00:00,57.59602355957031,57.975895172598314,57.38799813573473,57.84022821804905,23672700
2017-01-26 00:00:00+00:00,58.129669189453125,58.37387737146158,57.47846002165398,57.99400564443231,43554600
2017-01-27 00:00:00+00:00,59.49539566040039,59.612979912213234,58.69042656938067,59.142656705930364,44818000
2017-01-30 00:00:00+00:00,58.907501220703125,59.50444837517788,58.60903454395073,59.41400371857155,31651400
2017-01-31 00:00:00+00:00,58.47335433959961,58.92558444756174,58.12061540742786,58.663290156885644,25270500
2017-02-01 00:00:00+00:00,57.50559616088867,58.44623584212345,57.4061049609177,58.21107419669338,39671500
2017-02-02 00:00:00+00:00,57.13475799560547,57.351829995213045,56.754886309095205,57.20711647888879,45827000
2017-02-03 00:00:00+00:00,57.59602355957031,57.61411317689189,57.044302307108175,57.43322045391782,30301800
2017-02-06 00:00:00+00:00,57.55985641479492,57.568902950476705,57.107626237494216,57.433232517189516,19796400
2017-02-07 00:00:00+00:00,57.369930267333984,57.686490064865026,57.18903747578352,57.650314266749355,20277200
2017-02-08 00:00:00+00:00,57.28851318359375,57.71361061118597,57.179978918125855,57.49653863000809,18096400
2017-02-09 00:00:00+00:00,57.93973159790039,58.283430969663705,57.27043282731256,57.45132559917831,22644400
2017-02-10 00:00:00+00:00,57.88547134399414,58.15681225111348,57.86738172016999,58.11158646643162,18170700
2017-02-13 00:00:00+00:00,58.53667449951172,58.663298395485306,58.003039308921764,58.10253049868456,22920100
2017-02-14 00:00:00+00:00,58.75505065917969,58.89154357064977,58.25457896456198,58.60946331131136,23108400
2017-02-15 00:00:00+00:00,58.71866989135742,58.755068474940785,58.381995142271315,58.691372689249896,17005200
2017-02-16 00:00:00+00:00,58.70956802368164,59.36472863811646,58.6367777994377,58.90975676057227,20546300
2017-02-17 00:00:00+00:00,58.8005485534668,58.864244317615565,58.50936692559846,58.66405564677153,21248800
2017-02-21 00:00:00+00:00,58.68225860595703,59.10083181308522,58.64586003025217,58.79145433307161,20655900
2017-02-22 00:00:00+00:00,58.56397247314453,58.591269671222676,58.281892169911806,58.536675275066386,19292700
2017-02-23 00:00:00+00:00,58.8005485534668,58.90064288888881,58.40927259017644,58.618555697100575,20273100
2017-02-24 00:00:00+00:00,58.8005485534668,58.964338653037586,58.36377264050548,58.71865003252259,21796800
2017-02-27 00:00:00+00:00,58.44568634033203,58.7277666630615,58.281896198223436,58.7277666630615,15871500
2017-02-28 00:00:00+00:00,58.21819305419922,58.41837829249102,58.01800434474793,58.30918949993138,23239800
2017-03-01 00:00:00+00:00,59.09174728393555,59.13724030445568,58.25459378699342,58.3546881513852,26937500
2017-03-02 00:00:00+00:00,58.24549102783203,58.91884733928897,58.12719738943472,58.864252945535846,24539600
2017-03-03 00:00:00+00:00,58.46388244628906,58.49117964638781,57.890616946097225,58.227298612727196,18135900
2017-03-06 00:00:00+00:00,58.482078552246094,58.745963058359926,58.06350875442787,58.20909960760107,18750300
2017-03-07 00:00:00+00:00,58.60036849975586,58.94614456422132,58.40928117921032,58.40928117921032,18521000
2017-03-08 00:00:00+00:00,59.137229919433594,59.219128449699134,58.4638736300341,58.4729750094677,21510900
2017-03-09 00:00:00+00:00,58.90066146850586,59.328329195655286,58.67317553302816,59.31923475670644,19846800
2017-03-10 00:00:00+00:00,59.08264923095703,59.38293234104695,58.918859074755254,59.2464393871588,19538200
2017-03-13 00:00:00+00:00,58.8824577331543,59.319233776676086,58.75506616677704,59.15544362814538,20100000
2017-03-14 00:00:00+00:00,58.60947799682617,58.73686956150009,58.372890687151916,58.718666799506906,14280200
2017-03-15 00:00:00+00:00,58.91884994506836,59.07353869575601,58.463878130820724,58.73686399629688,24833800
2017-03-16 00:00:00+00:00,58.81874084472656,58.92793655200552,58.509363420911995,58.918835174152974,20674300
2017-03-17 00:00:00+00:00,59.02803039550781,59.36470500779129,58.85513892931869,59.06442896430116,49219700
2017-03-20 00:00:00+00:00,59.08264923095703,59.3101351733306,58.89156187244163,59.06445341018795,14598100
2017-03-21 00:00:00+00:00,58.42747497558594,59.60130299746927,58.35467782485246,59.31922271627504,26640500
2017-03-22 00:00:00+00:00,59.17363357543945,59.273727930847784,58.34558847616575,58.34558847616575,20680000
2017-03-23 00:00:00+00:00,59.02803039550781,59.36470500779129,58.937030502365864,59.091726155316884,19269200
2017-03-24 00:00:00+00:00,59.12814712524414,59.55581485037747,58.92795839219632,59.47392324630506,22617100
2017-03-27 00:00:00+00:00,59.23733139038086,59.34652712976112,58.55487363947251,58.809656755707216,18614700
2017-03-28 00:00:00+00:00,59.41022872924805,59.57401888320536,58.827865280137566,59.10994562327298,20080400
2017-03-29 00:00:00+00:00,59.57402038574219,59.60131758837023,59.10084573245587,59.25554145121492,13618400
2017-03-30 00:00:00+00:00,59.79240036010742,60.03808904954371,59.473921450022935,59.528515851088976,15122800
2017-03-31 00:00:00+00:00,59.92890167236328,60.22918480479113,59.55582136680374,59.73781429963298,21040300
2017-04-03 00:00:00+00:00,59.64680480957031,60.00168225254838,59.3192245633877,59.883385143343276,20400900
2017-04-04 00:00:00+00:00,59.810604095458984,59.883394317291874,59.40112525384053,59.501219618970396,12997400
2017-04-05 00:00:00+00:00,59.655887603759766,60.37474372911954,59.546698837888634,60.32925072411231,21448600
2017-04-06 00:00:00+00:00,59.810604095458984,60.1108802485289,59.58311816422196,59.692306968131135,18103500
2017-04-07 00:00:00+00:00,59.76511001586914,60.01989317316563,59.5467254442322,59.91979879818195,14108500
2017-04-10 00:00:00+00:00,59.62860870361328,59.89249320594495,59.473919942966255,59.70140586473638,17952700
2017-04-11 00:00:00+00:00,59.58310317993164,59.70139333519154,59.00983433429858,59.69229195638142,18791500
2017-04-12 00:00:00+00:00,59.355621337890625,59.61040442333792,59.24642561170533,59.528505893119345,17108500
2017-04-13 00:00:00+00:00,59.100833892822266,59.92888589903012,59.100833892822266,59.410218326041466,17896500
2017-04-17 00:00:00+00:00,59.58310317993164,59.59219761642383,59.15542862598886,59.182725820101304,16689300
2017-04-18 00:00:00+00:00,59.5012092590332,59.79239092262527,59.29192612643308,59.44661486658421,15155600
2017-04-19 00:00:00+00:00,59.182743072509766,59.82880231000327,59.046250119840444,59.73780932233037,26992800
2017-04-20 00:00:00+00:00,59.6013069152832,59.82879281954001,59.273726657767895,59.56490833752385,22299500
2017-04-21 00:00:00+00:00,60.420257568359375,60.693236488118195,59.55580696665931,59.755995673207096,32522600
2017-04-24 00:00:00+00:00,61.4484977722168,61.56679489788371,61.05722169828997,61.40300475199993,29770000
2017-04-25 00:00:00+00:00,61.803375244140625,61.912570988800226,61.512193534034594,61.78517942452381,30242700
2017-04-26 00:00:00+00:00,61.721473693847656,62.15824271744656,61.53038637823333,61.9489595851483,26190800
2017-04-27 00:00:00+00:00,62.121849060058594,62.221943415541006,61.49399267113685,62.01266026667343,34971000
2017-04-28 00:00:00+00:00,62.29473114013672,62.913492997464054,61.59407770017036,62.704209880285696,39548800
2017-05-01 00:00:00+00:00,63.159202575683594,63.28659415247016,62.33115038425063,62.49494054616483,31954400
2017-05-02 00:00:00+00:00,63.0590934753418,63.432166736712006,62.90439778909694,63.432166736712006,23906100
2017-05-03 00:00:00+00:00,62.85890197753906,63.13188087661556,62.522220365461216,63.13188087661556,28928000
2017-05-04 00:00:00+00:00,62.61322021484375,62.85890888757113,62.45853146079708,62.81340892823077,21749400
2017-05-05 00:00:00+00:00,62.78610610961914,62.81340330585236,62.32203294669887,62.695113141402224,19128800
2017-05-08 00:00:00+00:00,62.73151779174805,62.831612149174816,62.25834320349077,62.75881499062459,18566100
2017-05-09 00:00:00+00:00,62.82252502441406,63.04090960730123,62.49494467892295,62.658734851668505,22858400
2017-05-10 00:00:00+00:00,63.06819152832031,63.295677438542,62.71331406375999,62.7770098409293,17977800
2017-05-11 00:00:00+00:00,62.29473114013672,62.540419772689695,61.985353682632024,62.20373817865404,28789400
2017-05-12 00:00:00+00:00,62.22193908691406,62.43122916354086,61.912561604086704,62.43122916354086,18714100
2017-05-15 00:00:00+00:00,62.26744842529297,62.31294838777362,61.48489627839876,62.00356391600821,31530300
2017-05-16 00:00:00+00:00,63.52122497558594,63.548678643763026,62.377275587454335,62.44133647390519,34956000
2017-05-17 00:00:00+00:00,61.754974365234375,63.2375284843346,61.709213591288446,63.04534580156656,30548800
2017-05-18 00:00:00+00:00,61.96542739868164,62.34979257955975,61.44378694402979,61.681730286430245,25201300
2017-05-19 00:00:00+00:00,61.94713592529297,62.322347611677564,61.70919254971284,61.7732534221254,26961100
2017-05-22 00:00:00+00:00,62.64265823364258,62.68841899655791,61.7732595951483,62.13017120312908,16237600
2017-05-23 00:00:00+00:00,62.8531494140625,62.91721029435044,62.5785987944786,62.8897566288145,15425800
2017-05-24 00:00:00+00:00,62.93551254272461,63.036180641174866,62.6426617969,63.02703407376123,14593900
2017-05-25 00:00:00+00:00,63.71341323852539,63.95134970506191,63.06365076677366,63.11855810795692,21854100
2017-05-26 00:00:00+00:00,64.02455139160156,64.26249479284309,63.62187901751777,63.87812951691521,19827900
2017-05-30 00:00:00+00:00,64.43638610839844,64.43638610839844,63.850677583384815,63.8689846840391,17072800
2017-05-31 00:00:00+00:00,63.91472244262695,64.73836721268377,63.88726878064362,64.54618459668907,30436400
2017-06-01 00:00:00+00:00,64.15267944335938,64.61941274254912,63.5578243729588,64.28080121457023,21603600
2017-06-02 00:00:00+00:00,65.67183685302734,65.76335139152422,64.28079073227255,64.46382679137804,34770300
2017-06-05 00:00:00+00:00,66.1477279663086,66.70597582345127,65.71760188141707,65.86403075376862,33316800
2017-06-06 00:00:00+00:00,66.36736297607422,66.45888451053473,66.13857310414853,66.16603375375436,31511100
2017-06-07 00:00:00+00:00,66.2483901977539,66.5961482655915,65.84571781659605,66.47718005393682,22301800
2017-06-08 00:00:00+00:00,65.84571838378906,66.367358981095,65.43389943195736,66.35821241388976,24588300
2017-06-09 00:00:00+00:00,64.35401916503906,65.96470192523569,62.77079007415667,65.92809470544562,49187400
2017-06-12 00:00:00+00:00,63.85980224609375,64.0062310566369,62.34978830238985,63.37476902986201,47761700
2017-06-13 00:00:00+00:00,64.65602111816406,64.81159655997564,64.02455881866496,64.07946615527774,25258600
2017-06-14 00:00:00+00:00,64.3082504272461,65.06783443402581,63.53951985323702,64.89395888920703,25510700
2017-06-15 00:00:00+00:00,63.96964645385742,64.25334364687478,62.96297246310998,63.393091536289944,26068700
2017-06-16 00:00:00+00:00,64.06114196777344,64.08859562576482,63.34731893155591,63.81405206374059,48345100
2017-06-19 00:00:00+00:00,64.85734558105469,64.92140645620404,64.38145880956377,64.51873410834429,23798300
2017-06-20 00:00:00+00:00,63.97880554199219,64.85735784536242,63.9421983232543,64.81159707641179,21512200
2017-06-21 00:00:00+00:00,64.3082504272461,64.6285618151956,64.00625312009247,64.2533430954204,19891100
2017-06-22 00:00:00+00:00,64.29908752441406,64.60108475484331,63.79574717018093,64.55533098398342,22965700
2017-06-23 00:00:00+00:00,65.16848754882812,65.20509475566706,63.987931311188014,64.14350670367038,27617300
2017-06-26 00:00:00+00:00,64.54620361328125,65.6260921894876,64.46384260306607,65.3423949559285,19607000
2017-06-27 00:00:00+00:00,63.338172912597656,64.22587853107828,63.3107192513434,64.16181766078128,25215100
2017-06-28 00:00:00+00:00,63.878143310546875,63.91474355053765,62.95383015322154,63.33819551214798,25806200
2017-06-29 00:00:00+00:00,62.67926025390625,63.59441957948513,62.313195127252385,63.49375149510253,28918700
2017-06-30 00:00:00+00:00,63.081932067871094,63.49375096811897,62.908049563178594,62.944656773751305,24161100
2017-07-03 00:00:00+00:00,62.38641357421875,63.6950917735178,62.24913827010251,63.44800181179818,16165500
2017-07-05 00:00:00+00:00,63.219207763671875,63.54866567880808,62.43217018663668,62.46877739744198,21176300
2017-07-06 00:00:00+00:00,62.75250244140625,62.94468514695843,62.3406833555251,62.47795172940906,21117600
2017-07-07 00:00:00+00:00,63.566951751708984,63.914709704375035,62.87142886426688,62.87142886426688,16878300
2017-07-10 00:00:00+00:00,64.04285430908203,64.28994426115946,63.32902415195581,63.566967537664546,15014500
2017-07-11 00:00:00+00:00,64.05200958251953,64.68347185338486,63.83237326391482,64.06116313224426,17460000
2017-07-12 00:00:00+00:00,65.11357879638672,65.23254697941151,64.56448467011062,64.69260640017136,17750900
2017-07-13 00:00:00+00:00,65.68099975585938,65.92809675158288,65.26002718837825,65.43390974224934,20269800
2017-07-14 00:00:00+00:00,66.60528564453125,67.05371169879032,65.85485537772378,66.11109883730039,25868100
2017-07-17 00:00:00+00:00,67.12693786621094,67.21845240607028,66.55038998119643,66.62360440592865,21803900
2017-07-18 00:00:00+00:00,67.08119201660156,67.16355301757682,66.49549051373532,66.88900238343398,26435300
2017-07-19 00:00:00+00:00,67.5936508178711,67.75837973304331,67.2184322402695,67.26419298752667,22416200
2017-07-20 00:00:00+00:00,67.92312622070312,67.99634064241212,67.06287422090126,67.88651900984863,42361000
2017-07-21 00:00:00+00:00,67.52961730957031,67.98719703901683,66.9622159314961,67.21845946284814,46717100
2017-07-24 00:00:00+00:00,67.35575103759766,67.49302638599201,66.92562487094864,67.29169013929551,21394800
2017-07-25 00:00:00+00:00,67.89568328857422,68.00549795638167,67.26422102023069,67.53877165397466,22018700
2017-07-26 00:00:00+00:00,67.7675552368164,68.0695525273932,67.54791195734528,68.03294531414801,16252200
2017-07-27 00:00:00+00:00,66.95308685302734,68.10618304531492,66.18434907605456,67.5021812753711,36844200
2017-07-28 00:00:00+00:00,66.84325408935547,67.09034409468876,66.38567431627564,66.50464254371563,18306700
2017-07-31 00:00:00+00:00,66.53205871582031,67.2092814254206,66.26666874126614,67.08115971973606,23600100
2017-08-01 00:00:00+00:00,66.42227172851562,67.19100228236988,66.33990375082426,66.89815155012366,22132300
2017-08-02 00:00:00+00:00,66.12940979003906,66.40395337755787,65.37897947944336,66.39480681211829,26499200
2017-08-03 00:00:00+00:00,66.02876281738281,66.29415992428808,65.7542121600013,66.06537003717457,18214400
2017-08-04 00:00:00+00:00,66.5137939453125,66.84325192985526,66.11112152373512,66.25755039780435,22579000
2017-08-07 00:00:00+00:00,66.25753021240234,66.71510983129724,66.12940847768066,66.62359530394043,18705700
2017-08-08 00:00:00+00:00,66.61446380615234,66.9256146985795,65.66269704596012,65.97384793838725,22044600
2017-08-09 00:00:00+00:00,66.32160186767578,66.35820908099522,65.93723660098959,66.12026568547482,22213400
2017-08-10 00:00:00+00:00,65.3515396118164,66.06536286497828,65.29662529703377,65.79996578688508,24734500
2017-08-11 00:00:00+00:00,66.34906005859375,66.53208915556557,65.23256441357321,65.53456870747794,21443700
2017-08-14 00:00:00+00:00,67.34658813476562,67.4655633451744,66.76088657958071,66.86155468895124,20096600
2017-08-15 00:00:00+00:00,67.36498260498047,67.70539115753067,67.19937597803563,67.70539115753067,19181400
2017-08-16 00:00:00+00:00,67.76058197021484,68.17459492969859,67.31896206336327,67.47536633522954,18150400
2017-08-17 00:00:00+00:00,66.61053466796875,67.96298722611687,66.61053466796875,67.6961762367473,22977500
2017-08-18 00:00:00+00:00,66.69334411621094,67.01535500547286,66.17812669339187,66.4909352660146,18761500
2017-08-21 00:00:00+00:00,66.38055419921875,66.68416755984092,65.96653406583044,66.67496524061552,17734800
2017-08-22 00:00:00+00:00,67.30978393554688,67.3833814227027,66.56455059135556,66.56455059135556,14343700
2017-08-23 00:00:00+00:00,66.90497589111328,67.30059139672423,66.7301669176789,67.12578242328985,13766500
2017-08-24 00:00:00+00:00,66.87735748291016,67.033761774204,66.30693316139529,66.9233550289495,17098300
2017-08-25 00:00:00+00:00,66.99696350097656,67.484581037655,66.68415489982873,67.03376575157836,12794300
2017-08-28 00:00:00+00:00,67.00619506835938,67.24539927272234,66.74858622100564,67.21779932755082,14569700
2017-08-29 00:00:00+00:00,67.20858764648438,67.30979210032596,66.28855226197021,66.47255653114787,11478400
2017-08-30 00:00:00+00:00,68.09180450439453,68.27580872960878,67.0061627292834,67.17176933970075,16897800
2017-08-31 00:00:00+00:00,68.791015625,68.96582452566052,67.8985875483425,68.11019167295349,27652800
2017-09-01 00:00:00+00:00,68.02740478515625,68.76342873195698,67.75139141803629,68.73582879910728,21736200
2017-09-05 00:00:00+00:00,67.72377014160156,67.98137879276035,67.14415067649428,67.47535678562038,21556000
2017-09-06 00:00:00+00:00,67.53055572509766,68.11937743556375,67.48455117737342,67.8433641878353,16535800
2017-09-07 00:00:00+00:00,68.39542388916016,68.63463504325738,67.71459970214316,67.78820421406732,17471200
2017-09-08 00:00:00+00:00,68.06421661376953,68.48743202208227,67.93540521015805,68.386227574517,14703800
2017-09-11 00:00:00+00:00,68.78184509277344,68.947451737416,68.36782497151066,68.36782497151066,17910400
2017-09-12 00:00:00+00:00,68.70823669433594,69.22345421772745,68.42302799664597,68.78184120319538,14394900
2017-09-13 00:00:00+00:00,69.19584655761719,69.21425119243375,68.58862697558955,68.93823782467749,13380800
2017-09-14 00:00:00+00:00,68.791015625,69.45344196507128,68.5610068691036,69.00262676892117,15733900
2017-09-15 00:00:00+00:00,69.2878646850586,69.36146920271061,68.14702273870508,68.84625161777285,38578400
2017-09-18 00:00:00+00:00,69.14984130859375,69.89506749151028,69.03943456992397,69.21424348465678,23307000
2017-09-19 00:00:00+00:00,69.40745544433594,69.6558618516436,69.01184004061535,69.1958442668202,16093300
2017-09-20 00:00:00+00:00,68.94745635986328,69.50867852548288,68.36782955509798,69.32466723059184,21587900
2017-09-21 00:00:00+00:00,68.27581787109375,69.22345309451794,68.1838157461684,69.1038510340462,19186100
2017-09-22 00:00:00+00:00,68.45980834960938,68.55181044659449,67.94458397173467,68.07338831137584,14111400
2017-09-25 00:00:00+00:00,67.40177154541016,68.31260430405729,67.08895596993594,68.16539532281988,24149200
2017-09-26 00:00:00+00:00,67.40177154541016,67.90778662496498,67.15335814439966,67.77898227603752,18019600
2017-09-27 00:00:00+00:00,67.94461059570312,68.23902163300592,67.3189862640206,67.66860419659521,19565100
2017-09-28 00:00:00+00:00,67.96298217773438,68.05498426602192,67.44775784856718,67.659368969007,10883800
2017-09-29 00:00:00+00:00,68.5334243774414,68.57942894804903,67.97220230872585,68.0274091973174,17079100
2017-10-02 00:00:00+00:00,68.64383697509766,69.01185251333118,68.35862826714015,68.7358391048279,15304800
2017-10-03 00:00:00+00:00,68.32181549072266,68.8922328188009,68.25741330789732,68.6990262703249,12190400
2017-10-04 00:00:00+00:00,68.7174301147461,68.74503004716647,67.81579254624914,68.16540338909293,13317700
2017-10-05 00:00:00+00:00,69.89508056640625,70.03308726073196,68.96584297854594,69.2050541140897,21195300
2017-10-06 00:00:00+00:00,69.92266845703125,69.95026838727982,69.49945314816127,69.61905518567532,13959800
2017-10-09 00:00:00+00:00,70.18946075439453,70.42867178490971,69.79384548132707,69.89504987811007,11386500
2017-10-10 00:00:00+00:00,70.18946075439453,70.5022692394991,70.05145412066236,70.22626299134372,13944500
2017-10-11 00:00:00+00:00,70.30908966064453,70.34589191167446,69.8766719851825,70.25388979375548,15388900
2017-10-12 00:00:00+00:00,70.953125,71.10952931666715,70.2630985236672,70.37349826752057,16876500
2017-10-13 00:00:00+00:00,71.29353332519531,71.64315123103341,71.10952907319484,71.38553545119555,15335700
2017-10-16 00:00:00+00:00,71.44074249267578,71.58794449072367,71.16472909478159,71.2291312850486,12380100
2017-10-17 00:00:00+00:00,71.38552856445312,71.41313551697094,71.07271996236729,71.2751288316283,16824000
2017-10-18 00:00:00+00:00,71.40393829345703,71.62474479417075,71.18313179274331,71.45913816380744,13300700
2017-10-19 00:00:00+00:00,71.67993927001953,71.69833688384614,71.16471483183332,71.36712368048032,15092800
2017-10-20 00:00:00+00:00,72.50798797607422,72.65519701005152,71.96517045673734,72.05717259331662,22866400
2017-10-23 00:00:00+00:00,72.5263900756836,72.99560306160373,72.46198788040164,72.67359208519397,20627200
2017-10-24 00:00:00+00:00,72.55397033691406,72.86677890935957,72.1859548839757,72.59077258413899,17517200
2017-10-25 00:00:00+00:00,72.34236145019531,72.77477909457798,71.77194414850852,72.29636390419765,20410800
2017-10-26 00:00:00+00:00,72.46195220947266,73.06917160616976,72.45274989487302,72.86676280083427,32120700
2017-10-27 00:00:00+00:00,77.10814666748047,79.30703019976264,76.92414243806469,77.62337114460519,71066700
2017-10-30 00:00:00+00:00,77.18175506591797,77.58657281425631,76.46412870790854,77.00694612562427,31756700
2017-10-31 00:00:00+00:00,76.52852630615234,77.61416809582055,76.46412412453269,77.61416809582055,27086600
2017-11-01 00:00:00+00:00,76.52852630615234,77.06214839346464,76.25251294531871,76.9885438946675,22307400
2017-11-02 00:00:00+00:00,77.3289566040039,77.70616736272449,76.47332363994128,76.68492779209132,23992900
2017-11-03 00:00:00+00:00,77.4117660522461,77.77978155933545,76.73094192668357,77.35656618294188,17633500
2017-11-06 00:00:00+00:00,77.71538543701172,77.92698963206628,77.35657221990833,77.46697196713244,19860900
2017-11-07 00:00:00+00:00,77.53134155273438,78.11096805914228,77.21853304140467,77.99135902420245,17939700
2017-11-08 00:00:00+00:00,77.79814910888672,77.84415366173522,77.12652756087779,77.4117361344726,18034200
2017-11-09 00:00:00+00:00,77.36576843261719,77.53137507472088,76.27093115028245,77.38417307024682,21178400
2017-11-10 00:00:00+00:00,77.16337585449219,77.37498007754974,76.57455372699917,77.0897713337272,19397800
2017-11-13 00:00:00+00:00,77.21855163574219,77.22775395279416,76.78613398534587,76.97014522982901,14196900
2017-11-14 00:00:00+00:00,77.3289566040039,77.37495414958339,76.34451928142099,76.82293446745194,18801300
2017-11-15 00:00:00+00:00,76.72794342041016,77.38444820925226,76.45979238475958,77.18102279913361,19383100
2017-11-16 00:00:00+00:00,76.9313735961914,77.13479903756563,76.69096812417203,76.83890941044817,20962800
2017-11-17 00:00:00+00:00,76.19161987304688,76.85737300775662,76.04367159663933,76.85737300775662,22079000
2017-11-20 00:00:00+00:00,76.31184387207031,76.36732096393791,76.05294137060277,76.19164115483584,16315000
2017-11-21 00:00:00+00:00,77.41217803955078,77.52313221107674,76.50601232956342,76.50601232956342,21237500
2017-11-22 00:00:00+00:00,76.84815216064453,77.57863116579006,76.78342653003997,77.5139055351855,20553100
2017-11-24 00:00:00+00:00,76.9868392944336,77.14402907796887,76.54300143288069,76.75567535821226,7425600
2017-11-27 00:00:00+00:00,77.5509033203125,77.65261604738042,77.02384966849034,77.0330911494488,18265200
2017-11-28 00:00:00+00:00,78.48477935791016,78.6512176789895,77.68957482992707,77.73581044033497,21926000
2017-11-29 00:00:00+00:00,77.06080627441406,78.52176404218838,76.91286502383223,78.32758718260776,27381100
2017-11-30 00:00:00+00:00,77.82830047607422,78.15192869280993,77.06083423741093,77.2180311323106,33054600
2017-12-01 00:00:00+00:00,77.9114990234375,78.42005547639215,76.94985615303409,77.30122281441533,29532100
2017-12-04 00:00:00+00:00,74.97108459472656,78.06867972698693,74.6197109196851,78.05943119486399,39094900
2017-12-05 00:00:00+00:00,75.44264221191406,76.45052042008199,74.87860882204187,75.2114783266398,26152300
2017-12-06 00:00:00+00:00,76.54300689697266,76.87588355325917,75.29472296318023,75.4056842001304,26162100
2017-12-07 00:00:00+00:00,76.27484130859375,76.56148935236867,75.82176202300214,76.32107691214016,23184500
2017-12-08 00:00:00+00:00,77.81903076171875,78.20738448090634,77.05156480149319,77.32895729181426,24489100
2017-12-11 00:00:00+00:00,78.80841064453125,78.93786188182843,77.7820422241298,77.93923200448161,22857900
2017-12-12 00:00:00+00:00,79.13201904296875,79.56660825483065,78.66969129495592,78.88235810848734,23924100
2017-12-13 00:00:00+00:00,78.91937255859375,79.52040025046941,78.75293422937533,79.27998776280634,22062700
2017-12-14 00:00:00+00:00,78.30908203125,79.40017587976939,78.16113375470943,78.99332517384491,19306000
2017-12-15 00:00:00+00:00,80.30635070800781,80.52826611336953,78.48477774652838,78.8361514474616,53936700
2017-12-18 00:00:00+00:00,79.87175750732422,80.90737443979637,79.73306479479227,80.55600781044343,22283800
2017-12-19 00:00:00+00:00,79.36321258544922,79.84403051912038,78.8454005169985,79.84403051912038,23524800
2017-12-20 00:00:00+00:00,79.07655334472656,79.79779072554112,78.32758447585992,79.70531951073907,23674900
2017-12-21 00:00:00+00:00,79.05805206298828,79.61284399988628,78.96558791593232,79.5666154536394,17990700
2017-12-22 00:00:00+00:00,79.06731414794922,79.17826832161148,78.52176359404382,78.96560145238318,14145800
2017-12-26 00:00:00+00:00,78.96558380126953,79.08578648072266,78.62345871497115,78.8823611350621,9891200
2017-12-27 00:00:00+00:00,79.25225067138672,79.5019116970779,78.7991712880859,79.1967735788172,14678000
2017-12-28 00:00:00+00:00,79.26150512695312,79.45568202001836,79.1043153165524,79.42794347166114,10594300
2017-12-29 00:00:00+00:00,79.0950698852539,79.56664638952134,79.05808280113833,79.17828553359024,18717400
2018-01-02 00:00:00+00:00,79.4741439819336,79.80702055385358,79.05805179431471,79.64058226789358,22483800
2018-01-03 00:00:00+00:00,79.84402465820312,79.99197296820445,79.49265800379551,79.57587363724849,26061400
2018-01-04 00:00:00+00:00,80.54679107666016,81.05535473859403,80.047475950734,80.0659659681834,21912000
2018-01-05 00:00:00+00:00,81.54540252685547,81.74882794472589,80.84266209818432,81.05533604993003,23407100
2018-01-08 00:00:00+00:00,81.62860870361328,81.90600825119428,80.99984250971808,81.55463455031654,22113000
2018-01-09 00:00:00+00:00,81.5731201171875,82.0446964597753,81.24024352883876,81.97072231690612,19484300
2018-01-10 00:00:00+00:00,81.2032699584961,81.54539513522684,80.8241647587449,81.24025703608027,18652200
2018-01-11 00:00:00+00:00,81.44366455078125,81.48989309668704,80.66695020120483,81.48989309668704,17808900
2018-01-12 00:00:00+00:00,82.8491439819336,83.01558227941423,81.78578858439413,81.98921395404409,24271500
2018-01-16 00:00:00+00:00,81.69332885742188,83.94949100005168,81.37894930879342,83.31147631604763,36599700
2018-01-17 00:00:00+00:00,83.34847259521484,83.47792384183644,82.06320160764056,82.3683397123474,25621200
2018-01-18 00:00:00+00:00,83.31148529052734,83.83853880878675,82.90464153992117,83.03409278619093,24159700
2018-01-19 00:00:00+00:00,83.2190170288086,83.78305759748004,82.90463746177912,83.34846826871055,36875000
2018-01-22 00:00:00+00:00,84.70773315429688,84.71698168918542,82.97862396752787,83.21903649267384,23601600
2018-01-23 00:00:00+00:00,84.97586059570312,85.34572428816,84.64298397794825,84.97586059570312,23412800
2018-01-24 00:00:00+00:00,84.90188598632812,86.39058222584349,84.67997059388154,85.57688775049724,33277500
2018-01-25 00:00:00+00:00,85.37346649169922,86.21489954992353,85.00360278338111,85.50291773142604,26383200
2018-01-26 00:00:00+00:00,86.9731216430664,86.9731216430664,85.60463501980992,86.10394999464043,29172200
2018-01-29 00:00:00+00:00,86.84367370605469,88.25839599470837,86.65874536220923,87.97175494537868,31569900
2018-01-30 00:00:00+00:00,85.7525863647461,86.6032751559416,85.16080715191032,86.2703984669009,38635100
2018-01-31 00:00:00+00:00,87.8515625,88.212177750861,86.46457859528383,86.68649404476024,48756300
2018-02-01 00:00:00+00:00,87.15805053710938,88.83167514042691,86.52928436247993,87.64811694219816,47227900
2018-02-02 00:00:00+00:00,84.86490631103516,86.88990472553506,84.60600382151372,86.58476662521463,47867800
2018-02-05 00:00:00+00:00,81.36968994140625,86.21488313991259,81.36968994140625,83.73680593678728,51031500
2018-02-06 00:00:00+00:00,84.44882202148438,84.5875218124395,78.8269126573432,80.34334771477327,67998600
2018-02-07 00:00:00+00:00,82.8584213256836,84.85567453538637,82.4793089950426,83.67211603266396,41107600
2018-02-08 00:00:00+00:00,78.60499572753906,83.10806519889614,78.37383176520444,82.95087539760404,55628700
2018-02-09 00:00:00+00:00,81.53614044189453,82.22963222143393,77.51388953147867,79.79779025415853,63499100
2018-02-12 00:00:00+00:00,82.4145736694336,83.01560138502388,81.30498946723944,82.05395845099227,35720300
2018-02-13 00:00:00+00:00,83.06182098388672,83.2190107555521,81.18477109224156,82.22962946541861,26407700
2018-02-14 00:00:00+00:00,84.3624267578125,84.5296469204601,82.13283403944776,82.22573255476256,34960900
2018-02-15 00:00:00+00:00,86.08110046386719,86.13683816799818,84.18594055866961,84.73404688316833,27823900
2018-02-16 00:00:00+00:00,85.46794891357422,86.86144808064337,85.28215185971298,85.88599582861366,30596900
2018-02-20 00:00:00+00:00,86.13680267333984,86.45265898353156,84.54821497088493,84.98484570719789,30911700
2018-02-21 00:00:00+00:00,84.994140625,86.73137179915298,84.994140625,86.37835463062913,26922500
2018-02-22 00:00:00+00:00,85.21710968017578,86.14610898859817,84.87337738448669,85.51438917536285,24392800
2018-02-23 00:00:00+00:00,87.38166809082031,87.39096006797294,85.80237218456463,86.95432928192409,26329200
2018-02-26 00:00:00+00:00,88.6451187133789,88.6729875606128,87.55819114504087,87.69754246891304,30199800
2018-02-27 00:00:00+00:00,87.51171112060547,89.03526905557801,87.51171112060547,88.94237056446028,25869100
2018-02-28 00:00:00+00:00,87.11226654052734,88.91452756020449,86.98220719763339,88.10629556847552,31167300
2018-03-01 00:00:00+00:00,86.25758361816406,87.85546354876519,85.31929234027345,87.31664225352488,37135600
2018-03-02 00:00:00+00:00,86.44336700439453,86.53626549461298,84.40885675641853,85.07773722631204,32830400
2018-03-05 00:00:00+00:00,86.99148559570312,87.57675254736118,85.70946923543721,85.78378378570224,23901600
2018-03-06 00:00:00+00:00,86.6942138671875,87.78114134055299,86.34119668689932,87.64179002885692,22175800
2018-03-07 00:00:00+00:00,87.19588470458984,87.27020635802515,85.86741527217131,86.54558795628832,26716100
2018-03-08 00:00:00+00:00,87.72541046142578,88.34783833592734,87.11226747744323,87.57676716068964,25887800
2018-03-09 00:00:00+00:00,89.68558502197266,89.68558502197266,88.25492538106074,88.5243360038008,36937300
2018-03-12 00:00:00+00:00,89.89924621582031,90.30800811710924,89.22108079344677,89.64841955947557,26073700
2018-03-13 00:00:00+00:00,87.70681762695312,90.33587996889177,87.2980557120405,90.11292214607643,35387800
2018-03-14 00:00:00+00:00,87.18656921386719,88.63581271421776,86.86142092740108,88.36640210894555,32132000
2018-03-15 00:00:00+00:00,87.49315643310547,87.8647575794614,86.2390087658938,86.8893054562399,27611000
2018-03-16 00:00:00+00:00,87.88333129882812,88.60794961002588,87.25161149896559,87.95765294297715,49081300
2018-03-19 00:00:00+00:00,86.29473114013672,87.23302227340898,85.57011293159619,87.08437900616933,33344100
2018-03-20 00:00:00+00:00,86.5177001953125,87.11225916612524,86.39693284076372,86.44338563973741,23075200
2018-03-21 00:00:00+00:00,85.91384887695312,87.37237733307128,85.66301512459252,86.33189568061894,24457100
2018-03-22 00:00:00+00:00,83.41485595703125,85.23569390825268,83.29408858808033,84.78977108311345,38604700
2018-03-23 00:00:00+00:00,80.99016571044922,84.03728252319777,80.89726719058791,83.14544397466425,44068900
2018-03-26 00:00:00+00:00,87.12154388427734,87.32592484240882,83.98152913832494,84.17661811989551,56396800
2018-03-27 00:00:00+00:00,83.1175765991211,88.38500144202068,82.22573803479705,88.19920439900842,56569000
2018-03-28 00:00:00+00:00,83.04326629638672,84.75262909407083,82.56018966591085,83.4427363723914,52501100
2018-03-29 00:00:00+00:00,84.78977966308594,85.73736310450528,82.12355568400412,83.77717362909264,45867500
2018-04-02 00:00:00+00:00,82.23502349853516,84.42746264232967,81.2967392107719,84.0465765751898,48515400
2018-04-03 00:00:00+00:00,83.34052276611328,83.65638620012598,81.64974439638002,83.21975541388301,37213800
2018-04-04 00:00:00+00:00,85.77450561523438,86.17397559096709,81.50111032525551,81.61258570323538,35560000
2018-04-05 00:00:00+00:00,85.82096099853516,86.4619728449674,84.91054556648935,85.87670578150939,29771900
2018-04-06 00:00:00+00:00,83.82361602783203,85.89528064774225,83.12686650237562,84.99415012745287,38026000
2018-04-09 00:00:00+00:00,84.32527160644531,86.5548715624907,84.18592736795105,84.57610541114072,31533900
2018-04-10 00:00:00+00:00,86.28546905517578,86.65707026430456,85.13351168580976,85.83026129503739,26812000
2018-04-11 00:00:00+00:00,85.33786010742188,86.66632913840193,84.98484299183379,85.47721139357799,24872100
2018-04-12 00:00:00+00:00,86.93574523925781,87.47456646640316,85.86739476135273,85.86739476135273,26758900
2018-04-13 00:00:00+00:00,86.47127532958984,87.49317336404089,85.87671621544729,87.37240598037883,23346100
2018-04-16 00:00:00+00:00,87.48384857177734,87.93906326007327,86.78709920675006,87.39095007398058,20288100
2018-04-17 00:00:00+00:00,89.24894714355469,89.68557787361806,88.14343589830494,88.25491834673632,26771000
2018-04-18 00:00:00+00:00,89.59269714355469,89.85281582044244,88.73801237816333,89.38831615808506,21043300
2018-04-19 00:00:00+00:00,89.28611755371094,90.17795597388933,88.57078416955525,89.59268900406337,23552500
2018-04-20 00:00:00+00:00,88.25494384765625,89.28613375857668,87.3723972442609,89.10033671187335,31154400
2018-04-23 00:00:00+00:00,88.58008575439453,89.4533474030741,87.91120509478485,88.94239493039935,22331800
2018-04-24 00:00:00+00:00,86.5084228515625,89.62056928630898,85.84883415727376,89.40689631517473,34524800
2018-04-25 00:00:00+00:00,85.75592041015625,86.67563479129363,83.87005302466967,86.67563479129363,33729300
2018-04-26 00:00:00+00:00,87.56748962402344,88.39429856262063,86.48984686629483,86.90790086894607,42529000
2018-04-27 00:00:00+00:00,89.01670837402344,90.94902852641466,87.24232348171266,90.67032591469795,48272800
2018-04-30 00:00:00+00:00,86.88002014160156,89.55554293039768,86.53629490221526,89.4905132563757,41523600
2018-05-01 00:00:00+00:00,88.25494384765625,88.52435452676819,86.20185600446145,86.59203405516027,31408900
2018-05-02 00:00:00+00:00,86.8707046508789,88.41283941491747,86.57342523325097,88.24561929952048,27471000
2018-05-03 00:00:00+00:00,87.39098358154297,88.18992372678765,85.88600182446963,86.35979355890632,31142500
2018-05-04 00:00:00+00:00,88.40357971191406,88.59866872083767,86.3226161079908,86.69421725781298,22531300
2018-05-07 00:00:00+00:00,89.38831329345703,89.84352096342255,88.347831531548,88.41286119868593,24242000
2018-05-08 00:00:00+00:00,89.0074234008789,89.33257883603541,88.31067390446196,89.04458422454543,23484600
2018-05-09 00:00:00+00:00,90.05718994140625,90.08505878499105,88.30138191854601,89.19322035176853,27327400
2018-05-10 00:00:00+00:00,90.95832061767578,90.99547435076292,90.15938068996718,90.54026669957607,22388100
2018-05-11 00:00:00+00:00,90.76322937011719,90.92116463880653,90.15009351370155,90.85613497088818,16778300
2018-05-14 00:00:00+00:00,91.0698013305664,91.68294427797244,90.40092069256066,90.96761083933207,19454100
2018-05-15 00:00:00+00:00,90.41021728515625,90.9025858111258,89.49979479524269,90.33589563542807,24594000
2018-05-16 00:00:00+00:00,90.64346313476562,90.87671959825272,90.14896057112058,90.8393977098841,17384700
2018-05-17 00:00:00+00:00,89.73843383789062,91.00734966658976,89.41187618750988,90.27959058333468,17246700
2018-05-18 00:00:00+00:00,89.90635681152344,90.43818117454467,89.57979924097025,89.57979924097025,17865800
2018-05-21 00:00:00+00:00,91.0633316040039,91.44587566163955,90.31691511253574,90.50351745579701,19422500
2018-05-22 00:00:00+00:00,90.97002410888672,91.5951497456238,90.6901134950288,91.13796905351695,15441200
2018-05-23 00:00:00+00:00,92.05233764648438,92.1176491739923,89.86905336414888,90.23293289146768,21251200
2018-05-24 00:00:00+00:00,91.72579193115234,92.3136029191653,90.32625280681533,92.11766829596903,26649300
2018-05-25 00:00:00+00:00,91.77242279052734,92.3509013777329,91.30590986748416,91.7164435176573,18363900
2018-05-29 00:00:00+00:00,91.44586181640625,92.25758971695964,90.7181028220803,91.28724201838438,28671000
2018-05-30 00:00:00+00:00,92.32290649414062,92.60281710100887,91.35256585875489,91.72577051001598,22158500
2018-05-31 00:00:00+00:00,92.22028350830078,93.29326479807118,92.00569152140065,92.64014946608393,34140900
2018-06-01 00:00:00+00:00,94.03968811035156,94.10499964333395,92.52818348050076,92.63081690639068,28655600
2018-06-04 00:00:00+00:00,94.86074829101562,95.03802550251874,94.09566728334045,94.47821134638964,27281600
2018-06-05 00:00:00+00:00,95.3459243774414,95.47654744133615,94.73012383186067,95.16864716854577,23514400
2018-06-06 00:00:00+00:00,95.62582397460938,95.72845739466818,95.07534210195108,95.61649884072972,21122900
2018-06-07 00:00:00+00:00,94.1236572265625,95.81243907163473,93.65714424188171,95.77511717864948,28232200
2018-06-08 00:00:00+00:00,94.82341003417969,95.12197800715194,93.80641532320048,94.31957524508488,22165100
2018-06-11 00:00:00+00:00,94.28225708007812,94.78608473259797,93.92770273103311,94.24493519499856,23490900
2018-06-12 00:00:00+00:00,94.52486419677734,94.65548727064028,94.00237190132559,94.32892958598293,18325200
2018-06-13 00:00:00+00:00,94.09567260742188,95.17798620647724,93.82509420765804,94.90740780671341,29492900
2018-06-14 00:00:00+00:00,94.62750244140625,95.19664891436464,94.23563319988789,94.84210156990859,25691800
2018-06-15 00:00:00+00:00,93.42389678955078,94.73013469673758,93.36791750386777,94.71147730765121,65738600
2018-06-18 00:00:00+00:00,94.1050033569336,94.33825985799314,92.76144363293514,93.31193267701586,23586000
2018-06-19 00:00:00+00:00,94.1050033569336,94.23562642805305,92.83608742169584,92.97604274601625,28653100
2018-06-20 00:00:00+00:00,95.04736328125,95.65382449990172,94.34759376579929,94.58085027094953,26180800
2018-06-21 00:00:00+00:00,94.36624145507812,95.59783539095035,94.1236527214967,95.24328810219511,23198200
2018-06-22 00:00:00+00:00,93.6851577758789,94.02104063604352,92.95739140998616,93.6851577758789,38923100
2018-06-25 00:00:00+00:00,91.80043029785156,93.40523620447695,90.78343534448062,93.30260277195391,35433300
2018-06-26 00:00:00+00:00,92.44422149658203,93.37724753400795,92.13632119580978,92.20163273369265,26897200
2018-06-27 00:00:00+00:00,91.00735473632812,93.32125517514591,90.87673166889921,92.9107285854079,31298400
2018-06-28 00:00:00+00:00,92.02435302734375,92.47220864533867,90.74611194632789,90.85807051200895,26650700
2018-06-29 00:00:00+00:00,92.00567626953125,93.21861267749306,91.74443018004337,92.3042442458634,28053200
2018-07-02 00:00:00+00:00,93.31192016601562,93.35856718891912,91.43653615578458,91.52983732001414,19564500
2018-07-03 00:00:00+00:00,92.41624450683594,93.89042043779182,92.31361105919396,93.75047220775704,14670300
2018-07-05 00:00:00+00:00,93.07867431640625,93.22795477252177,92.39756221481349,92.83608556699225,18977400
2018-07-06 00:00:00+00:00,94.38494873046875,94.63686271218766,92.99473434741924,93.20000128281855,19234600
2018-07-09 00:00:00+00:00,95.02870178222656,95.401913625964,94.46888757583233,94.84209941956976,18212000
2018-07-10 00:00:00+00:00,95.2806167602539,95.64449632725744,95.03802800944376,95.16865107870537,19293100
2018-07-11 00:00:00+00:00,95.14999389648438,95.48587670500862,94.3289264668686,94.3755806138871,19644600
2018-07-12 00:00:00+00:00,97.21197509765625,97.41724194368088,95.84975807762908,95.88707285106717,24335900
2018-07-13 00:00:00+00:00,98.3689193725586,98.5275320646392,97.11866098466868,97.37991421202936,24635200
2018-07-16 00:00:00+00:00,97.88373565673828,98.73278539466247,97.51984906228893,98.3409162848513,21786900
2018-07-17 00:00:00+00:00,98.8541030883789,99.36727024216326,97.33327325199987,97.60385164959311,25901700
2018-07-18 00:00:00+00:00,98.07969665527344,98.94741112861536,97.70648482788765,98.84477769812368,29493900
2018-07-19 00:00:00+00:00,97.40789031982422,98.25694005594123,96.932045191254,97.90239283140315,40171600
2018-07-20 00:00:00+00:00,99.15265655517578,100.95339677777336,98.97538647954063,100.84143822861905,56004000
2018-07-23 00:00:00+00:00,100.7387924194336,100.89740509017034,99.0220213199096,99.18064110906798,29707000
2018-07-24 00:00:00+00:00,100.44959259033203,101.5318991566434,100.07638072944307,101.29864263339083,26316600
2018-07-25 00:00:00+00:00,103.40729522705078,103.70586332565729,100.39361747557024,100.72950747630568,30702100
2018-07-26 00:00:00+00:00,102.2782974243164,103.56587054959827,102.16633175838749,103.32328183263013,31372100
2018-07-27 00:00:00+00:00,100.46823120117188,102.80079599770872,99.03137043229444,102.80079599770872,37005300
2018-07-30 00:00:00+00:00,98.31294250488281,100.32827476491693,97.74379613143468,100.01104937298729,34668300
2018-07-31 00:00:00+00:00,98.97537994384766,99.57251589464796,98.32225760374469,99.35791682556878,27655200
2018-08-01 00:00:00+00:00,99.16200256347656,99.32061527573062,98.3595996305845,98.9287460624829,23628700
2018-08-02 00:00:00+00:00,100.36558532714844,100.85075561252144,97.81842175327976,98.3409210433991,26104300
2018-08-03 00:00:00+00:00,100.80410766601562,100.81343991711636,99.66581505807143,100.58018346855145,18659600
2018-08-06 00:00:00+00:00,100.88807678222656,101.15865511733989,100.35625236312019,100.87875164952817,20265900
2018-08-07 00:00:00+00:00,101.5878677368164,101.79313459459111,100.92542013481295,101.28929970325959,16080200
2018-08-08 00:00:00+00:00,102.15701293945312,102.39960168831975,101.47590795782055,102.00773248367443,15487500
2018-08-09 00:00:00+00:00,102.32496643066406,102.78215432594983,102.25965489111238,102.36228832732559,13677200
2018-08-10 00:00:00+00:00,101.69982147216797,102.34361161075857,101.12134286079507,102.09169063547418,18183700
2018-08-13 00:00:00+00:00,100.96273803710938,102.24098616189963,100.86010461227978,101.92375363467457,18472500
2018-08-14 00:00:00+00:00,102.2223129272461,102.39959012198118,100.804116724633,101.28928704914148,16788300
2018-08-15 00:00:00+00:00,100.83615112304688,102.08184582627472,100.04938942782194,101.6135375052035,29982800
2018-08-16 00:00:00+00:00,100.81741333007812,101.96008676029236,100.49896710634907,101.435583734942,21384300
2018-08-17 00:00:00+00:00,100.76121520996094,101.06093223513761,99.92762701038151,100.55515841531118,18061500
2018-08-20 00:00:00+00:00,100.09619140625,101.06090509868977,99.73091160320612,100.6956252956459,17914200
2018-08-21 00:00:00+00:00,99.26261138916016,100.5457713119281,99.14084668117229,100.1430259652788,22881900
2018-08-22 00:00:00+00:00,100.27415466308594,100.53640612526557,99.07528675265534,99.14084961820025,18000600
2018-08-23 00:00:00+00:00,100.74246978759766,101.32317459778271,100.09620925319385,100.35846073333647,18167700
2018-08-24 00:00:00+00:00,101.52921295166016,101.6790678506294,100.74245150817093,100.8454798775066,17234000
2018-08-27 00:00:00+00:00,102.65314483642578,102.69061034584536,101.63223650154949,102.3440597430757,19662300
2018-08-28 00:00:00+00:00,103.27133178710938,103.49611773430098,102.83112091223919,102.97161480891509,19151500
2018-08-29 00:00:00+00:00,104.91976165771484,104.92912982215705,103.28068302529849,103.44927425617966,20818000
2018-08-30 00:00:00+00:00,104.85420989990234,105.47238019385524,104.3765406500113,104.59195843427985,22798700
2018-08-31 00:00:00+00:00,105.21014404296875,105.6316186532395,104.45147974033684,104.61070999262843,23222700
2018-09-04 00:00:00+00:00,104.62940216064453,104.8635562270176,103.23384592588924,103.82391160065598,22634600
2018-09-05 00:00:00+00:00,101.613525390625,104.35781211075539,101.2482455154043,103.97380304908467,32872400
2018-09-06 00:00:00+00:00,101.84767150878906,102.08182562298259,100.69563726861412,101.38873144579836,23477600
2018-09-07 00:00:00+00:00,101.35126495361328,101.82894134279476,100.4333848364747,101.37000128422548,22498600
2018-09-10 00:00:00+00:00,102.4471206665039,102.69064298221798,101.4917748830372,101.94134684732123,20727900
2018-09-11 00:00:00+00:00,104.18923950195312,104.51705391714377,101.98819169045211,101.99755985826279,24301800
2018-09-12 00:00:00+00:00,104.62940216064453,104.76052786614825,103.5054655003798,104.36715074963709,18891100
2018-09-13 00:00:00+00:00,105.75336456298828,106.5213897499132,105.01343672563853,105.01343672563853,26055600
2018-09-14 00:00:00+00:00,106.18421936035156,106.52140188529935,105.31316569520595,106.17485119415383,19122300
2018-09-17 00:00:00+00:00,105.03215789794922,106.4932771309297,104.76990646083127,106.48391611232957,20736500
2018-09-18 00:00:00+00:00,106.03433990478516,106.49327993181218,104.63878349437961,105.07899433789807,22170900
2018-09-19 00:00:00+00:00,104.62007904052734,106.1374006163893,104.00191575498083,105.88451725998803,21728400
2018-09-20 00:00:00+00:00,106.37151336669922,106.58693826079265,104.83546319969973,105.16327747695901,23714500
2018-09-21 00:00:00+00:00,107.01780700683594,107.98252089200327,106.31534460744415,106.77428470755135,71229700
2018-09-24 00:00:00+00:00,107.40182495117188,107.61724991562656,105.10711711505303,105.8657742824735,27334500
2018-09-25 00:00:00+00:00,107.19574737548828,107.80454948313104,106.54011873391379,107.52356884209179,22668000
2018-09-26 00:00:00+00:00,106.75556945800781,107.76711001436772,106.5307763158674,107.21450961802968,19352000
2018-09-27 00:00:00+00:00,107.15830993652344,107.62661824220709,106.96161415981678,107.50485350940603,19091300
2018-09-28 00:00:00+00:00,107.12083435058594,107.30815479693361,106.4745666627976,106.95224309054625,21647800
2018-10-01 00:00:00+00:00,108.28221130371094,108.34777415905333,107.45799153000428,107.47672071189555,18883100
2018-10-02 00:00:00+00:00,107.85137176513672,108.49763217330153,107.18637502872627,107.99186564371708,20787200
2018-10-03 00:00:00+00:00,107.8701400756836,108.81612491239515,107.64535407590692,108.10429424298124,16648000
2018-10-04 00:00:00+00:00,105.64097595214844,107.48611160152099,104.55449738154289,107.3456176972783,34821700
2018-10-05 00:00:00+00:00,105.0228042602539,105.99688626558084,103.62724769351998,105.49111250440242,29068900
2018-10-08 00:00:00+00:00,103.82392883300781,104.92913649556,102.40963603654663,104.58259299313133,29640600
2018-10-09 00:00:00+00:00,105.14458465576172,105.91261000485726,103.77712523643639,104.09557145995069,26198600
2018-10-10 00:00:00+00:00,99.43120574951172,104.43273416189207,99.08465509056131,104.18921188409404,61376300
2018-10-11 00:00:00+00:00,99.1970443725586,102.02562269989949,97.5954240722324,98.67253433988063,63904300
2018-10-12 00:00:00+00:00,102.62506866455078,104.18921649000508,100.33036111922284,102.10056571609108,47742100
2018-10-15 00:00:00+00:00,100.77994537353516,102.54078916608773,100.17114315048916,102.00691798651582,32068100
2018-10-16 00:00:00+00:00,103.96443176269531,104.3484479586577,102.044365074517,102.59697252673806,31610200
2018-10-17 00:00:00+00:00,103.69282531738281,104.72310217195488,102.60635375217775,104.60134458364415,26548200
2018-10-18 00:00:00+00:00,101.62288665771484,103.5242169421737,100.99535533989359,103.12147157557774,32506200
2018-10-19 00:00:00+00:00,101.77275848388672,103.83331205035799,101.35127674586948,102.02564181004327,32785500
2018-10-22 00:00:00+00:00,102.68126678466797,103.53359125009766,101.37937039011554,102.39091794936716,26545600
2018-10-23 00:00:00+00:00,101.24823760986328,102.06309650024762,98.44775640322946,100.93915246394339,43770400
2018-10-24 00:00:00+00:00,95.83460235595703,101.61352458837928,95.15086914994741,101.53860069735359,63897800
2018-10-25 00:00:00+00:00,101.4355697631836,102.34408176529315,99.42184285991642,99.79649088891306,61646800
2018-10-26 00:00:00+00:00,100.18048858642578,101.85703278820776,98.11993537915164,98.99098891089723,55523100
2018-10-29 00:00:00+00:00,97.26762390136719,101.81021258152563,95.18833408943968,101.25761226626005,55162000
2018-10-30 00:00:00+00:00,97.15522766113281,97.7640226379727,93.76467353410844,97.08966479535853,65350900
2018-10-31 00:00:00+00:00,100.04000091552734,101.28570251123587,98.71000726916098,98.75684095007074,51062400
2018-11-01 00:00:00+00:00,99.20642852783203,100.51769319660997,98.84114862560484,100.26480985884405,33384200
2018-11-02 00:00:00+00:00,99.43120574951172,100.51767711555081,98.32599805281778,99.73092272764144,37680200
2018-11-05 00:00:00+00:00,100.69564056396484,100.91105835441539,99.18768744754414,99.62789833996489,27922100
2018-11-06 00:00:00+00:00,100.89234161376953,101.94134763575718,99.54361141885101,100.57388825293928,24340200
2018-11-07 00:00:00+00:00,104.86358642578125,105.12583791231225,102.46585038227842,102.50331590118529,37901700
2018-11-08 00:00:00+00:00,104.6668930053711,105.09773573429341,103.88013858189994,104.7137266883087,25644100
2018-11-09 00:00:00+00:00,102.62506866455078,104.38590509567747,101.86641159326918,103.82393663006825,32039200
2018-11-12 00:00:00+00:00,100.09619140625,102.99033248356932,99.37499281862907,102.48455879955111,33621800
2018-11-13 00:00:00+00:00,100.16177368164062,101.84767914271,99.88078586522056,100.73311033476229,35374600
2018-11-14 00:00:00+00:00,98.7413558959961,101.83613676215242,98.27102458825233,101.68562729886503,39495100
2018-11-15 00:00:00+00:00,100.91429138183594,101.40343999544545,97.7442627364138,98.7601729787437,38505200
2018-11-16 00:00:00+00:00,101.86438751220703,102.41937518498908,100.46280178403093,100.72618625088943,33502100
2018-11-19 00:00:00+00:00,98.4121322631836,102.11833834592643,97.40562348164902,101.84554530725245,44773900
2018-11-20 00:00:00+00:00,95.67481231689453,96.86004945176676,93.45484753962995,95.75947570058635,64052500
2018-11-21 00:00:00+00:00,96.99175262451172,98.23342737096661,96.17337331426411,97.45267543808896,28130600
2018-11-23 00:00:00+00:00,96.9541244506836,97.6502129845885,95.94761543854288,96.10752640853525,13823100
2018-11-26 00:00:00+00:00,100.15232849121094,100.3028307457618,98.37447710067812,98.57201534666125,32336200
2018-11-27 00:00:00+00:00,100.78263092041016,100.96135918282671,99.10825196731497,99.96425154568531,29124500
2018-11-28 00:00:00+00:00,104.52643585205078,104.7239741465933,101.45987361530061,101.48809234642292,46788500
2018-11-29 00:00:00+00:00,103.65162658691406,104.52644319660654,102.56045439560434,103.78331879252912,28123200
2018-11-30 00:00:00+00:00,104.31010437011719,104.38535912161008,102.87089133708415,104.1313761294936,33665600
2018-12-03 00:00:00+00:00,105.43888092041016,106.68996406136925,104.15958622278647,106.2948874410728,34732800
2018-12-04 00:00:00+00:00,102.08072662353516,105.9562600466089,101.78912344429018,105.29779893970483,45197000
2018-12-06 00:00:00+00:00,102.7109603881836,102.75798921620017,98.76958146004766,99.54092457104915,49107400
2018-12-07 00:00:00+00:00,98.60027313232422,102.9555392563277,98.11113164039983,101.94903036042678,45044900
2018-12-10 00:00:00+00:00,101.20590209960938,101.57276717564733,97.72545278593303,98.58145933554282,40801500
2018-12-11 00:00:00+00:00,102.14656066894531,104.36652524813103,101.06480428918964,103.28476886837535,42381900
2018-12-12 00:00:00+00:00,102.60749053955078,104.66753700254216,102.56986316979787,104.31008775491996,36183000
2018-12-13 00:00:00+00:00,102.95552825927734,104.29127472958973,102.1841851427216,103.07781900171177,31333400
2018-12-14 00:00:00+00:00,99.73846435546875,102.7768080166258,99.23991427562413,101.82673668565225,47043100
2018-12-17 00:00:00+00:00,96.7847900390625,99.522122093887,95.67480770394783,99.15526419451487,56957300
2018-12-18 00:00:00+00:00,97.8006820678711,98.30864068320034,96.43671712577809,97.59373516792006,49319200
2018-12-19 00:00:00+00:00,97.53733825683594,100.5380480233591,95.3361833421333,97.49971087968761,68198200
2018-12-20 00:00:00+00:00,95.48668670654297,98.12053834725269,92.9186740007459,96.93530833844288,70334200
2018-12-21 00:00:00+00:00,92.40130615234375,96.88826436367644,91.6769918075733,95.59955379775603,111242100
2018-12-24 00:00:00+00:00,88.54456329345703,92.15671121919236,88.403469652233,91.8839182183497,43935200
2018-12-26 00:00:00+00:00,94.59305572509766,94.71534649103818,88.38468223061419,89.49466470210427,51634800
2018-12-27 00:00:00+00:00,95.17625427246094,95.18566290913091,90.67988762027444,93.40781094291803,49498500
2018-12-28 00:00:00+00:00,94.43314361572266,96.33328660531755,93.61476434673617,96.03226760153471,38196300
2018-12-31 00:00:00+00:00,95.54310607910156,96.32385780922436,94.48015985702033,95.27972168259906,33173800
2019-01-02 00:00:00+00:00,95.11983489990234,95.71244994247398,93.06918949367419,93.64299443601476,35329300
2019-01-03 00:00:00+00:00,91.62054443359375,94.24499411374003,91.43240759575788,94.16033074254226,42579100
2019-01-04 00:00:00+00:00,95.8817367553711,96.42732277240552,93.05974902452726,93.80287332151846,44060600
2019-01-07 00:00:00+00:00,96.0040512084961,97.14225243176435,94.98814075267295,95.60897452141552,35656100
2019-01-08 00:00:00+00:00,96.70011901855469,97.80069254802764,95.67479304347566,96.92587603510874,31514400
2019-01-09 00:00:00+00:00,98.08292388916016,98.65672887011037,97.11404218657864,97.69725580662165,32280800
2019-01-10 00:00:00+00:00,97.45265197753906,97.59375281453597,96.30504236243802,97.0952027436087,30067600
2019-01-11 00:00:00+00:00,96.70011901855469,97.30214251382294,95.60894694795213,97.06697686171235,28314200
2019-01-14 00:00:00+00:00,95.9946517944336,96.76599508519537,95.25152724239543,95.85355092412713,28437100
2019-01-15 00:00:00+00:00,98.77899169921875,98.81661906825462,95.83471286817226,96.42733495962857,31587600
2019-01-16 00:00:00+00:00,99.12704467773438,99.95483254648335,98.73196801857021,99.01416973322331,29853900
2019-01-17 00:00:00+00:00,99.8231430053711,100.30287588579148,98.54384097087421,98.76959804264193,28393000
2019-01-18 00:00:00+00:00,101.31877899169922,101.49750720200795,99.62559043042677,101.08361331568747,37427600
2019-01-22 00:00:00+00:00,99.40922546386719,100.7449646550796,98.63788240645151,100.41573417508869,32371300
2019-01-23 00:00:00+00:00,100.37812042236328,100.68854084989029,99.08940988112788,99.82313284892457,25874300
2019-01-24 00:00:00+00:00,99.89837646484375,100.65090950000453,99.08940596388634,100.51921729535442,23164800
2019-01-25 00:00:00+00:00,100.81083679199219,101.47870656011892,99.89839267125811,100.87668290499938,31225600
2019-01-28 00:00:00+00:00,98.84484100341797,100.16177025559415,98.44976438077123,99.95482330753528,29476700
2019-01-29 00:00:00+00:00,96.8318099975586,98.74135392052516,96.10749577917993,98.65669055494827,31490500
2019-01-30 00:00:00+00:00,100.06771087646484,100.06771087646484,98.13935635005471,98.41214943633173,49471900
2019-01-31 00:00:00+00:00,98.23340606689453,98.97653046123938,97.05757769166918,97.64079114938822,55636400
2019-02-01 00:00:00+00:00,96.68132781982422,97.92300251074741,96.2768425020476,97.62199068193839,35535700
2019-02-04 00:00:00+00:00,99.46568298339844,99.52212763184161,96.67191330449832,96.76598532634104,31315100
2019-02-05 00:00:00+00:00,100.85785675048828,100.90488557989966,99.67261972834298,99.76668456385265,27325400
2019-02-06 00:00:00+00:00,99.73846435546875,100.65090831745765,99.26813300819092,100.65090831745765,20609800
2019-02-07 00:00:00+00:00,99.02356719970703,99.32457900074046,98.10172169884292,98.94831963196425,29760700
2019-02-08 00:00:00+00:00,99.39984130859375,99.50331479588684,98.07351042635483,98.19579401284302,21461100
2019-02-11 00:00:00+00:00,99.0047607421875,100.25584400176223,98.74137630368497,99.89838754091934,18914100
2019-02-12 00:00:00+00:00,100.54742431640625,100.78258996541584,99.2210937878689,99.84192736937747,25056600
2019-02-13 00:00:00+00:00,100.47219848632812,101.38464261521223,100.37813363500452,101.12125816083088,18394900
2019-02-14 00:00:00+00:00,100.55683135986328,100.92368919237542,99.39041176871409,100.00183670511035,21784700
2019-02-15 00:00:00+00:00,101.79850769042969,101.8737624208123,100.98953728053193,101.50690458105471,26606900
2019-02-19 00:00:00+00:00,101.75147247314453,102.21240231777207,101.38461463056255,101.39402326610434,18038500
2019-02-20 00:00:00+00:00,101.22245788574219,101.96875590966104,100.41003255374629,101.89317978404839,21607700
2019-02-21 00:00:00+00:00,103.35745239257812,103.42357971076773,100.95796409245443,100.98630334205896,29063200
2019-02-22 00:00:00+00:00,104.8311538696289,105.04842626070558,103.7447702922335,103.9620498906475,27763200
2019-02-25 00:00:00+00:00,105.41683959960938,105.974204557254,105.10510067168723,105.57744068001742,23750600
2019-02-26 00:00:00+00:00,106.14424896240234,106.97556479584513,105.02007741807739,105.10510236876469,21536700
2019-02-27 00:00:00+00:00,105.96475982666016,106.14425134309728,104.74612169327851,105.51131743727996,21487100
2019-02-28 00:00:00+00:00,105.83250427246094,106.63548086912435,105.54910458340508,105.84195309096383,29083900
2019-03-01 00:00:00+00:00,106.30484771728516,106.76773893611451,105.4924222759635,106.64493312097035,23501200
2019-03-04 00:00:00+00:00,106.0497817993164,106.98501300755335,104.67054982542393,106.76773343021718,26608000
2019-03-05 00:00:00+00:00,105.52076721191406,106.17259880532959,105.07677360677059,106.0403441642507,19538300
2019-03-06 00:00:00+00:00,105.56800079345703,106.4276631408719,105.26570345084308,105.6813649996887,17687000
2019-03-07 00:00:00+00:00,104.28324127197266,105.37907370644105,103.79201076477695,105.23737024235116,25339000
2019-03-08 00:00:00+00:00,104.39659118652344,104.58552430787523,102.78118921475482,103.12127459905733,22818400
2019-03-11 00:00:00+00:00,106.5882568359375,106.70161383462825,104.84060010186273,104.85004171352885,26491600
2019-03-12 00:00:00+00:00,107.33454132080078,107.68406829874702,106.41820059216161,106.57879445810103,26132700
2019-03-13 00:00:00+00:00,108.16588592529297,108.63822603850386,107.48571500909519,107.81635164687518,35513800
2019-03-14 00:00:00+00:00,108.25086975097656,108.8271250850327,108.00525815838625,108.20364007886423,30763400
2019-03-15 00:00:00+00:00,109.49786376953125,110.76373152746648,108.25087923329198,108.95938924306255,54681100
2019-03-18 00:00:00+00:00,111.0660171508789,111.10380521230225,109.63010685347058,109.74346383040485,31207600
2019-03-19 00:00:00+00:00,111.14158630371094,111.88788425351402,110.51809414033039,111.55724053862932,37588700
2019-03-20 00:00:00+00:00,111.01880645751953,112.18076619650977,110.25361785339028,110.89600063443011,28113300
2019-03-21 00:00:00+00:00,113.56942749023438,114.13623403248229,110.61257456249179,110.6598114440692,29854400
2019-03-22 00:00:00+00:00,110.57479095458984,112.9742716834883,110.56534213704224,112.88925394756791,33624500
2019-03-25 00:00:00+00:00,111.15105438232422,111.48169094717156,109.88517941033315,110.11190059660895,27067100
2019-03-26 00:00:00+00:00,111.38724517822266,112.14298500931953,110.38587927119589,112.05796725134803,26097700
2019-03-27 00:00:00+00:00,110.3102798461914,111.6706213453547,109.12942985242782,111.35887521724038,22733400
2019-03-28 00:00:00+00:00,110.46143341064453,111.0754768561273,109.70568652276783,110.94322223184933,18334800
2019-03-29 00:00:00+00:00,111.41558074951172,111.7745566168712,110.48979101838573,111.53838657608104,25399800
2019-04-01 00:00:00+00:00,112.43582153320312,112.52084648941533,111.56671757712907,112.36969421496568,22789100
2019-04-02 00:00:00+00:00,112.59642028808594,112.87037837433314,111.96347916114524,112.47360726581206,18142300
2019-04-03 00:00:00+00:00,113.333251953125,113.76780385450273,112.55861470156714,113.22933658460686,22860700
2019-04-04 00:00:00+00:00,112.75701904296875,113.57889333722271,111.83122935953311,113.4560803096422,20112800
2019-04-05 00:00:00+00:00,113.25769805908203,113.57889304500007,112.76646757203578,112.78535800304871,15826200
2019-04-08 00:00:00+00:00,113.29546356201172,113.3804812956418,112.07682559529621,113.18209937650242,15116200
2019-04-09 00:00:00+00:00,112.68142700195312,112.92704581511403,112.02015389806178,112.067383572719,17612000
2019-04-10 00:00:00+00:00,113.54109191894531,113.69223697167962,112.92704847524665,113.13487922917572,16477200
2019-04-11 00:00:00+00:00,113.6733627319336,114.16459323245056,113.28604041584309,113.87174469602722,14209100
2019-04-12 00:00:00+00:00,114.25906372070312,114.28741017997727,113.71115469947773,113.9662151742432,19745100
2019-04-15 00:00:00+00:00,114.35353088378906,114.85421019191583,113.90008125704301,114.24961549447929,15792600
2019-04-16 00:00:00+00:00,114.08899688720703,114.92031987409632,113.45606303661539,114.91087105633542,14071800
2019-04-17 00:00:00+00:00,115.03366088867188,115.10923700559493,113.87170872215434,114.53298172689317,19300900
2019-04-18 00:00:00+00:00,116.54518127441406,116.68687751715254,114.58969384391747,115.4304585184045,27991000
2019-04-22 00:00:00+00:00,116.91360473632812,117.14032592975076,115.78943317307387,115.83667005839962,15648700
2019-04-23 00:00:00+00:00,118.50067138671875,118.632926021159,116.979735883319,117.23479633335744,24025500
2019-04-24 00:00:00+00:00,118.09444427490234,118.88797198485345,117.63154590342805,118.83129349338155,31257000
2019-04-25 00:00:00+00:00,122.00541687011719,124.10260763422319,121.7031267641713,122.8650791341199,38033900
2019-04-26 00:00:00+00:00,122.70447540283203,123.2996283708048,121.88260847728621,122.52498390997219,23654900
2019-04-29 00:00:00+00:00,122.59112548828125,122.97843332634415,122.19436162499339,122.71392408415224,16324200
2019-04-30 00:00:00+00:00,123.37520599365234,123.46966533889803,122.23213692320574,122.62890076845024,24166500
2019-05-01 00:00:00+00:00,120.80567169189453,123.42243203156514,120.63562900939107,123.30907504812028,26821700
2019-05-02 00:00:00+00:00,119.2280502319336,120.91902813083097,118.5762187895684,120.90013770391324,27350200
2019-05-03 00:00:00+00:00,121.76922607421875,122.26990523815331,120.21051009814634,120.3144254575292,24911100
2019-05-06 00:00:00+00:00,121.06074523925781,121.44806752759034,119.1336042383631,119.39811350486485,24239800
2019-05-07 00:00:00+00:00,118.57622528076172,120.1443974722007,117.34814565848089,119.46422674855661,36017700
2019-05-08 00:00:00+00:00,118.5667953491211,119.3792207704592,117.84883649151925,118.50066803377204,28419000
2019-05-09 00:00:00+00:00,118.55734252929688,118.83130060002185,116.73410980210666,117.41428056979122,27235800
2019-05-10 00:00:00+00:00,120.09716796875,120.85291486529836,116.97027941877091,117.99998438513462,30915100
2019-05-13 00:00:00+00:00,116.52629852294922,118.60459923909666,116.23344997409691,117.24425747633381,33944900
2019-05-14 00:00:00+00:00,117.8299331665039,118.91630934158407,116.8569067652308,117.01750783407691,25266300
2019-05-15 00:00:00+00:00,119.4892578125,120.1435022325024,117.28948754552448,117.82047156446075,24722700
2019-05-16 00:00:00+00:00,122.2484359741211,122.67512713679861,119.90644519961685,120.18141735790614,30112200
2019-05-17 00:00:00+00:00,121.43301391601562,123.69915596758685,121.2907787102837,121.66056709633824,25770500
2019-05-20 00:00:00+00:00,119.67888641357422,120.9778841035706,119.24272591881484,119.96333513588748,23706900
2019-05-21 00:00:00+00:00,120.32366943359375,120.92101837254454,120.02025306609255,120.82620211407855,15293300
2019-05-22 00:00:00+00:00,121.05374908447266,121.5942168889053,119.96334414864516,120.05816763055573,15396500
2019-05-23 00:00:00+00:00,119.6409683227539,119.74526836639572,118.27559119436356,119.6599286788633,23603800
2019-05-24 00:00:00+00:00,119.69783782958984,120.81668674877486,119.4418332752237,120.33312178674828,14123400
2019-05-28 00:00:00+00:00,119.62201690673828,121.3666591598329,119.51771685530147,120.3995217776203,23128400
2019-05-29 00:00:00+00:00,118.4652099609375,118.89188662104316,117.6118494067114,118.88240282765877,22763100
2019-05-30 00:00:00+00:00,119.21427917480469,119.24272332301526,118.31350682204962,118.7686348954648,16829600
2019-05-31 00:00:00+00:00,117.2705078125,118.16179632621848,116.92916358316164,117.79200795010442,26646800
2019-06-03 00:00:00+00:00,113.62952423095703,117.92477196720918,112.84254284635166,117.43171589341557,37983600
2019-06-04 00:00:00+00:00,116.77748107910156,116.89125768766186,114.39755481849254,114.994903715483,29382600
2019-06-05 00:00:00+00:00,119.30909729003906,119.34702523292148,117.77304815637065,118.47469701465678,24926100
2019-06-06 00:00:00+00:00,121.19596099853516,121.33818896852064,119.09100729799208,119.88747958950178,21459000
2019-06-07 00:00:00+00:00,124.59042358398438,125.39637963729601,121.61314906205445,122.49496099422137,33885600
2019-06-10 00:00:00+00:00,125.728271484375,127.13156934306802,125.1593595175369,125.53862451674075,26477100
2019-06-11 00:00:00+00:00,125.25418090820312,127.28327900290287,124.4766688643864,126.94193472211076,23913700
2019-06-12 00:00:00+00:00,124.67575073242188,125.13087146539957,123.93617411582294,124.59040383971643,17092500
2019-06-13 00:00:00+00:00,125.4627914428711,126.1075448780427,124.74216764116954,125.140400257252,17200800
2019-06-14 00:00:00+00:00,125.58604431152344,126.85659805516279,124.81802323466731,125.40588836153827,17821700
2019-06-17 00:00:00+00:00,125.96530151367188,126.79968731138605,125.66187797411713,125.75670144723567,14517800
2019-06-18 00:00:00+00:00,128.1555633544922,128.23141922494509,126.64796590781442,127.23583081878937,25934500
2019-06-19 00:00:00+00:00,128.65811157226562,128.88566474342727,126.87553456867434,128.00386726911648,23744400
2019-06-20 00:00:00+00:00,129.85281372070312,130.5260256346186,128.68656027313457,130.32690213477508,33042600
2019-06-21 00:00:00+00:00,129.8717803955078,130.5923895713415,129.38821542504405,129.50199201385198,36727900
2019-06-24 00:00:00+00:00,130.63978576660156,131.22765069622358,129.90020909126147,129.90020909126147,20628800
2019-06-25 00:00:00+00:00,126.51522827148438,130.45964738121808,125.85150737994995,130.13727072933426,33327400
2019-06-26 00:00:00+00:00,126.98934173583984,128.705554300484,126.67645605014343,127.38758881733803,23657700
2019-06-27 00:00:00+00:00,127.19791412353516,127.7289052938255,126.59108153980478,127.18843756386265,16557500
2019-06-28 00:00:00+00:00,127.01777648925781,127.62460909117954,126.25923211984805,127.59616494327933,30043000
2019-07-01 00:00:00+00:00,128.64865112304688,129.6157957344518,127.97545354097629,129.5494308664321,22613500
2019-07-02 00:00:00+00:00,129.50201416015625,129.51149072150082,128.32626949196506,129.06584638175278,15237800
2019-07-03 00:00:00+00:00,130.3363800048828,130.60186833251913,129.22700049608187,129.71057988915632,13629300
2019-07-05 00:00:00+00:00,129.95716857910156,130.21318048175962,128.68661456567264,128.89521471331454,18141100
2019-07-08 00:00:00+00:00,129.8623046875,129.99504886465655,128.35469253575667,129.33131351084356,16779700
2019-07-09 00:00:00+00:00,129.3882598876953,129.87182502433018,128.76245949814307,128.95209203399781,19953100
2019-07-10 00:00:00+00:00,130.7061309814453,131.39829574716876,129.91914278237908,130.0234427718463,24204400
2019-07-11 00:00:00+00:00,131.22763061523438,132.00514234204016,130.72509819396768,131.0379981961193,22327900
2019-07-12 00:00:00+00:00,131.70176696777344,131.91985807398322,130.85789009687673,131.65436969671444,18936800
2019-07-15 00:00:00+00:00,131.70176696777344,132.30859961124938,131.2845812806593,132.21379060109996,16651500
2019-07-16 00:00:00+00:00,129.97608947753906,131.84399910339786,129.4451127354123,131.75866665584846,22726100
2019-07-17 00:00:00+00:00,129.20806884765625,130.7820314893076,129.16065710955138,130.56395485566256,20211000
2019-07-18 00:00:00+00:00,129.3502960205078,129.53992851431775,127.69098638061503,128.52538671501702,30381800
2019-07-19 00:00:00+00:00,129.53988647460938,133.3800047171588,129.37869818377993,132.95332812754825,48992400
2019-07-22 00:00:00+00:00,131.256103515625,131.9767271214024,130.21311774793935,130.2889736258122,25074900
2019-07-23 00:00:00+00:00,132.07154846191406,132.73528383833082,130.87685082681915,132.51719274355128,18034600
2019-07-24 00:00:00+00:00,133.42745971679688,133.44642730658364,131.6543734745802,131.70177074699927,20738300
2019-07-25 00:00:00+00:00,132.9249267578125,133.32315933412482,132.1000174545964,133.15247996254422,18356900
2019-07-26 00:00:00+00:00,134.01528930664062,134.3376659075051,133.02919191928214,133.0955567639175,19037600
2019-07-29 00:00:00+00:00,133.72137451171875,134.17649532999744,132.14739753296877,134.16701877037724,16605900
2019-07-30 00:00:00+00:00,133.07664489746094,133.9015542400875,132.55514466498278,132.87752136577564,16846500
2019-07-31 00:00:00+00:00,129.20806884765625,133.20937648078439,128.0797360337035,133.05766470606125,38598800
2019-08-01 00:00:00+00:00,130.90525817871094,133.63601139765484,129.83381399832845,129.9001933045237,40557500
2019-08-02 00:00:00+00:00,129.80540466308594,131.15182851868855,128.25039521157714,130.9337374267353,30791600
2019-08-05 00:00:00+00:00,125.35845947265625,126.98931023697685,124.00255914281679,126.3919686989626,42749600
2019-08-06 00:00:00+00:00,127.7099380493164,128.64862384046458,126.3066404084281,126.86606125923781,32696700
2019-08-07 00:00:00+00:00,128.26934814453125,128.6201689083289,124.99814128731052,126.85655959437956,33414500
2019-08-08 00:00:00+00:00,131.69224548339844,131.7870689292325,128.88563642221243,129.52092746685292,27496500
2019-08-09 00:00:00+00:00,130.57345581054688,132.15690960101506,129.38823460797795,131.42680928918358,23466700
2019-08-12 00:00:00+00:00,128.7528839111328,130.71561626173192,128.23139839701668,129.9665631732197,20484300
2019-08-13 00:00:00+00:00,131.41729736328125,131.60692981105518,128.00385543123693,128.99944386708555,25154600
2019-08-14 00:00:00+00:00,127.45978546142578,130.25671106515367,127.1648741047164,129.72396609610297,32527300
2019-08-15 00:00:00+00:00,127.17435455322266,128.0305640810874,125.81395355440316,127.84980825244232,28074400
2019-08-16 00:00:00+00:00,129.50514221191406,129.819084271181,128.16375737219423,128.3159743432708,24449100
2019-08-19 00:00:00+00:00,131.67417907714844,131.8073652935744,130.2281469300888,131.1414342114446,24355700
2019-08-20 00:00:00+00:00,130.58010864257812,131.95955465091797,130.5610924129308,131.48388761802997,21170800
2019-08-21 00:00:00+00:00,132.0356903076172,132.7016359769752,131.2841425453957,131.80737935008682,14970300
2019-08-22 00:00:00+00:00,131.07484436035156,132.42573738281877,129.65735096622404,131.912023225738,18697000
2019-08-23 00:00:00+00:00,126.89844512939453,131.6170682848119,126.33716153802384,130.51351733092002,38508600
2019-08-26 00:00:00+00:00,128.8582000732422,128.9628474041851,127.38362932493966,128.42059451926727,20312600
2019-08-27 00:00:00+00:00,129.1341552734375,130.06645905512335,128.10671223156996,129.75251691597938,23102100
2019-08-28 00:00:00+00:00,128.96287536621094,129.15313932294075,127.05069864933095,128.31597501008775,17393300
2019-08-29 00:00:00+00:00,131.39825439453125,131.7026882584344,130.2471483226358,130.5705984158787,20168700
2019-08-30 00:00:00+00:00,131.15097045898438,132.40672440946176,129.6383521373729,132.37818553669263,23940100
2019-09-03 00:00:00+00:00,129.41952514648438,130.5230765323082,129.09607493498078,129.96179272125005,18869300
2019-09-04 00:00:00+00:00,130.93214416503906,130.9892219003631,129.8381010118939,130.61820210454746,17995900
2019-09-05 00:00:00+00:00,133.23440551757812,133.54834765840073,132.00717582925213,132.34014872545546,26101800
2019-09-06 00:00:00+00:00,132.33062744140625,133.3580558703443,131.47441772900902,133.21536150971724,20824500
2019-09-09 00:00:00+00:00,130.82749938964844,132.9489708528511,129.8190873358268,132.79675387818114,25773900
2019-09-10 00:00:00+00:00,129.4575958251953,130.2281744197636,127.96399374637079,130.14255780174756,28903400
2019-09-11 00:00:00+00:00,129.4956512451172,129.63836013397764,128.5157778430362,129.2958791234106,24726100
2019-09-12 00:00:00+00:00,130.82749938964844,131.6836944688001,130.2091233736303,131.14144145632662,27010000
2019-09-13 00:00:00+00:00,130.63723754882812,131.34121566473092,129.92373679922292,131.07484321284176,23363100
2019-09-16 00:00:00+00:00,129.69541931152344,130.04740839112688,129.05802701127982,129.21975211586005,16731400
2019-09-17 00:00:00+00:00,130.70384216308594,130.82752028928903,129.79055468537848,130.29477530904802,17814200
2019-09-18 00:00:00+00:00,131.77883911132812,131.92153345830215,129.88567851628142,130.67528777402822,23982100
2019-09-19 00:00:00+00:00,134.20474243164062,135.441465461779,133.25340809078955,133.4722109246465,35772100
2019-09-20 00:00:00+00:00,132.65403747558594,134.75647783824908,131.52194750359473,134.14762455703624,39167300
2019-09-23 00:00:00+00:00,132.36862182617188,132.83478074597855,131.70269088088082,132.45423840852231,17139300
2019-09-24 00:00:00+00:00,130.6942901611328,133.84320387477334,130.21862308617304,133.52926186335506,29773200
2019-09-25 00:00:00+00:00,132.57794189453125,133.14874825202168,129.40999709449758,130.80845960576133,21382000
2019-09-26 00:00:00+00:00,132.74920654296875,133.35806002764394,131.70274732792095,132.65408180498918,17456600
2019-09-27 00:00:00+00:00,131.02723693847656,133.52925017901512,129.9997944045239,133.329463637883,22477700
2019-09-30 00:00:00+00:00,132.26397705078125,132.44473285003608,131.07480944116392,131.33167370937898,17280900
2019-10-01 00:00:00+00:00,130.39938354492188,133.4246192817115,130.33278318427432,132.8633355971435,21466600
2019-10-02 00:00:00+00:00,128.09715270996094,129.73344880366227,127.07923259695177,129.619293337286,30521700
2019-10-03 00:00:00+00:00,129.64781188964844,130.0949400845078,126.7367318235132,128.3825357761322,24132900
2019-10-04 00:00:00+00:00,131.39825439453125,131.5219324662676,129.7809894121112,130.09493139068422,22897700
2019-10-07 00:00:00+00:00,130.4469757080078,131.45538790681408,130.35185097231977,130.46600646163014,15303700
2019-10-08 00:00:00+00:00,129.0675048828125,131.05578981084682,129.01993527115178,130.40888954412475,25550500
2019-10-09 00:00:00+00:00,131.51243591308594,131.95004148566036,130.3042374983396,130.77039644984504,19749900
2019-10-10 00:00:00+00:00,132.33062744140625,132.87288052800068,131.52198735462193,131.75031284783685,17654600
2019-10-11 00:00:00+00:00,132.8823699951172,134.16667712534039,132.71113678639924,133.30095941581837,25446000
2019-10-14 00:00:00+00:00,132.75869750976562,133.46267556449297,132.7301586435582,132.89188372413636,13304300
2019-10-15 00:00:00+00:00,134.68040466308594,134.88968485548526,133.00604699421544,133.2438805707064,19695700
2019-10-16 00:00:00+00:00,133.5768585205078,134.1286341811286,132.73967965388178,133.93835569965174,20751600
2019-10-17 00:00:00+00:00,132.89190673828125,134.53771121149816,132.25451442225173,134.09058287520395,21460600
2019-10-18 00:00:00+00:00,130.7228240966797,133.18677596820183,129.91418429324725,132.95845055499342,32273500
2019-10-21 00:00:00+00:00,131.6931610107422,131.75976135971325,130.34226844849334,131.71219175562035,20078200
2019-10-22 00:00:00+00:00,129.7334442138672,133.19630022812208,129.62879686798826,132.20691901670997,27431000
2019-10-23 00:00:00+00:00,130.5611572265625,130.76092935047177,129.01047728436777,130.2186762122193,29844600
2019-10-24 00:00:00+00:00,133.12969970703125,133.5863360222599,131.92150130436104,132.6064630353074,37029300
2019-10-25 00:00:00+00:00,133.8812713623047,134.27132190741148,132.42573105125672,132.55891727199938,25959700
2019-10-28 00:00:00+00:00,137.17288208007812,138.58085264652038,136.52596726876703,137.37265413512725,35280100
2019-10-29 00:00:00+00:00,135.8790740966797,137.46780056892217,135.70782638145243,137.06824192167036,20589500
2019-10-30 00:00:00+00:00,137.5724639892578,137.94348381334873,135.84102846602647,136.5355130086204,18496600
2019-10-31 00:00:00+00:00,136.39279174804688,137.87687090953963,136.03129459089425,137.84833204229625,24605100
2019-11-01 00:00:00+00:00,136.72576904296875,137.39170016085936,136.01226830604102,137.23948318642448,33128400
2019-11-04 00:00:00+00:00,137.51539611816406,137.94349371265068,137.14437626744748,137.78176859989847,16912000
2019-11-05 00:00:00+00:00,137.4297332763672,137.96247806064088,136.90649660745314,137.9149084514293,18250200
2019-11-06 00:00:00+00:00,137.04922485351562,137.48684504393157,136.2310767275982,137.34413618096082,16575800
2019-11-07 00:00:00+00:00,137.23944091796875,137.82927788318736,136.77329653711823,136.83988237029465,17786700
2019-11-08 00:00:00+00:00,138.8567657470703,138.88530461578722,136.76381859976513,136.97311331449566,16732700
2019-11-11 00:00:00+00:00,138.9994659423828,139.29437727567947,137.68661986129652,138.26693440998721,14362600
2019-11-12 00:00:00+00:00,139.9127655029297,140.38843273123985,138.9519084113676,139.16120315312102,18641600
2019-11-13 00:00:00+00:00,140.14105224609375,140.28376109963375,139.16117908653143,139.59879924802777,16919200
2019-11-14 00:00:00+00:00,140.85452270507812,141.18749544226222,139.846110894689,139.8651416409811,19729800
2019-11-15 00:00:00+00:00,142.67160034179688,142.69063109156312,141.05433500067744,141.68220458087544,23485700
2019-11-18 00:00:00+00:00,143.0236358642578,143.22342251122356,141.72982026755577,142.7667859818621,21534000
2019-11-19 00:00:00+00:00,143.0711669921875,143.96542357050592,142.89041114981978,143.53732603217742,23935700
2019-11-20 00:00:00+00:00,142.82296752929688,143.98754579701912,141.71567578040987,143.48162412266808,25696800
2019-11-21 00:00:00+00:00,142.68934631347656,142.99481619047285,141.7538703049849,142.61297884422748,18576100
2019-11-22 00:00:00+00:00,142.79432678222656,143.4720788592339,142.05931731950398,143.25253152397931,15901800
2019-11-25 00:00:00+00:00,144.35983276367188,144.4743912394725,143.1093465253457,143.18571398734477,22420900
2019-11-26 00:00:00+00:00,145.1234893798828,145.49577164480587,144.4457518398042,144.48392828709726,24620100
2019-11-27 00:00:00+00:00,145.4003143310547,145.57213018174707,144.63665434157087,145.40985480089222,15184400
2019-11-29 00:00:00+00:00,144.5030517578125,145.38125587154013,144.40758877270028,145.19034446692223,11977300
2019-12-02 00:00:00+00:00,142.75616455078125,144.93258631120233,141.58204573503937,144.91349080366052,27418400
2019-12-03 00:00:00+00:00,142.5270233154297,142.6415671982558,139.98786043171313,140.78971130829768,24066000
2019-12-04 00:00:00+00:00,143.0425262451172,143.35752198086132,142.4220461125469,143.3193455347601,17574700
2019-12-05 00:00:00+00:00,143.11888122558594,143.49117804992227,142.6893270140639,143.23343969676768,17869100
2019-12-06 00:00:00+00:00,144.856201171875,144.9707450719406,143.4434396638558,144.13073219545493,16403500
2019-12-09 00:00:00+00:00,144.48394775390625,145.29533938284135,144.05439347736646,144.2071284183246,16687400
2019-12-10 00:00:00+00:00,144.26437377929688,144.98984276667238,143.91117247275625,144.41709412648967,16476100
2019-12-11 00:00:00+00:00,144.80850219726562,144.97077761398594,143.50074382595085,144.65576725249142,18856600
2019-12-12 00:00:00+00:00,146.27850341796875,146.46941475461924,144.15935408026527,144.76072406243424,24612100
2019-12-13 00:00:00+00:00,147.50994873046875,147.853595090369,145.88717991756462,146.04945534229435,23845400
2019-12-16 00:00:00+00:00,148.4644775390625,148.81766426957353,147.78674005264386,148.0635593290115,24144200
2019-12-17 00:00:00+00:00,147.6626739501953,148.6363410000052,147.43357153682658,148.38814307745426,25425600
2019-12-18 00:00:00+00:00,147.35716247558594,148.41673716925231,147.1757916035599,147.29035006071416,24129200
2019-12-19 00:00:00+00:00,148.6363525390625,148.6936245054494,146.76538576531726,147.00402866900072,24958900
2019-12-20 00:00:00+00:00,150.25912475585938,151.29006387086852,149.18999461866068,150.2018527881823,53477500
2019-12-23 00:00:00+00:00,150.25912475585938,150.9368624608478,150.12548530941044,150.9368624608478,17718200
2019-12-24 00:00:00+00:00,150.23048400878906,150.54549438663247,149.98228606924812,150.32593243002214,8989200
2019-12-26 00:00:00+00:00,151.4618377685547,151.51910972034838,150.24952804837662,150.4022629635619,14520600
2019-12-27 00:00:00+00:00,151.7387237548828,152.3019175618177,151.03233545366413,152.20645456562852,18412800
2019-12-30 00:00:00+00:00,150.430908203125,151.795952922549,149.60997619045432,151.76731694488873,16348400
2019-12-31 00:00:00+00:00,150.53587341308594,150.60270038772464,149.34265942825553,149.6481291998603,18369400
2020-01-02 00:00:00+00:00,153.32325744628906,153.42826088554256,151.1372952944172,151.5668495220527,22622100
2020-01-03 00:00:00+00:00,151.4141082763672,152.68368996502065,150.87955063179803,151.12774851363613,21116200
2020-01-06 00:00:00+00:00,151.8054962158203,151.8723232086729,149.3999720884019,149.94408480527218,20813700
2020-01-07 00:00:00+00:00,150.42137145996094,152.41642230295344,150.17318812555376,152.0823310334366,21634100
2020-01-08 00:00:00+00:00,152.81736755371094,153.49511981456826,150.77458486413934,151.71006097584038,27746500
2020-01-09 00:00:00+00:00,154.7265167236328,154.85061570030692,153.7146730955111,154.4878738088642,21385000
2020-01-10 00:00:00+00:00,154.0105438232422,155.8051426887704,153.85780890583482,155.42331996085537,20725900
2020-01-13 00:00:00+00:00,155.86239624023438,155.89103221316708,153.93415819102395,154.41144382737096,21626500
2020-01-14 00:00:00+00:00,154.7646942138672,156.16791559525535,154.37331637212353,155.96744915551147,23477400
2020-01-15 00:00:00+00:00,155.76693725585938,156.49242076357814,155.18466274765657,155.2323796600258,21417900
2020-01-16 00:00:00+00:00,158.6211395263672,158.6879665208014,156.57835716184766,156.88382702393884,23865400
2020-01-17 00:00:00+00:00,159.50885009765625,159.862036773471,157.9147034083944,159.814305301323,34371700
2020-01-21 00:00:00+00:00,158.93617248535156,160.54940083086512,158.869345481404,159.10798838303367,29517200
2020-01-22 00:00:00+00:00,158.17250061035156,159.88119181662015,158.15340510126097,159.7952693085153,24138800
2020-01-23 00:00:00+00:00,159.1461639404297,159.22253140940367,157.7620381585891,158.64024220338177,19680800
2020-01-24 00:00:00+00:00,157.54244995117188,159.91933786769545,156.97925634771383,159.90024236223502,24918100
2020-01-27 00:00:00+00:00,154.90785217285156,155.95788658346538,152.92234182907538,153.8291817842759,32078100
2020-01-28 00:00:00+00:00,157.9434051513672,158.22976494589605,155.66197987278883,156.3397174739805,24899900
2020-01-29 00:00:00+00:00,160.4061737060547,161.0839258176197,158.16293962662346,160.21526233672495,34754500
2020-01-30 00:00:00+00:00,164.93087768554688,166.14318767976638,163.03127498323494,166.14318767976638,51597500
2020-01-31 00:00:00+00:00,162.4967041015625,164.56812253080582,161.87623844618003,164.38676617897787,36142700
2020-02-03 00:00:00+00:00,166.4581756591797,166.57271957325094,162.65897076563186,162.6876067441497,30107000
2020-02-04 00:00:00+00:00,171.9373779296875,172.4337590841562,168.30046360645028,169.09275953348234,36433300
2020-02-05 00:00:00+00:00,171.72740173339844,175.8320619700683,170.30509956420224,175.66978656794012,39186300
2020-02-06 00:00:00+00:00,175.28794860839844,175.4693195025829,171.88012176235213,172.74878522102316,27751400
2020-02-07 00:00:00+00:00,175.53614807128906,177.19710768250593,174.1901987949032,174.5434001454982,33529100
2020-02-10 00:00:00+00:00,180.12762451171875,180.26126392824392,174.92521317224083,175.24022348953673,35844300
2020-02-11 00:00:00+00:00,176.0611572265625,182.03676914651783,175.16385775009803,181.98903766180297,53159900
2020-02-12 00:00:00+00:00,176.31890869140625,177.40711962197622,173.5888336107686,177.14938123785024,47062900
2020-02-13 00:00:00+00:00,175.36431884765625,177.76982829589463,174.56246779930643,174.7629342027948,35295800
2020-02-14 00:00:00+00:00,176.92977905273438,176.9870509946612,174.35242514122208,174.92517369169164,23149500
2020-02-18 00:00:00+00:00,178.72438049316406,179.1730301695943,177.07297622186246,177.17797964752916,27792200
2020-02-19 00:00:00+00:00,179.26043701171875,180.12189205359857,178.48512455294917,180.00703527611827,29997500
2020-02-20 00:00:00+00:00,176.52291870117188,179.2317365523129,173.3450925691192,178.94457998121786,36862400
2020-02-21 00:00:00+00:00,170.9425506591797,175.64230186001902,169.65993463045433,175.32643111765134,48572600
2020-02-24 00:00:00+00:00,163.57225036621094,167.07552754742713,156.2402587850784,160.58585780799982,68311100
2020-02-25 00:00:00+00:00,160.87301635742188,167.35310504591126,160.47098848757176,166.74051131834014,68073300
2020-02-26 00:00:00+00:00,162.8831024169922,165.8407811816889,161.00704028883158,162.44280838105968,56206100
2020-02-27 00:00:00+00:00,151.40652465820312,159.87756226966422,151.2150918330818,156.32643735669026,93174900
2020-02-28 00:00:00+00:00,155.072509765625,156.6997251752608,145.49115661738037,145.88360337407545,97012700
2020-03-02 00:00:00+00:00,165.39089965820312,165.51533756180737,155.35967106198723,158.231207136145,71030800
2020-03-03 00:00:00+00:00,157.46548461914062,167.5062958390929,155.31183224406658,166.3576841601314,71677000
2020-03-04 00:00:00+00:00,163.24681091308594,163.39038185896317,158.52791288497758,161.27502536097947,49814400
2020-03-05 00:00:00+00:00,159.1501007080078,163.55311380346967,158.5949353296999,158.93952023329146,47817300
2020-03-06 00:00:00+00:00,154.65138244628906,156.1254313406518,149.319889632788,155.64684195080312,72821100
2020-03-09 00:00:00+00:00,144.17025756835938,150.99494667832099,143.57681142154135,144.53399016435162,70419300
2020-03-10 00:00:00+00:00,154.02919006347656,154.13448030155593,146.04632344854542,151.38738218810445,65354400
2020-03-11 00:00:00+00:00,147.05137634277344,150.9470862685925,144.67756252194508,150.40150197475725,56371600
2020-03-12 00:00:00+00:00,133.10531616210938,146.89826975779775,132.6458743082892,139.07811868334437,93226400
2020-03-13 00:00:00+00:00,152.02870178222656,154.97681406872138,134.7037606599893,141.18386485149557,92727400
2020-03-16 00:00:00+00:00,129.6211395263672,142.95464658961282,129.2191262196637,134.00501978335495,87905900
2020-03-17 00:00:00+00:00,140.29367065429688,141.18383971786494,129.21910753838486,134.0050004101769,81059800
2020-03-18 00:00:00+00:00,134.38790893554688,139.74811650672834,129.23829649182758,132.09068546526376,81593200
2020-03-19 00:00:00+00:00,136.59898376464844,143.72038128798528,133.04784422970064,136.65641215191422,85922700
2020-03-20 00:00:00+00:00,131.468505859375,140.80099857992752,130.0423042779866,139.7480961231457,84866200
2020-03-23 00:00:00+00:00,130.15716552734375,134.55062719768026,126.84533515014516,131.14305849558977,78975200
2020-03-24 00:00:00+00:00,141.98789978027344,143.1939544165174,135.22065325461648,137.59445259067172,82516700
2020-03-25 00:00:00+00:00,140.62872314453125,147.72142234468006,138.25492354669387,142.53351442578665,75638200
2020-03-26 00:00:00+00:00,149.42515563964844,149.95160680414702,142.01658782883592,142.04530201913704,64568100
2020-03-27 00:00:00+00:00,143.28964233398438,148.2574019111521,142.81105300447516,145.25186150604966,57042300
2020-03-30 00:00:00+00:00,153.36875915527344,153.72292525245413,143.5863903880051,145.91234252930232,63420300
2020-03-31 00:00:00+00:00,150.9566650390625,157.72391111486942,149.85590072827637,152.57428483607072,77927200
2020-04-01 00:00:00+00:00,145.59645080566406,150.99493802138917,144.36169672460142,146.4483392537087,57969900
2020-04-02 00:00:00+00:00,148.61154174804688,148.8221222050345,143.92137252689247,145.3571404034156,49630700
2020-04-03 00:00:00+00:00,147.2427978515625,150.64078508097487,145.67302540319514,148.45841886264432,41243300
2020-04-06 00:00:00+00:00,158.19290161132812,159.3702271276279,150.83219629181505,153.4548707529352,67111700
2020-04-07 00:00:00+00:00,156.48915100097656,162.72037908322392,156.2689893839847,162.32793231073012,62769000
2020-04-08 00:00:00+00:00,158.05894470214844,159.53299367239637,156.4987385371966,158.5758148434227,48318200
2020-04-09 00:00:00+00:00,158.06851196289062,160.20301667185575,156.33602061130526,159.23627130806562,51385100
2020-04-13 00:00:00+00:00,158.42263793945312,158.48008092873175,155.35010255817997,157.31232177165464,41905300
2020-04-14 00:00:00+00:00,166.261962890625,166.3098247540783,160.80604638092177,161.76322522842725,52874300
2020-04-15 00:00:00+00:00,164.51991271972656,166.13754738494458,161.99296102769455,163.86902347801106,40940800
2020-04-16 00:00:00+00:00,169.45892333984375,169.68865150302491,165.49620380864962,166.83626285245634,50479600
2020-04-17 00:00:00+00:00,170.95211791992188,172.29216222843243,168.33900961024494,171.813572888909,52765600
2020-04-20 00:00:00+00:00,167.563720703125,171.09571286072054,167.49672578100314,169.06649845044674,36669600
2020-04-21 00:00:00+00:00,160.63372802734375,166.2332143656967,158.9969461097408,166.07049574786976,56203700
2020-04-22 00:00:00+00:00,166.08966064453125,166.5491023546214,163.50528094286486,164.05086523508652,34620200
2020-04-23 00:00:00+00:00,164.07958984375,167.56372012764132,163.5914339086313,166.6544031792957,32790800
2020-04-24 00:00:00+00:00,167.07554626464844,167.08511279378087,163.39998353425372,164.69216602575494,34277600
2020-04-27 00:00:00+00:00,166.59698486328125,169.32493587330342,165.8791007124243,169.028212761145,33194400
2020-04-28 00:00:00+00:00,162.53851318359375,168.14758096614784,162.13649988106928,168.07100491727823,34392700
2020-04-29 00:00:00+00:00,169.83224487304688,170.07153959756306,164.51991367310004,165.80252989121303,51286600
2020-04-30 00:00:00+00:00,171.5360107421875,172.67504118966917,168.6836075425225,172.2921755306454,53875900
2020-05-01 00:00:00+00:00,167.09471130371094,170.99042145235236,166.55867890340767,168.27203714649573,39370500
2020-05-04 00:00:00+00:00,171.18182373046875,171.3349758174979,166.35764983214517,167.01810542774493,30372900
2020-05-05 00:00:00+00:00,173.01959228515625,175.78583775592836,172.19641813440475,172.88558787016814,36839200
2020-05-06 00:00:00+00:00,174.72340393066406,176.31232417307075,173.85238236161905,174.28310988132503,32139300
2020-05-07 00:00:00+00:00,175.73800659179688,176.6473233913739,174.76168027590157,176.28359082938823,28316000
2020-05-08 00:00:00+00:00,176.7717742919922,177.07807851947766,175.50830586708815,177.05893085391247,30877800
2020-05-11 00:00:00+00:00,178.74356079101562,179.480577895145,175.0201361260951,175.30727805996978,30892700
2020-05-12 00:00:00+00:00,174.69468688964844,179.0307054211164,174.4936875329091,178.80099187055717,32038200
2020-05-13 00:00:00+00:00,172.05287170410156,176.16874304424806,168.98032164396082,174.73297499108446,44711500
2020-05-14 00:00:00+00:00,172.7994842529297,172.95263636326058,168.1571613205752,169.93751443835154,41873900
2020-05-15 00:00:00+00:00,175.31687927246094,179.04987089422696,169.4206541318444,171.39244019900235,46610400
2020-05-18 00:00:00+00:00,176.99188232421875,178.2266361794805,176.08256565804803,177.79590876975593,35264500
2020-05-19 00:00:00+00:00,175.76670837402344,178.6095299421161,175.63270395623462,177.10675255191157,26799100
2020-05-20 00:00:00+00:00,178.20469665527344,178.38706941605494,176.55376328386225,177.38882314000728,31261300
2020-05-21 00:00:00+00:00,176.06423950195312,179.1741404228149,175.9298618807712,177.9551340153388,29119500
2020-05-22 00:00:00+00:00,176.1410675048828,177.05293154116515,175.21001712283223,175.83392486587098,20826900
2020-05-26 00:00:00+00:00,174.2789764404297,179.01100289158117,173.82784834456731,178.85742425340143,36073600
2020-05-27 00:00:00+00:00,174.5093231201172,174.6821027430199,169.50854156521802,172.96397291656262,39517100
2020-05-28 00:00:00+00:00,174.11578369140625,176.75535602471408,173.1367528620367,173.4822974624214,33810200
2020-05-29 00:00:00+00:00,175.89151000976562,176.87055553063638,173.16555506136842,175.39238675358726,42130400
2020-06-01 00:00:00+00:00,175.4884033203125,175.65157515719272,174.1734208050576,175.21004016334763,22622400
2020-06-02 00:00:00+00:00,177.48483276367188,177.57121524522245,174.0677890190799,176.85133194017425,30794600
2020-06-03 00:00:00+00:00,177.91677856445312,178.47349013654497,176.20825651213138,177.3984689744724,27311000
2020-06-04 00:00:00+00:00,175.57473754882812,178.3774814657733,174.97963870194747,176.8993275200795,28761800
2020-06-05 00:00:00+00:00,179.68287658691406,180.19159296941456,174.70128159029224,175.2867872856692,39893600
2020-06-08 00:00:00+00:00,180.7963104248047,180.97868322299243,177.03372174610007,178.4734884946584,33211600
2020-06-09 00:00:00+00:00,182.17848205566406,183.04233621417097,179.7404689171917,180.45075909258605,29783900
2020-06-10 00:00:00+00:00,188.9357452392578,190.54829125140589,183.3398513092165,183.4550425825523,43872300
2020-06-11 00:00:00+00:00,178.79025268554688,187.89916830840505,178.59828670019016,185.37478704113605,52854700
2020-06-12 00:00:00+00:00,180.2012176513672,184.02139478658034,177.7440033475555,182.88877062323658,43373600
2020-06-15 00:00:00+00:00,181.35302734375,183.1575397419374,176.6209862078857,177.16810461859515,32770200
2020-06-16 00:00:00+00:00,185.797119140625,187.7264014401968,183.77184652630078,185.14441722165304,42556700
2020-06-17 00:00:00+00:00,186.44020080566406,188.43667912161857,185.9122834018671,187.19847151579805,25687800
2020-06-18 00:00:00+00:00,188.43667602539062,188.5998478300532,186.20982979362395,186.20982979362395,23061600
2020-06-19 00:00:00+00:00,187.31370544433594,191.28746230042728,186.56502767768606,190.61557387472473,44441100
2020-06-22 00:00:00+00:00,192.51600646972656,192.698364610736,187.39042602622092,187.9279365695545,32818900
2020-06-23 00:00:00+00:00,193.80221557617188,195.76029200350268,193.3414796494519,193.97498056414278,30917400
2020-06-24 00:00:00+00:00,189.89566040039062,195.08842342708522,188.66706043069016,193.5046856266943,36740600
2020-06-25 00:00:00+00:00,192.29527282714844,192.55443498241675,187.62083408877987,189.85727387105254,27803900
2020-06-26 00:00:00+00:00,188.4462890625,191.863333440495,187.054517343966,191.70975479189462,54675800
2020-06-29 00:00:00+00:00,190.47154235839844,190.55792484717963,185.7779034024476,187.91835250772525,26701600
2020-06-30 00:00:00+00:00,195.3379364013672,196.19219736576696,189.79964453653514,189.934022172079,34310300
2020-07-01 00:00:00+00:00,196.48011779785156,198.06386962017146,193.6677811360689,194.9827630902481,32061200
2020-07-02 00:00:00+00:00,197.97755432128906,199.66689029656212,196.7681553221372,197.42084266089836,29315800
2020-07-06 00:00:00+00:00,202.2392578125,202.65199861364175,199.73406277703288,200.44435306598547,31897600
2020-07-07 00:00:00+00:00,199.8876190185547,206.04981900940203,199.63806471877396,201.99927400934564,33600700
2020-07-08 00:00:00+00:00,204.2837371826172,204.696463349107,200.30998094536224,201.63457123980288,33600000
2020-07-09 00:00:00+00:00,205.71389770507812,207.6911751992889,202.97833478980377,207.64318004100818,33121700
2020-07-10 00:00:00+00:00,205.08998107910156,205.48352085550894,202.60398723586235,205.04198592289438,26177600
2020-07-13 00:00:00+00:00,198.75502014160156,207.13445905255088,198.20790171209103,205.86745720277855,38135600
2020-07-14 00:00:00+00:00,199.98361206054688,200.46353432165108,193.91738765007852,197.85275604955902,37591800
2020-07-15 00:00:00+00:00,199.68603515625,202.84393163369342,196.79690860217687,201.14500283738633,32179400
2020-07-16 00:00:00+00:00,195.7314910888672,197.4400131481872,194.18614083902548,197.15205686543402,29940700
2020-07-17 00:00:00+00:00,194.73326110839844,196.80651414276153,193.30308749951638,196.25941038174207,31635300
2020-07-20 00:00:00+00:00,203.1031036376953,203.77499186370676,194.85802818757483,196.76812403001048,36884800
2020-07-21 00:00:00+00:00,200.36752319335938,205.34911808941715,199.67643403748642,205.08036282280696,37990400
2020-07-22 00:00:00+00:00,203.24710083007812,203.77501830690207,200.02202228065076,200.79949408921567,49605700
2020-07-23 00:00:00+00:00,194.40692138671875,202.4504239268405,194.03258257365707,198.87020762283348,67457000
2020-07-24 00:00:00+00:00,193.21676635742188,194.7141219422574,189.57894626594123,192.37209822399888,39827000
2020-07-27 00:00:00+00:00,195.66432189941406,195.7794985613358,192.79438135598141,193.3798871308601,30160900
2020-07-28 00:00:00+00:00,193.90780639648438,196.48018284400942,193.6390510854315,195.43395576554883,23251400
2020-07-29 00:00:00+00:00,195.8658447265625,196.43214940405494,193.89816078934555,194.36848981506103,19632600
2020-07-30 00:00:00+00:00,195.71231079101562,196.2498360771528,191.55619650401667,192.92876727090675,25079600
2020-07-31 00:00:00+00:00,196.7777099609375,196.86410709443905,191.0186431280946,196.19220424708922,51044000
2020-08-03 00:00:00+00:00,207.84471130371094,208.900546059905,201.9896689309971,203.0263026972429,78983000
2020-08-04 00:00:00+00:00,204.72525024414062,206.1458308108699,201.864917409733,205.56991818694544,49280100
2020-08-05 00:00:00+00:00,204.3892822265625,206.36655947631414,203.0742999994307,206.2705691716204,28806400
2020-08-06 00:00:00+00:00,207.66238403320312,207.68157037993976,203.0551270469576,203.81339783290838,32656800
2020-08-07 00:00:00+00:00,203.9477996826172,207.0385008175129,202.46003745434274,206.22264160244288,27820400
2020-08-10 00:00:00+00:00,199.8876190185547,203.37185927330196,198.0639203097045,203.17028548212394,36716500
2020-08-11 00:00:00+00:00,195.2132110595703,199.31173720046735,194.98284306926817,198.84142269194282,36446500
2020-08-12 00:00:00+00:00,200.7898712158203,201.83609819491352,196.52815933665153,197.04646891700722,28013100
2020-08-13 00:00:00+00:00,200.3195343017578,202.86313088844787,199.79161692368524,201.0298244691704,22588900
2020-08-14 00:00:00+00:00,200.51150512695312,201.1738001585949,199.17732189149518,200.3771274861899,17958900
2020-08-17 00:00:00+00:00,201.8361053466797,202.7095673786257,200.53071620812176,201.18341810043327,20184800
2020-08-18 00:00:00+00:00,202.99749755859375,203.83255750038833,200.8090534968772,202.07604048973576,21336200
2020-08-19 00:00:00+00:00,201.76593017578125,204.07513421341247,201.33295900668412,203.48821317217968,27627600
2020-08-20 00:00:00+00:00,206.4613494873047,206.86545699034644,201.00587617403352,201.61203008786043,26981500
2020-08-21 00:00:00+00:00,204.9603271484375,208.06811499805988,204.79676091229612,205.76854196753658,36249300
2020-08-24 00:00:00+00:00,205.60501098632812,207.3657744393688,204.3926738683329,206.6633835219215,25460100
2020-08-25 00:00:00+00:00,208.2798309326172,208.41453342738419,205.03734001335152,205.03734001335152,23043700
2020-08-26 00:00:00+00:00,212.7827606201172,213.68719797029723,209.13616212854078,209.63649198466678,39600800
2020-08-27 00:00:00+00:00,218.00733947753906,222.4044257321356,211.0989873961827,214.4569484085319,57602200
2020-08-28 00:00:00+00:00,220.24917602539062,221.91371723120162,218.0073299932489,219.54678506101152,26292900
2020-08-31 00:00:00+00:00,216.9970245361328,220.04708516739845,215.8231823144508,218.41140795600424,28774200
2020-09-01 00:00:00+00:00,218.67120361328125,218.84438623445757,215.93864435580392,216.97778412727217,25725500
2020-09-02 00:00:00+00:00,222.8854522705078,224.04967804549815,218.74815570566622,219.34469313601724,34080800
2020-09-03 00:00:00+00:00,209.0784149169922,220.6340089316547,206.82695279841502,220.59552879932826,58400300
2020-09-04 00:00:00+00:00,206.143798828125,210.0982965597646,197.42658849392637,206.96164474273786,59664100
2020-09-08 00:00:00+00:00,194.99227905273438,202.0834273727746,194.54967688212514,198.68698754947286,52924300
2020-09-09 00:00:00+00:00,203.29579162597656,206.7114795601628,198.87945877197268,199.7454158901792,45679000
2020-09-10 00:00:00+00:00,197.59976196289062,206.61525528666598,196.3874397125869,205.3259434162522,35461500
2020-09-11 00:00:00+00:00,196.3105010986328,200.7364654599557,193.62606751857373,199.36056203452765,33620100
2020-09-14 00:00:00+00:00,197.63824462890625,201.28484219899724,196.31045271149296,196.5125137481953,30375800
2020-09-15 00:00:00+00:00,200.88076782226562,201.8429326320979,199.10075705148796,200.5343879034672,21823900
2020-09-16 00:00:00+00:00,197.29190063476562,202.68001485495665,196.8974095322985,202.65115108467566,26328100
2020-09-17 00:00:00+00:00,195.23289489746094,196.59916737426764,192.39451121134627,192.48110253390035,34011300
2020-09-18 00:00:00+00:00,192.80819702148438,195.94484887575575,188.82483547440413,195.127017632901,55225300
2020-09-21 00:00:00+00:00,194.87684631347656,195.0404272442857,188.94992248036098,189.72927359605578,39839700
2020-09-22 00:00:00+00:00,199.57220458984375,200.226484234231,194.43424850526944,197.30149526191477,33517100
2020-09-23 00:00:00+00:00,193.0006561279297,200.22652401144683,192.4618461263752,200.03407928391616,30803800
2020-09-24 00:00:00+00:00,195.50221252441406,197.7921687959729,191.6631707776476,192.2885865288666,31202500
2020-09-25 00:00:00+00:00,199.95706176757812,201.13088911694132,194.8768189808472,195.84861465967163,29437300
2020-09-28 00:00:00+00:00,201.51580810546875,204.52738877764946,200.18801591721544,202.9013278355643,32004900
2020-09-29 00:00:00+00:00,199.41827392578125,202.12196938367782,198.98530269607602,201.42920954356148,24221900
2020-09-30 00:00:00+00:00,202.3721160888672,203.95968207307456,198.72550342042436,199.87048183587524,33829100
2020-10-01 00:00:00+00:00,204.4215087890625,205.89361953473573,203.3246416710811,205.41253720787606,27158400
2020-10-02 00:00:00+00:00,198.38876342773438,203.00715742653261,197.76334749580505,200.1302793751852,33154800
2020-10-05 00:00:00+00:00,202.4202423095703,202.4491060800491,199.14887306776157,199.37979791306213,21331600
2020-10-06 00:00:00+00:00,198.11935424804688,202.22778730612757,197.0705981567693,200.91925729376106,28554300
2020-10-07 00:00:00+00:00,201.8910369873047,202.16044195043736,198.8987039425737,199.2258364433106,25681100
2020-10-08 00:00:00+00:00,202.6126708984375,203.19959202978103,200.4381836761741,202.54531231348605,19925800
2020-10-09 00:00:00+00:00,207.64480590820312,207.6929170897727,203.23808887920933,203.23808887920933,26458000
2020-10-12 00:00:00+00:00,213.0232696533203,215.39020139678786,208.6069369769455,210.51201907002442,40461400
2020-10-13 00:00:00+00:00,214.42807006835938,216.6891634545465,212.09000172844344,214.29336756970173,28950800
2020-10-14 00:00:00+00:00,212.50372314453125,215.73659753325902,210.8391821135151,214.5627552760652,23421700
2020-10-15 00:00:00+00:00,211.34913635253906,212.0226488172296,207.83722580995095,208.8859966636876,22733100
2020-10-16 00:00:00+00:00,211.34913635253906,213.87961994712427,211.02200382418516,211.82058773708712,26057900
2020-10-19 00:00:00+00:00,206.11492919921875,213.88922196295366,205.63384683523614,212.08034757630915,27625800
2020-10-20 00:00:00+00:00,206.5286865234375,209.1457761830108,205.02771165310273,207.6351849491635,22753500
2020-10-21 00:00:00+00:00,206.67300415039062,208.71278884977784,205.05655963502218,205.05655963502218,22724900
2020-10-22 00:00:00+00:00,206.7595672607422,207.88529817327458,203.6902595860285,205.83588270915598,22351500
2020-10-23 00:00:00+00:00,208.0489044189453,208.09701559843646,205.0950659210141,206.8943095185114,18879600
2020-10-26 00:00:00+00:00,202.131591796875,208.1547384232922,200.22650952026527,205.75895736252448,37111600
2020-10-27 00:00:00+00:00,205.181640625,206.54791285941357,202.37212121151256,203.58444355660558,36700300
2020-10-28 00:00:00+00:00,195.01153564453125,200.93847375946157,194.4534930345157,199.8127428147585,51195600
2020-10-29 00:00:00+00:00,196.974365234375,199.51447954120584,195.67543697276443,196.34896403076615,31432600
2020-10-30 00:00:00+00:00,194.80947875976562,196.56061079649035,192.0673036220136,195.8005071793254,36953700
2020-11-02 00:00:00+00:00,194.6748046875,197.51318789577627,192.54841403121264,196.56063946362534,30842200
2020-11-03 00:00:00+00:00,198.6196746826172,200.24573556056401,195.43491151052956,196.17578252504643,27512000
2020-11-04 00:00:00+00:00,208.20285034179688,210.05983612807736,204.38305473043673,205.9225243559085,42311800
2020-11-05 00:00:00+00:00,214.841796875,215.64039551423602,212.78276454929107,213.6390907342478,36080100
2020-11-06 00:00:00+00:00,215.25550842285156,215.87129330242155,209.78078840779185,213.8507413668018,25231900
2020-11-09 00:00:00+00:00,210.12716674804688,219.4890259925746,209.63646799316797,215.9482666319052,44395000
2020-11-10 00:00:00+00:00,203.02639770507812,208.30868796466146,201.78521152070147,206.3843582836946,44045100
2020-11-11 00:00:00+00:00,208.35679626464844,209.79041246102312,204.17137339377663,204.35418705997827,29440800
2020-11-12 00:00:00+00:00,207.28878784179688,210.81993091272767,206.3458704441471,208.9918236566661,21593900
2020-11-13 00:00:00+00:00,208.31826782226562,209.19384119722386,206.0571896522407,208.1739489940715,18621100
2020-11-16 00:00:00+00:00,209.01104736328125,209.50176078856936,206.40358907707915,206.74033793525987,24953300
2020-11-17 00:00:00+00:00,206.34588623046875,209.44404363119713,205.9802588786965,207.9238360433956,24154100
2020-11-18 00:00:00+00:00,203.62547302246094,207.5710265175272,203.48076161003306,206.1047029137225,28372800
2020-11-19 00:00:00+00:00,204.91815185546875,205.50660962207004,202.51608365017987,203.91488707826574,24792700
2020-11-20 00:00:00+00:00,202.95985412597656,205.75743167198254,202.58362797710117,204.7059297071652,22843100
2020-11-23 00:00:00+00:00,202.68971252441406,204.79271612955355,200.80858207029695,203.50004337850964,25683500
2020-11-24 00:00:00+00:00,206.3072509765625,206.68347702038218,201.48383260969243,202.18804756968217,33979700
2020-11-25 00:00:00+00:00,206.3169403076172,207.68678967474642,204.95674720019755,207.51315363887042,21012900
2020-11-27 00:00:00+00:00,207.62890625,208.63218572293246,206.48093008381176,207.26233638711614,14512200
2020-11-30 00:00:00+00:00,206.50987243652344,207.17549190767758,203.39393309923483,206.53881177353418,33064800
2020-12-01 00:00:00+00:00,208.5742950439453,209.64509467214577,205.81529873199955,206.93432077523863,30904500
2020-12-02 00:00:00+00:00,207.76394653320312,207.86042080174042,205.2847168067867,207.29126088912773,23724500
2020-12-03 00:00:00+00:00,206.67388916015625,208.7383121685524,206.10471445791197,207.03081750163656,25120900
2020-12-04 00:00:00+00:00,206.78961181640625,207.77359337524513,205.651277322866,206.65455667851904,24666000
2020-12-07 00:00:00+00:00,206.72207641601562,207.92793111579616,205.4679993041687,206.7992528831903,24620000
2020-12-08 00:00:00+00:00,208.38136291503906,209.2881681317648,205.37155387221154,206.41341424547676,23284100
2020-12-09 00:00:00+00:00,204.3200225830078,207.62888080244758,203.7508626994159,207.5613605938396,32440600
2020-12-10 00:00:00+00:00,203.08526611328125,205.55485463164123,202.93091315090658,204.29112103200458,26733300
2020-12-11 00:00:00+00:00,205.7284698486328,205.7863632435943,201.72503781169945,202.63184297396953,30979400
2020-12-14 00:00:00+00:00,206.63523864746094,208.5742622399963,205.36186386063156,205.57409544508724,28798400
2020-12-15 00:00:00+00:00,206.56777954101562,207.8122153634736,204.7445274588648,207.57104437525308,27000600
2020-12-16 00:00:00+00:00,211.53582763671875,212.33651682519718,207.1368725886142,207.16581192025404,35023300
2020-12-17 00:00:00+00:00,211.67091369628906,213.08900003353037,210.22388802317806,212.1050184542411,32515800
2020-12-18 00:00:00+00:00,210.8701934814453,211.93135137414484,208.39096417927163,210.8701934814453,63354900
2020-12-21 00:00:00+00:00,214.72898864746094,216.08919649747753,209.60651942496054,209.86698820302738,37181900
2020-12-22 00:00:00+00:00,216.03128051757812,217.66159840413056,214.01509502043945,214.82542583461395,22612200
2020-12-23 00:00:00+00:00,213.2144317626953,215.664722300724,213.00220013500297,215.23061750586513,18699600
2020-12-24 00:00:00+00:00,214.88330078125,215.71292937755183,213.38803805629948,213.60026965441662,10550600
2020-12-28 00:00:00+00:00,217.0152587890625,218.04746272776887,215.1437699941289,216.52326066509002,17933500
2020-12-29 00:00:00+00:00,216.23388671875,219.15687770978704,215.68402455920148,218.31760744104608,17403200
2020-12-30 00:00:00+00:00,213.8511199951172,217.6616331779801,213.6485446191628,217.27575078583914,20272300
2020-12-31 00:00:00+00:00,214.56497192382812,215.12449030176415,211.9217329770077,213.87039840086666,20942100
2021-01-04 00:00:00+00:00,210.00204467773438,215.12451393232777,207.223750280704,214.67111131281493,37130100
2021-01-05 00:00:00+00:00,210.20458984375,210.80270379708463,208.08228847102743,209.58719281314148,23823000
2021-01-06 00:00:00+00:00,204.75411987304688,208.84438415106663,204.45507027458913,204.676943408944,35930700
2021-01-07 00:00:00+00:00,210.580810546875,211.59373143430213,206.1625718994566,206.48090458530808,27694500
2021-01-08 00:00:00+00:00,211.86387634277344,212.78997937636316,209.365348539937,210.95707110902535,22956200
2021-01-11 00:00:00+00:00,209.80908203125,211.1789312417317,209.07591293274825,210.75446802047415,23031300
2021-01-12 00:00:00+00:00,207.33949279785156,209.4328697056975,205.78636593059068,208.85405350778225,23249300
2021-01-13 00:00:00+00:00,208.69969177246094,209.1048572059806,206.3748002592561,206.46163298922275,20087100
2021-01-14 00:00:00+00:00,205.4969482421875,209.78014669114557,205.22683795440696,208.2848838495633,29480800
2021-01-15 00:00:00+00:00,205.1400146484375,206.93432719678094,204.54191537229212,205.97929960679494,31746500
2021-01-19 00:00:00+00:00,208.79620361328125,209.31712648728515,205.12075999363148,206.20120134410445,30480900
2021-01-20 00:00:00+00:00,216.4171600341797,217.81594859939017,209.6161363041279,210.01166019467698,37777300
2021-01-21 00:00:00+00:00,217.02491760253906,218.30794883439074,214.56497094658008,216.76444885263814,30709400
2021-01-22 00:00:00+00:00,217.97024536132812,221.9447516001954,217.8255487166679,219.06034248411126,30172700
2021-01-25 00:00:00+00:00,221.4238739013672,221.66504485405198,216.30140522152732,221.02835000618649,33152100
2021-01-26 00:00:00+00:00,224.12498474121094,225.90964090519284,221.95444623265263,223.67158218627512,49169600
2021-01-27 00:00:00+00:00,224.6748504638672,231.94857453738325,222.01232848295177,229.59474371719836,69870600
2021-01-28 00:00:00+00:00,230.4918670654297,234.07085003331895,226.78748522733264,227.28912486787857,49111200
2021-01-29 00:00:00+00:00,223.76806640625,229.61404802749493,223.17960868451274,227.65574104136587,42503100
2021-02-01 00:00:00+00:00,231.1864776611328,233.93583250847365,224.22145911978276,226.758582343544,33314200
2021-02-02 00:00:00+00:00,231.05136108398438,233.75247807695183,230.2603281954166,232.77815295130395,25916300
2021-02-03 00:00:00+00:00,234.41815185546875,236.43433736539887,230.81022932198388,231.10929364997725,27158100
2021-02-04 00:00:00+00:00,233.463134765625,234.64970650721565,231.88105383007826,234.09018810416885,25296100
2021-02-05 00:00:00+00:00,233.6464080810547,234.68826832765416,231.92927213385542,233.67534741680137,18054800
2021-02-08 00:00:00+00:00,233.90687561035156,235.0741347325014,232.3054970144389,234.5628535104182,22211900
2021-02-09 00:00:00+00:00,235.1609649658203,236.11599247019757,232.855371361657,233.32805698466197,23565000
2021-02-10 00:00:00+00:00,234.24452209472656,237.23503297528765,232.38267474839645,236.34752566570722,22186700
2021-02-11 00:00:00+00:00,235.85556030273438,236.49224045800057,233.5981889016559,236.1353121430884,15751100
2021-02-12 00:00:00+00:00,236.337890625,236.6369402492876,234.1576958055235,235.3153134272428,16561100
2021-02-16 00:00:00+00:00,235.09344482421875,237.4376341694884,234.3409926195413,236.37647607576025,26728500
2021-02-17 00:00:00+00:00,236.11834716796875,236.2247073752917,232.9662401886476,233.33366904191027,21653500
2021-02-18 00:00:00+00:00,235.72190856933594,235.85727476251574,232.88888225714146,233.7977758772666,16925600
2021-02-19 00:00:00+00:00,232.99525451660156,235.78961124122654,232.23139079471954,235.68325103009647,25262600
2021-02-22 00:00:00+00:00,226.74903869628906,230.05585424921347,224.70886718440133,229.56273767902795,36446900
2021-02-23 00:00:00+00:00,225.55007934570312,227.05844976056775,221.16031954469048,222.70737444670027,30228700
2021-02-24 00:00:00+00:00,226.7876739501953,227.41615658480433,221.42134580631168,222.39791498954574,26339700
2021-02-25 00:00:00+00:00,221.41172790527344,226.8263906391963,220.33846205428335,224.39946279317778,39542200
2021-02-26 00:00:00+00:00,224.68954467773438,227.5805831932529,221.9435213576159,223.86766895538668,37819200
2021-03-01 00:00:00+00:00,229.0986328125,229.61109163953674,225.4340520450375,228.09304264916807,25324000
2021-03-02 00:00:00+00:00,226.1301727294922,229.44666609290658,225.72407421120178,229.16625525044964,22812500
2021-03-03 00:00:00+00:00,220.02902221679688,225.84979769588546,219.73894760417375,224.47679360019754,34029500
2021-03-04 00:00:00+00:00,219.2264862060547,224.79587148910286,216.83822837187682,219.23616470377033,44727800
2021-03-05 00:00:00+00:00,223.9353485107422,225.55007913301998,218.96545419151897,221.92418304154947,41872800
2021-03-08 00:00:00+00:00,219.86465454101562,225.64674565461442,219.61326440696627,223.71293453599736,35267400
2021-03-09 00:00:00+00:00,226.043212890625,227.59026790889763,224.0030412777604,225.17300366397794,33080500
2021-03-10 00:00:00+00:00,224.72821044921875,229.15664011730135,224.36078157928844,229.15664011730135,29746800
2021-03-11 00:00:00+00:00,229.2823486328125,231.2548297284497,226.5556675332269,227.18416507754895,29907600
2021-03-12 00:00:00+00:00,227.947998046875,228.01568852154853,225.51139177337745,226.2655769704919,22653700
2021-03-15 00:00:00+00:00,227.0391082763672,227.40653713643047,224.13839139075358,227.18415297293328,26034900
2021-03-16 00:00:00+00:00,229.8431396484375,232.11535898562002,228.13171258317612,228.46045695052544,28092200
2021-03-17 00:00:00+00:00,229.1952667236328,230.65530342963265,225.51135923379334,228.33472144320785,29562100
2021-03-18 00:00:00+00:00,223.08447265625,226.43963644067026,222.70738004305798,224.86357551060163,34833000
2021-03-19 00:00:00+00:00,222.72669982910156,224.7765348783474,221.75979427699573,223.37452477855553,46430700
2021-03-22 00:00:00+00:00,228.18006896972656,229.05994189568952,222.52366503268703,222.6493674880286,30127000
2021-03-23 00:00:00+00:00,229.7174072265625,233.07257044463407,229.224290739875,229.6303892737012,31638400
2021-03-24 00:00:00+00:00,227.6676025390625,230.12353630883382,227.53223634315083,229.9785063681459,25620100
2021-03-25 00:00:00+00:00,224.6508331298828,229.09860458484349,223.9063264752013,227.5128800646398,34061900
2021-03-26 00:00:00+00:00,228.65386962890625,228.87626857609533,223.88703132154123,223.88703132154123,25479900
2021-03-29 00:00:00+00:00,227.4549102783203,228.963280863419,224.2061064204883,228.76022416751235,25227500
2021-03-30 00:00:00+00:00,224.17703247070312,226.1108433533357,223.4518533897159,225.8014265302875,24792000
2021-03-31 00:00:00+00:00,227.96734619140625,231.18714373342434,224.69920041677108,225.20199547913245,43623500
2021-04-01 00:00:00+00:00,234.32958984375,234.80336416913414,230.17189260393687,230.5779912058987,30338000
2021-04-05 00:00:00+00:00,240.8271942138672,241.6877396410895,234.66799527040416,234.72600724804468,36910600
2021-04-06 00:00:00+00:00,239.65721130371094,241.14623936581128,238.70964799146523,239.41548491511094,22931900
2021-04-07 00:00:00+00:00,241.62969970703125,242.6256112789347,239.00939383471342,239.60887057598896,22719800
2021-04-08 00:00:00+00:00,244.86886596679688,245.72941144065413,243.66023385442372,244.40475536671238,23625200
2021-04-09 00:00:00+00:00,247.3828125,247.518178698684,244.08566074528554,244.50142308631172,24326800
2021-04-12 00:00:00+00:00,247.44082641601562,249.1425897885859,246.19350987554677,246.28054259623266,27148700
2021-04-13 00:00:00+00:00,249.9354248046875,250.6122705431789,248.3303579311484,248.74614977442516,23837500
2021-04-14 00:00:00+00:00,247.1314239501953,250.26418897104256,246.7156615816498,248.958889884103,23070900
2021-04-15 00:00:00+00:00,250.91201782226562,251.32778017266665,249.20060543327276,249.39396885997098,25627500
2021-04-16 00:00:00+00:00,252.11099243164062,252.36239736570812,249.07492376131896,250.88303276835194,24878600
2021-04-19 00:00:00+00:00,250.17718505859375,252.82652688667696,249.28764829020935,251.57921020332333,23209300
2021-04-20 00:00:00+00:00,249.71304321289062,251.58884238878173,248.3400243131991,249.28760239933078,19722900
2021-04-21 00:00:00+00:00,251.9562225341797,252.0529189858282,248.73644019834435,250.37051285607768,24030400
2021-04-22 00:00:00+00:00,248.6591339111328,253.11655470286385,247.17975472336747,251.59850578156508,25606200
2021-04-23 00:00:00+00:00,252.5074005126953,252.85550188502793,248.75580193014318,249.34562971106686,21462600
2021-04-26 00:00:00+00:00,252.89419555664062,253.75475586654355,251.55989036347435,253.00057053665708,19763300
2021-04-27 00:00:00+00:00,253.30030822753906,254.47993445879493,251.5115266339987,252.92320080988765,31014200
2021-04-28 00:00:00+00:00,246.135498046875,248.04998184217743,244.5787793719644,247.60518400104692,46903100
2021-04-29 00:00:00+00:00,244.1533203125,247.6245225237297,240.75948707118079,247.00570354871914,40589000
2021-04-30 00:00:00+00:00,243.83424377441406,244.70446765473707,241.33964034405656,241.47500653604348,30945100
2021-05-03 00:00:00+00:00,243.5248260498047,245.9324261177645,242.8093106501304,245.01385406622066,19626600
2021-05-04 00:00:00+00:00,239.58953857421875,242.89636879848177,237.62672133374875,242.66430613687115,32756100
2021-05-05 00:00:00+00:00,238.31321716308594,241.2429398616624,237.6847344437271,240.81749904999444,21901300
2021-05-06 00:00:00+00:00,241.46533203125,241.5910344808198,236.5921342853169,238.2938828346981,26491100
2021-05-07 00:00:00+00:00,244.10496520996094,245.88406776126646,242.8576488723059,243.80521211644367,27032900
2021-05-10 00:00:00+00:00,238.9997100830078,243.39913334730613,238.94169810981222,242.5675939726172,29299900
2021-05-11 00:00:00+00:00,238.08114624023438,238.43891132150725,234.54228318777075,236.45675201993078,33641600
2021-05-12 00:00:00+00:00,231.0904541015625,236.29241130423097,230.191238914293,234.15554329136458,36684400
2021-05-13 00:00:00+00:00,234.98704528808594,237.47199953455876,233.43032682436203,233.7977556399637,29624300
2021-05-14 00:00:00+00:00,239.93760681152344,240.9335183497134,237.36564925626627,237.45266721502668,23901100
2021-05-17 00:00:00+00:00,237.06591796875,238.42925846341785,235.46086581765138,238.39058872945552,24970200
2021-05-18 00:00:00+00:00,235.03541564941406,238.2552130765147,234.86136496896637,238.11984688230368,20168000
2021-05-19 00:00:00+00:00,235.6168975830078,235.7235033869886,231.23640313623346,231.92448304457386,25739800
2021-05-20 00:00:00+00:00,238.87322998046875,240.29786461918704,236.33409209088745,236.43101184656183,21800700
2021-05-21 00:00:00+00:00,237.60366821289062,240.66614921501537,237.18694578423563,239.92960932842846,21863100
2021-05-24 00:00:00+00:00,243.04049682617188,243.4087741049209,239.87141050800008,240.14276804353833,21411500
2021-05-25 00:00:00+00:00,243.95147705078125,244.94968824715602,243.07925855674293,243.999936919978,17704300
2021-05-26 00:00:00+00:00,243.7285919189453,245.13383947058784,243.01142426646751,243.6704312001958,17771600
2021-05-27 00:00:00+00:00,241.61582946777344,243.7188574757459,241.55768354491582,243.4184270157319,24426200
2021-05-28 00:00:00+00:00,241.9744415283203,244.30038230069232,241.85814966545857,243.25371117130643,18270200
2021-06-01 00:00:00+00:00,239.7648162841797,243.53476378625956,239.3384078419396,243.4766178526758,23213300
2021-06-02 00:00:00+00:00,239.66790771484375,241.57711137410448,238.25295927147903,240.47229428901912,19406700
2021-06-03 00:00:00+00:00,238.12698364257812,238.73753072977723,235.50061228288084,237.65210054108795,25307700
2021-06-04 00:00:00+00:00,243.05018615722656,243.8836456812786,239.87141373709244,240.11369831050433,25281100
2021-06-07 00:00:00+00:00,245.97698974609375,246.24834728727228,242.10043654311272,242.2651882796942,23079200
2021-06-08 00:00:00+00:00,244.77525329589844,248.1090912201015,244.7170925794638,247.28531779785183,22455000
2021-06-09 00:00:00+00:00,245.76376342773438,247.64389398471312,245.3955009512483,245.97697502416761,17937600
2021-06-10 00:00:00+00:00,249.30116271972656,249.51437435945286,245.84134618031166,246.4422072806972,24563600
2021-06-11 00:00:00+00:00,249.93109130859375,250.51255063014324,248.69056588727776,250.0279814783494,18999700
2021-06-14 00:00:00+00:00,251.869384765625,251.92753070166987,248.87472118053503,249.9407793009507,19150500
2021-06-15 00:00:00+00:00,250.3865509033203,251.96625102602945,249.72754397352543,251.7530394221837,18038900
2021-06-16 00:00:00+00:00,249.4368133544922,252.53803808161632,246.5681575606938,251.39446201803466,27220000
2021-06-17 00:00:00+00:00,252.84817504882812,253.67194851407228,248.10910416944708,248.16725010104045,27565500
2021-06-18 00:00:00+00:00,251.423583984375,254.20500663693133,250.7645769286962,251.61742350699052,37202200
2021-06-21 00:00:00+00:00,254.52476501464844,255.3872826156926,249.96013246681872,251.8014890941688,26696100
2021-06-22 00:00:00+00:00,257.31591796875,257.58727550810795,254.3018824942618,254.6120138466005,24694100
2021-06-23 00:00:00+00:00,257.0832824707031,258.59513571313266,256.26920992291423,257.78106316534377,19518700
2021-06-24 00:00:00+00:00,258.45953369140625,259.5837378342105,257.2771836080912,257.94589149972273,21446900
2021-06-25 00:00:00+00:00,256.8410339355469,259.00222309545813,256.58907807697693,258.0137126293254,25611100
2021-06-28 00:00:00+00:00,260.4268493652344,260.60128716387084,257.7035730643105,257.9749306096631,19590000
2021-06-29 00:00:00+00:00,263.02410888671875,263.2663934434633,259.70967271287435,260.5721903554941,19937800
2021-06-30 00:00:00+00:00,262.53961181640625,262.98540724193595,261.2797436059164,262.33610101410613,21656500
2021-07-01 00:00:00+00:00,263.21795654296875,263.45054026043147,261.27968002877276,261.28935129983205,16725300
2021-07-02 00:00:00+00:00,269.0812683105469,269.42047266250347,264.09021151270576,264.40034289596645,26458000
2021-07-06 00:00:00+00:00,269.0909423828125,270.7481605850909,265.83462233410813,269.4495188196341,31565600
2021-07-07 00:00:00+00:00,271.2908630371094,272.0274175708418,268.5966598869987,270.77722094799395,23260000
2021-07-08 00:00:00+00:00,268.8583679199219,270.12793676331876,266.3870474385027,268.35439706096736,24618600
2021-07-09 00:00:00+00:00,269.36224365234375,269.46883464610335,266.8231065834629,267.21075590510736,23916700
2021-07-12 00:00:00+00:00,268.76141357421875,271.13578442629563,268.0442311924346,270.54462431878187,18931700
2021-07-13 00:00:00+00:00,272.3084716796875,274.12075544543404,268.82926896816707,268.95523209497554,26120100
2021-07-14 00:00:00+00:00,273.7912902832031,274.90579349318665,271.89175778408145,273.63622459496327,23113700
2021-07-15 00:00:00+00:00,272.3569030761719,273.7912382379195,271.1939254233224,273.29696829909597,22604200
2021-07-16 00:00:00+00:00,272.0855407714844,275.332159550693,270.83534425306976,273.3648102519203,26186800
2021-07-19 00:00:00+00:00,268.46099853515625,271.71728888837185,265.9800069586817,270.32172742963587,32935600
2021-07-20 00:00:00+00:00,270.6997375488281,272.298809949743,267.73417649236615,269.4495407659648,26259700
2021-07-21 00:00:00+00:00,272.715576171875,272.83186806324454,268.7324310136642,270.29272984914024,24364300
2021-07-22 00:00:00+00:00,277.30926513671875,277.5806226950854,274.6732076086904,275.0802291583625,23384100
2021-07-23 00:00:00+00:00,280.73028564453125,281.04038740226895,277.65810442516977,278.50124995779606,22768100
2021-07-26 00:00:00+00:00,280.1294860839844,280.74974895243133,277.7938882048477,280.08104098678257,23176100
2021-07-27 00:00:00+00:00,277.6969299316406,280.64308942099046,274.21772656817114,280.49772457377867,33604100
2021-07-28 00:00:00+00:00,277.38671875,281.1954245301593,275.07046440625373,280.0712207421704,33566900
2021-07-29 00:00:00+00:00,277.6581115722656,279.71267995195393,277.2510604896139,277.40612616035014,18168300
2021-07-30 00:00:00+00:00,276.11724853515625,277.81324087914425,275.1481100528774,276.36923400479174,20944800
2021-08-02 00:00:00+00:00,276.02996826171875,277.91977013661995,274.9832823711018,277.52241989812205,16267400
2021-08-03 00:00:00+00:00,278.2589416503906,278.3655622265693,275.2352353463116,276.61142453637285,17879000
2021-08-04 00:00:00+00:00,277.66778564453125,278.71444185138466,275.86517327482574,277.38672729493874,16191300
2021-08-05 00:00:00+00:00,280.58489990234375,280.69152049091053,277.27046359767604,278.02639026152593,13900200
2021-08-06 00:00:00+00:00,280.5267639160156,280.56553772921,278.7435529938738,279.60610027686425,16589300
2021-08-09 00:00:00+00:00,279.431640625,282.5522672188977,278.92769934256637,280.80783006175807,16117600
2021-08-10 00:00:00+00:00,277.5999755859375,280.323251828828,276.39825356437836,279.8871277657764,18616600
2021-08-11 00:00:00+00:00,278.09423828125,279.751456440991,277.0378515407644,278.3461941198243,13955900
2021-08-12 00:00:00+00:00,280.865966796875,281.0210324731041,277.50305573152406,277.784114118174,14561300
2021-08-13 00:00:00+00:00,283.8121643066406,283.86060939257436,280.37170550846537,280.54617288448674,18249000
2021-08-16 00:00:00+00:00,285.50811767578125,285.7213292613481,281.0694481878223,284.14162927406903,22507600
2021-08-17 00:00:00+00:00,284.0350341796875,284.37423849294635,282.09675761906914,283.3663559759671,20075300
2021-08-18 00:00:00+00:00,282.2969665527344,286.26832663173434,281.85028818269654,283.5689657375722,21813000
2021-08-19 00:00:00+00:00,288.1617431640625,288.8414504972894,280.26759054859315,280.3161283728074,29850500
2021-08-20 00:00:00+00:00,295.5316162109375,296.9686974957663,289.4143680042962,291.02622103620047,40817600
2021-08-23 00:00:00+00:00,295.81317138671875,296.5414165302766,293.09440137038445,294.4537863785516,22830200
2021-08-24 00:00:00+00:00,293.842041015625,296.7841500631077,293.2400298015823,296.1724194319452,18175800
2021-08-25 00:00:00+00:00,293.2497863769531,295.75493682464673,291.70591011010885,295.4733403838141,20006100
2021-08-26 00:00:00+00:00,290.41448974609375,293.657605009389,290.27856604274746,292.2593717706494,17666100
2021-08-27 00:00:00+00:00,291.0261535644531,292.1427900883867,288.21996831337157,290.3173176891509,22605700
2021-08-30 00:00:00+00:00,294.7839660644531,295.39569682052434,292.3273532534391,292.3856105033149,16348100
2021-08-31 00:00:00+00:00,293.1235656738281,295.6675642771677,292.7545833483286,295.58989782397674,26285300
2021-09-01 00:00:00+00:00,293.074951171875,296.337504697349,292.74481694214677,294.0847926955181,18983800
2021-09-02 00:00:00+00:00,292.4147644042969,294.5606523132115,291.47289927339045,293.4343256300039,16285600
2021-09-03 00:00:00+00:00,292.4049987792969,293.8226410017637,291.55051975237325,292.25932604742155,14747900
2021-09-07 00:00:00+00:00,291.47283935546875,292.35644704982093,289.5502910738507,292.27878060336405,17180400
2021-09-08 00:00:00+00:00,291.50201416015625,291.8904057187177,288.84150087001484,291.0844939755121,15046800
2021-09-09 00:00:00+00:00,288.62786865234375,293.3760419262117,288.38512023463784,292.0943231689544,19927000
2021-09-10 00:00:00+00:00,287.132568359375,291.22047359352,286.8121534435566,289.7639828932236,19633400
2021-09-13 00:00:00+00:00,288.3753967285156,289.88045467638676,285.5498016305799,288.9191508058804,23652900
2021-09-14 00:00:00+00:00,291.09417724609375,292.6477729197862,289.45319570500504,290.870838052277,21853400
2021-09-15 00:00:00+00:00,295.9783020019531,296.4637988441718,293.06532094864116,294.46355422482094,28356300
2021-09-16 00:00:00+00:00,296.36669921875,296.454085096136,292.0360756003799,294.94905670941716,19550800
2021-09-17 00:00:00+00:00,291.17193603515625,295.66764253308014,290.84180166506104,295.3472275843466,41372500
2021-09-20 00:00:00+00:00,285.7633972167969,290.05520185574835,281.1220491144486,287.7345129883881,38278700
2021-09-21 00:00:00+00:00,286.2488708496094,288.9094131794208,285.54006456204365,287.1130692848338,22364100
2021-09-22 00:00:00+00:00,289.9193115234375,291.51175555567767,285.9673893358731,288.12299672562585,26626300
2021-09-23 00:00:00+00:00,290.8708190917969,292.1719468643928,288.8997034137967,290.18142198347186,18604600
2021-09-24 00:00:00+00:00,290.66693115234375,291.1038604794902,288.3171136743252,289.5794230949498,14999000
2021-09-27 00:00:00+00:00,285.63720703125,287.87048051053665,284.44287420766045,287.55006565328637,23571700
2021-09-28 00:00:00+00:00,275.296142578125,282.3455668198129,274.54848804403434,281.3939822590245,43186200
2021-09-29 00:00:00+00:00,275.7621765136719,278.4518180606054,274.8009023525503,276.8302753773472,26353700
2021-09-30 00:00:00+00:00,273.7425231933594,279.48106917638046,273.45120733984913,277.42256752734704,32343600
2021-10-01 00:00:00+00:00,280.71429443359375,281.56877366071757,273.1308357414354,273.9367475024316,30086300
2021-10-04 00:00:00+00:00,274.8979797363281,279.40340419607827,272.1209523056505,279.0635505147171,31350700
2021-10-05 00:00:00+00:00,280.3840637207031,281.97647748818093,275.81066347051245,275.81066347051245,24993000
2021-10-06 00:00:00+00:00,284.6079406738281,285.1128763474515,277.2284124803731,277.49057010387935,28002600
2021-10-07 00:00:00+00:00,286.2974853515625,288.0355722925851,285.39446836339914,286.61790021974554,20430500
2021-10-08 00:00:00+00:00,286.2974853515625,288.0355722925851,285.2391058225794,287.62774191888644,17685700
2021-10-11 00:00:00+00:00,285.6954345703125,289.32694085927545,284.2583534904783,284.42343542741787,19298600
2021-10-12 00:00:00+00:00,284.3846130371094,286.87035430636377,283.86998760946784,286.7732490189577,17974100
2021-10-13 00:00:00+00:00,287.715087890625,288.65695279146564,284.97687904912493,286.3557028874454,23416300
2021-10-14 00:00:00+00:00,293.9683532714844,294.473259346029,289.1910510570346,290.531027152516,27262900
2021-10-15 00:00:00+00:00,295.385986328125,295.61904496704665,291.8030171906076,293.5702328432472,25384800
2021-10-18 00:00:00+00:00,298.3765563964844,299.26985368908385,293.90998103639043,294.7644599300877,22729300
2021-10-19 00:00:00+00:00,299.2893981933594,300.3283389295829,298.308685076048,299.40591269593574,17682100
2021-10-20 00:00:00+00:00,298.4931640625,300.7167478371361,297.2308545272487,300.2409407945405,16537100
2021-10-21 00:00:00+00:00,301.7459716796875,301.99840985819577,297.47357626035097,298.26010831483455,16918100
2021-10-22 00:00:00+00:00,300.1923828125,302.06639333549975,298.87181611698935,301.3964053856401,17449300
2021-10-25 00:00:00+00:00,299.1922607421875,300.425411938426,297.5706884026041,300.38656389761695,17554500
2021-10-26 00:00:00+00:00,301.1148376464844,303.3384214837848,299.6486573311045,301.9790362502908,28107300
2021-10-27 00:00:00+00:00,313.7960205078125,316.64102469624345,306.83398322982805,306.83398322982805,52588700
2021-10-28 00:00:00+00:00,314.94183349609375,315.44673958606427,312.03854198972346,314.92239465607844,26297900
2021-10-29 00:00:00+00:00,322.00091552734375,322.3698978624627,314.5048432230782,314.72818243443317,34766000
2021-11-01 00:00:00+00:00,319.81622314453125,321.87472525922004,316.90324174471607,321.74849132404734,27073200
2021-11-02 00:00:00+00:00,323.46710205078125,323.7778271139183,320.4278873477877,320.7288929925852,26487100
2021-11-03 00:00:00+00:00,324.3118591308594,325.18574743557576,321.05902467717414,324.2147538453636,21500100
2021-11-04 00:00:00+00:00,326.68109130859375,326.77819659570866,319.9521127279951,323.2340758588148,23992200
2021-11-05 00:00:00+00:00,326.31207275390625,328.9628956726154,324.7196588251079,328.6910186783147,22570100
2021-11-08 00:00:00+00:00,327.21514892578125,327.85600830691146,324.73912690846595,327.51615459432156,20897000
2021-11-09 00:00:00+00:00,326.205322265625,328.89496395648536,324.8264982710298,327.331648801366,21307400
2021-11-10 00:00:00+00:00,321.2047119140625,324.923634469583,320.35026232849066,324.86537721675717,25500900
2021-11-11 00:00:00+00:00,322.78741455078125,324.0885424963487,320.9231233219346,321.6416491463469,16849800
2021-11-12 00:00:00+00:00,326.9529724121094,327.44818863991225,324.1079682216262,324.2342021332131,23831000
2021-11-15 00:00:00+00:00,326.32183837890625,328.07933448956584,324.34100306430065,327.7492002091939,16723000
2021-11-16 00:00:00+00:00,329.6620788574219,330.78843509945784,325.77810407759137,325.94315641160364,20886800
2021-11-17 00:00:00+00:00,329.8857727050781,332.87218386614865,328.7962750052104,329.7106812218678,19053400
2021-11-18 00:00:00+00:00,331.9772033691406,333.12509451765436,327.9402138531985,328.9713476663331,22463500
2021-11-19 00:00:00+00:00,333.7671203613281,335.7029529636877,332.8819257327162,333.30994693317655,21963400
2021-11-22 00:00:00+00:00,330.5764465332031,340.1485303404113,330.3040720955403,335.23602357528745,31031100
2021-11-23 00:00:00+00:00,328.4849853515625,330.20680734992084,324.4771774711079,327.87213546649167,30427600
2021-11-24 00:00:00+00:00,328.708740234375,328.9519327535902,324.8176599269324,327.12312025923825,21661300
2021-11-26 00:00:00+00:00,320.70281982421875,328.7281726582677,319.18530093597997,325.24566897540836,24217200
2021-11-29 00:00:00+00:00,327.4636535644531,329.79829622397705,325.62510354487557,325.8196694692493,28563500
2021-11-30 00:00:00+00:00,321.5880432128906,328.58226215914226,320.0316052151952,326.1892561785547,42885600
2021-12-01 00:00:00+00:00,321.0919189453125,330.04141511002234,320.4207349352154,326.00442541649005,33337600
2021-12-02 00:00:00+00:00,320.51800537109375,324.40908570580257,318.87402155475235,321.3059467639453,30766000
2021-12-03 00:00:00+00:00,314.2144775390625,323.64062212414194,309.3700717841347,322.9499339831109,41779300
2021-12-06 00:00:00+00:00,317.3078308105469,318.5335304412472,310.5373603039669,315.128835632931,30032600
2021-12-07 00:00:00+00:00,325.8001708984375,326.65618363904804,321.1114119500236,322.6094861976196,31021900
2021-12-08 00:00:00+00:00,325.848876953125,326.3644440379119,321.79241163576836,326.1796153012341,24761000
2021-12-09 00:00:00+00:00,324.0297546386719,327.32743012958736,323.07642916997037,325.30408120640084,22214200
2021-12-10 00:00:00+00:00,333.2126770019531,333.6601429338765,325.67370875782035,325.8585374509906,38095700
2021-12-13 00:00:00+00:00,330.15814208984375,334.42861676910195,329.84684855560926,331.40328654019635,28899400
2021-12-14 00:00:00+00:00,319.39935302734375,325.52782289057154,315.28452453431606,324.14647619151833,44438700
2021-12-15 00:00:00+00:00,325.5374755859375,326.06277969983233,315.6638659922189,319.6619364552254,35381100
2021-12-16 00:00:00+00:00,316.0529479980469,327.59001493914315,314.2241357585092,326.56858868880596,35034800
2021-12-17 00:00:00+00:00,314.98291015625,316.0724374792518,308.6112786111731,312.14243841653024,47750300
2021-12-20 00:00:00+00:00,311.19879150390625,314.01008079993846,308.9225137253462,311.3349638394209,28326500
2021-12-21 00:00:00+00:00,318.3779296875,318.80595090017056,311.09186155812125,314.4868493443761,24740600
2021-12-22 00:00:00+00:00,324.1269836425781,324.52579322794156,316.879835094261,319.3603867790755,24831500
2021-12-23 00:00:00+00:00,325.5764465332031,327.23016767632333,323.66982533590135,323.68927005188783,19617800
2021-12-27 00:00:00+00:00,333.1251525878906,333.15433450517634,326.2962870771374,326.3254689944231,19947000
2021-12-28 00:00:00+00:00,331.9577941894531,334.44808325225506,331.0531251278716,333.80605142857513,15661500
2021-12-29 00:00:00+00:00,332.63873291015625,334.9247187951422,330.4305258810565,332.0064086237529,15042000
2021-12-30 00:00:00+00:00,330.080322265625,333.78657357656004,329.59393726748044,332.59979299362385,15994500
2021-12-31 00:00:00+00:00,327.1619873046875,330.1191864933447,326.70478425386625,329.29235580887786,18000800
2022-01-03 00:00:00+00:00,325.6348571777344,328.79636064547935,320.8001876103652,326.2185252937137,28865100
2022-01-04 00:00:00+00:00,320.0511169433594,326.07256655416444,317.239796956852,325.7126166614886,32674300
2022-01-05 00:00:00+00:00,307.7650146484375,317.1911594657353,307.3759125385984,316.9868563666347,40054300
2022-01-06 00:00:00+00:00,305.3330383300781,310.0217966395678,303.00810388727007,304.62290557551444,39646100
2022-01-07 00:00:00+00:00,305.4886779785156,307.88168370072367,301.646224869703,305.59566842155346,32720000
2022-01-10 00:00:00+00:00,305.71240234375,306.1501606970923,296.3932792591058,301.0625631573698,44289500
2022-01-11 00:00:00+00:00,306.40313720703125,307.9887275354808,301.4517409536046,304.8466991075708,29386800
2022-01-12 00:00:00+00:00,309.6034851074219,314.60353696148184,308.44588647775686,310.96538680343946,34372200
2022-01-13 00:00:00+00:00,296.5002746582031,312.1424323832411,295.72207055768473,311.7435931335858,45366000
2022-01-14 00:00:00+00:00,301.75335693359375,302.3564697657393,295.4789766655642,295.96536181233876,39846400
2022-01-18 00:00:00+00:00,294.4088439941406,301.3641437796384,293.5236197033921,295.7901905004896,42333200
2022-01-19 00:00:00+00:00,295.0703430175781,305.3622673575025,294.4575227878917,297.9497639039901,45933900
2022-01-20 00:00:00+00:00,293.3874206542969,303.16374670375416,292.9399547929001,300.654013313696,35380700
2022-01-21 00:00:00+00:00,287.9691162109375,295.82908513910786,287.56053972855347,294.44776829500927,57984400
2022-01-24 00:00:00+00:00,288.2998962402344,289.01973668057565,268.53319886975106,284.24346117552335,85731500
2022-01-25 00:00:00+00:00,280.6344299316406,286.9574354302845,277.40485583875466,283.5819220766219,72848600
2022-01-26 00:00:00+00:00,288.630615234375,300.09958331074847,285.05082830215923,299.60346104770645,90428900
2022-01-27 00:00:00+00:00,291.67529296875,298.9321473570227,289.8172990902771,294.4185109266992,53481300
2022-01-28 00:00:00+00:00,299.8661193847656,300.08012999341486,286.4321667298066,292.05477669895004,49743700
2022-01-31 00:00:00+00:00,302.5120544433594,303.8739266373001,298.0275688741196,300.53733234049855,46444500
2022-02-01 00:00:00+00:00,300.3524475097656,302.1715224952371,296.82128797957665,301.95751192714744,40950400
2022-02-02 00:00:00+00:00,304.9244384765625,306.53924004083257,300.46916548527736,301.19874289576546,36636000
2022-02-03 00:00:00+00:00,293.0469970703125,302.7552535027513,291.79211531003233,301.06261331619567,43730000
2022-02-04 00:00:00+00:00,297.6092529296875,300.3913608497898,291.80181490555054,292.0352702032978,35096500
2022-02-07 00:00:00+00:00,292.755126953125,299.4574964401452,291.73370069846914,297.83298725575605,28533300
2022-02-08 00:00:00+00:00,296.266845703125,297.2396157585428,291.7823899972102,293.0469791946189,32421200
2022-02-09 00:00:00+00:00,302.7357482910156,303.436143889823,299.0197893926343,301.4322400322935,31284700
2022-02-10 00:00:00+00:00,294.14617919921875,300.7026390949377,292.5119328248421,295.76098086196566,45386200
2022-02-11 00:00:00+00:00,287.00604248046875,296.00416414551785,286.2083640297064,294.93411130749297,39175600
2022-02-14 00:00:00+00:00,286.96722412109375,288.6793092630172,283.41661864132067,285.77070602487333,36359500
2022-02-15 00:00:00+00:00,292.2882385253906,292.60923960221265,288.9321697438567,291.84077258338215,27058300
2022-02-16 00:00:00+00:00,291.9470520019531,293.2824978641233,286.27381667328723,290.8455441746245,29982100
2022-02-17 00:00:00+00:00,283.398193359375,289.31509356138463,282.6865922626873,288.88618738639013,32461600
2022-02-18 00:00:00+00:00,280.6687927246094,286.44923910919783,279.0896516648839,285.65966857933506,34264000
2022-02-22 00:00:00+00:00,280.46417236328125,284.1878453372253,277.325374318162,277.81276513418686,41736100
2022-02-23 00:00:00+00:00,273.2020263671875,284.34380258389615,273.0363301552388,282.86211552379876,37811200
2022-02-24 00:00:00+00:00,287.16082763671875,287.7164601327859,264.6726152766179,265.6376690192518,56989700
2022-02-25 00:00:00+00:00,289.8122863769531,290.12422359753356,284.2950194983155,287.69702717357785,32546700
2022-02-28 00:00:00+00:00,291.25494384765625,291.5961232884355,285.6109511926103,286.8879124512108,34627500
2022-03-01 00:00:00+00:00,287.5118103027344,292.40520263800084,284.7824043016217,288.9252256042664,31217800
2022-03-02 00:00:00+00:00,292.6196594238281,293.8673785477649,286.29333703933276,287.91144814315027,31873000
2022-03-03 00:00:00+00:00,288.45733642578125,295.4855022692935,286.63447014714023,295.25156424335825,27314500
2022-03-04 00:00:00+00:00,282.55010986328125,288.2038595827067,279.92797538105896,286.8684138832805,32356500
2022-03-07 00:00:00+00:00,271.8763427734375,282.38448735317786,271.5059210014731,281.2537371143296,43157200
2022-03-08 00:00:00+00:00,268.8934631347656,276.79892624479913,263.1909858256169,270.7942690725029,48159500
2022-03-09 00:00:00+00:00,281.2244567871094,282.29672236396794,273.6991425767522,276.2920648815301,35204500
2022-03-10 00:00:00+00:00,278.3878173828125,279.37235611943896,273.5041530332084,275.8826220369622,30628000
2022-03-11 00:00:00+00:00,273.007080078125,282.20902043254233,272.38320559743175,280.69809115784795,27209300
2022-03-14 00:00:00+00:00,269.4685974121094,278.2026312310251,268.8642376481267,273.2702392726219,30660700
2022-03-15 00:00:00+00:00,279.90850830078125,280.5616250101141,271.70086453830385,273.2800058454423,34245100
2022-03-16 00:00:00+00:00,286.9659118652344,287.14136537848043,276.05810557225556,281.8190374929418,37826300
2022-03-17 00:00:00+00:00,287.7749938964844,288.155143210263,282.0725162060414,285.8936727522642,30816600
2022-03-18 00:00:00+00:00,292.8536376953125,293.40927036342157,285.3478369999167,287.9212450318318,43390600
2022-03-21 00:00:00+00:00,291.6156311035156,292.57092766310933,287.4630524796933,291.3524508132056,28351200
2022-03-22 00:00:00+00:00,296.3920593261719,297.30835631234925,291.23545688233907,292.2394806334095,27599700
2022-03-23 00:00:00+00:00,291.9373474121094,295.5830510188876,290.21199459749425,292.9316437357649,25715400
2022-03-24 00:00:00+00:00,296.4310607910156,296.5285448908371,290.79682489779265,291.59615286917006,24484500
2022-03-25 00:00:00+00:00,296.02166748046875,297.7957771219857,291.7423917495278,297.53259680073916,22566500
2022-03-28 00:00:00+00:00,302.8646240234375,302.9620783750849,296.65524087861996,296.65524087861996,29578200
2022-03-29 00:00:00+00:00,307.4558410644531,307.8555050551628,301.25621516316215,305.99366879267336,30393400
2022-03-30 00:00:00+00:00,305.94488525390625,307.98220462024,303.72238478405603,305.8474309093087,28163600
2022-03-31 00:00:00+00:00,300.534912109375,307.19268708279805,300.1255204970668,305.9839376726165,33422100
2022-04-01 00:00:00+00:00,301.6169128417969,302.30899939577387,297.8347557615202,301.5681559167176,27110500
2022-04-04 00:00:00+00:00,307.0269470214844,307.1634009699958,301.8995865319646,302.27000828188045,24289600
2022-04-05 00:00:00+00:00,303.04010009765625,306.92946905359616,302.0555611898227,305.3698125875941,23156700
2022-04-06 00:00:00+00:00,291.9470520019531,299.25791307044943,289.2274033550409,297.4935609790899,40110400
2022-04-07 00:00:00+00:00,293.7698974609375,295.99239810286326,288.87650501412816,289.1786849009009,31411200
2022-04-08 00:00:00+00:00,289.4808654785156,293.52620278513484,288.80826385848826,292.8633584995333,24361900
2022-04-11 00:00:00+00:00,278.0661315917969,285.2307505657463,277.8126789267604,284.43145248395456,34569300
2022-04-12 00:00:00+00:00,274.9468994140625,283.40799667634644,273.4164851419655,281.9458242566809,30966700
2022-04-13 00:00:00+00:00,280.3666076660156,281.30238943438314,274.2059823826669,275.5999423242994,21907200
2022-04-14 00:00:00+00:00,272.7730407714844,281.0391969860149,272.27592253221314,280.824743907988,28221600
2022-04-18 00:00:00+00:00,273.4457092285156,275.33678781211535,271.32069259266757,271.87632521472943,20778000
2022-04-19 00:00:00+00:00,278.1051940917969,278.95327911939563,271.3889639621534,272.3345033568087,22297700
2022-04-20 00:00:00+00:00,279.1383361816406,282.3941316381634,278.17331229214625,282.1016794230703,22906700
2022-04-21 00:00:00+00:00,273.7283935546875,285.90340510019286,272.9973074218899,281.30243518120113,29454600
2022-04-22 00:00:00+00:00,267.119384765625,276.0581445949156,266.4857827129163,274.5764576123665,29405800
2022-04-25 00:00:00+00:00,273.640625,274.02077426205614,263.941538553541,266.3980066233075,35678900
2022-04-26 00:00:00+00:00,263.4054870605469,271.34019387339646,263.19103391706585,270.5018959703177,46518400
2022-04-27 00:00:00+00:00,276.07763671875,283.63219386636825,272.12002593480327,274.9858861228988,63477700
2022-04-28 00:00:00+00:00,282.32598876953125,283.6419498287943,274.36201031302176,277.99795625122795,33646600
2022-04-29 00:00:00+00:00,270.5213317871094,282.5696457327582,269.52706543762076,281.3316542777626,37073900
2022-05-02 00:00:00+00:00,277.2961120605469,277.7542605844876,269.2541641761208,270.70657918377503,35151100
2022-05-03 00:00:00+00:00,274.6739196777344,276.96466206724233,273.0850211320763,276.7989361292909,25978600
2022-05-04 00:00:00+00:00,282.66717529296875,283.54447277162893,269.75131926588415,275.46352508638273,33599300
2022-05-05 00:00:00+00:00,270.35565185546875,279.12868525425324,267.42155005496926,278.33911462820026,43260400
2022-05-06 00:00:00+00:00,267.8017578125,272.2077599045494,264.4289920814444,267.8797272508487,37780300
2022-05-09 00:00:00+00:00,257.90765380859375,265.4914520308154,256.67944945375484,263.2494666744855,47726000
2022-05-10 00:00:00+00:00,262.70361328125,266.84643464097286,258.38533839168707,264.8383871382154,39336400
2022-05-11 00:00:00+00:00,253.9792938232422,264.5166788733009,252.76081701589987,258.97992740025,48975900
2022-05-12 00:00:00+00:00,248.91046142578125,253.32622042112627,243.71487425735856,251.1914465609955,51033800
2022-05-13 00:00:00+00:00,254.53494262695312,256.4065362115502,248.9104640346722,250.86002705080753,34925100
2022-05-16 00:00:00+00:00,254.9053192138672,259.1163817224187,249.32956878531252,253.40414762788097,32550900
2022-05-17 00:00:00+00:00,260.0911865234375,261.56308624410974,255.84112404859522,259.39907029430674,28828800
2022-05-18 00:00:00+00:00,248.2493133544922,257.5508502985202,246.96937793228923,256.96461327816115,31356000
2022-05-19 00:00:00+00:00,247.33091735839844,251.75697618113554,246.09983733156085,248.07347143525826,32692300
2022-05-20 00:00:00+00:00,246.7642059326172,252.6069865660278,240.78465354901417,251.3368013062836,39199300
2022-05-23 00:00:00+00:00,254.66856384277344,255.49906389536844,247.6142481517101,249.6269875262943,33175400
2022-05-24 00:00:00+00:00,253.66217041015625,255.3329205528105,247.68261847454892,251.97188996672497,29043900
2022-05-25 00:00:00+00:00,256.49560546875,258.508329616122,251.22931223025788,252.21614400385604,28547900
2022-05-26 00:00:00+00:00,259.7980651855469,260.98028950347117,255.4306424883963,256.2513624145197,25002100
2022-05-27 00:00:00+00:00,266.9695739746094,267.06728509964466,261.41992795269465,262.3188285588705,26910800
2022-05-31 00:00:00+00:00,265.631103515625,268.46454814999765,262.75856845520855,266.27596136768364,37827700
2022-06-01 00:00:00+00:00,266.16845703125,271.31750913902687,263.843069041527,268.8846597665916,25292200
2022-06-02 00:00:00+00:00,268.2789001464844,268.34730093627996,255.59678544631987,258.3813893513853,44008200
2022-06-03 00:00:00+00:00,263.823486328125,267.1747962824876,262.2504474211242,264.1068396667638,28059000
2022-06-06 00:00:00+00:00,262.58270263671875,267.8880873887345,261.08781439672373,265.8167420959057,22400300
2022-06-07 00:00:00+00:00,266.2466125488281,266.8621599467659,259.8371551972532,260.52110337657393,22860700
2022-06-08 00:00:00+00:00,264.2046203613281,266.7351813240234,263.4229609139792,265.4747759645389,17372300
2022-06-09 00:00:00+00:00,258.7135925292969,266.45182722597934,258.5572606402289,261.6349682995289,26439700
2022-06-10 00:00:00+00:00,247.1843719482422,254.60017757455358,246.73492150280825,254.60017757455358,31422800
2022-06-13 00:00:00+00:00,236.7005615234375,243.30544117219935,235.98731789041443,239.4851650912723,46135800
2022-06-14 00:00:00+00:00,238.87940979003906,240.10072459035263,235.96778457187938,238.26386235992007,28651500
2022-06-15 00:00:00+00:00,245.98255920410156,249.44133097278552,240.76510609798785,242.61173342919113,33111700
2022-06-16 00:00:00+00:00,239.34837341308594,241.74214726909568,237.44312544232827,240.33519033418943,33169200
2022-06-17 00:00:00+00:00,241.9668426513672,244.7514459035403,238.4299203396091,239.084543176344,43084800
2022-06-21 00:00:00+00:00,247.9171142578125,248.90393114963194,243.78417465701486,244.51696346314722,29928300
2022-06-22 00:00:00+00:00,247.32113647460938,251.26843424817747,244.6244638607428,246.1095868286238,25939900
2022-06-23 00:00:00+00:00,252.9196319580078,253.41793795165793,247.809669777073,249.7051527842737,25861400
2022-06-24 00:00:00+00:00,261.5567626953125,261.8303359897914,255.71398255656243,255.80191363508214,33923200
2022-06-27 00:00:00+00:00,258.8113098144531,262.14303078226516,257.2382406428297,262.0550996833187,24615100
2022-06-28 00:00:00+00:00,250.59425354003906,260.78489654166776,250.43792167575154,257.9221419564602,27295500
2022-06-29 00:00:00+00:00,254.2875518798828,255.95830237758284,249.89080316458814,251.6788100350008,20069800
2022-06-30 00:00:00+00:00,250.9362030029297,253.57425481431093,247.09639654943996,251.1511555936145,31730900
2022-07-01 00:00:00+00:00,253.6230926513672,253.8087348784013,248.76715893036126,250.50632484705463,22837700
2022-07-05 00:00:00+00:00,256.8180847167969,256.9451062280484,248.89419361754275,250.2816054554039,22941000
2022-07-06 00:00:00+00:00,260.1009521484375,261.8401031652253,256.3783871640925,257.6974130616981,23824400
2022-07-07 00:00:00+00:00,262.24066162109375,262.88551929978155,258.9382222138368,259.0359333440472,20859900
2022-07-08 00:00:00+00:00,261.5177307128906,261.94763595988434,257.248018426269,258.7135963635859,19658800
2022-07-11 00:00:00+00:00,258.4399719238281,260.41360575508605,256.16342461352093,259.55379543105175,19455200
2022-07-12 00:00:00+00:00,247.84873962402344,259.8371699313609,246.25614034660703,259.77854920606694,35868500
2022-07-13 00:00:00+00:00,246.9205322265625,247.73148701005059,242.4163228297024,244.44859236387242,29497400
2022-07-14 00:00:00+00:00,248.2493133544922,249.28498583631665,240.29611261211394,244.81986703868395,25102800
2022-07-15 00:00:00+00:00,250.82876586914062,254.39499935360527,248.923517638966,249.85171396560196,29774100
2022-07-18 00:00:00+00:00,248.41543579101562,254.85420398035012,247.48723950429894,253.78922102936602,20975000
2022-07-19 00:00:00+00:00,253.5742950439453,253.75993730250053,247.85853509064899,251.66903178709333,25012600
2022-07-20 00:00:00+00:00,256.2513427734375,258.79168319801533,252.9684633205692,253.93573497770862,22788300
2022-07-21 00:00:00+00:00,258.762451171875,258.8113216628112,251.13167734672467,253.82835044024134,22404700
2022-07-22 00:00:00+00:00,254.38519287109375,259.2411415200037,253.1248175148645,259.1532104358892,21881300
2022-07-25 00:00:00+00:00,252.8903350830078,255.49907682641225,250.91670094077966,255.01055086689712,21056000
2022-07-26 00:00:00+00:00,246.11935424804688,253.91623871980474,243.8428365645717,253.89667859982464,39348000
2022-07-27 00:00:00+00:00,262.5728759765625,263.8528113750205,252.909849739427,255.16683688127296,45994000
2022-07-28 00:00:00+00:00,270.0668640136719,271.4640407887312,261.7228341456488,263.5596961126716,33459300
2022-07-29 00:00:00+00:00,274.29754638671875,275.528641347026,270.2818773091578,271.327330019347,32152800
2022-08-01 00:00:00+00:00,271.63018798828125,274.8251367286238,269.5099724039233,271.4445457557554,21539600
2022-08-02 00:00:00+00:00,268.5133972167969,271.5129535596286,266.12938831170163,269.66631124641907,22754200
2022-08-03 00:00:00+00:00,275.98785400390625,276.99421627776303,270.26231431061575,270.40889595081245,23518900
2022-08-04 00:00:00+00:00,277.1407775878906,277.2873294158462,273.74065591028534,275.33322553041455,18098700
2022-08-05 00:00:00+00:00,276.417724609375,277.1407333901582,272.2847848165851,272.7440003491173,16774600
2022-08-08 00:00:00+00:00,273.88720703125,279.3587038597867,272.91015509105625,277.5315916851269,18739200
2022-08-09 00:00:00+00:00,275.82171630859375,276.5838155339825,271.23934089655916,273.2227847117655,23405200
2022-08-10 00:00:00+00:00,282.52435302734375,283.1594308484471,280.35529644740274,281.55708111239034,24687800
2022-08-11 00:00:00+00:00,280.4335021972656,284.5273531617804,279.93522586790897,284.1756286939993,20065900
2022-08-12 00:00:00+00:00,285.2112121582031,285.2112121582031,280.35526321914153,281.85993143304614,22619700
2022-08-15 00:00:00+00:00,286.73541259765625,287.42911107438584,283.4525028196031,284.32209329350565,18085700
2022-08-16 00:00:00+00:00,285.99285888671875,287.29235463676724,283.7554314604386,285.28938031228677,18102900
2022-08-17 00:00:00+00:00,285.2389221191406,287.22654620657715,283.4275334962736,283.6918866931279,18253400
2022-08-18 00:00:00+00:00,284.1129150390625,285.81658418043264,283.04564174048915,284.13248679589566,17186200
2022-08-19 00:00:00+00:00,280.17681884765625,283.21211455626116,279.5991382584274,282.8694145780961,20570000
2022-08-22 00:00:00+00:00,271.95220947265625,276.5638839382038,271.4332739585335,276.1918113279742,25061100
2022-08-23 00:00:00+00:00,270.6695556640625,273.0390235168399,269.65125640109494,270.6695556640625,17527400
2022-08-24 00:00:00+00:00,270.0331115722656,271.44305510856765,269.3672833219495,269.6610389889987,18137000
2022-08-25 00:00:00+00:00,273.0291748046875,273.1956094206998,268.7895442970541,271.54088479493174,16583400
2022-08-26 00:00:00+00:00,262.4938049316406,274.48809473855994,262.3861154474646,273.2543867966453,27549300
2022-08-29 00:00:00+00:00,259.6934814453125,261.8181671643971,258.3422833999013,260.3005345079081,20338500
2022-08-30 00:00:00+00:00,257.4807434082031,261.4755639993198,255.2189649319629,261.103521250784,22767100
2022-08-31 00:00:00+00:00,256.0119934082031,261.53424671982935,255.87490146998655,259.85017923118824,24791800
2022-09-01 00:00:00+00:00,254.9642791748047,255.4440709978878,250.07845239670385,253.4662183259368,23263400
2022-09-02 00:00:00+00:00,250.71493530273438,259.21373957862966,249.15812895739882,256.23721883460826,22855400
2022-09-06 00:00:00+00:00,247.9635772705078,252.44795971595647,246.6809250263043,250.85200996486964,21328200
2022-09-07 00:00:00+00:00,252.70254516601562,253.42708861317715,247.93420784755494,249.3833096821503,24126700
2022-09-08 00:00:00+00:00,253.12355041503906,254.9936839784181,249.4714159507378,252.13465383459854,20319900
2022-09-09 00:00:00+00:00,258.9395751953125,259.6935211105979,254.856637744598,255.0622457757917,22084700
2022-09-12 00:00:00+00:00,261.0838928222656,261.8672114032807,259.62500491841365,260.23205814335745,18747700
2022-09-13 00:00:00+00:00,246.72988891601562,254.96432464482666,246.33822967440065,253.43689095320934,33353300
2022-09-14 00:00:00+00:00,246.95509338378906,248.92313072711704,244.64435605806372,248.23774570259533,23913000
2022-09-15 00:00:00+00:00,240.25787353515625,246.15219960227225,238.92626196066945,244.55623484084325,31530900
2022-09-16 00:00:00+00:00,239.6312255859375,240.17953357923247,237.00716098053297,239.16123450002272,39791800
2022-09-19 00:00:00+00:00,239.41583251953125,240.02288570350754,235.8224428106707,237.4086217444272,26826900
2022-09-20 00:00:00+00:00,237.38900756835938,238.42687835254904,234.63766692038863,237.01694998589443,26660300
2022-09-21 00:00:00+00:00,233.9620819091797,242.49027328915574,233.9131226363591,239.17103777962444,28625600
2022-09-22 00:00:00+00:00,235.94972229003906,238.76960926962832,232.61091479132295,232.9046405681356,31061200
2022-09-23 00:00:00+00:00,232.95359802246094,236.09659827223658,230.29037477151613,234.53977696593785,34176000
2022-09-26 00:00:00+00:00,232.49339294433594,236.40989571851813,231.9548708248314,232.1017486430267,27694200
2022-09-27 00:00:00+00:00,231.47512817382812,236.7526155062125,229.6049943569396,234.97059942345413,27018700
2022-09-28 00:00:00+00:00,236.03785705566406,237.27155015003342,229.83018830583202,231.86677170466896,29029700
2022-09-29 00:00:00+00:00,232.54237365722656,234.94122883953057,229.5168785708888,233.90335789912527,27484200
2022-09-30 00:00:00+00:00,228.0383758544922,235.5188958115648,227.87192627372596,233.31586292569597,35694800
2022-10-03 00:00:00+00:00,235.71473693847656,236.56657155468633,229.76165062340124,230.49599493124364,28880400
2022-10-04 00:00:00+00:00,243.68479919433594,245.13390098876755,239.86620015378074,239.9739045740591,34888400
2022-10-05 00:00:00+00:00,243.9981231689453,245.34932142534083,239.00459102796964,240.85513801638095,20347100
2022-10-06 00:00:00+00:00,241.63845825195312,245.1143579543447,240.94328727563956,242.75466110626996,20239900
2022-10-07 00:00:00+00:00,229.35044860839844,236.28266154393845,228.30277675871943,235.8714155320985,37769600
2022-10-10 00:00:00+00:00,224.46458435058594,229.66373983539455,221.99718320956242,228.1852652907987,29743600
2022-10-11 00:00:00+00:00,220.7047576904297,224.2785610061986,219.4318911189659,222.868617415671,30474000
2022-10-12 00:00:00+00:00,221.0376434326172,223.1035994129206,219.28501487125726,220.69494343568198,21903900
2022-10-13 00:00:00+00:00,229.35044860839844,231.17162331977144,214.55585615114015,215.26082797104422,42551800
2022-10-14 00:00:00+00:00,223.7889862060547,232.2878057575382,223.57357733892508,230.62327997694132,30198600
2022-10-17 00:00:00+00:00,232.5717315673828,233.9718891188807,230.2316216892533,230.89743494920083,28142300
2022-10-18 00:00:00+00:00,233.52149963378906,238.83814547298792,230.45683114701563,238.16256123142458,26329600
2022-10-19 00:00:00+00:00,231.54367065429688,234.60833926401423,229.39938270949622,232.091978725241,19985700
2022-10-20 00:00:00+00:00,231.2205352783203,236.27282763329708,229.9672555385192,230.848477660121,21811000
2022-10-21 00:00:00+00:00,237.06593322753906,237.9275687099277,229.60499943406603,229.83999500388313,26299700
2022-10-24 00:00:00+00:00,242.08885192871094,242.6665325599833,236.26305645781395,238.67169753815492,24911200
2022-10-25 00:00:00+00:00,245.4276580810547,245.7997156975737,240.6984790313292,242.0986216482708,34775500
2022-10-26 00:00:00+00:00,226.49139404296875,233.32568814935135,225.2576859360683,226.34451620438443,82543200
2022-10-27 00:00:00+00:00,222.0167694091797,228.81190467591765,221.06701621251608,226.21721240884574,40424600
2022-10-28 00:00:00+00:00,230.94638061523438,231.6611531534628,221.33137373801566,221.51741001672517,40647700
2022-10-31 00:00:00+00:00,227.28445434570312,230.01620848488474,226.3249003992289,228.88041908310257,28357300
2022-11-01 00:00:00+00:00,223.40711975097656,230.81910882214837,222.58465770971134,229.70290606892462,30592300
2022-11-02 00:00:00+00:00,215.50558471679688,226.47179018805932,215.44682462164948,224.67020238397998,38407000
2022-11-03 00:00:00+00:00,209.7776641845703,215.8090815922982,209.51329608376886,215.4957542224193,36633900
2022-11-04 00:00:00+00:00,216.76864624023438,216.96446839951057,208.97479880274778,213.00880699714827,36789100
2022-11-07 00:00:00+00:00,223.11337280273438,223.64210905753552,216.66093790033182,217.35612373452656,33498000
2022-11-08 00:00:00+00:00,224.0924835205078,226.81445164183205,221.12573398582512,223.9260339522567,28192500
2022-11-09 00:00:00+00:00,219.8235321044922,223.85754063557675,219.64729662851667,222.6238325426508,27852900
2022-11-10 00:00:00+00:00,237.90794372558594,238.25064367555294,230.09452530489162,230.51554215858724,46268000
2022-11-11 00:00:00+00:00,241.95175170898438,242.81338710367922,236.87987282694763,237.91775861613573,34620200
2022-11-14 00:00:00+00:00,236.5078125,238.81854971714387,234.21666197985724,236.9386301923904,31123300
2022-11-15 00:00:00+00:00,236.91905212402344,241.8440533099723,235.0195458330885,240.53202842828813,31390100
2022-11-16 00:00:00+00:00,237.35107421875,239.38358350898213,236.06480717183115,238.39186999771098,24093300
2022-11-17 00:00:00+00:00,237.30198669433594,238.84355351183237,233.3253639763413,233.47264075020115,23123500
2022-11-18 00:00:00+00:00,236.85031127929688,239.3246657828085,234.6999806378717,239.09882143559938,27613500
2022-11-21 00:00:00+00:00,237.665283203125,240.23781728148245,236.8208614471362,237.05650427423635,26394700
2022-11-22 00:00:00+00:00,240.59129333496094,240.8662199512073,236.34955769689049,239.17737646147847,19665700
2022-11-23 00:00:00+00:00,243.09510803222656,243.78242458645812,239.84507083963527,240.66985070471313,19508500
2022-11-25 00:00:00+00:00,243.00672912597656,244.19480161069367,242.26048692164872,242.82998203144444,9200800
2022-11-28 00:00:00+00:00,237.38052368164062,242.1819409644526,236.43792242620464,241.62227427823314,24778200
2022-11-29 00:00:00+00:00,235.9764404296875,238.3918693092864,233.89484887777672,237.02704966267706,17956300
2022-11-30 00:00:00+00:00,250.51812744140625,250.7046879804995,235.51492649034543,236.21207140237152,47594200
2022-12-01 00:00:00+00:00,250.07630920410156,251.48039765327633,246.37459831987624,249.27115626054174,26041500
2022-12-02 00:00:00+00:00,250.4003448486328,251.42149877038435,245.16689541650894,245.29454527511953,21528500
2022-12-05 00:00:00+00:00,245.6676483154297,249.22208255520144,243.56641480678124,247.44485794412677,23435300
2022-12-06 00:00:00+00:00,240.67965698242188,247.29756756690452,239.3639346203721,246.2764137142749,22463700
2022-12-07 00:00:00+00:00,239.9432373046875,241.70081987887235,237.82237705020034,240.39491100568443,20481500
2022-12-08 00:00:00+00:00,242.91836547851562,244.2341028868354,238.65698778008183,240.40474204316993,22611800
2022-12-09 00:00:00+00:00,240.97421264648438,243.81185967062763,239.73704295172024,240.26725425451173,20609700
2022-12-12 00:00:00+00:00,247.935791015625,247.96524636882398,242.69252839292668,242.96745501103524,30665100
2022-12-13 00:00:00+00:00,252.26589965820312,259.139094447694,248.4856365310329,256.9494801774457,42196900
2022-12-14 00:00:00+00:00,252.5605010986328,257.8332195935308,249.70321169806795,252.47213503033785,35410900
2022-12-15 00:00:00+00:00,244.4991912841797,249.5951770987246,242.8594450460343,249.1238764690628,35560400
2022-12-16 00:00:00+00:00,240.25746154785156,245.314163694285,239.09882936779724,244.0475385389959,86102000
2022-12-19 00:00:00+00:00,236.0942840576172,240.76806701451366,234.3858134655363,240.42440121507883,29696400
2022-12-20 00:00:00+00:00,237.41981506347656,238.50970810030006,234.10103870258786,235.06328188479955,25150800
2022-12-21 00:00:00+00:00,240.00216674804688,241.17061240909877,235.76043092550097,237.311811174577,23690600
2022-12-22 00:00:00+00:00,233.8751983642578,237.60636448544406,229.6334478309404,236.88957762417527,28651700
2022-12-23 00:00:00+00:00,234.4054412841797,234.5429046080073,229.70221793529785,231.83290694581507,21207000
2022-12-27 00:00:00+00:00,232.66748046875,234.60178017051703,231.55794560399602,234.37595081143152,16688600
2022-12-28 00:00:00+00:00,230.281494140625,235.37747982698158,229.92801493167607,232.5987434032064,17457100
2022-12-29 00:00:00+00:00,236.6441192626953,237.53763828702606,231.38121460067237,231.38121460067237,19770700
2022-12-30 00:00:00+00:00,235.4757080078125,235.6131713319361,232.37294728344762,233.89487228920206,21938500
2023-01-03 00:00:00+00:00,235.2400360107422,241.29826533020105,233.099518684118,238.6766338893005,25740000
2023-01-04 00:00:00+00:00,224.9498748779297,228.6515707937887,221.86675636636124,228.07226219993836,50623400
2023-01-05 00:00:00+00:00,218.28286743164062,223.42795059014287,217.74282764687024,223.0842848228225,39585600
2023-01-06 00:00:00+00:00,220.8553924560547,221.67035882828523,215.37648717687478,218.9603615409851,43613600
2023-01-09 00:00:00+00:00,223.0057373046875,227.05111407181693,222.30860727948638,222.34787609092098,27369800
2023-01-10 00:00:00+00:00,224.70440673828125,227.11983564696362,223.21193722037137,223.63414061358225,27033900
2023-01-11 00:00:00+00:00,231.49903869628906,231.67577081089505,226.92345084138603,227.100182955992,28669300
2023-01-12 00:00:00+00:00,234.1894073486328,235.55422702400872,229.32907915113603,230.99828080713587,27269500
2023-01-13 00:00:00+00:00,234.89634704589844,235.03381034817815,230.66442504459786,232.70674766587976,21333300
2023-01-17 00:00:00+00:00,235.99607849121094,236.54593172373328,232.79512362957803,233.65918727061418,29831300
2023-01-18 00:00:00+00:00,231.53831481933594,237.9893068890098,231.25357474268407,237.19398238340665,30028700
2023-01-19 00:00:00+00:00,227.7285919189453,231.25357062675482,226.50123560933417,229.5450852501205,28623000
2023-01-20 00:00:00+00:00,235.86843872070312,236.37902316517145,230.26186823597817,230.60553401218095,35389800
2023-01-23 00:00:00+00:00,238.18568420410156,240.728762962326,235.30875313249115,236.73249848259866,31934000
2023-01-24 00:00:00+00:00,237.6554412841797,239.5308452494921,236.0844342572351,238.10711498113173,40234400
2023-01-25 00:00:00+00:00,236.25137329101562,238.8926465935646,226.71726242697446,230.23241286471827,66526600
2023-01-26 00:00:00+00:00,243.5074920654297,243.81187403333118,237.61618177352415,239.23628611084743,33454500
2023-01-27 00:00:00+00:00,243.66461181640625,245.30435814766528,242.3587028258491,244.4795782533274,26498900
2023-01-30 00:00:00+00:00,238.31332397460938,241.1509711328646,237.81255301690885,240.08070505569438,25867400
2023-01-31 00:00:00+00:00,243.32093811035156,243.45840142159702,238.5489760451487,239.03991858279355,26541100
2023-02-01 00:00:00+00:00,248.1714630126953,250.5574366524926,241.0233405684273,243.50750871275346,31259900
2023-02-02 00:00:00+00:00,259.8067932128906,259.8951592726371,252.5899320193859,254.13149875716766,39940400
2023-02-03 00:00:00+00:00,253.67002868652344,259.414062675439,252.44267227712933,254.8384743854471,29077300
2023-02-06 00:00:00+00:00,252.11859130859375,253.62087410426602,250.1646498198095,252.77646741867622,22518000
2023-02-07 00:00:00+00:00,262.713134765625,263.9012071647271,255.36862455396962,255.81048476727034,50841400
2023-02-08 00:00:00+00:00,261.898193359375,271.74649858000214,261.38759398871423,268.2509904236017,54686000
2023-02-09 00:00:00+00:00,258.844482421875,269.01682516976877,258.0393296438196,268.8400631214715,42375100
2023-02-10 00:00:00+00:00,258.333984375,259.30604106753316,255.938182254322,256.7924175253064,25818500
2023-02-13 00:00:00+00:00,266.4051208496094,269.625703363235,262.3106460553766,262.79179021769,44630900
2023-02-14 00:00:00+00:00,267.2396545410156,269.9889205644407,264.4019924983087,267.730597042681,37047900
2023-02-15 00:00:00+00:00,265.1036376953125,266.49156688669603,262.01278189893924,264.11929330764815,28922400
2023-02-16 00:00:00+00:00,258.04583740234375,262.5639738748259,257.7997513414909,259.88655633115474,29603600
2023-02-17 00:00:00+00:00,254.0198974609375,256.0181152654841,251.9921505278432,255.32909225276762,30000100
2023-02-21 00:00:00+00:00,248.7143096923828,251.49016824327242,247.6512158869296,250.49597073877874,28397400
2023-02-22 00:00:00+00:00,247.5724334716797,250.35812968791683,246.4207524245262,250.1120436089549,22491100
2023-02-23 00:00:00+00:00,250.7814178466797,252.81900287001184,246.55857211355595,251.55904328555934,29219100
2023-02-24 00:00:00+00:00,245.31829833984375,247.07043006861863,244.21583748216142,246.04671856075686,24990900
2023-02-27 00:00:00+00:00,246.24359130859375,248.8619509386829,245.48564193779885,248.50758636453622,21190000
2023-02-28 00:00:00+00:00,245.51516723632812,247.55276726085282,244.83596722815324,245.17065572399935,22491000
2023-03-01 00:00:00+00:00,242.41448974609375,247.00152304863036,241.94199363895714,246.8341863098164,27565300
2023-03-02 00:00:00+00:00,247.17872619628906,247.46417946735576,241.76483192375827,242.69011807533903,24808200
2023-03-03 00:00:00+00:00,251.2932891845703,251.61812465694902,247.4543518199206,248.24183038751409,30760100
2023-03-06 00:00:00+00:00,252.8485565185547,256.0476760120962,251.97249055035027,252.41544255316742,24109800
2023-03-07 00:00:00+00:00,250.171142578125,253.6557304344605,249.42304618349874,252.28747719365353,21473200
2023-03-08 00:00:00+00:00,249.72817993164062,250.55502565152239,246.88342511783708,250.06285343446362,17340200
2023-03-09 00:00:00+00:00,248.3697967529297,255.49644089849014,247.6413764588662,251.8150022990688,26653400
2023-03-10 00:00:00+00:00,244.69818115234375,248.83242480341704,243.72368976781968,247.14920421929136,28333900
2023-03-13 00:00:00+00:00,249.94473266601562,253.87227229864152,241.8829494842542,243.52680285893817,33339700
2023-03-14 00:00:00+00:00,256.70721435546875,256.9828296179448,251.85438808848426,252.7304541056199,33620300
2023-03-15 00:00:00+00:00,261.28436279296875,262.30808931293495,255.15188676906854,255.90985113280536,46028000
2023-03-16 00:00:00+00:00,271.8759765625,272.23032618117736,259.15823176662747,261.05800953743073,54768800
2023-03-17 00:00:00+00:00,275.0553283691406,278.89426524045854,271.9940319281041,273.90366232764774,69527400
2023-03-20 00:00:00+00:00,267.96807861328125,273.1358865548913,265.6253342067157,272.643714369976,43466600
2023-03-21 00:00:00+00:00,269.4937744140625,270.69467563118206,265.3004581897297,270.5765591245479,34558700
2023-03-22 00:00:00+00:00,268.0271301269531,276.6401431462095,267.9188366282979,269.1197379308607,34873300
2023-03-23 00:00:00+00:00,273.3131103515625,276.6598758012789,270.89163117862455,273.58872562295534,36610900
2023-03-24 00:00:00+00:00,276.1775207519531,276.2365790138879,270.9703303661151,272.8996370155353,28172000
2023-03-27 00:00:00+00:00,272.0531311035156,277.05358782445194,271.20657923339166,276.1086255385682,26840200
2023-03-28 00:00:00+00:00,270.921142578125,271.8168996614657,267.79090429530686,271.4723730848255,21878600
2023-03-29 00:00:00+00:00,276.1184997558594,276.7386416296784,274.0513701897331,274.5927476771371,25087000
2023-03-30 00:00:00+00:00,279.6030578613281,280.0066427322547,277.07331519401583,279.7802627108701,25053400
2023-03-31 00:00:00+00:00,283.7865295410156,284.7413449823245,278.5695152986965,279.2880976542589,32766000
2023-04-03 00:00:00+00:00,282.7332763671875,283.7569729997611,279.5046276679569,282.0343701563342,24883300
2023-04-04 00:00:00+00:00,282.68408203125,285.9029081785829,281.19774207545,282.73331728635935,25824300
2023-04-05 00:00:00+00:00,279.8885192871094,282.6545250056316,278.4907668806405,281.3748891360687,22064800
2023-04-06 00:00:00+00:00,287.0348815917969,287.5073477582246,277.61469688108525,278.7762162599697,29770300
2023-04-10 00:00:00+00:00,284.8594665527344,285.0661704846128,280.2527115064888,284.68226171417155,23103000
2023-04-11 00:00:00+00:00,278.402099609375,281.5028083472433,277.230757468165,281.27639833215596,27276600
2023-04-12 00:00:00+00:00,279.05181884765625,282.5167307895647,277.5457729310279,280.3314847497696,27403400
2023-04-13 00:00:00+00:00,285.3023681640625,285.3614264229886,278.73680804839455,279.15021586087715,24222700
2023-04-14 00:00:00+00:00,281.66033935546875,283.96370179651217,279.24868340268176,282.5068611754226,20987900
2023-04-17 00:00:00+00:00,284.2785949707031,287.03477677423257,281.6799418848738,285.390908731001,23836200
2023-04-18 00:00:00+00:00,283.8554382324219,287.192380736636,282.51674403921857,287.0053528655543,20161800
2023-04-19 00:00:00+00:00,283.93414306640625,284.52472565141113,280.08535300849246,281.51263430866226,17150300
2023-04-20 00:00:00+00:00,281.63079833984375,284.50509757761904,280.6169246781258,280.78427646531526,23244400
2023-04-21 00:00:00+00:00,281.2862548828125,281.78825008105144,278.6285130858529,280.54799661030216,21676400
2023-04-24 00:00:00+00:00,277.35870361328125,280.48894155472334,274.35646528671094,277.67370102270286,26611000
2023-04-25 00:00:00+00:00,271.108154296875,277.1913956236309,271.0589190518227,275.13411938360406,45772200
2023-04-26 00:00:00+00:00,290.74578857421875,294.8800468988335,288.1471350865969,292.05498339426265,64599200
2023-04-27 00:00:00+00:00,300.05767822265625,300.4219108695134,290.62767246567086,291.3364016068915,46462600
2023-04-28 00:00:00+00:00,302.44970703125,304.09354555846096,298.561534158712,299.2505873390995,36446700
2023-05-01 00:00:00+00:00,300.7762756347656,303.7686910534892,300.3726908217299,302.1642048581886,21294100
2023-05-02 00:00:00+00:00,300.62860107421875,304.3395683302201,299.1520846006122,302.9418162241632,26404400
2023-05-03 00:00:00+00:00,299.6343994140625,303.7784805128606,299.3292550837356,301.81964496531594,22360800
2023-05-04 00:00:00+00:00,300.62860107421875,302.9418162241632,298.65005938684857,301.44559363876704,22519900
2023-05-05 00:00:00+00:00,305.7865905761719,307.085932430796,299.50646831862997,300.93377975527426,28181200
2023-05-08 00:00:00+00:00,303.8179016113281,305.34365349819655,301.29798227952045,305.27474217870144,21318600
2023-05-09 00:00:00+00:00,302.1937255859375,305.18614092145225,301.51452555847186,303.1780699689536,21340800
2023-05-10 00:00:00+00:00,307.4206237792969,308.09982387729104,302.8532809885263,303.7883902256099,30078000
2023-05-11 00:00:00+00:00,305.2550048828125,306.2492022660023,301.46530325501186,305.24518186660805,31680200
2023-05-12 00:00:00+00:00,304.1329040527344,305.78659550903757,301.8000125269122,305.68815505667965,19758100
2023-05-15 00:00:00+00:00,304.615234375,305.04834834939237,302.77451500373724,304.26088478130237,16336500
2023-05-16 00:00:00+00:00,306.8595275878906,308.7986873456042,304.97942609367624,304.97942609367624,26730300
2023-05-17 00:00:00+00:00,309.75982666015625,310.1840128280389,306.54383920821226,308.07292647953415,24315000
2023-05-18 00:00:00+00:00,314.2187805175781,314.73177784456124,309.483610472281,310.2826700411064,27276000
2023-05-19 00:00:00+00:00,314.04119873046875,314.44566578774686,312.0977999996557,312.46279877914503,27529500
2023-05-22 00:00:00+00:00,316.8428649902344,318.23382834454407,313.71568867126024,314.29771785830155,24115700
2023-05-23 00:00:00+00:00,311.00274658203125,318.36199850152656,310.9928719880276,315.7083217849279,30797200
2023-05-24 00:00:00+00:00,309.6118469238281,312.22605590477934,308.3885711303924,310.47996842062906,23384900
2023-05-25 00:00:00+00:00,321.51885986328125,322.48560688715077,315.67878902000206,318.87502712507745,43301700
2023-05-26 00:00:00+00:00,328.3947448730469,328.8978374792633,319.5064041956886,319.6444980132169,36630600
2023-05-30 00:00:00+00:00,326.7373962402344,331.20622279832344,326.05671145740513,330.70313021071354,29503100
2023-05-31 00:00:00+00:00,323.95556640625,331.4036021647365,322.90985252792024,327.8028963351734,45950600
2023-06-01 00:00:00+00:00,328.0888671875,329.0260505461007,320.3350221149729,321.5286739937124,26773900
2023-06-02 00:00:00+00:00,330.8708190917969,332.94246713059334,328.05929890382134,329.7363544841506,25864000
2023-06-05 00:00:00+00:00,331.4035339355469,333.98814914784583,330.14082001100866,330.6932554714019,21307100
2023-06-06 00:00:00+00:00,329.174072265625,330.8412533912164,327.68448335101743,330.8017851103892,20396200
2023-06-07 00:00:00+00:00,319.0131530761719,329.9731116515835,318.1450315839659,327.17146599385774,40717100
2023-06-08 00:00:00+00:00,320.8677978515625,322.229167569566,318.9835862960409,319.5656155034306,23277700
2023-06-09 00:00:00+00:00,322.3771057128906,325.5338755296102,320.0292399102611,320.6013944671028,22514900
2023-06-12 00:00:00+00:00,327.3687438964844,327.6153679268259,320.7690824361064,324.14288231211435,24260300
2023-06-13 00:00:00+00:00,329.7758483886719,332.42952577838406,325.9285189350578,329.95341049295934,22951300
2023-06-14 00:00:00+00:00,332.7846374511719,334.46169309865223,328.31581069541244,329.8251487359543,26003800
2023-06-15 00:00:00+00:00,343.39935302734375,345.1158468804941,332.6465498488754,332.92276759657176,38899100
2023-06-16 00:00:00+00:00,337.70721435546875,346.7238036323781,337.332371106431,346.57583523072196,46533600
2023-06-20 00:00:00+00:00,333.4850769042969,337.4606559646964,331.3246475034231,334.7280719309583,26375400
2023-06-21 00:00:00+00:00,329.0556945800781,333.1693972869812,327.5858247663164,331.82774670017375,25117800
2023-06-22 00:00:00+00:00,335.1225891113281,335.5270561339279,328.8386136322593,329.608079403054,23556800
2023-06-23 00:00:00+00:00,330.4959716796875,333.39627314072527,328.9471954059109,329.8448805246099,23084700
2023-06-26 00:00:00+00:00,324.1626892089844,331.5712559275852,324.05415896146803,329.2135454326496,21520600
2023-06-27 00:00:00+00:00,330.0520324707031,331.61068318067953,324.85317836133345,327.3786061607091,24354100
2023-06-28 00:00:00+00:00,331.3147888183594,333.41603075704074,329.3023279341392,330.1408558113541,20259500
2023-06-29 00:00:00+00:00,330.5255432128906,331.57122678735186,328.1283646472187,330.19013811405165,16997000
2023-06-30 00:00:00+00:00,335.9414367675781,338.1018659336961,332.64654295071426,333.18910383853483,26823800
2023-07-03 00:00:00+00:00,333.4258728027344,336.29658063116784,332.0250649242067,334.60968039782284,12508700
2023-07-05 00:00:00+00:00,333.5837097167969,337.0364466828848,330.2099093118582,330.5650335205982,18172400
2023-07-06 00:00:00+00:00,336.66156005859375,338.3583347909345,330.9694876074592,332.7451687923729,28161200
2023-07-07 00:00:00+00:00,332.6662902832031,337.1745856915764,332.44925988855226,334.7379385766014,21185300
2023-07-10 00:00:00+00:00,327.3490295410156,330.7031407949626,323.1662951750732,330.0816433554904,32791400
2023-07-11 00:00:00+00:00,327.9804382324219,328.36515614884536,322.5843020670204,326.5894747851635,26698200
2023-07-12 00:00:00+00:00,332.64654541015625,337.03643563123427,331.1372073615491,332.0546416428547,29995300
2023-07-13 00:00:00+00:00,338.0328063964844,339.09820909301106,334.4419456196633,334.9746620206647,20567200
2023-07-14 00:00:00+00:00,340.57794189453125,346.684355842652,339.66050764457793,342.8962140090438,28302200
2023-07-17 00:00:00+00:00,341.0614013671875,342.3043663235894,337.5790703799043,341.01205848532294,20363900
2023-07-18 00:00:00+00:00,354.6355285644531,361.827094682559,337.5494363326708,341.15998612794135,64872700
2023-07-19 00:00:00+00:00,350.2850341796875,357.56538046892035,347.6807000395438,356.86497664298207,39732900
2023-07-20 00:00:00+00:00,342.1860046386719,353.13612080177114,340.7062600248877,348.7955426224338,33778400
2023-07-21 00:00:00+00:00,339.1278381347656,345.569658071984,335.2410401218458,344.4351932948175,69368900
2023-07-24 00:00:00+00:00,340.4496765136719,342.2352622665316,337.68749929823326,341.1797041463386,26678100
2023-07-25 00:00:00+00:00,346.2404479980469,347.13816315499605,340.4102518285033,342.42268240569985,41637700
2023-07-26 00:00:00+00:00,333.20880126953125,340.01564894257064,328.61172549409804,336.8292554681692,58383700
2023-07-27 00:00:00+00:00,326.2540283203125,336.7207386752654,324.6065664004519,335.8822409797451,39635300
2023-07-28 00:00:00+00:00,333.80072021484375,335.418588461766,328.6709579484161,329.16420605704235,28484900
2023-07-31 00:00:00+00:00,331.3838195800781,333.1397816268532,328.85836158947654,332.3703157885018,25446000
2023-08-01 00:00:00+00:00,331.798095703125,333.96839917212804,329.19376164579324,330.6636312056574,18311900
2023-08-02 00:00:00+00:00,323.0775146484375,329.12474134255,321.9528944979642,329.12474134255,27761300
2023-08-03 00:00:00+00:00,322.2488708496094,325.42539000063243,321.5484669368351,321.597779707483,18253700
2023-08-04 00:00:00+00:00,323.3537292480469,330.61435706998384,322.82101286060225,327.39836976439574,23727700
2023-08-07 00:00:00+00:00,325.6523132324219,326.6388096356906,323.0972911606135,323.93581912448815,17741500
2023-08-08 00:00:00+00:00,321.6470947265625,324.31064668065517,318.6382931645677,322.54480993915706,22327600
2023-08-09 00:00:00+00:00,317.87872314453125,322.69279994467314,316.7146345953678,322.06145794853927,22373300
2023-08-10 00:00:00+00:00,318.5692138671875,323.8272555255074,316.84284549970266,321.6174835434037,20113700
2023-08-11 00:00:00+00:00,316.6751708984375,318.05625962756983,314.8994595848591,315.9352987108156,24342600
2023-08-14 00:00:00+00:00,319.66424560546875,319.6839646920239,315.7576988733088,317.0500366268224,18836100
2023-08-15 00:00:00+00:00,317.513671875,320.7000656335948,316.5666438946888,318.63829206231935,16966300
2023-08-16 00:00:00+00:00,316.7425842285156,320.7167146880456,316.1494272765782,317.13801214006867,20698900
2023-08-17 00:00:00+00:00,313.26275634765625,318.19578484702873,312.60039125699797,316.88098033707746,21257200
2023-08-18 00:00:00+00:00,312.8673400878906,314.74564524442695,307.9935939126714,310.90003574711136,24744800
2023-08-21 00:00:00+00:00,318.2056884765625,319.0855132833144,313.4209415411844,314.3007663479363,24040000
2023-08-22 00:00:00+00:00,318.779052734375,322.357724957099,317.7904679139887,321.7843590357293,16102000
2023-08-23 00:00:00+00:00,323.2672424316406,325.44214114565574,319.76764365334907,320.1235498834675,21166400
2023-08-24 00:00:00+00:00,316.3175048828125,329.1790038104103,316.3076093798751,329.05048294908903,23281400
2023-08-25 00:00:00+00:00,319.29315185546875,321.64595850158366,315.16084417438077,317.8003790491066,21684100
2023-08-28 00:00:00+00:00,320.00494384765625,322.4269587484768,318.0475348868792,321.9425618021561,14808500
2023-08-29 00:00:00+00:00,324.6611328125,325.22463338047504,318.2056753742059,318.2056753742059,19284600
2023-08-30 00:00:00+00:00,325.03680419921875,326.0451498323158,322.72351939208045,324.9181788505266,15222100
2023-08-31 00:00:00+00:00,324.01861572265625,327.1326523087655,323.0497916021966,325.44218047674366,26411000
2023-09-01 00:00:00+00:00,324.9083251953125,328.20029972236824,323.0497807085255,327.52806921372286,14931200
2023-09-05 00:00:00+00:00,329.7424621582031,331.02764055502126,324.9082979662232,325.2444131923776,18553900
2023-09-06 00:00:00+00:00,329.08013916015625,330.64208999362666,326.41094792069816,329.5744315993732,17535800
2023-09-07 00:00:00+00:00,326.14404296875,329.27784015884396,325.27408344304047,327.5082949368657,18381000
2023-09-08 00:00:00+00:00,330.4542541503906,332.32269403883413,325.699163331797,326.3219766279449,19530100
2023-09-11 00:00:00+00:00,334.0823669433594,334.5568985327326,331.60100931332755,333.39034548000865,16583300
2023-09-12 00:00:00+00:00,327.9827575683594,332.9454724112578,327.6960897075164,331.98654397967573,17565500
2023-09-13 00:00:00+00:00,332.22381591796875,333.0048063818992,327.38965178199726,327.52803797035625,16544400
2023-09-14 00:00:00+00:00,334.83367919921875,336.9689957887937,332.7279887772519,335.2785242515413,20267000
2023-09-15 00:00:00+00:00,326.4504699707031,333.5485015094664,325.8869694008101,333.0740001194204,37666900
2023-09-18 00:00:00+00:00,325.3037414550781,326.6284415872305,322.63455018467687,324.058114839662,16834200
2023-09-19 00:00:00+00:00,324.89837646484375,325.6299497048408,320.8056512322667,322.446705559853,16505900
2023-09-20 00:00:00+00:00,317.1083679199219,325.827693989748,316.8513563606588,325.7486204721018,21436500
2023-09-21 00:00:00+00:00,315.88250732421875,321.6360782353787,311.40421928226147,315.6156002828941,35529500
2023-09-22 00:00:00+00:00,313.39129638671875,317.78061558235316,312.54109771841047,317.6520947233704,21447900
2023-09-25 00:00:00+00:00,313.91522216796875,314.04374301753984,311.4042083579565,312.9760545512673,17836000
2023-09-26 00:00:00+00:00,308.5768737792969,312.27417127506453,306.48104866233854,311.5327326754824,26297600
2023-09-27 00:00:00+00:00,309.219482421875,310.71222512078947,306.15486316727345,308.73505530094553,19410100
2023-09-28 00:00:00+00:00,310.059814453125,311.8788072361737,305.91764088194725,307.4400400629169,19683600
2023-09-29 00:00:00+00:00,312.14569091796875,315.8232280557425,311.3844913845662,314.1228607733478,24140300
2023-10-02 00:00:00+00:00,318.1266174316406,318.21561662397966,311.5821900421662,312.66963949567804,20570000
2023-10-03 00:00:00+00:00,309.8126220703125,317.7213009072656,307.657484158639,317.1676656330005,21033500
2023-10-04 00:00:00+00:00,315.31903076171875,316.38671934680445,310.4156581127954,310.4453144529802,20720100
2023-10-05 00:00:00+00:00,315.71441650390625,316.327364401189,311.3053368933147,315.4475094779053,16965600
2023-10-06 00:00:00+00:00,323.5242919921875,325.4322535375942,312.6893801694388,312.9365263852443,25645500
2023-10-09 00:00:00+00:00,326.0550842285156,326.529585679886,319.49086590519653,321.0429514638944,19891200
2023-10-10 00:00:00+00:00,324.64141845703125,327.3204751601556,323.92963610326484,327.1820587892371,20557100
2023-10-11 00:00:00+00:00,328.6253967285156,329.020824643838,325.3828395521265,327.42918731045415,20063200
2023-10-12 00:00:00+00:00,327.3797607421875,329.82156651499986,324.9676113079431,326.7964993042076,19313100
2023-10-13 00:00:00+00:00,323.9889221191406,330.01926553838706,322.63453553932317,328.58583561463803,21072400
2023-10-16 00:00:00+00:00,328.8428955078125,332.3029426566613,326.82617386510276,327.2710189684246,22158000
2023-10-17 00:00:00+00:00,328.2695007324219,329.65351356385685,323.67258696373347,325.8276948133406,18338500
2023-10-18 00:00:00+00:00,326.3417663574219,331.759222794045,324.55242999504236,328.6946033870838,23153600
2023-10-19 00:00:00+00:00,327.5379333496094,333.0344625947889,327.1326099487148,328.35844548463956,25052100
2023-10-20 00:00:00+00:00,322.9410400390625,328.13111072358873,321.73496526369917,327.9333816774439,25012600
2023-10-23 00:00:00+00:00,325.5607604980469,328.93183835802176,320.6870445710428,321.7547029032871,24374700
2023-10-24 00:00:00+00:00,326.7569580078125,328.0520017824309,323.86041156041205,327.5181575017648,31153600
2023-10-25 00:00:00+00:00,336.78118896484375,342.24806157017446,333.765987296064,341.08150860571766,55053800
2023-10-26 00:00:00+00:00,324.1470947265625,337.7302406507204,323.20792706940125,336.6526868052071,37828500
2023-10-27 00:00:00+00:00,326.045166015625,332.8762909295408,324.65125776087774,326.6580837937659,29856500
2023-10-30 00:00:00+00:00,333.4595642089844,335.5751503381647,328.04210819348634,329.60408920215934,22828100
2023-10-31 00:00:00+00:00,334.25042724609375,335.1302822914459,330.8694837708354,334.98200058976215,20265300
2023-11-01 00:00:00+00:00,342.1195983886719,343.45419409526926,335.77286978156485,335.91128615477885,28158800
2023-11-02 00:00:00+00:00,344.3438415527344,344.84799925166664,340.8343476478999,343.27615314598364,24348100
2023-11-03 00:00:00+00:00,348.77276611328125,350.34464276794165,343.36520510875204,345.63896864627054,23624000
2023-11-06 00:00:00+00:00,352.46014404296875,353.4586243635472,349.31645156155355,349.4153160772212,23828300
2023-11-07 00:00:00+00:00,356.41455078125,358.32251260101185,353.54766029950514,355.2974448981005,25833900
2023-11-08 00:00:00+00:00,359.0540466308594,359.7163816170377,356.4342725186346,357.55137827923454,26767800
2023-11-09 00:00:00+00:00,356.57269287109375,360.6258970276353,356.2464429567003,358.1643000917095,24847300
2023-11-10 00:00:00+00:00,365.4501953125,365.8752795812783,356.94835909084804,357.3635478564213,28042100
2023-11-13 00:00:00+00:00,362.4942626953125,364.2638379125878,361.7231677677131,364.01669171567505,19986500
2023-11-14 00:00:00+00:00,366.0433044433594,367.70414993309754,363.15665355329156,366.77487775321134,27683900
2023-11-15 00:00:00+00:00,366.19189453125,369.6193319212851,363.65595302337914,367.78673199342217,26860100
2023-11-16 00:00:00+00:00,372.6307678222656,372.8090670130161,366.6971049772861,367.4697650343208,27182300
2023-11-17 00:00:00+00:00,366.3702087402344,370.84767066024057,363.5470174090878,370.09481157714856,40157000
2023-11-20 00:00:00+00:00,373.8888244628906,375.305362924845,367.5094133597198,367.7273446792859,52465100
2023-11-21 00:00:00+00:00,369.5599365234375,372.6802933507884,367.62827122388927,372.13548017935176,28423100
2023-11-22 00:00:00+00:00,374.2949523925781,376.2167020543969,371.4420444315091,374.44353505087355,23345300
2023-11-24 00:00:00+00:00,373.8788757324219,374.4138035112927,371.61044336899096,373.7798105540461,10176600
2023-11-27 00:00:00+00:00,375.04779052734375,377.05872006421737,372.6604918874323,373.23502159050327,22179200
2023-11-28 00:00:00+00:00,379.0993347167969,379.3965000397917,374.6020413692927,374.7902561506727,20453100
2023-11-29 00:00:00+00:00,375.2855529785156,380.68425789892774,373.88881549531266,380.1493603159181,28963400
2023-11-30 00:00:00+00:00,375.344970703125,376.5138612366037,371.9373340529728,374.92890903622725,30554400
2023-12-01 00:00:00+00:00,370.98638916015625,374.6020416682448,367.8164846369156,373.21521977574577,33020400
2023-12-04 00:00:00+00:00,365.6669006347656,366.0432999492324,359.4855901354516,365.6272685167618,32063300
2023-12-05 00:00:00+00:00,369.01507568359375,369.5698044164444,362.1800014727598,363.002209215325,23065000
2023-12-06 00:00:00+00:00,365.330078125,370.65946442979055,364.5673336677576,370.0255016850389,21182100
2023-12-07 00:00:00+00:00,367.4598693847656,367.95516505438763,362.8734266471938,364.76545973280383,23118900
2023-12-08 00:00:00+00:00,370.708984375,370.93680102116286,364.765436714598,365.7263114622475,20144800
2023-12-11 00:00:00+00:00,367.8065185546875,368.10371406756866,362.6554621996512,365.0130742084577,27708800
2023-12-12 00:00:00+00:00,370.8575744628906,370.8972065792804,366.9744432787704,367.3607883950642,24838300
2023-12-13 00:00:00+00:00,370.8476867675781,374.086939898613,367.28155178547297,372.48215648382853,30955500
2023-12-14 00:00:00+00:00,362.48712158203125,370.2434695547166,360.70406906648043,369.79769131060294,43277500
2023-12-15 00:00:00+00:00,367.2419738769531,368.8962446456856,362.83382989546425,363.3984742691784,78478200
2023-12-18 00:00:00+00:00,369.1438293457031,369.4905423350022,365.21118080921997,365.9739554317672,21802900
2023-12-19 00:00:00+00:00,369.7481384277344,369.7481384277344,366.3603026960237,367.9947723838569,20603700
2023-12-20 00:00:00+00:00,367.1329345703125,372.49203701128664,367.04378498295705,371.47172920429006,26316700
2023-12-21 00:00:00+00:00,370.0255126953125,370.88732235937965,366.5584428639484,369.0547222595686,17708000
2023-12-22 00:00:00+00:00,371.0556945800781,371.6500554361655,369.20329359245756,370.16416841117154,17091100
2023-12-26 00:00:00+00:00,371.1349792480469,373.3935264411523,369.9858895911405,371.4717766979323,12673100
2023-12-27 00:00:00+00:00,370.5505065917969,371.53118233613856,369.3023518404904,370.17407704899347,14905400
2023-12-28 00:00:00+00:00,371.7491149902344,372.9180055102288,370.6396575319042,371.83826458273074,14327000
2023-12-29 00:00:00+00:00,372.5019836425781,373.61144112939365,369.96607217829995,372.46235152363494,18723000
