Price,Close,High,Low,Open,Volume
Ticker,NVDA,NVDA,NVDA,NVDA,NVDA
Date,,,,,
2015-01-02 00:00:00+00:00,0.4830991327762604,0.48669900243823877,0.4754194489760312,0.4830991327762604,113680000
2015-01-05 00:00:00+00:00,0.47493940591812134,0.48453900925410187,0.4727795130481441,0.48309906160145744,197952000
2015-01-06 00:00:00+00:00,0.46054011583328247,0.4761394272036022,0.4600601427436868,0.4756594541140065,197764000
2015-01-07 00:00:00+00:00,0.45934009552001953,0.4679797241903197,0.4579001478719731,0.4638998820571845,321808000
2015-01-08 00:00:00+00:00,0.4766193628311157,0.4794992583603189,0.46437989265897683,0.46461989348940763,283780000
2015-01-09 00:00:00+00:00,0.47853928804397583,0.48213915748855224,0.47181957942908637,0.47829931582033197,209540000
2015-01-12 00:00:00+00:00,0.47253963351249695,0.4799793172788872,0.46821981805488316,0.47973931640552103,190732000
2015-01-13 00:00:00+00:00,0.47181954979896545,0.4857389392108907,0.46845971000701353,0.4761393642521823,236720000
2015-01-14 00:00:00+00:00,0.473739355802536,0.4751793031412733,0.4655797305069795,0.4667796770862662,155260000
2015-01-15 00:00:00+00:00,0.4703795909881592,0.4799791651360032,0.47013959019086804,0.4770992986134475,188932000
2015-01-16 00:00:00+00:00,0.47901931405067444,0.47949928713134393,0.46821976238614843,0.46965971023715014,181512000
2015-01-20 00:00:00+00:00,0.48045921325683594,0.48501897136603267,0.47445945022444647,0.4823791053851313,140308000
2015-01-21 00:00:00+00:00,0.4871790111064911,0.48837898689125825,0.4744595653215319,0.4778194345790857,144780000
2015-01-22 00:00:00+00:00,0.4955785572528839,0.4970185049799671,0.48309908657547235,0.4881388464022816,159712000
2015-01-23 00:00:00+00:00,0.4970185458660126,0.4979784920237085,0.49197872840663304,0.4960585424903303,120416000
2015-01-26 00:00:00+00:00,0.49485868215560913,0.4972585764404029,0.491738813863578,0.49485868215560913,133240000
2015-01-27 00:00:00+00:00,0.4710995852947235,0.4876588685865601,0.47013961067272475,0.48717886697106627,357948000
2015-01-28 00:00:00+00:00,0.46342000365257263,0.47877934346775686,0.46318000279257165,0.47685942241473445,272728000
2015-01-29 00:00:00+00:00,0.47469955682754517,0.47733942339671726,0.4615001095456976,0.4636600315848349,235340000
2015-01-30 00:00:00+00:00,0.4607800543308258,0.47685936622225283,0.4600601090536505,0.471339604573628,298200000
2015-02-02 00:00:00+00:00,0.47085970640182495,0.47277962753393893,0.4545404196923506,0.4636600236131448,259604000
2015-02-03 00:00:00+00:00,0.482619047164917,0.4830990487757146,0.47181952588376724,0.4742194195018005,183468000
2015-02-04 00:00:00+00:00,0.48381924629211426,0.48933900988762646,0.47973940236782137,0.48117937925704446,181516000
2015-02-05 00:00:00+00:00,0.4917387068271637,0.49197867903801057,0.48381905168941075,0.4842989961111045,140448000
2015-02-06 00:00:00+00:00,0.4895789623260498,0.4970186757325935,0.4874190399933757,0.49125888284546254,210524000
2015-02-09 00:00:00+00:00,0.48909881711006165,0.4905387075232224,0.4835790560026822,0.48669892346415655,273944000
2015-02-10 00:00:00+00:00,0.5027783513069153,0.5030183235758625,0.48741898173440346,0.4895789038089119,226204000
2015-02-11 00:00:00+00:00,0.4994185268878937,0.5039782862359378,0.4960586289235501,0.5039782862359378,320832000
2015-02-12 00:00:00+00:00,0.5351768136024475,0.539976601034202,0.5248572649023773,0.5279771324548157,676904000
2015-02-13 00:00:00+00:00,0.5354169011116028,0.5361368751032116,0.5258173241808082,0.5339769531283852,310084000
2015-02-17 00:00:00+00:00,0.5370967388153076,0.5397366621181849,0.531097032764551,0.5344568727304133,203340000
2015-02-18 00:00:00+00:00,0.5308569073677063,0.5373366711251348,0.5298969614392633,0.5363766679787192,170948000
2015-02-19 00:00:00+00:00,0.5322967767715454,0.5385365102178991,0.5298968836935605,0.5375765644302979,169432000
2015-02-20 00:00:00+00:00,0.5361367464065552,0.5363767186068235,0.5279771194176514,0.5318169607118349,157752000
2015-02-23 00:00:00+00:00,0.5318169593811035,0.5358967728653468,0.5291770363128453,0.5358967728653468,125008000
2015-02-24 00:00:00+00:00,0.537478506565094,0.537478506565094,0.529046562966985,0.5338648328625638,149356000
2015-02-25 00:00:00+00:00,0.5333829522132874,0.5377194293328247,0.5309738174040904,0.5353102370853231,123820000
2015-02-26 00:00:00+00:00,0.5348285436630249,0.53796042523899,0.5304920657401586,0.533864901048493,152864000
2015-02-27 00:00:00+00:00,0.5314558148384094,0.5345876967034002,0.5295284719931656,0.5333831002453328,157492000
2015-03-02 00:00:00+00:00,0.5444650650024414,0.5473560501798426,0.5292875076977117,0.530010253992062,301512000
2015-03-03 00:00:00+00:00,0.5343464612960815,0.543019355932416,0.5326600730943346,0.5403693255351408,160344000
2015-03-04 00:00:00+00:00,0.54036945104599,0.5415739897106042,0.5302510620470342,0.5324193005693041,226840000
2015-03-05 00:00:00+00:00,0.5507286787033081,0.551692321021897,0.5389239023452757,0.5403693945423078,323056000
2015-03-06 00:00:00+00:00,0.5432605147361755,0.5502469663710841,0.5427786647372834,0.5475969349729571,257392000
2015-03-09 00:00:00+00:00,0.5447059869766235,0.5488015686505309,0.54229685169461,0.5435014480547746,222388000
2015-03-10 00:00:00+00:00,0.5541015267372131,0.5577152576941425,0.5461513760702733,0.5471150185126862,527212000
2015-03-11 00:00:00+00:00,0.5512106418609619,0.5613289744430087,0.5497651493668668,0.5541015694108427,262120000
2015-03-12 00:00:00+00:00,0.5461512207984924,0.5500058469105716,0.5357919382515307,0.5459103246159527,406972000
2015-03-13 00:00:00+00:00,0.5468740463256836,0.5483195385077422,0.5360329123985415,0.5435012695264116,359288000
2015-03-16 00:00:00+00:00,0.5533788204193115,0.5567516553682422,0.547596907909916,0.5512106391272313,236956000
2015-03-17 00:00:00+00:00,0.5601244568824768,0.5603653531611849,0.5483196776511092,0.5521743053019957,299900000
2015-03-18 00:00:00+00:00,0.5509695410728455,0.5630152129108872,0.5459103761323562,0.5601242861327336,413844000
2015-03-19 00:00:00+00:00,0.5594013929367065,0.5613286769485333,0.5488012159951018,0.5528967375989428,310756000
2015-03-20 00:00:00+00:00,0.5654245018959045,0.5687973368835056,0.558678946797322,0.5639790668307153,462084000
2015-03-23 00:00:00+00:00,0.5471151471138,0.5557880460107175,0.5468742508061496,0.5485606398363394,426012000
2015-03-24 00:00:00+00:00,0.5396466851234436,0.549283223840921,0.5372375504440743,0.5454285968662698,330480000
2015-03-25 00:00:00+00:00,0.5068824887275696,0.5394058386166438,0.5051960426020605,0.5394058386166438,542552000
2015-03-26 00:00:00+00:00,0.5051960945129395,0.5073643333785546,0.4929095224844124,0.4965232539271043,311920000
2015-03-27 00:00:00+00:00,0.5150735378265381,0.517000822779586,0.49989598214678727,0.5080870293547018,318288000
2015-03-30 00:00:00+00:00,0.5172415971755981,0.5198916274269827,0.51073688347773,0.5174824933516458,253252000
2015-03-31 00:00:00+00:00,0.5042322874069214,0.5162779592214637,0.5037504949973161,0.5157961668118584,357276000
2015-04-01 00:00:00+00:00,0.506159782409668,0.5078461712297943,0.4974868845930819,0.506159782409668,330768000
2015-04-02 00:00:00+00:00,0.5073642730712891,0.5104961541365838,0.503027853293815,0.5090506617313237,192204000
2015-04-06 00:00:00+00:00,0.522059977054596,0.5237463655244144,0.4998959158427541,0.5051959774798124,515864000
2015-04-07 00:00:00+00:00,0.5266372561454773,0.5324191666455218,0.5191689000378928,0.5220598840070596,413964000
2015-04-08 00:00:00+00:00,0.5304919481277466,0.5324192903678253,0.5220600053220975,0.527119171005487,366432000
2015-04-09 00:00:00+00:00,0.542778491973877,0.5444648802757635,0.5261554477203325,0.5263963439239467,379432000
2015-04-10 00:00:00+00:00,0.5483196973800659,0.5485605936674416,0.5413331881013487,0.543260530715295,258728000
2015-04-13 00:00:00+00:00,0.5432605147361755,0.5502469663710841,0.5408513221800267,0.547115084974065,236724000
2015-04-14 00:00:00+00:00,0.5386830568313599,0.5432604300733966,0.5333829374227751,0.5410921915737524,220276000
2015-04-15 00:00:00+00:00,0.5451877117156982,0.5492832350100745,0.5374784576096354,0.5401285460176397,243560000
2015-04-16 00:00:00+00:00,0.5418148636817932,0.5466331325079884,0.5379602371331781,0.5420557598916145,155284000
2015-04-17 00:00:00+00:00,0.5348285436630249,0.5401286642004232,0.5302511694461044,0.5304920657401586,293636000
2015-04-20 00:00:00+00:00,0.5321782231330872,0.540610163229471,0.5312145236035427,0.5372373871909175,231624000
2015-04-21 00:00:00+00:00,0.5314558148384094,0.5386832212718526,0.5288057256059893,0.5386832212718526,230456000
2015-04-22 00:00:00+00:00,0.537478506565094,0.5382012527932616,0.5263964743176012,0.5345875790907315,207420000
2015-04-23 00:00:00+00:00,0.535309910774231,0.5403691309963878,0.5215778564763442,0.5276007185471079,259380000
2015-04-24 00:00:00+00:00,0.5307329893112183,0.5353103058296967,0.524710122795619,0.5350694095493326,240960000
2015-04-27 00:00:00+00:00,0.5348285436630249,0.5442241883909201,0.527842034190617,0.5324194084075375,248456000
2015-04-28 00:00:00+00:00,0.537478506565094,0.5394058489863103,0.5288056092653906,0.5338648328625638,234484000
2015-04-29 00:00:00+00:00,0.5333829522132874,0.5389239680182708,0.5312147136535187,0.5336238484627157,195156000
2015-04-30 00:00:00+00:00,0.5348285436630249,0.5374785752125664,0.5295284231256266,0.5307330194725279,218844000
2015-05-01 00:00:00+00:00,0.5480788350105286,0.5497652240031476,0.5367558472284447,0.5391649825662317,256968000
2015-05-04 00:00:00+00:00,0.5447059869766235,0.5512107039325446,0.5430195980230456,0.5475969722903662,200720000
2015-05-05 00:00:00+00:00,0.5307329893112183,0.5435014111835091,0.5283238541926409,0.5427786649041048,292928000
2015-05-06 00:00:00+00:00,0.5324195027351379,0.5386832669968055,0.5254329920249453,0.5336240418571296,316484000
2015-05-07 00:00:00+00:00,0.5418148636817932,0.5435012520271321,0.5285645956906089,0.5302509840359477,534564000
2015-05-08 00:00:00+00:00,0.501823365688324,0.5261556732711585,0.4936323168711916,0.5061598438420893,1146552000
2015-05-11 00:00:00+00:00,0.49700501561164856,0.5020642393170535,0.4909822068324834,0.4948367768807607,544144000
2015-05-12 00:00:00+00:00,0.501823365688324,0.5059188900968902,0.49315046681911157,0.4933914205643107,388800000
2015-05-13 00:00:00+00:00,0.5047142505645752,0.5092916241132226,0.49989598075704333,0.5054369967795357,308524000
2015-05-14 00:00:00+00:00,0.5129051804542542,0.5155552684491671,0.5049550313461026,0.506159627241662,293052000
2015-05-15 00:00:00+00:00,0.5131463408470154,0.5174827614539604,0.5100144591826541,0.5150736261304761,215824000
2015-05-18 00:00:00+00:00,0.5124233961105347,0.5155552765623219,0.5095324118663327,0.5119415462570694,324972000
2015-05-19 00:00:00+00:00,0.5092286467552185,0.5147953099382049,0.5082604862592649,0.513101057922369,253808000
2015-05-20 00:00:00+00:00,0.5092286467552185,0.5155214014580871,0.5087445665072416,0.5094706580271239,196824000
2015-05-21 00:00:00+00:00,0.5055983066558838,0.5116490514930284,0.5051142262954077,0.5094707764271549,239692000
2015-05-22 00:00:00+00:00,0.5048721432685852,0.5087446124899132,0.5036620290955164,0.5068084067313348,212592000
2015-05-26 00:00:00+00:00,0.5017258524894714,0.505840333716861,0.4978533825977574,0.5024519442006791,259732000
2015-05-27 00:00:00+00:00,0.5285911560058594,0.5310114428566332,0.5034201265944602,0.5051143216195829,432332000
2015-05-28 00:00:00+00:00,0.5358519554138184,0.5375461502456218,0.5276229926010064,0.5285910956900107,327656000
2015-05-29 00:00:00+00:00,0.5356098413467407,0.5392402416603036,0.5348837497431936,0.5358518526465322,335168000
2015-06-01 00:00:00+00:00,0.5416604280471802,0.5469850795914949,0.535609742737159,0.5389981311271038,372660000
2015-06-02 00:00:00+00:00,0.5310112833976746,0.5411765082000548,0.5305272030912096,0.538272141769611,224304000
2015-06-03 00:00:00+00:00,0.5252024531364441,0.5365777887893257,0.5242342928094346,0.5324633093640806,250788000
2015-06-04 00:00:00+00:00,0.5346418619155884,0.5363360568137377,0.5220563481531235,0.5220563481531235,323712000
2015-06-05 00:00:00+00:00,0.5387560725212097,0.5411763579733344,0.5273806789624822,0.5329473412727849,313320000
2015-06-08 00:00:00+00:00,0.5264127254486084,0.5406924309726535,0.5203620389562912,0.5370620306180978,342812000
2015-06-09 00:00:00+00:00,0.5290752053260803,0.5329476178961073,0.5259288268347933,0.5268969299773,256888000
2015-06-10 00:00:00+00:00,0.5196357369422913,0.5261705010978821,0.5167313716712953,0.5227821134178202,529460000
2015-06-11 00:00:00+00:00,0.5252024531364441,0.5288328523981844,0.5196357909248405,0.5196357909248405,283052000
2015-06-12 00:00:00+00:00,0.5109229683876038,0.5249606066270835,0.5097127963181729,0.5218142284915798,323728000
2015-06-15 00:00:00+00:00,0.5099548101425171,0.5123750963151577,0.5043881461750264,0.508260557887912,306548000
2015-06-16 00:00:00+00:00,0.5162475109100342,0.5169736025362972,0.5039040686719113,0.5089866523515781,256892000
2015-06-17 00:00:00+00:00,0.5222982168197632,0.5252025831112398,0.5147953475056756,0.5160054616576774,233544000
2015-06-18 00:00:00+00:00,0.5310112833976746,0.5343996724304103,0.52520260824096,0.5266547914561819,299404000
2015-06-19 00:00:00+00:00,0.5293169617652893,0.5353676467700716,0.5244763906797999,0.5310111558747947,355656000
2015-06-22 00:00:00+00:00,0.527138888835907,0.5331896338562706,0.5191519377233684,0.530285267013827,514236000
2015-06-23 00:00:00+00:00,0.5135852098464966,0.532221407579906,0.5094707291290561,0.5281069268624655,414064000
2015-06-24 00:00:00+00:00,0.5085025429725647,0.5155213890260528,0.5060822571993789,0.5128590342826334,253368000
2015-06-25 00:00:00+00:00,0.5123748183250427,0.5155211944128194,0.5085023510089989,0.5085023510089989,350460000
2015-06-26 00:00:00+00:00,0.5019676089286804,0.5087444422239855,0.499789392605325,0.5082603620942666,421296000
2015-06-29 00:00:00+00:00,0.4869619607925415,0.5012416635354886,0.48623586932220847,0.4961590232431571,391724000
2015-06-30 00:00:00+00:00,0.48671987652778625,0.4920445279080712,0.48333148824222316,0.4898662535655691,315916000
2015-07-01 00:00:00+00:00,0.4937388300895691,0.5058402606889855,0.48938233815544835,0.4988214713342449,302892000
2015-07-02 00:00:00+00:00,0.49422281980514526,0.49736919695468607,0.49107644265560446,0.49349672833185415,145764000
2015-07-06 00:00:00+00:00,0.4881719946861267,0.4968850331965356,0.484541595634212,0.4901082575240801,214776000
2015-07-07 00:00:00+00:00,0.47897499799728394,0.4872039868238253,0.4637271920661789,0.48526778131365733,594252000
2015-07-08 00:00:00+00:00,0.47558656334877014,0.4792169916061404,0.4717140950000769,0.47631265477066004,332492000
2015-07-09 00:00:00+00:00,0.4697779417037964,0.4852678177653426,0.4668736043682985,0.48308954312465613,357588000
2015-07-10 00:00:00+00:00,0.47800692915916443,0.4823634495703229,0.47461851157178164,0.47582865452754325,216708000
2015-07-13 00:00:00+00:00,0.48115333914756775,0.4838156365190031,0.47800696147942967,0.4828475336297695,212472000
2015-07-14 00:00:00+00:00,0.4813953638076782,0.48236349557587366,0.47510263714879786,0.4818794441178193,249216000
2015-07-15 00:00:00+00:00,0.47800692915916443,0.4833315523940986,0.47365040874800596,0.48018517493870166,265732000
2015-07-16 00:00:00+00:00,0.48865628242492676,0.48865628242492676,0.4792171485531338,0.4809113431910181,282848000
2015-07-17 00:00:00+00:00,0.485751748085022,0.487445942138002,0.4794589943430063,0.4869619196680975,220372000
2015-07-20 00:00:00+00:00,0.4767967462539673,0.48768806079535326,0.4755866033996001,0.485751797605868,188412000
2015-07-21 00:00:00+00:00,0.47897499799728394,0.4857518038391175,0.47582862076513815,0.47582862076513815,149720000
2015-07-22 00:00:00+00:00,0.4697779417037964,0.4755866452268762,0.4639692670328006,0.4755866452268762,356472000
2015-07-23 00:00:00+00:00,0.47558656334877014,0.4826053797721877,0.46977786082573025,0.47074599233894315,169916000
2015-07-24 00:00:00+00:00,0.47001999616622925,0.4794591000073871,0.4680837615995062,0.4789750485787276,188844000
2015-07-27 00:00:00+00:00,0.46735769510269165,0.47268231880776496,0.4620330713976184,0.4659055118867233,192420000
2015-07-28 00:00:00+00:00,0.4775228500366211,0.48066919845735145,0.46372719805983387,0.4685677696019817,198308000
2015-07-29 00:00:00+00:00,0.483331561088562,0.4872040301574929,0.4746185201095096,0.47655475464397506,232680000
2015-07-30 00:00:00+00:00,0.4845418334007263,0.4893824063146684,0.4821215180916648,0.4821215180916648,190180000
2015-07-31 00:00:00+00:00,0.48284754157066345,0.4867199820433698,0.4799432040031121,0.4864779707431242,218340000
2015-08-03 00:00:00+00:00,0.4910765290260315,0.4915605516239139,0.48042725286629206,0.4867199794200558,397132000
2015-08-04 00:00:00+00:00,0.49301275610923767,0.4944649393739202,0.4874460920640711,0.4893823556517061,260100000
2015-08-05 00:00:00+00:00,0.49809539318084717,0.5055982630438773,0.49712723254340674,0.5051141827251572,234628000
2015-08-06 00:00:00+00:00,0.4949488639831543,0.5005155262770173,0.4867198473069067,0.49688506925747333,655676000
2015-08-07 00:00:00+00:00,0.5561822652816772,0.5656213400939569,0.5295590621269505,0.5435967552597459,1405248000
2015-08-10 00:00:00+00:00,0.5755445957183838,0.5796590763692834,0.5489213905821605,0.5523098373277598,662304000
2015-08-11 00:00:00+00:00,0.5726402997970581,0.5782069643523992,0.5670736352417171,0.5670736352417171,435008000
2015-08-12 00:00:00+00:00,0.5740921497344971,0.5782066285021784,0.5634429071767248,0.5634429071767248,384048000
2015-08-13 00:00:00+00:00,0.5692518949508667,0.5760287313892261,0.5677997115923483,0.5748185593557346,276884000
2015-08-14 00:00:00+00:00,0.5697358250617981,0.5731242135353469,0.5653792761350953,0.5687676646086441,214652000
2015-08-17 00:00:00+00:00,0.5661053657531738,0.5687676627301459,0.5590865198638876,0.5687676627301459,273880000
2015-08-18 00:00:00+00:00,0.5609528422355652,0.5682442497651768,0.5565779629496246,0.5643554874933261,287084000
2015-08-19 00:00:00+00:00,0.5587655305862427,0.5665430569115035,0.5526893272795759,0.5602238240156002,249248000
2015-08-20 00:00:00+00:00,0.538592517375946,0.5551196850500275,0.5359189606457007,0.5524461862667397,426932000
2015-08-21 00:00:00+00:00,0.5218220949172974,0.543696311091987,0.5213359780457508,0.5347035835704196,382664000
2015-08-24 00:00:00+00:00,0.503350555896759,0.530571827649624,0.4860941881128255,0.49265644759938454,682284000
2015-08-25 00:00:00+00:00,0.4928998053073883,0.5274125018534384,0.4928998053073883,0.5254680911209009,622684000
2015-08-26 00:00:00+00:00,0.5300858616828918,0.5305719787246231,0.5050520219463951,0.5089407844393676,614976000
2015-08-27 00:00:00+00:00,0.5500157475471497,0.5502587771008562,0.5325163448471342,0.5356759608331637,463764000
2015-08-28 00:00:00+00:00,0.5524460077285767,0.5558486519798224,0.5461267781494409,0.5500155392709812,320944000
2015-08-31 00:00:00+00:00,0.5463700890541077,0.553661556129771,0.5441827068783774,0.5497727930050734,219352000
2015-09-01 00:00:00+00:00,0.5240097045898438,0.5395647559025094,0.5201209997086417,0.530572024457542,353408000
2015-09-02 00:00:00+00:00,0.5398076772689819,0.5400507067886019,0.529356654614939,0.5383493842573568,344044000
2015-09-03 00:00:00+00:00,0.5412660837173462,0.5505019027619488,0.5402939074881682,0.5478283456980034,262556000
2015-09-04 00:00:00+00:00,0.5286276340484619,0.5405369525513855,0.528384604470943,0.5320302799215925,287972000
2015-09-08 00:00:00+00:00,0.5512310266494751,0.5534184667649369,0.5393217656748877,0.5415091478433809,238448000
2015-09-09 00:00:00+00:00,0.5402936935424805,0.5575500031048652,0.5390784302770047,0.5529321533581065,289392000
2015-09-10 00:00:00+00:00,0.5488005876541138,0.5556059379673298,0.5347038857753342,0.537134355612846,357076000
2015-09-11 00:00:00+00:00,0.550501823425293,0.5541474982460478,0.5405368591581862,0.5427242988188129,301584000
2015-09-14 00:00:00+00:00,0.5514741539955139,0.5548768002339031,0.5485575669643388,0.5531754771147085,192460000
2015-09-15 00:00:00+00:00,0.5575500130653381,0.5604665985970303,0.5500155777043908,0.5517168999488968,327976000
2015-09-16 00:00:00+00:00,0.5614389777183533,0.5645985938725925,0.5524462463358895,0.5565780387036721,173508000
2015-09-17 00:00:00+00:00,0.5665427446365356,0.5762646182109885,0.5653274814662603,0.5711605940215446,268712000
2015-09-18 00:00:00+00:00,0.5660569071769714,0.5709178463634909,0.5553628525560218,0.5587654983971923,326412000
2015-09-21 00:00:00+00:00,0.5718898177146912,0.5731050810493994,0.5638692651358415,0.566785850781585,281840000
2015-09-22 00:00:00+00:00,0.5563349723815918,0.5633833508713028,0.5534183859866879,0.5594945883270843,228356000
2015-09-23 00:00:00+00:00,0.5590084195137024,0.5624110646946922,0.5546335982734234,0.5568209799200855,161632000
2015-09-24 00:00:00+00:00,0.5697024464607239,0.5755355599079965,0.5468559937095743,0.5556056928539564,382440000
2015-09-25 00:00:00+00:00,0.5738344192504883,0.5850145906999349,0.568244333525765,0.5767509479240627,369692000
2015-09-28 00:00:00+00:00,0.5662999153137207,0.5774800866088594,0.5626542400353289,0.5738344113304676,395584000
2015-09-29 00:00:00+00:00,0.5762650966644287,0.5772372732396519,0.5643557742637346,0.5723763324165505,380736000
2015-09-30 00:00:00+00:00,0.5991111993789673,0.5998403459228104,0.5782091529806803,0.5816117982206442,556380000
2015-10-01 00:00:00+00:00,0.587445080280304,0.6008126342043355,0.5704317350092276,0.5991113112666212,489296000
2015-10-02 00:00:00+00:00,0.602756917476654,0.602756917476654,0.5782091389546254,0.5842853406902712,386144000
2015-10-05 00:00:00+00:00,0.617825984954834,0.625360423452529,0.6034861966989593,0.6066458130247272,482024000
2015-10-06 00:00:00+00:00,0.6258463263511658,0.6285198246552333,0.6088330446992918,0.6112635135067024,453216000
2015-10-07 00:00:00+00:00,0.632408618927002,0.6387278497413139,0.6170966588565348,0.6273046515524963,310152000
2015-10-08 00:00:00+00:00,0.6360544562339783,0.6377557789728263,0.6190411129515778,0.6297352243771369,460068000
2015-10-09 00:00:00+00:00,0.6336238384246826,0.6387278054452257,0.6217145240964693,0.6326516045614825,423248000
2015-10-12 00:00:00+00:00,0.6404291987419128,0.6440749312654779,0.6297351465843766,0.6343529971849554,227588000
2015-10-13 00:00:00+00:00,0.6416444778442383,0.645533182034722,0.6331378070469086,0.6353252466142711,298444000
2015-10-14 00:00:00+00:00,0.6649771332740784,0.6754281583756194,0.6416446134647533,0.6423737021943565,612148000
2015-10-15 00:00:00+00:00,0.6666783094406128,0.6802889478287085,0.6593869022270208,0.6661921924475919,526048000
2015-10-16 00:00:00+00:00,0.6771293878555298,0.6834486195490455,0.6671644232823095,0.6688658039241439,448396000
2015-10-19 00:00:00+00:00,0.6759142279624939,0.6824765481529191,0.6681367598706389,0.6793169318213331,294712000
2015-10-20 00:00:00+00:00,0.6749419569969177,0.6781015728851951,0.6678935786348404,0.6729976047334973,264824000
2015-10-21 00:00:00+00:00,0.6661921739578247,0.6832055149309644,0.6649769684294301,0.6790736654723478,386280000
2015-10-22 00:00:00+00:00,0.6902539730072021,0.6924414129336558,0.6729976570015261,0.6739698332087399,306884000
2015-10-23 00:00:00+00:00,0.6948719024658203,0.6994898120169742,0.6858791708825492,0.696330195792181,381776000
2015-10-26 00:00:00+00:00,0.6917122602462769,0.6970593162596672,0.685393028034169,0.695357993425171,247436000
2015-10-27 00:00:00+00:00,0.6912263035774231,0.6956011260935911,0.6878235994571017,0.6883097166019966,208268000
2015-10-28 00:00:00+00:00,0.6968162655830383,0.6968162655830383,0.685393007266606,0.6956010019112421,217036000
2015-10-29 00:00:00+00:00,0.6727545261383057,0.6926843978632758,0.6715393204443352,0.6856360773549355,327168000
2015-10-30 00:00:00+00:00,0.6895248293876648,0.6943858263389695,0.674942012374642,0.6800460388920747,301160000
2015-11-02 00:00:00+00:00,0.6975454092025757,0.6982745558737036,0.6875805012754376,0.6917122937805184,190088000
2015-11-03 00:00:00+00:00,0.6926844120025635,0.6973023212172251,0.6849069447403009,0.6934135586126133,376768000
2015-11-04 00:00:00+00:00,0.6812611818313599,0.6958439974992897,0.6781015659752793,0.6907400293996018,442264000
2015-11-05 00:00:00+00:00,0.6734835505485535,0.6866081289334945,0.6715391986121655,0.6846637190501573,478800000
2015-11-06 00:00:00+00:00,0.7668136954307556,0.7762925419345433,0.7247665758486636,0.7400785363751853,1172272000
2015-11-09 00:00:00+00:00,0.7634112238883972,0.7655986638740969,0.7527171114785088,0.7592794314356079,492568000
2015-11-10 00:00:00+00:00,0.7488285303115845,0.7575782337535792,0.7327874169924231,0.7534463826709077,552260000
2015-11-11 00:00:00+00:00,0.7415369153022766,0.7546614378611309,0.7388633585240221,0.7493143822515805,619896000
2015-11-12 00:00:00+00:00,0.7388633489608765,0.7466408737564743,0.7357037331343498,0.7398355250735867,291080000
2015-11-13 00:00:00+00:00,0.724280595779419,0.7427521752988805,0.7206348626092133,0.7395925592003566,292940000
2015-11-16 00:00:00+00:00,0.7388633489608765,0.7393494659907106,0.7279262083387521,0.7337593809089293,344280000
2015-11-17 00:00:00+00:00,0.7388633489608765,0.74518258061393,0.7357037331343498,0.7408077591332549,257048000
2015-11-18 00:00:00+00:00,0.7570391893386841,0.7580151153250977,0.733862023250927,0.741913034553316,350216000
2015-11-19 00:00:00+00:00,0.7592347860336304,0.7667978328533434,0.753623474468362,0.7597227489307375,254072000
2015-11-20 00:00:00+00:00,0.7658220529556274,0.7702135450316877,0.7602107407475496,0.7648461852166136,239744000
2015-11-23 00:00:00+00:00,0.7543554902076721,0.7721652949028946,0.7516718393336111,0.7721652949028946,242552000
2015-11-24 00:00:00+00:00,0.7604547142982483,0.7670418939247595,0.7509398734301784,0.7543554394339996,195428000
2015-11-25 00:00:00+00:00,0.7594788074493408,0.7680177808396187,0.756795156688738,0.7589909026748662,138300000
2015-11-27 00:00:00+00:00,0.7658220529556274,0.7682617513866613,0.7570391269705057,0.7609426560935596,86996000
2015-11-30 00:00:00+00:00,0.7738729119300842,0.7772885355977323,0.76582190286882,0.7665538180713883,327244000
2015-12-01 00:00:00+00:00,0.7990018129348755,0.7997337280899073,0.7799721352380177,0.7807040503930495,409496000
2015-12-02 00:00:00+00:00,0.7929027080535889,0.808516765626494,0.7911949250508489,0.800221802994044,294240000
2015-12-03 00:00:00+00:00,0.7911949157714844,0.8075408884634242,0.7872913868822908,0.79924592592826,246656000
2015-12-04 00:00:00+00:00,0.823399007320404,0.8248628380152543,0.7911949647016929,0.7911949647016929,458756000
2015-12-07 00:00:00+00:00,0.8077850341796875,0.8231551417630381,0.8053453354865685,0.8231551417630381,333588000
2015-12-08 00:00:00+00:00,0.8187636137008667,0.8221791800896802,0.7926588446335031,0.7977821942167233,314488000
2015-12-09 00:00:00+00:00,0.7980261445045471,0.8233990562785941,0.7897311809631866,0.8185196591169701,372676000
2015-12-10 00:00:00+00:00,0.8046131134033203,0.8090045461104454,0.7977819247659244,0.8004655748554462,236596000
2015-12-11 00:00:00+00:00,0.7926587462425232,0.8021735870020209,0.7909509632600998,0.7965622751310604,227320000
2015-12-14 00:00:00+00:00,0.7946106195449829,0.7990021121195586,0.785095777133741,0.7933907992744933,275892000
2015-12-15 00:00:00+00:00,0.8043695092201233,0.8099808227268186,0.7992461587793629,0.8036375937047272,307296000
2015-12-16 00:00:00+00:00,0.8092485070228577,0.8119322153078367,0.7990018112085201,0.8060768940802341,236356000
2015-12-17 00:00:00+00:00,0.7970501184463501,0.8187634489543607,0.7965622137272657,0.8104684870600167,254160000
2015-12-18 00:00:00+00:00,0.7841199636459351,0.7994900723885282,0.7831440957284866,0.7914390602773123,395896000
2015-12-21 00:00:00+00:00,0.8026615381240845,0.8033934534684012,0.7855836491463589,0.7926587920300877,284216000
2015-12-22 00:00:00+00:00,0.8033934831619263,0.8114444940799774,0.7985140861308044,0.8051012663061188,130012000
2015-12-23 00:00:00+00:00,0.8065648674964905,0.809736480480763,0.8031493021801922,0.8046131325063155,122524000
2015-12-24 00:00:00+00:00,0.8092485070228577,0.8112003001543864,0.8029052811376105,0.8041251591156888,52448000
2015-12-28 00:00:00+00:00,0.8085166811943054,0.8085166811943054,0.7894870596031554,0.8007096823066241,142024000
2015-12-29 00:00:00+00:00,0.8216911554336548,0.8241308536651349,0.8068089555047296,0.80900470136316,203660000
2015-12-30 00:00:00+00:00,0.8146161437034607,0.8280345152111994,0.8143721912913029,0.8209593717555916,180344000
2015-12-31 00:00:00+00:00,0.8041254281997681,0.8170558366259806,0.8041254281997681,0.8133963178011295,148528000
2016-01-04 00:00:00+00:00,0.7897311449050903,0.7948544942407694,0.781680134139309,0.7877794093963554,358076000
2016-01-05 00:00:00+00:00,0.802417516708374,0.8158358859772782,0.7929026762177143,0.8046132625524478,490272000
2016-01-06 00:00:00+00:00,0.7692376375198364,0.7929027052605814,0.7602107014414428,0.7892431287197467,449344000
2016-01-07 00:00:00+00:00,0.7387413382530212,0.7550873101636593,0.7289824874129915,0.74996390329342,645304000
2016-01-08 00:00:00+00:00,0.7228833436965942,0.7489881109027505,0.7214195130151839,0.7482561955620454,398472000
2016-01-11 00:00:00+00:00,0.7241032123565674,0.7292266200849266,0.7111728040823789,0.7236153075413918,409372000
2016-01-12 00:00:00+00:00,0.7363015413284302,0.7470362592106033,0.731178192907613,0.7370334565552596,469356000
2016-01-13 00:00:00+00:00,0.7138563394546509,0.7467922913082572,0.7131244242430607,0.7419128371753265,481672000
2016-01-14 00:00:00+00:00,0.6994622945785522,0.7075133059337633,0.6787248269867655,0.6992182839968462,600236000
2016-01-15 00:00:00+00:00,0.6614027619361877,0.6794565739904933,0.64993618694919,0.6714055646307733,841452000
2016-01-19 00:00:00+00:00,0.6667702198028564,0.6940948652082243,0.6640865108402054,0.6750651827472366,457140000
2016-01-20 00:00:00+00:00,0.6704295873641968,0.678968558943248,0.6453006936319968,0.65408361754654,481180000
2016-01-21 00:00:00+00:00,0.6782366633415222,0.6887273702412068,0.663842428126399,0.6777487586564591,481456000
2016-01-22 00:00:00+00:00,0.6940947771072388,0.6987302209389001,0.6897032856350361,0.6911671161257703,257996000
2016-01-25 00:00:00+00:00,0.6933627724647522,0.7019017437817554,0.6918989421627535,0.6938507352877462,270728000
2016-01-26 00:00:00+00:00,0.7001940608024597,0.7031217220663265,0.6877516167650184,0.6948267593746991,227944000
2016-01-27 00:00:00+00:00,0.6918990015983582,0.7014138412117111,0.6787246440826314,0.699218095570094,231700000
2016-01-28 00:00:00+00:00,0.6843360662460327,0.6999501242842323,0.6709176960385033,0.697510425898045,276776000
2016-01-29 00:00:00+00:00,0.7145885825157166,0.7160524137296498,0.68750793772603,0.6901915895068946,310504000
2016-02-01 00:00:00+00:00,0.7148323059082031,0.7184918243054434,0.7077571633286766,0.7138564382134054,289884000
2016-02-02 00:00:00+00:00,0.6845800876617432,0.7111728202026683,0.6797006903973718,0.7075133013378915,341908000
2016-02-03 00:00:00+00:00,0.6879956722259521,0.6940949480504911,0.6721376597827603,0.6899474660832868,326772000
2016-02-04 00:00:00+00:00,0.6882393956184387,0.7038534491265331,0.6814082072188481,0.6889712525716634,348140000
2016-02-05 00:00:00+00:00,0.6448127031326294,0.6911670185726956,0.6428609681984505,0.6836039729940241,600428000
2016-02-08 00:00:00+00:00,0.615292489528656,0.6382256409212848,0.6062655538596067,0.6350540274520498,608852000
2016-02-09 00:00:00+00:00,0.6218797564506531,0.647740572586618,0.605045819088506,0.6079734806008799,425372000
2016-02-10 00:00:00+00:00,0.6204157471656799,0.6438368580240855,0.617000181828763,0.6257831056715383,335800000
2016-02-11 00:00:00+00:00,0.6172444224357605,0.6235876514050944,0.6045579644970928,0.6045579644970928,340144000
2016-02-12 00:00:00+00:00,0.627734899520874,0.6289547776366937,0.6038258235871165,0.6270029842847802,340816000
2016-02-16 00:00:00+00:00,0.6584752798080444,0.6594512058239576,0.6348102081787556,0.6367619438765711,485352000
2016-02-17 00:00:00+00:00,0.674821138381958,0.6811643650044028,0.6640864203284405,0.6667701289253151,771468000
2016-02-18 00:00:00+00:00,0.7328860759735107,0.7558192871617946,0.7294705098923825,0.7302024252193382,1068660000
2016-02-19 00:00:00+00:00,0.7426448464393616,0.7492320841779158,0.7233712124828777,0.7289825243710565,525628000
2016-02-22 00:00:00+00:00,0.7689935564994812,0.7775325288675602,0.7519156699303137,0.7533795004124976,449668000
2016-02-23 00:00:00+00:00,0.7709454298019409,0.7782645248047668,0.7592348428972218,0.7628944194821329,369380000
2016-02-24 00:00:00+00:00,0.776312530040741,0.7775324079752219,0.7465481948097873,0.7677736171673002,336852000
2016-02-25 00:00:00+00:00,0.778020441532135,0.7819239701355083,0.7641141681432981,0.7792403196687477,349616000
2016-02-26 00:00:00+00:00,0.7728970646858215,0.7836317243271704,0.7650900077646647,0.7816799891803757,361964000
2016-02-29 00:00:00+00:00,0.767877459526062,0.7840381425417745,0.7673877772400759,0.7739989551321568,323344000
2016-03-01 00:00:00+00:00,0.8019128441810608,0.8019128441810608,0.7686119986683732,0.7698363210731936,348700000
2016-03-02 00:00:00+00:00,0.8065651059150696,0.8095034329411854,0.7960361785766937,0.7975053420897517,233812000
2016-03-03 00:00:00+00:00,0.7994644641876221,0.80901391286811,0.7886906344072494,0.8055859026556825,302004000
2016-03-04 00:00:00+00:00,0.7970156669616699,0.8063202719960265,0.7908941717288498,0.8055856902329319,175304000
2016-03-07 00:00:00+00:00,0.791873574256897,0.7979950693323021,0.7815894882169339,0.7926081560011018,239968000
2016-03-08 00:00:00+00:00,0.7774268984794617,0.7884455662810214,0.7749783121212155,0.7837932346866825,274940000
2016-03-09 00:00:00+00:00,0.7769375443458557,0.7855075710294979,0.76689829517211,0.784283306522804,222788000
2016-03-10 00:00:00+00:00,0.7757129669189453,0.7859970539436394,0.7600420244261475,0.7815895630563808,286084000
2016-03-11 00:00:00+00:00,0.7889351844787598,0.7891800839599358,0.7779165759506057,0.7872211800050225,277400000
2016-03-14 00:00:00+00:00,0.7908943295478821,0.7940774983635093,0.7815896642779206,0.7852625738263046,190312000
2016-03-15 00:00:00+00:00,0.7869765162467957,0.7918736896693017,0.7730195778305446,0.7867316750893439,226216000
2016-03-16 00:00:00+00:00,0.8104830384254456,0.8131765249325292,0.7774270854497527,0.7810999950599042,363644000
2016-03-17 00:00:00+00:00,0.803627073764801,0.8114625175088045,0.79260840255312,0.8075448248262637,353680000
2016-03-18 00:00:00+00:00,0.8278679251670837,0.8386416944781535,0.8080343329396887,0.8131764056395588,545512000
2016-03-21 00:00:00+00:00,0.8303166627883911,0.8305615039780467,0.8117073896594115,0.8205223146551303,337780000
2016-03-22 00:00:00+00:00,0.8288475275039673,0.8347241249109967,0.8185634382574745,0.8276232631345086,242012000
2016-03-23 00:00:00+00:00,0.8430493474006653,0.8491707858575737,0.8288475074337378,0.8325204172110192,429008000
2016-03-24 00:00:00+00:00,0.8442734479904175,0.8457426116163801,0.8327650968852252,0.8354585246135506,244956000
2016-03-28 00:00:00+00:00,0.8528435230255127,0.8565163736805153,0.8418248543026875,0.8428042772520944,265388000
2016-03-29 00:00:00+00:00,0.8665558099746704,0.8685146563041555,0.8472119543605895,0.8491708006900746,261812000
2016-03-30 00:00:00+00:00,0.8756155371665955,0.8876136309389712,0.8692491993127259,0.8697389400626078,376700000
2016-03-31 00:00:00+00:00,0.8724323511123657,0.88149211696543,0.8655763310221283,0.8795332707621957,379884000
2016-04-01 00:00:00+00:00,0.8851651549339294,0.8856548957452175,0.8604343823529441,0.8670455622212386,348292000
2016-04-04 00:00:00+00:00,0.8765950202941895,0.8971631991345062,0.8731670099471109,0.8925108660183723,393940000
2016-04-05 00:00:00+00:00,0.8753703236579895,0.8834506631312392,0.8653310803973162,0.8687591474305842,339568000
2016-04-06 00:00:00+00:00,0.8765950202941895,0.8770847610775961,0.8479465563695833,0.86435208449825,453376000
2016-04-07 00:00:00+00:00,0.8675351738929749,0.8787986854656002,0.8638623226812895,0.8709631839249259,378104000
2016-04-08 00:00:00+00:00,0.8731668591499329,0.8802677781989156,0.8645967763833794,0.8746360228675034,255936000
2016-04-11 00:00:00+00:00,0.8785538673400879,0.8930005481440269,0.8756155395905006,0.8783089677750097,387524000
2016-04-12 00:00:00+00:00,0.8775743246078491,0.8827163390898788,0.860434159576595,0.881492016568113,292764000
2016-04-13 00:00:00+00:00,0.8996115922927856,0.8998564334422277,0.8814920045191393,0.8814920045191393,350716000
2016-04-14 00:00:00+00:00,0.902060329914093,0.9059780808554844,0.8934902460811172,0.897163155832084,416564000
2016-04-15 00:00:00+00:00,0.9091612696647644,0.9172416129141084,0.8988771805168027,0.9018155083816264,436972000
2016-04-18 00:00:00+00:00,0.9052435159683228,0.9074472618604414,0.8964285907787689,0.9074472618604414,307320000
2016-04-19 00:00:00+00:00,0.889082670211792,0.9103853682151669,0.8834509150825317,0.9086713633991631,309152000
2016-04-20 00:00:00+00:00,0.8925108313560486,0.8978977462486202,0.8866342340780108,0.8876136572278637,200172000
2016-04-21 00:00:00+00:00,0.8915315270423889,0.8969184426530064,0.8876137755418424,0.8927557915481625,178280000
2016-04-22 00:00:00+00:00,0.8881032466888428,0.9005910210745346,0.8851649193609573,0.8944695836466541,223540000
2016-04-25 00:00:00+00:00,0.8925108313560486,0.8974080054842335,0.8858996521208911,0.8883482391849835,191972000
2016-04-26 00:00:00+00:00,0.893245279788971,0.9081816995124516,0.8893275293962725,0.8978976120289822,214536000
2016-04-27 00:00:00+00:00,0.9135685563087463,0.9140582970005088,0.8893275304552885,0.891041535308089,352396000
2016-04-28 00:00:00+00:00,0.8863893151283264,0.913323830623428,0.8841856276840641,0.9079369158486239,381224000
2016-04-29 00:00:00+00:00,0.8699838519096375,0.8846753750523363,0.8604343443532061,0.8827165286515458,321904000
2016-05-02 00:00:00+00:00,0.881492018699646,0.8868789327264015,0.8741462586880219,0.8783088501900511,256076000
2016-05-03 00:00:00+00:00,0.8709632158279419,0.8751258079304874,0.8633726135678786,0.871452956584267,224024000
2016-05-04 00:00:00+00:00,0.851129412651062,0.8611685987997901,0.842314490442444,0.8604340170841634,525764000
2016-05-05 00:00:00+00:00,0.856271505355835,0.8663107508105607,0.8499051688184251,0.8582304095713724,246884000
2016-05-06 00:00:00+00:00,0.8650863766670227,0.8672901218856811,0.8530882860928649,0.854802290692187,183240000
2016-05-09 00:00:00+00:00,0.8638624548912048,0.8709633172215935,0.8567615341818899,0.8672904654477961,333336000
2016-05-10 00:00:00+00:00,0.880512535572052,0.8819816991498216,0.8609238435455433,0.869249025981028,269676000
2016-05-11 00:00:00+00:00,0.8829611539840698,0.8927555003512752,0.8783088219459745,0.8832060535084865,328176000
2016-05-12 00:00:00+00:00,0.8709632158279419,0.8932453986096454,0.8552922705514904,0.8893276476958025,670540000
2016-05-13 00:00:00+00:00,1.003431797027588,1.0039214793394002,0.9549497454234581,0.9596020192802344,2110256000
2016-05-16 00:00:00+00:00,1.03305983543396,1.0479963157910217,0.9926581196276482,0.9958412886535346,973032000
2016-05-17 00:00:00+00:00,1.035263180732727,1.0426088803003615,1.015184693948428,1.0284070465764017,628392000
2016-05-18 00:00:00+00:00,1.0617082118988037,1.073706362787076,1.0284073622642458,1.0284073622642458,541072000
2016-05-19 00:00:00+00:00,1.066360592842102,1.073951252928363,1.0560765631183915,1.057545610143638,398880000
2016-05-20 00:00:00+00:00,1.0854597091674805,1.0898672009386097,1.0712578690768473,1.0729718741948684,391084000
2016-05-23 00:00:00+00:00,1.0871734619140625,1.0942743219320972,1.0805622841709779,1.0901117890793923,413636000
2016-05-24 00:00:00+00:00,1.1135642528533936,1.1170012818074844,1.0875418196107773,1.0904877775365514,415788000
2016-05-25 00:00:00+00:00,1.1088999509811401,1.121665573499512,1.1000620772441543,1.1170012767095283,458076000
2016-05-26 00:00:00+00:00,1.1206837892532349,1.1287851158757225,1.1076725712553317,1.110864006502404,309964000
2016-05-27 00:00:00+00:00,1.1268209218978882,1.128539377628438,1.1182285261841214,1.1219110316590288,277416000
2016-05-31 00:00:00+00:00,1.1469515562057495,1.149406560111359,1.130994382002376,1.1317309299984706,412524000
2016-06-01 00:00:00+00:00,1.1491611003875732,1.1602082669456002,1.1381138167685152,1.14155072863915,387132000
2016-06-02 00:00:00+00:00,1.1572623252868652,1.1670821060792518,1.1440055158622247,1.1552982754795713,329208000
2016-06-03 00:00:00+00:00,1.1410597562789917,1.1474426266080924,1.1209292372786228,1.1459697645884916,461076000
2016-06-06 00:00:00+00:00,1.1351674795150757,1.1528431039865747,1.1292755656709121,1.1440052332203292,322512000
2016-06-07 00:00:00+00:00,1.137377142906189,1.1484244253028224,1.136886188996433,1.142041556231924,193400000
2016-06-08 00:00:00+00:00,1.1336947679519653,1.1417960928644333,1.1243659411894822,1.13762263339879,234616000
2016-06-09 00:00:00+00:00,1.1631540060043335,1.1648724616163229,1.1273117980274021,1.1297668015079636,472168000
2016-06-10 00:00:00+00:00,1.1341859102249146,1.1597173910524163,1.1327129311724788,1.1494066547464048,400024000
2016-06-13 00:00:00+00:00,1.148669958114624,1.171010000949109,1.1354132654184315,1.1354132654184315,475588000
2016-06-14 00:00:00+00:00,1.1508795022964478,1.1562803468309055,1.1332038727479192,1.1459696117030245,298344000
2016-06-15 00:00:00+00:00,1.162663459777832,1.1727287200429275,1.14768830789115,1.1604540495194855,301036000
2016-06-16 00:00:00+00:00,1.167327880859375,1.1692918141067048,1.142778422615124,1.1540711851135845,246456000
2016-06-17 00:00:00+00:00,1.1469515562057495,1.1690461231121172,1.142287142433915,1.1688006461337621,471000000
2016-06-20 00:00:00+00:00,1.1675729751586914,1.1825481222197565,1.1646270177228397,1.165363565612309,293768000
2016-06-21 00:00:00+00:00,1.1604540348052979,1.1756746635209092,1.158735461551536,1.1724832281542916,212508000
2016-06-22 00:00:00+00:00,1.1594719886779785,1.1705192737517356,1.1575080555020107,1.1629089010011835,202620000
2016-06-23 00:00:00+00:00,1.1904041767120361,1.1916316787006116,1.1697825881358932,1.1705191361534515,297880000
2016-06-24 00:00:00+00:00,1.1226476430892944,1.162663319355866,1.1120914300552938,1.1415507762268289,1017684000
2016-06-27 00:00:00+00:00,1.1106184720993042,1.1219112333852876,1.0941702256336674,1.1133188361265571,449088000
2016-06-28 00:00:00+00:00,1.1268209218978882,1.1329581969006997,1.1113547032619218,1.1317308121367475,381920000
2016-06-29 00:00:00+00:00,1.145233392715454,1.15407126855904,1.133695152359433,1.1366411109739616,318932000
2016-06-30 00:00:00+00:00,1.1540707349777222,1.1611900341203627,1.1378680871501219,1.1471967957016151,430940000
2016-07-01 00:00:00+00:00,1.14547860622406,1.1626632828145433,1.141550740349052,1.1476881332071553,218488000
2016-07-05 00:00:00+00:00,1.1624172925949097,1.1643812246652907,1.1300120037201906,1.1390952334435707,371084000
2016-07-06 00:00:00+00:00,1.1697826385498047,1.1766565797454525,1.1484246180966733,1.1543165342469321,273104000
2016-07-07 00:00:00+00:00,1.2002239227294922,1.2043973825418581,1.172237557178012,1.1776384018813422,395400000
2016-07-08 00:00:00+00:00,1.2483408451080322,1.254232760464512,1.2083251736108207,1.212989587091197,481932000
2016-07-11 00:00:00+00:00,1.2770637273788452,1.2863924370630802,1.2647889430234034,1.2662619218284972,448776000
2016-07-12 00:00:00+00:00,1.2962125539779663,1.3079962693503633,1.2750998932217397,1.2913026628177142,436760000
2016-07-13 00:00:00+00:00,1.2957217693328857,1.3060326249913123,1.2937578358468738,1.2986677280924361,324604000
2016-07-14 00:00:00+00:00,1.3089780807495117,1.3207619123133578,1.2917935214872869,1.3025953280671356,316892000
2016-07-15 00:00:00+00:00,1.293757438659668,1.299649354369934,1.2726448967792534,1.2922844597321015,428616000
2016-07-18 00:00:00+00:00,1.300385594367981,1.3116783531138592,1.2954757043506866,1.3097144205191438,252992000
2016-07-19 00:00:00+00:00,1.3138879537582397,1.3190433210077888,1.2971942331098196,1.2996492367873296,382652000
2016-07-20 00:00:00+00:00,1.3310725688934326,1.3381919862176743,1.3129059857250982,1.3183068301640561,296460000
2016-07-21 00:00:00+00:00,1.306523084640503,1.3323000384396169,1.3021041481735354,1.3281265789328662,361308000
2016-07-22 00:00:00+00:00,1.3421199321746826,1.3421199321746826,1.3016133038041011,1.311187608424514,315768000
2016-07-25 00:00:00+00:00,1.3669146299362183,1.3701060642651677,1.344329112694578,1.3502210274744877,312528000
2016-07-26 00:00:00+00:00,1.390236735343933,1.3973560350251277,1.376980043765977,1.3789439763958566,514508000
2016-07-27 00:00:00+00:00,1.3762433528900146,1.4047207827783275,1.3678965522844062,1.402265779450265,446676000
2016-07-28 00:00:00+00:00,1.3791897296905518,1.3895004658591459,1.3750162695874326,1.3794352066858462,221916000
2016-07-29 00:00:00+00:00,1.4017746448516846,1.4054570323079363,1.3595495763663072,1.3843444980652475,409588000
2016-08-01 00:00:00+00:00,1.3926913738250732,1.4128220016138269,1.3836081431317393,1.4076666354806926,301120000
2016-08-02 00:00:00+00:00,1.3757529258728027,1.400056906234656,1.3624962305956183,1.3993203581297866,282748000
2016-08-03 00:00:00+00:00,1.3794353008270264,1.3821357820816385,1.366424082700152,1.3740344553788477,299828000
2016-08-04 00:00:00+00:00,1.4049664735794067,1.4113493427308417,1.3833629794843298,1.3860633430830773,272712000
2016-08-05 00:00:00+00:00,1.4287794828414917,1.4295159137094504,1.414295288889135,1.4211691119008247,371588000
2016-08-08 00:00:00+00:00,1.4420360326766968,1.4518558123134058,1.426815292297093,1.4484189011466584,305064000
2016-08-09 00:00:00+00:00,1.4457184076309204,1.459711646163459,1.4420360195658861,1.44915531876642,372344000
2016-08-10 00:00:00+00:00,1.436389446258545,1.460693415901784,1.4317250338549745,1.4584840066836695,375740000
2016-08-11 00:00:00+00:00,1.4656035900115967,1.4717409821068757,1.441054138691498,1.4440000962621133,681064000
2016-08-12 00:00:00+00:00,1.5475990772247314,1.5559458801240706,1.488434908904133,1.519612710547881,1425744000
2016-08-15 00:00:00+00:00,1.546125888824463,1.5588916269630313,1.5252588258718816,1.5493173233591049,573304000
2016-08-16 00:00:00+00:00,1.5367975234985352,1.5463717121861833,1.532133109129092,1.543916825027081,287652000
2016-08-17 00:00:00+00:00,1.501200795173645,1.5402345696521234,1.4891716012201397,1.536797657093979,595212000
2016-08-18 00:00:00+00:00,1.5245227813720703,1.5269776686033967,1.4930993819715495,1.4989912986244092,331684000
2016-08-19 00:00:00+00:00,1.5284504890441895,1.539988727073641,1.517157728006274,1.5237860750218946,291560000
2016-08-22 00:00:00+00:00,1.5348331928253174,1.5370427196318932,1.514948153932272,1.53311473700966,244748000
2016-08-23 00:00:00+00:00,1.5472538471221924,1.557337655369005,1.5428267664491648,1.5504511636176956,339764000
2016-08-24 00:00:00+00:00,1.5233968496322632,1.553402460526889,1.5162644289149823,1.5526646724292779,298448000
2016-08-25 00:00:00+00:00,1.5133129358291626,1.5246265068030003,1.4943750859410605,1.5238887187571366,406032000
2016-08-26 00:00:00+00:00,1.5256099700927734,1.534218081582789,1.5051963145287666,1.5172477878915118,300024000
2016-08-29 00:00:00+00:00,1.5246261358261108,1.5379072556340656,1.5221667256615785,1.5317586715843734,274652000
2016-08-30 00:00:00+00:00,1.5157723426818848,1.5307750872390649,1.5115911922593548,1.5226588329997062,285544000
2016-08-31 00:00:00+00:00,1.5086395740509033,1.5229045284302944,1.5042126122560806,1.5187234959266591,388544000
2016-09-01 00:00:00+00:00,1.5531564950942993,1.5588132222082398,1.5086399971562239,1.5098697612337788,428492000
2016-09-02 00:00:00+00:00,1.5379074811935425,1.5580752104289086,1.5204453263617532,1.5563535878782147,323148000
2016-09-06 00:00:00+00:00,1.5524184703826904,1.5524184703826904,1.5354481730688365,1.543318498372634,306812000
2016-09-07 00:00:00+00:00,1.5295453071594238,1.5551238335288258,1.5206912650267221,1.5474994380279292,397988000
2016-09-08 00:00:00+00:00,1.540612816810608,1.543072344418608,1.5106073305640846,1.5280694840186153,315808000
2016-09-09 00:00:00+00:00,1.4638776779174805,1.5322509652351197,1.451088413055655,1.5236428512999511,697760000
2016-09-12 00:00:00+00:00,1.4941290616989136,1.4970804484800857,1.4097691954669722,1.4444478142306136,598260000
2016-09-13 00:00:00+00:00,1.4724855422973633,1.5076560147067293,1.4641233591380196,1.490439672477443,471768000
2016-09-14 00:00:00+00:00,1.4855211973190308,1.49044013702101,1.4636319566920934,1.475929247308655,319048000
2016-09-15 00:00:00+00:00,1.5418424606323242,1.5435640829132595,1.4845367149586575,1.4879800767972504,515212000
2016-09-16 00:00:00+00:00,1.5455321073532104,1.5556159148377595,1.5278239032764804,1.5472537301608955,902444000
2016-09-19 00:00:00+00:00,1.565946102142334,1.6050516935931056,1.5546325281660665,1.5617649502759117,417128000
2016-09-20 00:00:00+00:00,1.551680088043213,1.5838991649417902,1.5430719780126896,1.5838991649417902,331112000
2016-09-21 00:00:00+00:00,1.5952131748199463,1.598164561158725,1.5561075990229691,1.5563535283384113,336212000
2016-09-22 00:00:00+00:00,1.5991483926773071,1.6094782456010852,1.590048420972085,1.604559307110582,308732000
2016-09-23 00:00:00+00:00,1.5974265336990356,1.6057887161678688,1.5902941149900467,1.6011158249785689,276132000
2016-09-26 00:00:00+00:00,1.5824240446090698,1.5888186764525691,1.5625023610705129,1.5792267286873203,230040000
2016-09-27 00:00:00+00:00,1.6365323066711426,1.6389918344916612,1.5755374944092242,1.576275282389335,402752000
2016-09-28 00:00:00+00:00,1.6424349546432495,1.6436647184599338,1.6215294388665447,1.6389917097779192,319788000
2016-09-29 00:00:00+00:00,1.6576836109161377,1.6628485954400374,1.624480809129532,1.6397294815654673,336684000
2016-09-30 00:00:00+00:00,1.6852296590805054,1.7017080939027933,1.6569456803930502,1.666783555429542,429932000
2016-10-03 00:00:00+00:00,1.6835081577301025,1.7095786592698263,1.680556888622967,1.685229897517977,242596000
2016-10-04 00:00:00+00:00,1.679818868637085,1.7142514337844017,1.66727553600085,1.6859675703040025,281624000
2016-10-05 00:00:00+00:00,1.6780974864959717,1.7113004098849354,1.672932618575932,1.6940840662080565,305440000
2016-10-06 00:00:00+00:00,1.6562081575393677,1.6682595153404804,1.6296457968693852,1.6579297800823838,360212000
2016-10-07 00:00:00+00:00,1.6441566944122314,1.6717027725774505,1.6394836853967245,1.6672756928874848,286260000
2016-10-10 00:00:00+00:00,1.6503055095672607,1.6616190802533906,1.634810788230643,1.6527649202676808,287876000
2016-10-11 00:00:00+00:00,1.626448631286621,1.6473541503336369,1.6139052964030614,1.6448947395922677,388540000
2016-10-12 00:00:00+00:00,1.633826732635498,1.6424348442200887,1.6062806582880835,1.6198077075319721,419920000
2016-10-13 00:00:00+00:00,1.607264518737793,1.6183321587770492,1.5666832501116765,1.6146429845228756,390116000
2016-10-14 00:00:00+00:00,1.6230049133300781,1.638007654586823,1.6134129679503437,1.6269400162812282,330636000
2016-10-17 00:00:00+00:00,1.6136592626571655,1.6380080255328486,1.6114457814054646,1.6227593515480065,195328000
2016-10-18 00:00:00+00:00,1.6382536888122559,1.6475997055158618,1.6293996479665984,1.6360402079200225,269372000
2016-10-19 00:00:00+00:00,1.6348108053207397,1.6424352013975694,1.6188242251322662,1.6271865265206602,199060000
2016-10-20 00:00:00+00:00,1.6657999753952026,1.6712108895852649,1.6306296195434948,1.6539945470039803,312084000
2016-10-21 00:00:00+00:00,1.6611272096633911,1.664078479027394,1.6453865590972194,1.6598974456836204,279508000
2016-10-24 00:00:00+00:00,1.739092469215393,1.7410600212501226,1.6721947618205897,1.6724408084420872,339836000
2016-10-25 00:00:00+00:00,1.7676221132278442,1.7781978950697401,1.727778748200875,1.7361409315790015,397460000
2016-10-26 00:00:00+00:00,1.7747550010681152,1.7941848287784437,1.7511440222032453,1.7528656450841122,333792000
2016-10-27 00:00:00+00:00,1.7383544445037842,1.79172497878092,1.7312220248890058,1.7882817336374586,388664000
2016-10-28 00:00:00+00:00,1.735403060913086,1.7732788722715245,1.7322057453082138,1.7467166301859616,290856000
2016-10-31 00:00:00+00:00,1.7501598596572876,1.761719358139797,1.740075937031635,1.7410597715462726,252388000
2016-11-01 00:00:00+00:00,1.6982651948928833,1.7661466168217106,1.6795731581544766,1.756554669118067,473224000
2016-11-02 00:00:00+00:00,1.6911325454711914,1.7344192719293412,1.688181159100473,1.7113002741532757,295848000
2016-11-03 00:00:00+00:00,1.671457290649414,1.7004790698128558,1.6389922654532618,1.6990033761878696,309664000
2016-11-04 00:00:00+00:00,1.661864995956421,1.6903949104183351,1.6375162321106786,1.6603893026375807,328780000
2016-11-07 00:00:00+00:00,1.7528654336929321,1.7639330750362112,1.709332773623634,1.7105625376121645,487580000
2016-11-08 00:00:00+00:00,1.7501598596572876,1.7651626030259289,1.7339273524645327,1.7595057598010457,429884000
2016-11-09 00:00:00+00:00,1.7206460237503052,1.743765136775912,1.690148679998336,1.7026918950589336,456532000
2016-11-10 00:00:00+00:00,1.6667839288711548,1.7585222572808987,1.6419433064299993,1.7582763279413942,869280000
2016-11-11 00:00:00+00:00,2.163597345352173,2.1832731011677717,1.9306853571953482,1.9555260985977838,2175344000
2016-11-14 00:00:00+00:00,2.057102680206299,2.1690086494424112,2.0566108214056897,2.1665491208858136,1348796000
2016-11-15 00:00:00+00:00,2.119818687438965,2.1508078946195752,2.0642344357855147,2.0730885955028993,626092000
2016-11-16 00:00:00+00:00,2.2536137104034424,2.2764866616062305,2.123753648183303,2.1481024098495793,987984000
2016-11-17 00:00:00+00:00,2.272305488586426,2.331332740264845,2.229510508293796,2.2703378197090993,832988000
2016-11-18 00:00:00+00:00,2.2961623668670654,2.320019032412438,2.257794583278457,2.272305466768247,576060000
2016-11-21 00:00:00+00:00,2.2868165969848633,2.320511375904319,2.2725515239674015,2.3141167446162947,436436000
2016-11-22 00:00:00+00:00,2.303295135498047,2.3055086168170984,2.272059881309554,2.2946870222831266,330368000
2016-11-23 00:00:00+00:00,2.3146262168884277,2.34615442151891,2.2850683929134545,2.3084681900782016,443236000
2016-11-25 00:00:00+00:00,2.319305658340454,2.3424592697356044,2.3008318173145406,2.3257098637202605,195564000
2016-11-28 00:00:00+00:00,2.3180735111236572,2.3335913084476365,2.305511283371738,2.3121619021703532,278736000
2016-11-29 00:00:00+00:00,2.2968907356262207,2.326202371228553,2.2791561401904628,2.3153643410523213,444568000
2016-11-30 00:00:00+00:00,2.2710273265838623,2.31930515395525,2.268564116995468,2.3055113212029994,440500000
2016-12-01 00:00:00+00:00,2.158707857131958,2.270288735077855,2.0880154202314705,2.2685645350291757,1035524000
2016-12-02 00:00:00+00:00,2.178659439086914,2.1872804391580205,2.0966363785738693,2.1244699937625713,478292000
2016-12-05 00:00:00+00:00,2.263146162033081,2.2811271776151925,2.192207290039224,2.216592512605568,602284000
2016-12-06 00:00:00+00:00,2.3003389835357666,2.308713803126602,2.2555095505296325,2.271273764821156,498796000
2016-12-07 00:00:00+00:00,2.3417208194732666,2.3473860161891076,2.2685651526148582,2.28679258302352,480804000
2016-12-08 00:00:00+00:00,2.3025553226470947,2.3798983589111566,2.2919639451377813,2.344675357402739,381544000
2016-12-09 00:00:00+00:00,2.2616677284240723,2.3220149648614385,2.2343267077841453,2.3202907648176465,382312000
2016-12-12 00:00:00+00:00,2.206739664077759,2.2156070808368873,2.1562450239095754,2.213143870364127,601332000
2016-12-13 00:00:00+00:00,2.245656728744507,2.2732441598123745,2.2180695325812385,2.2190547224714696,387796000
2016-12-14 00:00:00+00:00,2.3757119178771973,2.3919687289593776,2.255509799973862,2.279402421549892,983980000
2016-12-15 00:00:00+00:00,2.4313790798187256,2.4616759059238005,2.37940642794241,2.386795823242176,746548000
2016-12-16 00:00:00+00:00,2.473252773284912,2.4803957537948573,2.4072401042529363,2.458966342455727,1089528000
2016-12-19 00:00:00+00:00,2.503302812576294,2.5235006158442306,2.438521758251387,2.4557639916890412,744656000
2016-12-20 00:00:00+00:00,2.590498685836792,2.6141448908272,2.56463545092775,2.575966075861562,848056000
2016-12-21 00:00:00+00:00,2.6067559719085693,2.609711777435296,2.554537132444194,2.6020759660666424,576136000
2016-12-22 00:00:00+00:00,2.63828444480896,2.681635868304717,2.6239980120774633,2.6311412284432114,718612000
2016-12-23 00:00:00+00:00,2.704050064086914,2.7055280841001093,2.6175934102635607,2.620302800414895,647692000
2016-12-27 00:00:00+00:00,2.889770984649658,2.890756174370007,2.739518511782193,2.760209140241431,1194272000
2016-12-28 00:00:00+00:00,2.690995454788208,2.954060229561132,2.677201854252198,2.945931824258892,2295764000
2016-12-29 00:00:00+00:00,2.744692325592041,2.746170345731629,2.532122163046574,2.5838484047435557,2175368000
2016-12-30 00:00:00+00:00,2.6291704177856445,2.7567619381462167,2.6183326214429705,2.7427219214653475,1212932000
2017-01-03 00:00:00+00:00,2.5126633644104004,2.6200568432898743,2.447882296094783,2.5715325870748407,1501996000
2017-01-04 00:00:00+00:00,2.571286678314209,2.598627704723409,2.50084040680986,2.5469014575901676,1199220000
2017-01-05 00:00:00+00:00,2.506012201309204,2.6065088575391235,2.489016382816928,2.57473425028326,984296000
2017-01-06 00:00:00+00:00,2.5395123958587646,2.5678386162651026,2.492712328756823,2.533354368658657,822856000
2017-01-09 00:00:00+00:00,2.6424713134765625,2.66020614482518,2.5493642710625997,2.5493642710625997,916248000
2017-01-10 00:00:00+00:00,2.6225202083587646,2.6895178410275076,2.60182956952486,2.6555264295859655,880920000
2017-01-11 00:00:00+00:00,2.5902531147003174,2.615869942995343,2.5653752966189156,2.6109437563488354,525664000
2017-01-12 00:00:00+00:00,2.547886610031128,2.5789224518122715,2.5030571651937796,2.5673456442608598,625616000
2017-01-13 00:00:00+00:00,2.547640562057495,2.586311982604273,2.5385267296472205,2.5518277382705254,457820000
2017-01-17 00:00:00+00:00,2.490495204925537,2.5419750370529997,2.4771941967916695,2.537048850846417,580612000
2017-01-18 00:00:00+00:00,2.5358176231384277,2.5427144257973535,2.44123253182288,2.469066157512712,654424000
2017-01-19 00:00:00+00:00,2.5902531147003174,2.6222741500691,2.536556482239366,2.53877327797553,644872000
2017-01-20 00:00:00+00:00,2.5619256496429443,2.6306476934730854,2.540003648171894,2.612912866398716,492024000
2017-01-23 00:00:00+00:00,2.5885283946990967,2.608480022130303,2.5542905704646444,2.5567537807459613,369904000
2017-01-24 00:00:00+00:00,2.643702745437622,2.649860770462901,2.5838481046387987,2.5986271297948322,428052000
2017-01-25 00:00:00+00:00,2.6550333499908447,2.692226975198954,2.6190713297782584,2.6860689502213395,522760000
2017-01-26 00:00:00+00:00,2.700847864151001,2.7082372589155073,2.6281848167369213,2.65774263069957,458800000
2017-01-27 00:00:00+00:00,2.7530672550201416,2.7560230605110188,2.6811432028530313,2.707745217366254,471996000
2017-01-30 00:00:00+00:00,2.709961414337158,2.7343466280735815,2.6579890019839914,2.7321298331711104,496004000
2017-01-31 00:00:00+00:00,2.6892714500427246,2.710700862404625,2.6651324124468503,2.6836062543974926,362756000
2017-02-01 00:00:00+00:00,2.8067634105682373,2.810950585301567,2.7060203388412543,2.7237549324368877,590004000
2017-02-02 00:00:00+00:00,2.8422329425811768,2.8508541778424217,2.760210114256463,2.7907531205062353,483240000
2017-02-03 00:00:00+00:00,2.8173553943634033,2.854795439295257,2.8055324077307104,2.843711227830151,372744000
2017-02-06 00:00:00+00:00,2.889526128768921,2.890018723894868,2.8079956453552213,2.8079956453552213,506768000
2017-02-07 00:00:00+00:00,2.934354305267334,2.9784447211909453,2.9040574865255038,2.9237626924722155,746224000
2017-02-08 00:00:00+00:00,2.921546459197998,2.9387884589877515,2.8666180050176506,2.9163738592610717,449580000
2017-02-09 00:00:00+00:00,2.8666186332702637,2.932631311755645,2.8474062492394245,2.927704890790531,842568000
2017-02-10 00:00:00+00:00,2.798635959625244,2.9730270898587032,2.7735117281432897,2.9540608849140724,1651092000
2017-02-13 00:00:00+00:00,2.6695661544799805,2.807502635358754,2.6651323291922826,2.792970024219749,1180724000
2017-02-14 00:00:00+00:00,2.6794190406799316,2.713164271851604,2.618086369502465,2.659960007163528,850632000
2017-02-15 00:00:00+00:00,2.684837579727173,2.7045427915673805,2.6542945718462474,2.682374604425638,373020000
2017-02-16 00:00:00+00:00,2.6417324542999268,2.6956754868525894,2.6025682124962612,2.6944438818060656,647176000
2017-02-17 00:00:00+00:00,2.6412391662597656,2.645672990639175,2.581138353803043,2.6281845778591673,563740000
2017-02-21 00:00:00+00:00,2.7358248233795166,2.73976581844825,2.665624747602221,2.6658711625647946,551952000
2017-02-22 00:00:00+00:00,2.7316317558288574,2.7572809023813414,2.712641386630731,2.7479090807409285,433772000
2017-02-23 00:00:00+00:00,2.478346586227417,2.6238560792241366,2.458370018681134,2.6019064099147697,1592888000
2017-02-24 00:00:00+00:00,2.502269744873047,2.5155875370336997,2.3602129815579427,2.394000796277025,1029904000
2017-02-27 00:00:00+00:00,2.575023651123047,2.5900678144185405,2.504735235384597,2.5205193411113025,715400000
2017-02-28 00:00:00+00:00,2.50276255607605,2.594507671385891,2.485498797776298,2.584642397841957,625360000
2017-03-01 00:00:00+00:00,2.5350708961486816,2.574037835661334,2.4936376380742087,2.55973337616364,504804000
2017-03-02 00:00:00+00:00,2.4416000843048096,2.5363047679966186,2.438887274245301,2.522247030486062,754332000
2017-03-03 00:00:00+00:00,2.427541971206665,2.435927125281352,2.3730374113162935,2.4309947232140816,864692000
2017-03-06 00:00:00+00:00,2.408799171447754,2.41940415713643,2.3471425951570324,2.391288679320267,883568000
2017-03-07 00:00:00+00:00,2.435188055038452,2.4546716499468,2.395974609591863,2.408799188842601,603400000
2017-03-08 00:00:00+00:00,2.4307479858398438,2.49832361081164,2.428528393159955,2.4835259342772327,638712000
2017-03-09 00:00:00+00:00,2.430255651473999,2.452698547564694,2.402140173451682,2.4147182618727485,478060000
2017-03-10 00:00:00+00:00,2.444559097290039,2.4684818714994177,2.4263089031929557,2.4566439649718474,499740000
2017-03-13 00:00:00+00:00,2.5118885040283203,2.5217535447942168,2.45417790970732,2.454917852445072,774136000
2017-03-14 00:00:00+00:00,2.510161876678467,2.534084415861881,2.477853712641239,2.5247128279926914,522016000
2017-03-15 00:00:00+00:00,2.5291521549224854,2.540003628725611,2.4741543727995414,2.5217534334749505,615036000
2017-03-16 00:00:00+00:00,2.560227155685425,2.5607206076671383,2.52569962903361,2.5397573656851926,523100000
2017-03-17 00:00:00+00:00,2.615964412689209,2.6171975720183345,2.5602266929377597,2.5777371790895947,1119688000
2017-03-20 00:00:00+00:00,2.699323892593384,2.7032700964963587,2.617444042424654,2.633474878377626,748568000
2017-03-21 00:00:00+00:00,2.6120190620422363,2.7119028835213244,2.6041271219990283,2.682061029530678,913484000
2017-03-22 00:00:00+00:00,2.6652896404266357,2.6699755518506354,2.596974071056095,2.600920039833912,616764000
2017-03-23 00:00:00+00:00,2.641120433807373,2.677374569880068,2.631502119143807,2.6573977626235017,533940000
2017-03-24 00:00:00+00:00,2.6504921913146973,2.6953782074231314,2.624596548483552,2.6874862691891965,439500000
2017-03-27 00:00:00+00:00,2.6697287559509277,2.673674724625355,2.554554310559216,2.6038795069922758,506644000
2017-03-28 00:00:00+00:00,2.6559178829193115,2.6855130022826774,2.6455596264222985,2.6709620509556067,432444000
2017-03-29 00:00:00+00:00,2.6472854614257812,2.675647415618629,2.6450658690873845,2.6633160596040266,349992000
2017-03-30 00:00:00+00:00,2.6980910301208496,2.7128887083823354,2.6487658279177575,2.654438173250862,525532000
2017-03-31 00:00:00+00:00,2.6864993572235107,2.710175640183456,2.6734282916070438,2.688472459203871,440808000
2017-04-03 00:00:00+00:00,2.6729350090026855,2.704256502761599,2.6492587266265524,2.6869927428632425,445232000
2017-04-04 00:00:00+00:00,2.485499382019043,2.575271416681744,2.474647907851456,2.5501154806738917,1271280000
2017-04-05 00:00:00+00:00,2.4670028686523438,2.524713471919512,2.4539315641306563,2.4667561426344715,747048000
2017-04-06 00:00:00+00:00,2.485006809234619,2.4970914460166966,2.427049474526709,2.4721822295308518,635120000
2017-04-07 00:00:00+00:00,2.474400520324707,2.5089282710101335,2.4593563549777953,2.4914177873568932,429068000
2017-04-10 00:00:00+00:00,2.4112651348114014,2.481800074562135,2.4070724393210363,2.4751412951372656,756332000
2017-04-11 00:00:00+00:00,2.4198968410491943,2.4391337055497453,2.3762439833596125,2.3811763860719704,618148000
2017-04-12 00:00:00+00:00,2.3999195098876953,2.434200536218569,2.3947403823298856,2.419896312754296,414092000
2017-04-13 00:00:00+00:00,2.355034351348877,2.3974540555887405,2.355034351348877,2.3757511042481667,506892000
2017-04-17 00:00:00+00:00,2.4472720623016357,2.4475185530456507,2.3626791672883125,2.3678582953257292,497292000
2017-04-18 00:00:00+00:00,2.4487524032592773,2.454918201615646,2.407072641255321,2.432968288748595,370116000
2017-04-19 00:00:00+00:00,2.4583699703216553,2.490431168133335,2.451710957803174,2.4662619068166087,380828000
2017-04-20 00:00:00+00:00,2.497337579727173,2.5020234917844757,2.4517116186640817,2.4729215859131624,404016000
2017-04-21 00:00:00+00:00,2.5076963901519775,2.5104092005511554,2.475141724557127,2.4869796350999587,341896000
2017-04-24 00:00:00+00:00,2.5390167236328125,2.5520877879221486,2.518300213347342,2.539263214354647,371820000
2017-04-25 00:00:00+00:00,2.5831637382507324,2.5977146930250106,2.532112151134531,2.553568611876106,388440000
2017-04-26 00:00:00+00:00,2.565406322479248,2.5991939037597125,2.5634332203076284,2.5967278200465844,327004000
2017-04-27 00:00:00+00:00,2.6053595542907715,2.613744708845322,2.5548011954021836,2.5728048991000496,319700000
2017-04-28 00:00:00+00:00,2.5723111629486084,2.605359028180693,2.566638583870632,2.598453525165128,348248000
2017-05-01 00:00:00+00:00,2.6300220489501953,2.635201412483449,2.5760109375996976,2.5831631680017098,307732000
2017-05-02 00:00:00+00:00,2.552088975906372,2.6043739630053193,2.5293993532789725,2.6031408032189063,629972000
2017-05-03 00:00:00+00:00,2.5710787773132324,2.58069709220683,2.53038545429969,2.5451828980130906,336904000
2017-05-04 00:00:00+00:00,2.561213493347168,2.5883422943809697,2.5533213202747733,2.5772440950487088,209788000
2017-05-05 00:00:00+00:00,2.5614607334136963,2.5686129659025676,2.5340851984127197,2.5496228231437965,228428000
2017-05-08 00:00:00+00:00,2.5345778465270996,2.574777712769097,2.5232329215156453,2.573298062655133,365240000
2017-05-09 00:00:00+00:00,2.5387701988220215,2.587848904478003,2.5318646948465027,2.5402500840745406,847672000
2017-05-10 00:00:00+00:00,2.991330146789551,3.0044014509423804,2.8120330140147356,2.8186917938954514,2129096000
2017-05-11 00:00:00+00:00,3.1198220252990723,3.21674629196327,2.9572954609433983,2.960748213453476,1939792000
2017-05-12 00:00:00+00:00,3.1541028022766113,3.1962760068959337,3.102064792891476,3.123028032221316,962620000
2017-05-15 00:00:00+00:00,3.312436580657959,3.3149028992169103,3.190849851074445,3.195289271520774,1087540000
2017-05-16 00:00:00+00:00,3.3740932941436768,3.3896309136443072,3.289007416616706,3.363488311995905,1120700000
2017-05-17 00:00:00+00:00,3.1499106884002686,3.326001776983303,3.1457179930337635,3.3072581284279607,1271368000
2017-05-18 00:00:00+00:00,3.281855344772339,3.2907339513149165,3.133386293148285,3.1938096924275974,1156032000
2017-05-19 00:00:00+00:00,3.357649803161621,3.412458291629201,3.33839267758426,3.3830789847597793,1018372000
2017-05-22 00:00:00+00:00,3.429246425628662,3.4435657167340294,3.3904851921445487,3.4013483299681746,836608000
2017-05-23 00:00:00+00:00,3.3830790519714355,3.451219597187652,3.3504901058005867,3.448997666393976,681248000
2017-05-24 00:00:00+00:00,3.4210991859436035,3.482820682286579,3.4090015899520933,3.4801047801094693,815996000
2017-05-25 00:00:00+00:00,3.413445472717285,3.457144300692912,3.368512186638251,3.456403578741106,608228000
2017-05-26 00:00:00+00:00,3.501830577850342,3.586759317034025,3.3850536203349795,3.405298215109814,779140000
2017-05-30 00:00:00+00:00,3.576637029647827,3.611694649612243,3.5317037452187985,3.5477512290761943,989652000
2017-05-31 00:00:00+00:00,3.5637993812561035,3.6292240181393094,3.5070154809313734,3.621570518518889,887316000
2017-06-01 00:00:00+00:00,3.5640456676483154,3.5805871229437503,3.518618647481913,3.579599415236621,503340000
2017-06-02 00:00:00+00:00,3.5462708473205566,3.5872537813374468,3.540345541440105,3.5610838765728308,487456000
2017-06-05 00:00:00+00:00,3.6541595458984375,3.666997629018792,3.518372436173932,3.529976061057848,817376000
2017-06-06 00:00:00+00:00,3.637617588043213,3.695635700732361,3.624285771413553,3.6494679609091403,758728000
2017-06-07 00:00:00+00:00,3.6815638542175293,3.7003272424263813,3.646506229686417,3.662059979436414,612612000
2017-06-08 00:00:00+00:00,3.948695421218872,3.950176630090469,3.747483167272269,3.7887130906426543,1161744000
2017-06-09 00:00:00+00:00,3.6934142112731934,4.160028790787869,3.524297214074723,4.067199799407885,3692928000
2017-06-12 00:00:00+00:00,3.7025489807128906,3.745260338161963,3.5084967735819763,3.6015727523215033,1697532000
2017-06-13 00:00:00+00:00,3.737853527069092,3.8210540693948394,3.5958939114097332,3.8119191268667403,1672504000
2017-06-14 00:00:00+00:00,3.745753526687622,3.8035248884601764,3.6662563638244534,3.7408159302393127,1184640000
2017-06-15 00:00:00+00:00,3.7618014812469482,3.792168254616543,3.616879213886192,3.628236086693753,963824000
2017-06-16 00:00:00+00:00,3.7432851791381836,3.819326200848133,3.7092150285802394,3.7714302601482217,924960000
2017-06-19 00:00:00+00:00,3.8840103149414062,3.8891948979062207,3.783774573390687,3.787477712394802,778176000
2017-06-20 00:00:00+00:00,3.8783318996429443,3.9931339218698336,3.874135024317476,3.9262278416461984,1095444000
2017-06-21 00:00:00+00:00,3.937091112136841,3.94079448706893,3.844015121639727,3.905983610323142,682652000
2017-06-22 00:00:00+00:00,3.909933567047119,3.958570233506129,3.8859855948397377,3.94523817850504,469132000
2017-06-23 00:00:00+00:00,3.7978475093841553,3.933387873466174,3.782787259642738,3.9175871371160897,1088588000
2017-06-26 00:00:00+00:00,3.7563703060150146,3.8662344941884945,3.6620598671144706,3.8306828991011965,1063960000
2017-06-27 00:00:00+00:00,3.6188552379608154,3.747482830309215,3.6131769179569595,3.738841857379684,999492000
2017-06-28 00:00:00+00:00,3.746495008468628,3.7511858555428037,3.598363317793061,3.6865017043533714,994948000
2017-06-29 00:00:00+00:00,3.621323347091675,3.721065110034716,3.5571329404311425,3.718102693218508,1064424000
2017-06-30 00:00:00+00:00,3.5689847469329834,3.6521853177141543,3.542814839352384,3.6386065098977247,731060000
2017-07-03 00:00:00+00:00,3.4398622512817383,3.5958941825632773,3.4213458499360705,3.58108115566627,709072000
2017-07-05 00:00:00+00:00,3.5317037105560303,3.5605892753953587,3.484301510476089,3.503311646396529,820188000
2017-07-06 00:00:00+00:00,3.5423197746276855,3.5892282405479237,3.450478258282219,3.50257130694383,746284000
2017-07-07 00:00:00+00:00,3.6232988834381104,3.641568536148228,3.576143660737203,3.599104160679019,654972000
2017-07-10 00:00:00+00:00,3.794637680053711,3.802044193910031,3.670700947489923,3.6968708495344957,958492000
2017-07-11 00:00:00+00:00,3.848459005355835,3.8561125051886664,3.7563704924315373,3.798341130873698,757956000
2017-07-12 00:00:00+00:00,4.012144565582275,4.024241927792125,3.8652475535649624,3.9082056681992845,1145208000
2017-07-13 00:00:00+00:00,3.9657294750213623,4.105713687922591,3.9193149780511822,4.024241332411606,1369132000
2017-07-14 00:00:00+00:00,4.072384834289551,4.073865807496807,3.9751115002918125,3.982024278251278,941948000
2017-07-17 00:00:00+00:00,4.055102825164795,4.135340972695592,3.993381318109637,4.106455164240868,930792000
2017-07-18 00:00:00+00:00,4.097321033477783,4.111887314130696,3.9822717617343706,3.9941223749600905,776640000
2017-07-19 00:00:00+00:00,4.076087474822998,4.13287113565448,4.063990114874407,4.106454249871841,687044000
2017-07-20 00:00:00+00:00,4.135340690612793,4.135587441005637,4.046708797119317,4.096579688540056,699596000
2017-07-21 00:00:00+00:00,4.150153636932373,4.17978016490392,4.100529496891086,4.114849024652141,648332000
2017-07-24 00:00:00+00:00,4.102010250091553,4.166941379406649,4.091394334426088,4.157312936024296,652524000
2017-07-25 00:00:00+00:00,4.082259178161621,4.096578702761599,4.038560353361288,4.079049540236222,496556000
2017-07-26 00:00:00+00:00,4.1294145584106445,4.195333159229018,4.094603453181525,4.139783723607063,640404000
2017-07-27 00:00:00+00:00,3.993133068084717,4.165953411295825,3.8899346924203537,4.154349553830721,782856000
2017-07-28 00:00:00+00:00,4.058559417724609,4.08300136554048,3.93240096554613,3.9573361787571875,513348000
2017-07-31 00:00:00+00:00,4.012144565582275,4.108183212058507,3.9654833113442844,4.072137875829814,559672000
2017-08-01 00:00:00+00:00,4.061026573181152,4.062754767181274,3.974863623490052,4.0027614778070095,431384000
2017-08-02 00:00:00+00:00,4.058559417724609,4.0960862013744,3.9815313761510276,4.092136311030897,478444000
2017-08-03 00:00:00+00:00,4.110157489776611,4.11386062835481,4.041029253965558,4.058064444861401,442420000
2017-08-04 00:00:00+00:00,4.128180980682373,4.198790203544708,4.110158313944947,4.132871592428813,589096000
2017-08-07 00:00:00+00:00,4.255080223083496,4.2555737238304765,4.147684477510209,4.157313392848237,717412000
2017-08-08 00:00:00+00:00,4.204467296600342,4.309640372278456,4.165212338218822,4.293099155380257,755336000
2017-08-09 00:00:00+00:00,4.2491536140441895,4.251622529714518,4.139536206948704,4.158299589325185,530784000
2017-08-10 00:00:00+00:00,4.067200183868408,4.262733850184856,4.057077767480767,4.250389267676389,1328088000
2017-08-11 00:00:00+00:00,3.850433826446533,3.925487142843824,3.7751337596780177,3.879566380771384,1497196000
2017-08-14 00:00:00+00:00,4.157558917999268,4.161262056100951,3.9304238534447644,3.942027474697643,1279020000
2017-08-15 00:00:00+00:00,4.122501850128174,4.188913952737217,4.0881847159132265,4.16274428896778,764532000
2017-08-16 00:00:00+00:00,4.077322483062744,4.161017017409189,4.044980757149593,4.1375630149549965,596632000
2017-08-17 00:00:00+00:00,3.9864673614501953,4.08596237128474,3.9842456666241786,4.0689276509941195,525444000
2017-08-18 00:00:00+00:00,3.987208366394043,4.057818052219547,3.9412876074759677,4.040782859822077,601204000
2017-08-21 00:00:00+00:00,3.929190158843994,4.023006854640392,3.8852445809962997,4.011650216931008,623672000
2017-08-22 00:00:00+00:00,4.016664981842041,4.022595504064445,3.9464877639599423,3.96576184335469,450456000
2017-08-23 00:00:00+00:00,4.096973896026611,4.108093566638424,3.9746575192966658,3.983306570938991,579520000
2017-08-24 00:00:00+00:00,4.081900119781494,4.133545102062433,4.05546044525129,4.12909685705876,469700000
2017-08-25 00:00:00+00:00,4.0478010177612305,4.116248766727498,4.041376087899853,4.106117436599844,357200000
2017-08-28 00:00:00+00:00,4.076462745666504,4.079675208962091,4.011227494834813,4.066825827091845,389496000
2017-08-29 00:00:00+00:00,4.069791316986084,4.091536717291689,4.009498237973236,4.017652880915877,324096000
2017-08-30 00:00:00+00:00,4.094008922576904,4.105128593330228,4.059167161866546,4.089560677225746,384400000
2017-08-31 00:00:00+00:00,4.186919689178467,4.190873056661058,4.106858341908522,4.114271141594525,612684000
2017-09-01 00:00:00+00:00,4.212123394012451,4.247706523633182,4.190872397542756,4.199521448003297,445432000
2017-09-05 00:00:00+00:00,4.099691390991211,4.165668031386709,4.041622426936433,4.160725851501813,695364000
2017-09-06 00:00:00+00:00,4.0972208976745605,4.146394793459077,4.062379608430646,4.132557064816129,397672000
2017-09-07 00:00:00+00:00,4.116247653961182,4.148617848248033,4.075969783319227,4.114023531615269,352868000
2017-09-08 00:00:00+00:00,4.044835090637207,4.119460322553987,4.020619065021366,4.1046342517521675,498856000
2017-09-11 00:00:00+00:00,4.176046848297119,4.186672583508916,4.085112800823464,4.090549387901223,567444000
2017-09-12 00:00:00+00:00,4.191120147705078,4.200757069284288,4.125884876534656,4.200757069284288,411488000
2017-09-13 00:00:00+00:00,4.20989990234375,4.238810666028746,4.133544964035152,4.1659151595104325,580960000
2017-09-14 00:00:00+00:00,4.185930252075195,4.264014895173297,4.146393759720119,4.170856746382945,513712000
2017-09-15 00:00:00+00:00,4.450578212738037,4.450578212738037,4.266239048001517,4.271428195559547,1364792000
2017-09-18 00:00:00+00:00,4.634423732757568,4.724616882151116,4.567953145305147,4.574872009853172,1684460000
2017-09-19 00:00:00+00:00,4.629482269287109,4.691258118212478,4.562022865047172,4.584015240707539,874280000
2017-09-20 00:00:00+00:00,4.592168807983398,4.6806317629302345,4.551890933416672,4.63318805673767,724920000
2017-09-21 00:00:00+00:00,4.466640472412109,4.514578585484452,4.388802780576236,4.488385406370921,1075600000
2017-09-22 00:00:00+00:00,4.42315149307251,4.504943048644051,4.4132676005296325,4.45527520428978,491232000
2017-09-25 00:00:00+00:00,4.225467681884766,4.3934980473288325,4.204711089490155,4.392262266555475,874580000
2017-09-26 00:00:00+00:00,4.24918794631958,4.415241575209503,4.2094044902350936,4.360137647338708,1125620000
2017-09-27 00:00:00+00:00,4.342348575592041,4.355692371995372,4.268711670305816,4.3396305170353155,713720000
2017-09-28 00:00:00+00:00,4.341110706329346,4.353465682052747,4.293666543812356,4.349511844738959,435244000
2017-09-29 00:00:00+00:00,4.417468070983887,4.441189694064275,4.379908245299471,4.425128310993534,619092000
2017-10-02 00:00:00+00:00,4.42315149307251,4.496788401332199,4.373731087733307,4.467630187796479,503480000
2017-10-03 00:00:00+00:00,4.4322919845581055,4.462191555663426,4.38806028246488,4.429326488547849,390332000
2017-10-04 00:00:00+00:00,4.469357490539551,4.491596825890566,4.401898110466518,4.4384695771422695,427848000
2017-10-05 00:00:00+00:00,4.466886520385742,4.497280499457413,4.436986947778005,4.493821068146378,437364000
2017-10-06 00:00:00+00:00,4.479983329772949,4.493327121230039,4.423149674904176,4.439211523910469,318800000
2017-10-09 00:00:00+00:00,4.581048965454102,4.614161007149303,4.498022129256416,4.516802036926859,563492000
2017-10-10 00:00:00+00:00,4.668522834777832,4.767858472794605,4.627256626496548,4.7302986634114434,974876000
2017-10-11 00:00:00+00:00,4.718192100524902,4.719674849063674,4.63911909103768,4.685080053928779,529508000
2017-10-12 00:00:00+00:00,4.720415115356445,4.771318247220583,4.693233597983145,4.721650424640594,528292000
2017-10-13 00:00:00+00:00,4.808384895324707,4.818516225059105,4.735736813576468,4.782686119501401,628728000
2017-10-16 00:00:00+00:00,4.890916347503662,4.8938818440501874,4.775024912137852,4.838283496925128,576640000
2017-10-17 00:00:00+00:00,4.886467933654785,4.914884758169915,4.85187362056022,4.870159118722752,478596000
2017-10-18 00:00:00+00:00,4.882267951965332,4.896105679537642,4.777002246843906,4.895364776685337,567316000
2017-10-19 00:00:00+00:00,4.8877058029174805,4.892647513105565,4.755505511310736,4.804678944696857,570772000
2017-10-20 00:00:00+00:00,4.865466117858887,4.931936710544451,4.856570097516555,4.9047556568139825,451620000
2017-10-23 00:00:00+00:00,4.858545780181885,4.913649716558175,4.838283126373257,4.887209573833711,428696000
2017-10-24 00:00:00+00:00,4.909449577331543,4.911179293315237,4.841743215032499,4.867688954787901,407244000
2017-10-25 00:00:00+00:00,4.785402774810791,4.922792633781748,4.7238743827795,4.869912349063395,828160000
2017-10-26 00:00:00+00:00,4.835565567016602,4.847179171964622,4.789110204600038,4.813079259964533,322744000
2017-10-27 00:00:00+00:00,4.9880290031433105,4.988275970783927,4.8617587845692425,4.887704997514989,572192000
2017-10-30 00:00:00+00:00,5.036954879760742,5.0925527564727116,4.972213545653192,4.988028427761887,504056000
2017-10-31 00:00:00+00:00,5.110344886779785,5.137032002517798,5.0631481454752105,5.068831700367828,411908000
2017-11-01 00:00:00+00:00,5.119981288909912,5.1884290230566,5.055734360767916,5.17310854734825,502576000
2017-11-02 00:00:00+00:00,5.0888471603393555,5.135055561962296,5.0322604616219335,5.090329908870656,342308000
2017-11-03 00:00:00+00:00,5.156800270080566,5.156800270080566,5.074020864635591,5.1199818252631255,353640000
2017-11-06 00:00:00+00:00,5.180028438568115,5.188677019907373,5.107627322981667,5.119982304519939,389944000
2017-11-07 00:00:00+00:00,5.239332675933838,5.260831114619188,5.190653657624158,5.202761670291906,427700000
2017-11-08 00:00:00+00:00,5.168414115905762,5.2385915701835755,5.120970408938795,5.234884699185342,522988000
2017-11-09 00:00:00+00:00,5.073525905609131,5.098483302607678,4.951210010686142,5.072290596230377,978564000
2017-11-10 00:00:00+00:00,5.3408918380737305,5.403409049160257,5.229448175438474,5.265278273981351,1253256000
2017-11-13 00:00:00+00:00,5.2541584968566895,5.3663430600236115,5.238838021739248,5.340891728675032,582376000
2017-11-14 00:00:00+00:00,5.2924604415893555,5.3077809202623065,5.219564919717947,5.263302232840792,529292000
2017-11-15 00:00:00+00:00,5.188676834106445,5.238592107735747,5.1348086640687,5.237356326838771,501948000
2017-11-16 00:00:00+00:00,5.228954315185547,5.292954281241875,5.220058767179072,5.262807733761844,441768000
2017-11-17 00:00:00+00:00,5.222776412963867,5.321370692723106,5.207703376069449,5.286034999809026,515664000
2017-11-20 00:00:00+00:00,5.289988994598389,5.302097006519961,5.201525568921801,5.238344011245715,396100000
2017-11-21 00:00:00+00:00,5.338667869567871,5.350281945937201,5.297896061091217,5.3297723222342634,399176000
2017-11-22 00:00:00+00:00,5.3146820068359375,5.365868117031924,5.282041711776382,5.365868117031924,356640000
2017-11-24 00:00:00+00:00,5.364878177642822,5.365867677591191,5.306521262670689,5.3310017177803495,180752000
2017-11-27 00:00:00+00:00,5.295147895812988,5.3747705876969984,5.291933199371897,5.3735344199487445,422896000
2017-11-28 00:00:00+00:00,5.21033239364624,5.309737069897033,5.149255520129882,5.300340591537615,512752000
2017-11-29 00:00:00+00:00,4.8569769859313965,5.195743568545984,4.728640975260086,5.193023622004778,1396788000
2017-11-30 00:00:00+00:00,4.963057041168213,5.011770347821256,4.862663814134601,4.925718740855473,823768000
2017-12-01 00:00:00+00:00,4.888133525848389,4.948716125877697,4.759303236256205,4.928439388908268,811548000
2017-12-04 00:00:00+00:00,4.615636825561523,4.952920120619848,4.5622255053211545,4.94673786618516,1240844000
2017-12-05 00:00:00+00:00,4.642341136932373,4.7649896151056925,4.465292325673322,4.510296181850467,981488000
2017-12-06 00:00:00+00:00,4.679926872253418,4.701686910358582,4.570630988465173,4.591896748226834,467032000
2017-12-07 00:00:00+00:00,4.747433662414551,4.78724524458588,4.701193158934656,4.746691773102073,542600000
2017-12-08 00:00:00+00:00,4.73507022857666,4.816423841368,4.7266627783234965,4.797383272862981,466876000
2017-12-11 00:00:00+00:00,4.813454627990723,4.816422184301338,4.733337682197976,4.749163077055954,372748000
2017-12-12 00:00:00+00:00,4.718997001647949,4.793179800229191,4.695506041499075,4.769935979300066,455016000
2017-12-13 00:00:00+00:00,4.603766441345215,4.761280417830315,4.596348020775363,4.760044250221848,554280000
2017-12-14 00:00:00+00:00,4.610937118530273,4.681905211192046,4.564696622084144,4.597336917029686,438164000
2017-12-15 00:00:00+00:00,4.7368011474609375,4.757077883765176,4.589919793790021,4.65495325619044,670036000
2017-12-18 00:00:00+00:00,4.8935723304748535,4.896539415318711,4.747680047093769,4.777352782090819,477704000
2017-12-19 00:00:00+00:00,4.849311828613281,4.889370555631755,4.820875249722072,4.884177801355269,373100000
2017-12-20 00:00:00+00:00,4.866372108459473,4.897775762007981,4.810735138754292,4.888626896341545,288820000
2017-12-21 00:00:00+00:00,4.843870639801025,4.894809140269117,4.835463190847347,4.86983440424061,300904000
2017-12-22 00:00:00+00:00,4.8285393714904785,4.837935848565588,4.729134708826296,4.807026471383717,466276000
2017-12-26 00:00:00+00:00,4.882197380065918,4.889862938880074,4.743228764758515,4.773149110886078,355080000
2017-12-27 00:00:00+00:00,4.8755202293396,4.944757389022645,4.854254944663139,4.868844171306524,329488000
2017-12-28 00:00:00+00:00,4.881208419799805,4.930168858243702,4.875026639157624,4.899259483393166,240248000
2017-12-29 00:00:00+00:00,4.784771919250488,4.9074204056767545,4.784771919250488,4.9074204056767545,279964000
2018-01-02 00:00:00+00:00,4.929427623748779,4.93313706993842,4.809499554116802,4.841150350670441,355616000
2018-01-03 00:00:00+00:00,5.253851890563965,5.28426698740037,5.03822815348775,5.046882740805515,914704000
2018-01-04 00:00:00+00:00,5.281545639038086,5.391830530567569,5.259290855103782,5.33520454258977,583268000
2018-01-05 00:00:00+00:00,5.326303482055664,5.363641775182718,5.2194804115183695,5.296383136738964,580124000
2018-01-08 00:00:00+00:00,5.48950719833374,5.563689536835627,5.404938879667377,5.44994322158076,881216000
2018-01-09 00:00:00+00:00,5.488021373748779,5.534509005522464,5.40642064315888,5.494945043517642,497000000
2018-01-10 00:00:00+00:00,5.53104829788208,5.534510133472043,5.341141147227366,5.395541488161039,582664000
2018-01-11 00:00:00+00:00,5.540937900543213,5.595091086372185,5.519424532386352,5.563686964420051,406032000
2018-01-12 00:00:00+00:00,5.513739585876465,5.563441927698076,5.473186583875672,5.5290707081103685,359916000
2018-01-16 00:00:00+00:00,5.442770481109619,5.62575394251092,5.358202656724877,5.540197089718123,702348000
2018-01-17 00:00:00+00:00,5.556763648986816,5.566654403411684,5.363394707166462,5.457358996580982,538408000
2018-01-18 00:00:00+00:00,5.549841403961182,5.604241746360774,5.506320847057665,5.537477368206907,408632000
2018-01-19 00:00:00+00:00,5.690043926239014,5.714276766249767,5.613141682909446,5.640094468197388,609380000
2018-01-22 00:00:00+00:00,5.778570652008057,5.780301569852812,5.64034389201155,5.697958930975417,550944000
2018-01-23 00:00:00+00:00,5.907646656036377,5.9303957199703765,5.813434761582833,5.831980101860414,475228000
2018-01-24 00:00:00+00:00,5.830745697021484,5.946717662247098,5.7751087160915615,5.910862666576733,579972000
2018-01-25 00:00:00+00:00,5.844344615936279,5.9284181527228945,5.829508248162061,5.885144745225285,409884000
2018-01-26 00:00:00+00:00,6.016942977905273,6.017190117087749,5.875254405803108,5.888112717886717,516356000
2018-01-29 00:00:00+00:00,6.103984355926514,6.135141347415022,5.949685063599376,6.002354485958956,455116000
2018-01-30 00:00:00+00:00,6.001862049102783,6.093354058569062,5.895286523964109,5.962050925063293,570832000
2018-01-31 00:00:00+00:00,6.078019618988037,6.163824076119077,6.044637436634151,6.077277729828221,478576000
2018-02-01 00:00:00+00:00,5.946964263916016,6.105220603327304,5.886629285074047,5.8980038194512,519224000
2018-02-02 00:00:00+00:00,5.77436637878418,5.884404164370299,5.716257066890043,5.8604184560445685,718464000
2018-02-05 00:00:00+00:00,5.284268379211426,5.767196365298534,5.069138863811118,5.613144198827239,1165204000
2018-02-06 00:00:00+00:00,5.578030586242676,5.580997671705138,5.044410806966556,5.054302035120864,1114800000
2018-02-07 00:00:00+00:00,5.657652854919434,5.810221701948523,5.6057253215550755,5.676940561340282,802932000
2018-02-08 00:00:00+00:00,5.378727436065674,5.816403944476759,5.378479825192144,5.783269364840672,1144000000
2018-02-09 00:00:00+00:00,5.738758563995361,5.907152787977731,5.3787262986977655,5.891327390847144,1674604000
2018-02-12 00:00:00+00:00,5.638613224029541,5.822833356326904,5.564430892641472,5.819865798953115,1093172000
2018-02-13 00:00:00+00:00,5.752359390258789,5.798599890767439,5.569870195226973,5.602263353831807,625524000
2018-02-14 00:00:00+00:00,5.969714164733887,5.99864548827701,5.7009262181630325,5.712053614015025,744988000
2018-02-15 00:00:00+00:00,6.095329284667969,6.141569782355776,5.97218652193569,6.05304537227119,698900000
2018-02-16 00:00:00+00:00,6.02955436706543,6.181875589153176,6.020405028949434,6.068129304699802,637656000
2018-02-20 00:00:00+00:00,6.159127235412598,6.228116808973568,6.048347551683565,6.052056998182356,686240000
2018-02-21 00:00:00+00:00,5.971938133239746,6.230588130913704,5.968229159264793,6.223664461285995,892292000
2018-02-22 00:00:00+00:00,5.991487503051758,6.0775926064209,5.925919032211783,6.005838510924252,534364000
2018-02-23 00:00:00+00:00,6.085013389587402,6.085013389587402,6.000640311191503,6.051363169717042,415300000
2018-02-26 00:00:00+00:00,6.101097106933594,6.135736973848416,6.038744874554123,6.1312833440926235,469312000
2018-02-27 00:00:00+00:00,6.088230609893799,6.158747749264078,6.065219639631351,6.074374191635103,455436000
2018-02-28 00:00:00+00:00,5.987773895263672,6.138705060339469,5.976144529005686,6.099116511604894,523116000
2018-03-01 00:00:00+00:00,5.745541572570801,6.039486777893702,5.644343143792611,5.985547223451761,1040120000
2018-03-02 00:00:00+00:00,5.852678298950195,5.859111686774587,5.4892055729230735,5.637910179972821,913428000
2018-03-05 00:00:00+00:00,5.830657482147217,5.87024603662688,5.678983472948252,5.8024505308955785,620776000
2018-03-06 00:00:00+00:00,5.991734027862549,6.011033721759666,5.872968350719602,5.916020896885599,636808000
2018-03-07 00:00:00+00:00,5.9838151931762695,6.036022754077321,5.887565451882281,5.888802387630274,581208000
2018-03-08 00:00:00+00:00,5.967484951019287,6.011279838993567,5.923195005582265,6.011279838993567,411912000
2018-03-09 00:00:00+00:00,6.070168495178223,6.083034326895513,5.998909003572606,6.014991529185615,505524000
2018-03-12 00:00:00+00:00,6.179779052734375,6.259945802774405,6.103323582105625,6.111488963129783,605060000
2018-03-13 00:00:00+00:00,6.129055976867676,6.297060266597797,6.0877354314857275,6.222584084642584,619772000
2018-03-14 00:00:00+00:00,6.154542446136475,6.199326986442657,6.092190205264434,6.172109674769477,505496000
2018-03-15 00:00:00+00:00,6.169388294219971,6.25054470311132,6.12732538894755,6.168151358152933,401952000
2018-03-16 00:00:00+00:00,6.19759464263916,6.2166465709606324,6.148108710017586,6.185717981055356,399456000
2018-03-19 00:00:00+00:00,5.963031768798828,6.169634506923961,5.864060383112154,6.140685677467764,713772000
2018-03-20 00:00:00+00:00,6.175325870513916,6.2141720765561415,5.96600101298695,5.96600101298695,554696000
2018-03-21 00:00:00+00:00,6.150088310241699,6.2352037534952505,6.119654306723443,6.168892473344678,438688000
2018-03-22 00:00:00+00:00,5.984062671661377,6.1332623287088905,5.946701170173202,6.086745803443522,551196000
2018-03-23 00:00:00+00:00,5.764347076416016,6.000146426273777,5.753212765201287,5.997672082455746,735620000
2018-03-26 00:00:00+00:00,6.049136638641357,6.050373574448472,5.836842870409199,5.888802669097975,611424000
2018-03-27 00:00:00+00:00,5.58001184463501,6.185717268211936,5.439719916684064,6.130045718411473,1409000000
2018-03-28 00:00:00+00:00,5.476833820343018,5.675766216082977,5.36920247802228,5.545618962324173,945904000
2018-03-29 00:00:00+00:00,5.730201721191406,5.8269460620296645,5.460751676304661,5.545124770139396,916628000
2018-04-02 00:00:00+00:00,5.469412803649902,5.805916079165283,5.381575704269406,5.659685775432011,922092000
2018-04-03 00:00:00+00:00,5.575806140899658,5.69952050031067,5.476834747757414,5.636426384661498,667432000
2018-04-04 00:00:00+00:00,5.597827434539795,5.608219395357925,5.294974454346427,5.319964713256621,789168000
2018-04-05 00:00:00+00:00,5.4775776863098145,5.66933486960228,5.4060708883798645,5.656221270686768,701240000
2018-04-06 00:00:00+00:00,5.301159858703613,5.483020109367171,5.271963263726679,5.374893696449812,662988000
2018-04-09 00:00:00+00:00,5.329861640930176,5.492174899783266,5.309819599378557,5.364254214635455,499524000
2018-04-10 00:00:00+00:00,5.6391472816467285,5.666116823463304,5.503061220984124,5.560217470287627,761676000
2018-04-11 00:00:00+00:00,5.597827434539795,5.665622944591044,5.565166851416292,5.624302394119099,460244000
2018-04-12 00:00:00+00:00,5.8046770095825195,5.8224920003705565,5.646570087179064,5.690860035402213,593920000
2018-04-13 00:00:00+00:00,5.727973937988281,5.87667853548443,5.679725420136267,5.868265862069684,503036000
2018-04-16 00:00:00+00:00,5.727728366851807,5.76113130585096,5.633457881583055,5.734656341879817,350792000
2018-04-17 00:00:00+00:00,5.877420902252197,5.898699878616189,5.724262674850572,5.779934223272101,447224000
2018-04-18 00:00:00+00:00,5.848472595214844,5.919732094901105,5.759398574556649,5.826946322429722,391364000
2018-04-19 00:00:00+00:00,5.667108058929443,5.767564167802528,5.611684259238308,5.734161229124573,471996000
2018-04-20 00:00:00+00:00,5.658942222595215,5.742820258868323,5.627766340366245,5.658447165064816,386200000
2018-04-23 00:00:00+00:00,5.539434432983398,5.727974906806164,5.513454530043167,5.676757451285827,427508000
2018-04-24 00:00:00+00:00,5.473122596740723,5.661167977810091,5.407801440471872,5.565166001307488,414596000
2018-04-25 00:00:00+00:00,5.3607892990112305,5.482524340038676,5.203424754620927,5.443430378694883,588492000
2018-04-26 00:00:00+00:00,5.572589874267578,5.580755256693833,5.456545830216349,5.522609352291217,375824000
2018-04-27 00:00:00+00:00,5.600053787231445,5.69828329736448,5.557743595334735,5.678489019663525,400848000
2018-04-30 00:00:00+00:00,5.564671039581299,5.666116762140036,5.5453718212301935,5.6163835438616525,327844000
2018-05-01 00:00:00+00:00,5.620095729827881,5.6228173662743375,5.497865607061131,5.556506560750636,253788000
2018-05-02 00:00:00+00:00,5.599559783935547,5.661169202425866,5.573332115489704,5.616632426917046,268248000
2018-05-03 00:00:00+00:00,5.764841079711914,5.791068743987524,5.586197532717179,5.6314771233410825,443144000
2018-05-04 00:00:00+00:00,5.915030479431152,5.918247173315087,5.718819703435765,5.7361396367603525,400660000
2018-05-07 00:00:00+00:00,6.153056621551514,6.210212871239366,6.009795294141174,6.019692668190217,687616000
2018-05-08 00:00:00+00:00,6.195614337921143,6.1983359741007105,6.10431281196176,6.153303678992239,506616000
2018-05-09 00:00:00+00:00,6.328729629516602,6.330956679858414,6.1884377282322225,6.215655030057401,596760000
2018-05-10 00:00:00+00:00,6.4363627433776855,6.445517295475662,6.363865845262682,6.381680835836272,994080000
2018-05-11 00:00:00+00:00,6.2978034019470215,6.427951158785304,6.1990797666306765,6.254503561895993,1214456000
2018-05-14 00:00:00+00:00,6.318338871002197,6.395784455152984,6.294586022511352,6.335906568545893,523140000
2018-05-15 00:00:00+00:00,6.075858116149902,6.257471039572738,5.975402046184337,6.254748931664002,963528000
2018-05-16 00:00:00+00:00,6.08699369430542,6.149098165018366,6.000393550833762,6.0372604704029325,553828000
2018-05-17 00:00:00+00:00,6.129055976867676,6.222831377412699,6.072642077718933,6.088725074498952,519784000
2018-05-18 00:00:00+00:00,6.08526086807251,6.244357421068519,6.080312181252456,6.181016023116278,483716000
2018-05-21 00:00:00+00:00,6.0432000160217285,6.186461385922231,5.950414230489902,6.182750105519489,640624000
2018-05-22 00:00:00+00:00,6.0050950050354,6.081797774272421,5.944474762424761,6.0565602228785895,518264000
2018-05-23 00:00:00+00:00,6.12863826751709,6.1298764406522785,5.948151157941271,5.948893967377446,442956000
2018-05-24 00:00:00+00:00,6.132351398468018,6.174688227691831,6.0716941415269,6.1249242490933975,437372000
2018-05-25 00:00:00+00:00,6.171716213226318,6.188056600907964,6.109325899655269,6.144977439949498,292112000
2018-05-29 00:00:00+00:00,6.154634952545166,6.222720316159297,6.107842202645567,6.153644697256646,352684000
2018-05-30 00:00:00+00:00,6.263571739196777,6.272237064188983,6.163548860872582,6.1883071346609375,390996000
2018-05-31 00:00:00+00:00,6.243762493133545,6.3182847278091945,6.220985212289084,6.23163104343221,493868000
2018-06-01 00:00:00+00:00,6.378200054168701,6.384389974947322,6.279910270013704,6.288575592434188,421968000
2018-06-04 00:00:00+00:00,6.5572028160095215,6.579237293367765,6.380181826545617,6.412367246346003,642024000
2018-06-05 00:00:00+00:00,6.562647819519043,6.600280342006725,6.51560716640944,6.560419391651511,391712000
2018-06-06 00:00:00+00:00,6.564628601074219,6.56784728405229,6.456187884859684,6.472528273223856,371356000
2018-06-07 00:00:00+00:00,6.508922576904297,6.5727985066215515,6.418554848382183,6.560914502900998,369448000
2018-06-08 00:00:00+00:00,6.493574142456055,6.536157949325757,6.417318825500218,6.436135090939634,360456000
2018-06-11 00:00:00+00:00,6.452475070953369,6.522540462061018,6.43960080974838,6.480946913040902,265372000
2018-06-12 00:00:00+00:00,6.501000881195068,6.513132332998296,6.42870706183112,6.478966405812023,319160000
2018-06-13 00:00:00+00:00,6.49654483795166,6.577503984281436,6.487384151074166,6.502486841301292,338208000
2018-06-14 00:00:00+00:00,6.608203411102295,6.664899645301337,6.52674891148354,6.541604154070149,430016000
2018-06-15 00:00:00+00:00,6.567352294921875,6.622315465483225,6.520064191471097,6.5510119056259235,432260000
2018-06-18 00:00:00+00:00,6.563142776489258,6.580720863753857,6.496048165627211,6.523281828603697,356268000
2018-06-19 00:00:00+00:00,6.441334247589111,6.527245142510411,6.313829801237201,6.459902594952906,594932000
2018-06-20 00:00:00+00:00,6.494316101074219,6.547298288920475,6.44405676049769,6.482432095803678,369780000
2018-06-21 00:00:00+00:00,6.365573406219482,6.544574875389149,6.357898339268566,6.526253976324686,359516000
2018-06-22 00:00:00+00:00,6.2130632400512695,6.399740261784072,6.197713577273264,6.386370637031852,434160000
2018-06-25 00:00:00+00:00,5.9201741218566895,6.110316791776821,5.831539917142806,6.106603217169773,665816000
2018-06-26 00:00:00+00:00,5.99122953414917,6.081844717769245,5.939732494156797,6.033566360832552,478884000
2018-06-27 00:00:00+00:00,5.835997581481934,6.1011574444309495,5.8305504690086165,6.034805617251649,453892000
2018-06-28 00:00:00+00:00,5.963253974914551,5.975137981696994,5.81841840961866,5.8260934776562925,338012000
2018-06-29 00:00:00+00:00,5.865211486816406,6.040994293570312,5.863973313684513,6.0283679498629965,392300000
2018-07-02 00:00:00+00:00,5.997419357299805,6.00113293170406,5.775090812177502,5.795640138700335,357572000
2018-07-03 00:00:00+00:00,5.8637261390686035,6.038023807237785,5.855308261391385,6.032081803714143,222732000
2018-07-05 00:00:00+00:00,6.00955057144165,6.014501846377746,5.8800651693146095,5.918935392854407,306216000
2018-07-06 00:00:00+00:00,6.123439788818359,6.131857667111846,5.963749435907148,5.985041577406925,296352000
2018-07-09 00:00:00+00:00,6.1709747314453125,6.207369561082322,6.092244013255966,6.19771398269891,303880000
2018-07-10 00:00:00+00:00,6.2700066566467285,6.2920411292029605,6.1429971253738405,6.183352968372985,360016000
2018-07-11 00:00:00+00:00,6.128389835357666,6.211824841146455,6.117743531452364,6.17716355453527,367508000
2018-07-12 00:00:00+00:00,6.219994068145752,6.268024972361684,6.163793206856516,6.1736967002812495,345508000
2018-07-13 00:00:00+00:00,6.172708034515381,6.238564965553813,6.130619117853917,6.238564965553813,246988000
2018-07-16 00:00:00+00:00,6.144979476928711,6.197962149669213,6.132600577276137,6.144979476928711,197036000
2018-07-17 00:00:00+00:00,6.280898571014404,6.296001255234045,6.0702066344377945,6.09570770232689,362136000
2018-07-18 00:00:00+00:00,6.231630802154541,6.287336773684666,6.180629131801741,6.273472260277092,277640000
2018-07-19 00:00:00+00:00,6.239802837371826,6.273474349402658,6.197714391782743,6.212816610820357,235752000
2018-07-20 00:00:00+00:00,6.211577892303467,6.276196641322189,6.200684141829457,6.237326413624105,222352000
2018-07-23 00:00:00+00:00,6.174936294555664,6.186820301420069,6.023168469627422,6.185087236761706,301584000
2018-07-24 00:00:00+00:00,6.1576056480407715,6.309620918714848,6.140027083488105,6.222967213571025,354620000
2018-07-25 00:00:00+00:00,6.23583984375,6.248466656767287,6.1090777666675145,6.167012166914827,319112000
2018-07-26 00:00:00+00:00,6.309373378753662,6.346263102502815,6.1989521254899005,6.21578788159411,325124000
2018-07-27 00:00:00+00:00,6.239553928375244,6.352946392455769,6.185581015704775,6.346014135069161,295420000
2018-07-30 00:00:00+00:00,6.04421329498291,6.259609625468061,6.009304083087391,6.253667621906596,340340000
2018-07-31 00:00:00+00:00,6.062286376953125,6.137056072239644,5.994944303715815,6.033814534101512,283988000
2018-08-01 00:00:00+00:00,6.102146148681641,6.148939359335911,6.038270212094459,6.093728744680144,283556000
2018-08-02 00:00:00+00:00,6.204892635345459,6.208853655434134,5.971918259350224,6.030842447078503,269668000
2018-08-03 00:00:00+00:00,6.2415361404418945,6.265304156377125,6.212569402273672,6.229404686707172,214288000
2018-08-06 00:00:00+00:00,6.28931999206543,6.292786121910031,6.182364858446443,6.228910165566734,207508000
2018-08-07 00:00:00+00:00,6.361611366271973,6.380180181670355,6.311352502967718,6.338091276028667,258132000
2018-08-08 00:00:00+00:00,6.398006439208984,6.4430665870787545,6.327941051926506,6.362850258823024,262100000
2018-08-09 00:00:00+00:00,6.349481582641602,6.418556725155967,6.341806514337259,6.4158334052205,204280000
2018-08-10 00:00:00+00:00,6.308135032653809,6.340568368301257,6.256390540837833,6.267531737773424,256396000
2018-08-13 00:00:00+00:00,6.341063022613525,6.461883119801381,6.315067054810953,6.316800119331125,375208000
2018-08-14 00:00:00+00:00,6.472527980804443,6.4866404127959205,6.363344460202752,6.4465320169051346,466220000
2018-08-15 00:00:00+00:00,6.414347171783447,6.527244276563652,6.335615991620843,6.493325325430524,591136000
2018-08-16 00:00:00+00:00,6.373744010925293,6.486641598597169,6.313581642203329,6.484165724598258,801260000
2018-08-17 00:00:00+00:00,6.061295032501221,6.263074242441358,6.034308341129548,6.262331433147461,1143188000
2018-08-20 00:00:00+00:00,6.13606595993042,6.268769599171233,5.910271249959406,6.0206929669832165,854388000
2018-08-21 00:00:00+00:00,6.271740436553955,6.276196820712855,6.13259943915863,6.15240595826181,673988000
2018-08-22 00:00:00+00:00,6.506942272186279,6.511894019622759,6.23559302936702,6.23905915812763,749856000
2018-08-23 00:00:00+00:00,6.606470584869385,6.671832143488078,6.454455330269932,6.468319846070909,720684000
2018-08-24 00:00:00+00:00,6.739668369293213,6.754275691857476,6.610430893951595,6.614887277200518,531512000
2018-08-27 00:00:00+00:00,6.830779552459717,6.9050538780462825,6.737936409364187,6.769379015157811,505776000
2018-08-28 00:00:00+00:00,6.793147087097168,6.847615367093429,6.673069803168664,6.824837611114621,475384000
2018-08-29 00:00:00+00:00,6.898674011230469,6.9236933977049215,6.76465896430935,6.785467110785186,420108000
2018-08-30 00:00:00+00:00,6.88183069229126,6.978688290390545,6.844920792605323,6.867462956662928,346608000
2018-08-31 00:00:00+00:00,6.952925205230713,6.965806508449001,6.851856373061698,6.861765285914059,306592000
2018-09-04 00:00:00+00:00,7.027735710144043,7.065388350065548,6.911308347971435,6.939795763348168,391720000
2018-09-05 00:00:00+00:00,6.896941184997559,7.0455715808952615,6.8159377538909665,7.010148112664871,393156000
2018-09-06 00:00:00+00:00,6.755742073059082,6.883068675244997,6.722795835173256,6.880591447004134,322796000
2018-09-07 00:00:00+00:00,6.734439373016357,6.860031974102041,6.61875521331212,6.6635919618378825,295420000
2018-09-10 00:00:00+00:00,6.805532455444336,6.835258718276348,6.713134168340059,6.756980110715454,220140000
2018-09-11 00:00:00+00:00,6.757725238800049,6.846903107567813,6.738403044370281,6.759211197999991,243112000
2018-09-12 00:00:00+00:00,6.643773078918457,6.737410214481388,6.4882066633917335,6.717840444837067,419092000
2018-09-13 00:00:00+00:00,6.721558094024658,6.8122223883105555,6.692327459489634,6.709667586335323,305536000
2018-09-14 00:00:00+00:00,6.847643852233887,6.913784368461735,6.775062921842366,6.811972812096345,386936000
2018-09-17 00:00:00+00:00,6.785715103149414,6.871177813474078,6.76639338667431,6.822129834172369,205528000
2018-09-18 00:00:00+00:00,6.713630199432373,6.89248201670752,6.706942202852049,6.789679642426318,299520000
2018-09-19 00:00:00+00:00,6.737411022186279,6.7552467816895545,6.6450127257360165,6.695051506788596,224860000
2018-09-20 00:00:00+00:00,6.596211910247803,6.657645559164156,6.54220947296444,6.615286046414121,430584000
2018-09-21 00:00:00+00:00,6.5261077880859375,6.6536824346148995,6.492913971519654,6.608102477739378,435128000
2018-09-24 00:00:00+00:00,6.581843852996826,6.585311877583821,6.407946516587652,6.495142765839049,293912000
2018-09-25 00:00:00+00:00,6.6489763259887695,6.673995718069622,6.562275223761727,6.647985529146409,280388000
2018-09-26 00:00:00+00:00,6.612066268920898,6.694308547151667,6.5962125748557545,6.6539306237710525,268548000
2018-09-27 00:00:00+00:00,6.623955249786377,6.668544403736934,6.592495449987243,6.6472406233521095,214428000
2018-09-28 00:00:00+00:00,6.961345672607422,6.983640249105201,6.7279963074112565,6.755988554785708,709396000
2018-10-01 00:00:00+00:00,7.167943954467773,7.234827228660904,7.000487006692283,7.039130917717396,622060000
2018-10-02 00:00:00+00:00,7.0966010093688965,7.252166969557371,7.07430642832625,7.140446955755039,383964000
2018-10-03 00:00:00+00:00,7.1027936935424805,7.174383837942458,6.9987524750351024,7.166952153590877,320552000
2018-10-04 00:00:00+00:00,6.918492317199707,7.090903237520863,6.841452081406057,7.0666270632774975,391220000
2018-10-05 00:00:00+00:00,6.684895038604736,6.955897567236704,6.627424572751077,6.89372069853544,426636000
2018-10-08 00:00:00+00:00,6.583578109741211,6.717097533781044,6.442627001674914,6.601661448970969,408612000
2018-10-09 00:00:00+00:00,6.577882289886475,6.657646875075054,6.510007740157382,6.563018918716812,273500000
2018-10-10 00:00:00+00:00,6.086163520812988,6.5176869966104665,6.083933873396132,6.471858977633886,684940000
2018-10-11 00:00:00+00:00,5.8245744705200195,6.132486948479463,5.803023101223016,5.998967018801986,725436000
2018-10-12 00:00:00+00:00,6.107217788696289,6.1815332091416275,5.93654089493424,6.08170323873686,608236000
2018-10-15 00:00:00+00:00,5.8307671546936035,6.093842874451149,5.829776357766317,6.093842874451149,449760000
2018-10-16 00:00:00+00:00,6.089630603790283,6.1007778941832935,5.894181886550259,5.943477450852126,408712000
2018-10-17 00:00:00+00:00,6.021012306213379,6.18995565932942,5.971964327402189,6.151806916376552,329668000
2018-10-18 00:00:00+00:00,5.933568477630615,6.1287696118059305,5.873125623553631,6.090373757220372,524020000
2018-10-19 00:00:00+00:00,5.676933288574219,6.0083786381403606,5.640519030079795,5.988809340640399,613608000
2018-10-22 00:00:00+00:00,5.727715015411377,5.829278993816547,5.6249126593352194,5.729201446602878,368844000
2018-10-23 00:00:00+00:00,5.476034641265869,5.553570028440198,5.368277358531348,5.460428058934421,626436000
2018-10-24 00:00:00+00:00,4.93972635269165,5.484208490267582,4.925854256509186,5.4376377466599255,884288000
2018-10-25 00:00:00+00:00,5.148552417755127,5.19586638111443,4.797784905734438,4.8421264792806475,951720000
2018-10-26 00:00:00+00:00,4.911983013153076,5.074237428443422,4.783913209754917,4.9124781752553695,664784000
2018-10-29 00:00:00+00:00,4.59812593460083,5.056650350462724,4.360069637194275,5.053182325385439,758016000
2018-10-30 00:00:00+00:00,5.028656482696533,5.038565392585217,4.598124459165781,4.621162249422424,807192000
2018-10-31 00:00:00+00:00,5.222621917724609,5.266220293547832,5.053678506711546,5.193391279754635,745772000
2018-11-01 00:00:00+00:00,5.40295934677124,5.412372625599323,5.1324519616138495,5.259035354883467,566528000
2018-11-02 00:00:00+00:00,5.323936939239502,5.499320720466473,5.207261999487489,5.393545489895391,452960000
2018-11-05 00:00:00+00:00,5.245904922485352,5.3340924311547155,5.085136486548187,5.310806585803539,379332000
2018-11-06 00:00:00+00:00,5.228317737579346,5.322202453880064,5.1911597917362435,5.237978595606073,299012000
2018-11-07 00:00:00+00:00,5.295944690704346,5.385618174876774,5.23129059621843,5.294953893956803,483812000
2018-11-08 00:00:00+00:00,5.102725028991699,5.237482820631235,5.049217758505876,5.236739605036347,511352000
2018-11-09 00:00:00+00:00,5.094797611236572,5.18521429879634,4.980104752972544,5.013794200222951,413240000
2018-11-12 00:00:00+00:00,4.695229530334473,5.025436434811774,4.673430117908271,5.003389441387018,617116000
2018-11-13 00:00:00+00:00,4.93725061416626,5.058631964852557,4.78688621236767,4.793079519302232,644712000
2018-11-14 00:00:00+00:00,4.884734630584717,5.124772523945666,4.776730217492142,5.110404788850223,526580000
2018-11-15 00:00:00+00:00,5.013547897338867,5.085633684731668,4.842870498350622,4.878789601499221,840708000
2018-11-16 00:00:00+00:00,4.07321310043335,4.227540677216528,4.003356497026468,4.0457164829706045,1963520000
2018-11-19 00:00:00+00:00,3.5844669342041016,4.008558397703505,3.582732921855301,4.007815654539386,1697820000
2018-11-20 00:00:00+00:00,3.692967653274536,3.8212850633443147,3.3023177503707495,3.320896491299087,1692032000
2018-11-21 00:00:00+00:00,3.584714651107788,3.847047105276453,3.5574658508452113,3.8302023795009617,1025496000
2018-11-23 00:00:00+00:00,3.5918984413146973,3.705600515050625,3.537153024653858,3.550034326955405,411968000
2018-11-26 00:00:00+00:00,3.791311025619507,3.801715100476819,3.630542554994,3.7130324106338017,814832000
2018-11-27 00:00:00+00:00,3.808155059814453,3.8894062865968864,3.7293810607596316,3.7652999178442426,738060000
2018-11-28 00:00:00+00:00,3.9652082920074463,3.9704103293201998,3.7932925346532853,3.9258211680777664,804524000
2018-11-29 00:00:00+00:00,3.901977300643921,4.004634702115506,3.871725634613067,3.96744004627284,549172000
2018-11-30 00:00:00+00:00,4.052492618560791,4.063154933317636,3.8613113651870243,3.911648283689885,729564000
2018-12-03 00:00:00+00:00,4.216396331787109,4.331452253382769,4.149445675523541,4.279875493560966,890804000
2018-12-04 00:00:00+00:00,3.8957784175872803,4.176722632716966,3.8806523475215964,4.171763218962079,812112000
2018-12-06 00:00:00+00:00,3.925039052963257,3.929998231195919,3.739561152094657,3.7551828827727216,692308000
2018-12-07 00:00:00+00:00,3.6602108478546143,3.93941950473339,3.6108659663174656,3.929252850141626,681676000
2018-12-10 00:00:00+00:00,3.765596389770508,3.790392983913415,3.611610055664763,3.615329615729553,629472000
2018-12-11 00:00:00+00:00,3.674593210220337,3.8655261276226778,3.5954923186712424,3.85734328492718,671912000
2018-12-12 00:00:00+00:00,3.6921989917755127,3.7884092978503214,3.5910292721152506,3.680296588352709,654136000
2018-12-13 00:00:00+00:00,3.6919503211975098,3.8032866785672694,3.6559955245093048,3.7390637966234817,471384000
2018-12-14 00:00:00+00:00,3.6314477920532227,3.7341051994949312,3.607891049194717,3.6502929498621586,471820000
2018-12-17 00:00:00+00:00,3.5602810382843018,3.6736009762459734,3.5022571834393594,3.6014433146691864,662868000
2018-12-18 00:00:00+00:00,3.643597364425659,3.7276574276262338,3.576894773617521,3.604170835445325,564372000
2018-12-19 00:00:00+00:00,3.434563159942627,3.6634349372874007,3.3829863947406666,3.6098743593938836,745364000
2018-12-20 00:00:00+00:00,3.350008010864258,3.5161446196606105,3.290248388008103,3.426133323865058,749588000
2018-12-21 00:00:00+00:00,3.2128825187683105,3.4095188228315685,3.185358388045778,3.376539384427769,863740000
2018-12-24 00:00:00+00:00,3.151139259338379,3.2230490997408516,3.087164196762201,3.1365093205828933,463840000
2018-12-26 00:00:00+00:00,3.3004143238067627,3.301406111938458,3.086172479822057,3.1972607908190476,695100000
2018-12-27 00:00:00+00:00,3.252556562423706,3.2825603970079347,3.104025544510039,3.2480932797904463,637044000
2018-12-28 00:00:00+00:00,3.3140528202056885,3.4067918846611165,3.2312325847202894,3.273138596615911,628728000
2018-12-31 00:00:00+00:00,3.3103325366973877,3.389929082409964,3.2795847433459944,3.357445778265134,465140000
2019-01-02 00:00:00+00:00,3.377779245376587,3.433819295078748,3.2247849294660105,3.239414868594849,508752000
2019-01-03 00:00:00+00:00,3.173703908920288,3.3514948117165626,3.1662650253054467,3.3175235866890644,705552000
2019-01-04 00:00:00+00:00,3.3770358562469482,3.415222304441284,3.216106509926051,3.2468540734235254,585620000
2019-01-07 00:00:00+00:00,3.5558183193206787,3.5927651478264973,3.3829865806392716,3.4343155198740223,709160000
2019-01-08 00:00:00+00:00,3.467294692993164,3.639630536113456,3.394640890046276,3.63739865805279,786016000
2019-01-09 00:00:00+00:00,3.53548526763916,3.5828465816008856,3.468038706164781,3.518623449912166,617260000
2019-01-10 00:00:00+00:00,3.6011955738067627,3.6098743108195714,3.455640147820336,3.5161437146033907,523156000
2019-01-11 00:00:00+00:00,3.690462350845337,3.713275127564105,3.551105984340344,3.57887793696608,874764000
2019-01-14 00:00:00+00:00,3.7303855419158936,3.7556780316693534,3.6145858799559756,3.63814262220076,730168000
2019-01-15 00:00:00+00:00,3.7162516117095947,3.802543326726702,3.6979021125899565,3.7631167929136655,617012000
2019-01-16 00:00:00+00:00,3.6907107830047607,3.7765065975796652,3.685255712262978,3.7435273984445434,470104000
2019-01-17 00:00:00+00:00,3.762125015258789,3.802047443243775,3.630455564376065,3.65773186610097,493436000
2019-01-18 00:00:00+00:00,3.891314744949341,3.917351193183303,3.7603892538835297,3.8119660198131777,651336000
2019-01-22 00:00:00+00:00,3.6889755725860596,3.872717696216375,3.6587239044189133,3.861063357283856,661552000
2019-01-23 00:00:00+00:00,3.701869249343872,3.833042796862444,3.6706257973364633,3.744271381111148,591020000
2019-01-24 00:00:00+00:00,3.9138801097869873,3.931485414933362,3.7817147514353553,3.786426100221504,708972000
2019-01-25 00:00:00+00:00,3.9711594581604004,3.9892608924225734,3.7517106054506666,3.8543680092020285,1154572000
2019-01-28 00:00:00+00:00,3.4221646785736084,3.512175947568544,3.248341407112656,3.3859618133649354,2511528000
2019-01-29 00:00:00+00:00,3.263219118118286,3.4243964979510797,3.2485891804287648,3.3760431657623244,1153932000
2019-01-30 00:00:00+00:00,3.406790256500244,3.421172125973239,3.259746950688961,3.33934371790082,974228000
2019-01-31 00:00:00+00:00,3.5644969940185547,3.6002039684535703,3.3817466675153294,3.403567662025022,842852000
2019-02-01 00:00:00+00:00,3.5887980461120605,3.6398789275242422,3.5354857592500304,3.5830949086349526,625048000
2019-02-04 00:00:00+00:00,3.69914174079895,3.7363363943570573,3.582598130384192,3.604666951855927,528592000
2019-02-05 00:00:00+00:00,3.718235731124878,3.7549344982473727,3.677321509152325,3.7110446749970083,542424000
2019-02-06 00:00:00+00:00,3.7938647270202637,3.858335686829096,3.7460075194814295,3.751462590826733,702464000
2019-02-07 00:00:00+00:00,3.6554999351501465,3.749726663472055,3.612602143413031,3.7474950219852925,637120000
2019-02-08 00:00:00+00:00,3.674097776412964,3.6847600905958267,3.5739198389192794,3.5883017135125006,461604000
2019-02-11 00:00:00+00:00,3.6314477920532227,3.684264178044045,3.583094452872304,3.629959873305386,495180000
2019-02-12 00:00:00+00:00,3.7484872341156006,3.764109199245761,3.6555003486518447,3.669882460265143,591060000
2019-02-13 00:00:00+00:00,3.790889024734497,3.864038720162632,3.764356682162985,3.777994833117407,605372000
2019-02-14 00:00:00+00:00,3.8318028450012207,3.8600709321190116,3.7467507548795953,3.7898968448167056,827264000
2019-02-15 00:00:00+00:00,3.9014816284179688,4.063402517766154,3.8786688449629603,4.040589970789013,1516748000
2019-02-19 00:00:00+00:00,3.8841235637664795,3.9647123761538743,3.8717255032248925,3.890818724559441,551892000
2019-02-20 00:00:00+00:00,3.931485414505005,3.9986839145462314,3.902225770044056,3.9133839787701623,540988000
2019-02-21 00:00:00+00:00,3.862550735473633,3.9686796309901333,3.8479207966380438,3.944131338056296,448548000
2019-02-22 00:00:00+00:00,3.947355031967163,3.9662004262669313,3.900737676785942,3.9143758284204373,401740000
2019-02-25 00:00:00+00:00,3.9349563121795654,4.098365093268888,3.926277339377744,4.030918778706533,656020000
2019-02-26 00:00:00+00:00,3.8955302238464355,3.986285458858409,3.8620548915384534,3.9302454095522523,488464000
2019-02-27 00:00:00+00:00,3.853624105453491,3.9076803404277367,3.796592033230227,3.8811482352284252,500256000
2019-02-28 00:00:00+00:00,3.829050302505493,3.869758601578592,3.8067106507593595,3.847418713110883,324944000
2019-03-01 00:00:00+00:00,3.883410692214966,3.9256079687334604,3.820610827482633,3.8789425726219817,357188000
2019-03-04 00:00:00+00:00,3.891602039337158,3.944721176517837,3.8350075927558707,3.9218848831749247,409992000
2019-03-05 00:00:00+00:00,3.885148286819458,3.923374086167874,3.821603695081215,3.875963963292582,362924000
2019-03-06 00:00:00+00:00,3.774193525314331,3.8846515966987245,3.7714631787438155,3.876212236061873,403524000
2019-03-07 00:00:00+00:00,3.7049400806427,3.76029339755393,3.6587710875417185,3.750612668593156,450104000
2019-03-08 00:00:00+00:00,3.739193916320801,3.7498674535169783,3.59423298795055,3.615580062342906,422416000
2019-03-11 00:00:00+00:00,3.999826669692993,4.02266272916169,3.7156139803109496,3.7627760250091757,859728000
2019-03-12 00:00:00+00:00,4.0340800285339355,4.0804968597789495,3.951422314497766,4.027626052712269,579576000
2019-03-13 00:00:00+00:00,4.185495376586914,4.214785413146647,4.064115431171426,4.071562219149444,768900000
2019-03-14 00:00:00+00:00,4.109539985656738,4.206594420949702,4.101845113357063,4.194679749424837,519384000
2019-03-15 00:00:00+00:00,4.2150349617004395,4.25772865852528,4.149256169372541,4.152731243223904,661484000
2019-03-18 00:00:00+00:00,4.193686485290527,4.300421402107758,4.166630156329583,4.246557301838009,486992000
2019-03-19 00:00:00+00:00,4.361484527587891,4.4059162329694415,4.271380695418902,4.288259421961372,854972000
2019-03-20 00:00:00+00:00,4.328964710235596,4.443890613854138,4.294213525858967,4.390523180095711,719148000
2019-03-21 00:00:00+00:00,4.565769195556641,4.5920808009081115,4.347087205866525,4.352051731169548,824312000
2019-03-22 00:00:00+00:00,4.4059157371521,4.587116665110008,4.392015443877875,4.538465638650219,747644000
2019-03-25 00:00:00+00:00,4.313577651977539,4.4294964373709105,4.247302702527318,4.365207582237535,525212000
2019-03-26 00:00:00+00:00,4.390278339385986,4.511409748952793,4.333931961096257,4.455311928384021,703508000
2019-03-27 00:00:00+00:00,4.381092071533203,4.4622600980290095,4.311590629123616,4.4158432661810645,474372000
2019-03-28 00:00:00+00:00,4.399709701538086,4.465488001140087,4.3465903252875435,4.4071560156405525,480264000
2019-03-29 00:00:00+00:00,4.457047462463379,4.481373440600339,4.416091323215524,4.466479868652878,456896000
2019-04-01 00:00:00+00:00,4.524564743041992,4.5548475884213175,4.477154617603219,4.548890253033545,483824000
2019-04-02 00:00:00+00:00,4.542435646057129,4.586867334364161,4.505699301942221,4.548641538247996,440920000
2019-04-03 00:00:00+00:00,4.681937217712402,4.741013941218981,4.587116948356888,4.5920814743880145,783504000
2019-04-04 00:00:00+00:00,4.672999858856201,4.715445453053756,4.6101999989258635,4.666545882524109,457376000
2019-04-05 00:00:00+00:00,4.739771366119385,4.757147202803983,4.67970232083365,4.716190583640712,481744000
2019-04-08 00:00:00+00:00,4.760622024536133,4.785692257812176,4.685162767072555,4.709240190136148,424192000
2019-04-09 00:00:00+00:00,4.6978230476379395,4.738283030437748,4.655625528278199,4.727113084917723,439972000
2019-04-10 00:00:00+00:00,4.768317699432373,4.794132665644127,4.692610810938389,4.697078694812877,444772000
2019-04-11 00:00:00+00:00,4.754416465759277,4.802323231055334,4.705020721761634,4.770799019021911,374600000
2019-04-12 00:00:00+00:00,4.7164387702941895,4.797110642459718,4.707751088484751,4.793138927871197,471708000
2019-04-15 00:00:00+00:00,4.5846333503723145,4.7137081489376005,4.544918100574246,4.708743624352061,440092000
2019-04-16 00:00:00+00:00,4.67175817489624,4.690622987361421,4.59108679030608,4.623851891231275,394964000
2019-04-17 00:00:00+00:00,4.648922443389893,4.727608213195243,4.626582557265215,4.706757779063704,351004000
2019-04-18 00:00:00+00:00,4.624347686767578,4.689629799187818,4.596547112088734,4.655623806724307,380988000
2019-04-22 00:00:00+00:00,4.678212642669678,4.69385046883139,4.569244027924534,4.600767764441382,279936000
2019-04-23 00:00:00+00:00,4.732821464538574,4.764097593426897,4.681688182445878,4.691368674829881,346856000
2019-04-24 00:00:00+00:00,4.745232105255127,4.785940163102569,4.682432245594799,4.743246011461354,318204000
2019-04-25 00:00:00+00:00,4.639490127563477,4.7273602217936554,4.559811546013233,4.705020335230517,499296000
2019-04-26 00:00:00+00:00,4.420559406280518,4.490061324864115,4.301661750123045,4.485592969011008,868988000
2019-04-29 00:00:00+00:00,4.451338291168213,4.479138865495448,4.356269511763721,4.42850176694011,391920000
2019-04-30 00:00:00+00:00,4.492790699005127,4.518357093602776,4.399956104862698,4.419068998140731,362920000
2019-05-01 00:00:00+00:00,4.4796366691589355,4.5873643960625055,4.479388111507241,4.545166881895001,354280000
2019-05-02 00:00:00+00:00,4.547152042388916,4.588852910477067,4.44612638688267,4.4893167069577125,394684000
2019-05-03 00:00:00+00:00,4.542684078216553,4.565520132203939,4.481125113924645,4.555591557170364,336824000
2019-05-06 00:00:00+00:00,4.464247226715088,4.476409981956644,4.319037943048975,4.356270934892559,422176000
2019-05-07 00:00:00+00:00,4.296947002410889,4.415844692294973,4.24879214550784,4.415844692294973,555220000
2019-05-08 00:00:00+00:00,4.317051410675049,4.397226628713527,4.257478541617423,4.269393210117564,419168000
2019-05-09 00:00:00+00:00,4.224465847015381,4.257727598053425,4.1055686393655755,4.2480471052276485,660248000
2019-05-10 00:00:00+00:00,4.190459728240967,4.25921693338127,4.07081732430102,4.193686716908691,569500000
2019-05-13 00:00:00+00:00,3.9330546855926514,4.081490705335074,3.9171685381800976,4.058406091894591,656912000
2019-05-14 00:00:00+00:00,4.022166728973389,4.057414103491751,3.9340482926774833,3.9727705037319643,524880000
2019-05-15 00:00:00+00:00,3.9611034393310547,3.99759169978672,3.907239580032089,3.9665641321570004,502320000
2019-05-16 00:00:00+00:00,3.9762446880340576,4.0189388414639495,3.913196978270827,3.9556425740641483,781088000
2019-05-17 00:00:00+00:00,3.885396718978882,4.063619198166043,3.8459297848972365,3.9342962983605236,1022068000
2019-05-20 00:00:00+00:00,3.766746997833252,3.841709617370362,3.7419248474577116,3.786604623445056,572064000
2019-05-21 00:00:00+00:00,3.848907709121704,3.8647938563869233,3.7888384293040094,3.827560868877688,361848000
2019-05-22 00:00:00+00:00,3.7779171466827393,3.8362488954901814,3.766995286298924,3.810185849232042,325868000
2019-05-23 00:00:00+00:00,3.656785488128662,3.7156136414344476,3.596964287794492,3.7156136414344476,591844000
2019-05-24 00:00:00+00:00,3.602921485900879,3.7108972961060918,3.596219424781176,3.6756499276191787,357584000
2019-05-28 00:00:00+00:00,3.557745933532715,3.6533109221055917,3.555760075922057,3.6205458102202184,428356000
2019-05-29 00:00:00+00:00,3.483527421951294,3.5450859198163482,3.4487764584867997,3.5100868721445884,559800000
2019-05-30 00:00:00+00:00,3.456937789916992,3.522542803864657,3.418668119450259,3.4867582292575867,394300000
2019-05-31 00:00:00+00:00,3.3662331104278564,3.4753263352677224,3.364493591022383,3.4079818131509665,389720000
2019-06-03 00:00:00+00:00,3.3244857788085938,3.4161836038836935,3.2951623062605164,3.377416955058253,478644000
2019-06-04 00:00:00+00:00,3.553605794906616,3.558824354022375,3.366482294929206,3.3885990793233907,641836000
2019-06-05 00:00:00+00:00,3.5108630657196045,3.6328785208222416,3.474581520082958,3.627411357441452,511616000
2019-06-06 00:00:00+00:00,3.572988748550415,3.5975906262764936,3.5126022998598807,3.515087395466578,408140000
2019-06-07 00:00:00+00:00,3.615732431411743,3.650025860020476,3.5598189492333616,3.5789539064857867,348856000
2019-06-10 00:00:00+00:00,3.6885435581207275,3.7571306414737142,3.671893699820949,3.671893699820949,402780000
2019-06-11 00:00:00+00:00,3.7461962699890137,3.7862054607206415,3.7066842880297246,3.7484327614973827,383872000
2019-06-12 00:00:00+00:00,3.6331264972686768,3.7089202523359184,3.6179677936535795,3.702707513482679,358892000
2019-06-13 00:00:00+00:00,3.6843185424804688,3.70270768154049,3.6375996447523056,3.6552434447095123,308080000
2019-06-14 00:00:00+00:00,3.594360589981079,3.6154834323884675,3.549630046112106,3.5911301547147225,394428000
2019-06-17 00:00:00+00:00,3.6040515899658203,3.641078707267633,3.569757935528094,3.592620292822661,276040000
2019-06-18 00:00:00+00:00,3.799128532409668,3.8545448088124306,3.6544992839894763,3.6654333766046627,581920000
2019-06-19 00:00:00+00:00,3.805091381072998,3.8458459063819643,3.7789983511075254,3.8344148457435088,331644000
2019-06-20 00:00:00+00:00,3.8294448852539062,3.9097116298928856,3.8150317564083283,3.8957954728017374,350168000
2019-06-21 00:00:00+00:00,3.7712948322296143,3.863738449062333,3.7648337255959237,3.8145346916961733,434428000
2019-06-24 00:00:00+00:00,3.793661117553711,3.823233194643373,3.745451292260698,3.792667173833801,282948000
2019-06-25 00:00:00+00:00,3.7643370628356934,3.873678912841051,3.7616035995326857,3.7986307227800666,311868000
2019-06-26 00:00:00+00:00,3.957672119140625,4.018804373627385,3.8788965411165424,3.891818752343268,584072000
2019-06-27 00:00:00+00:00,4.056329250335693,4.075463967695797,4.007373855672866,4.043407035835111,445440000
2019-06-28 00:00:00+00:00,4.081180095672607,4.1095096231126504,4.034461425431256,4.100314814720183,397668000
2019-07-01 00:00:00+00:00,4.129388809204102,4.322724783049094,4.091864483451066,4.288431128834214,709756000
2019-07-02 00:00:00+00:00,4.031478404998779,4.133862168283507,4.01830782427504,4.11273909166662,400228000
2019-07-03 00:00:00+00:00,4.044400215148926,4.060553098718158,3.984510978445289,4.054837331736692,246636000
2019-07-05 00:00:00+00:00,3.9817779064178467,3.990475504427953,3.918409150648736,3.98600252173469,396552000
2019-07-08 00:00:00+00:00,3.906729221343994,3.94102287631561,3.8766604183956743,3.9221365293452566,329788000
2019-07-09 00:00:00+00:00,3.909214735031128,3.9372956541388673,3.8518103489092463,3.8644839583677153,342860000
2019-07-10 00:00:00+00:00,3.977553129196167,4.034957273726255,3.9387864907932983,3.952702647043017,452076000
2019-07-11 00:00:00+00:00,4.132122039794922,4.172876560811911,4.013337041457255,4.05061252377747,682560000
2019-07-12 00:00:00+00:00,4.165173053741455,4.236245456165438,4.15995449551296,4.15995449551296,506392000
2019-07-15 00:00:00+00:00,4.15672492980957,4.202449655301508,4.12839587702368,4.186297241621317,289840000
2019-07-16 00:00:00+00:00,4.152002811431885,4.179089548151667,4.096337711827216,4.141814061497007,341444000
2019-07-17 00:00:00+00:00,4.2173590660095215,4.224317143574919,4.12441848826201,4.153741950568611,348204000
2019-07-18 00:00:00+00:00,4.229038238525391,4.291909774159534,4.171136893419797,4.227795927884981,442192000
2019-07-19 00:00:00+00:00,4.1857991218566895,4.2737695139511755,4.179834987309309,4.267308644681894,344896000
2019-07-22 00:00:00+00:00,4.257368087768555,4.27029029976045,4.199715105498288,4.207170391872514,315940000
2019-07-23 00:00:00+00:00,4.365218639373779,4.367206526089207,4.280975659526411,4.296631807856715,428176000
2019-07-24 00:00:00+00:00,4.439769268035889,4.44548503438826,4.332415809815378,4.4084579217188145,366236000
2019-07-25 00:00:00+00:00,4.308560371398926,4.410944139259118,4.285201039379807,4.398270292722599,392700000
2019-07-26 00:00:00+00:00,4.35055685043335,4.397275505507953,4.335646752299289,4.335646752299289,274160000
2019-07-29 00:00:00+00:00,4.344345569610596,4.360498456951097,4.256126792721933,4.343351625986868,248160000
2019-07-30 00:00:00+00:00,4.3600006103515625,4.372177247432304,4.28346127471765,4.297874640112289,197772000
2019-07-31 00:00:00+00:00,4.192758560180664,4.3294360164268,4.150512869920392,4.328441598693335,359416000
2019-08-01 00:00:00+00:00,4.098325729370117,4.293649585384976,4.046139673238952,4.203194102345515,421212000
2019-08-02 00:00:00+00:00,4.005634784698486,4.074967689451433,3.958170774070685,4.005634784698486,428348000
2019-08-05 00:00:00+00:00,3.747190237045288,3.823232365948057,3.7002229700783498,3.8219898180715823,589156000
2019-08-06 00:00:00+00:00,3.785956382751465,3.8674656693604224,3.7382437799019708,3.821989557739536,361272000
2019-08-07 00:00:00+00:00,3.824226140975952,3.8361544104711895,3.707677857003392,3.7250730525241433,372560000
2019-08-08 00:00:00+00:00,3.9328224658966064,3.9340650137381243,3.824474806229006,3.881879189353222,309300000
2019-08-09 00:00:00+00:00,3.831432342529297,3.8952978231995266,3.78098604486062,3.8918187845321515,341816000
2019-08-12 00:00:00+00:00,3.763591766357422,3.831433273853525,3.74172334870988,3.7792474441661086,279200000
2019-08-13 00:00:00+00:00,3.8779025077819824,3.923875824809681,3.7230848085127106,3.7620998110077326,351956000
2019-08-14 00:00:00+00:00,3.7292981147766113,3.8008672663439995,3.685561516370671,3.789684571599608,419880000
2019-08-15 00:00:00+00:00,3.6969919204711914,3.7680640875982334,3.6626985031530666,3.7481837975894,477200000
2019-08-16 00:00:00+00:00,3.96512770652771,4.014331222872721,3.8985285216837013,3.959909148173061,1007960000
2019-08-19 00:00:00+00:00,4.2439494132995605,4.259853932231015,4.0622933114203885,4.078446197746273,815112000
2019-08-20 00:00:00+00:00,4.171634197235107,4.238978716287921,4.150511123998606,4.23848150763034,463188000
2019-08-21 00:00:00+00:00,4.255132675170898,4.310300579038706,4.216117659782634,4.237737475569993,427244000
2019-08-22 00:00:00+00:00,4.261345386505127,4.307318478861628,4.22208153215865,4.264824426207958,303488000
2019-08-23 00:00:00+00:00,4.036695957183838,4.239226704906429,4.0168156703755935,4.184804401994482,568056000
2019-08-26 00:00:00+00:00,4.111497402191162,4.139578561470948,4.073227965103645,4.1154736507386875,318208000
2019-08-27 00:00:00+00:00,4.020791530609131,4.1524982403023545,3.9914680748385565,4.149764778151432,290968000
2019-08-28 00:00:00+00:00,4.010345935821533,4.063080889532141,3.95512342610678,3.9944261467383586,255612000
2019-08-29 00:00:00+00:00,4.154122829437256,4.186460102304133,4.098402629564038,4.101885112402821,357976000
2019-08-30 00:00:00+00:00,4.166809558868408,4.250141024495934,4.14865082702966,4.200390853274772,290616000
2019-09-03 00:00:00+00:00,4.0837249755859375,4.127007382925855,4.060840231810769,4.093923807368312,296140000
2019-09-04 00:00:00+00:00,4.197901725769043,4.20536439099438,4.144420477785668,4.144420477785668,227728000
2019-09-05 00:00:00+00:00,4.471031665802002,4.477250319429107,4.298399146221325,4.300140388215028,695676000
2019-09-06 00:00:00+00:00,4.4439167976379395,4.504611642699052,4.405858094235799,4.4476478942215945,376976000
2019-09-09 00:00:00+00:00,4.489934921264648,4.57650024338145,4.473517433795505,4.475010062052532,417524000
2019-09-10 00:00:00+00:00,4.5565996170043945,4.583215461857835,4.4473981713378405,4.457099304706557,352812000
2019-09-11 00:00:00+00:00,4.585206031799316,4.633463562443223,4.542172225124945,4.571276101213888,361512000
2019-09-12 00:00:00+00:00,4.583712577819824,4.686446271830251,4.575752686698401,4.6317214866113,327840000
2019-09-13 00:00:00+00:00,4.525755405426025,4.55411297162938,4.481975278246142,4.5170491975284275,324592000
2019-09-16 00:00:00+00:00,4.482720851898193,4.51729706453766,4.44018474684624,4.450632194597504,231832000
2019-09-17 00:00:00+00:00,4.504114151000977,4.508342948291427,4.442921608587003,4.489437904329208,223048000
2019-09-18 00:00:00+00:00,4.476999759674072,4.512819989869579,4.3904349150473205,4.497148817078808,258152000
2019-09-19 00:00:00+00:00,4.401379108428955,4.501376636271558,4.390682574555943,4.482968824286412,245476000
2019-09-20 00:00:00+00:00,4.295660495758057,4.424015591197717,4.285462136310317,4.400384528670916,350244000
2019-09-23 00:00:00+00:00,4.349142074584961,4.394663436350131,4.29217833769143,4.295909907969017,249712000
2019-09-24 00:00:00+00:00,4.291682243347168,4.410087158247444,4.25611109366906,4.380486048135575,317268000
2019-09-25 00:00:00+00:00,4.433467864990234,4.4531192177009835,4.246407806164493,4.291182848005648,308432000
2019-09-26 00:00:00+00:00,4.411330223083496,4.432474209776982,4.3603365162321746,4.423768001859884,234564000
2019-09-27 00:00:00+00:00,4.272528171539307,4.420285569025481,4.211832854215459,4.369540474836044,362056000
2019-09-30 00:00:00+00:00,4.329988479614258,4.34018731442526,4.26705470386503,4.298397522363803,186184000
2019-10-01 00:00:00+00:00,4.328247547149658,4.502372642070292,4.323521523666123,4.353122628488708,366008000
2019-10-02 00:00:00+00:00,4.304367542266846,4.318297472895194,4.231981246077953,4.306357396798702,293372000
2019-10-03 00:00:00+00:00,4.510085105895996,4.516303759249934,4.278498982000593,4.308846408908191,450588000
2019-10-04 00:00:00+00:00,4.526501655578613,4.555854148776173,4.447150383760403,4.512322635451095,265524000
2019-10-07 00:00:00+00:00,4.585206031799316,4.684954488078263,4.582718476415822,4.591424683031715,480984000
2019-10-08 00:00:00+00:00,4.408594131469727,4.493417744066732,4.390435401144945,4.493417744066732,444436000
2019-10-09 00:00:00+00:00,4.495157718658447,4.544659258534977,4.456601800774284,4.485456585893909,292412000
2019-10-10 00:00:00+00:00,4.552868366241455,4.603862066367149,4.487696122078728,4.492919846140023,309124000
2019-10-11 00:00:00+00:00,4.626498699188232,4.709829671336126,4.618041105588354,4.636946147357723,446404000
2019-10-14 00:00:00+00:00,4.639930248260498,4.660825141532965,4.586697613487923,4.61779134022508,200040000
2019-10-15 00:00:00+00:00,4.884700775146484,4.957336163033096,4.71629710886104,4.730227514717211,664124000
2019-10-16 00:00:00+00:00,4.8309712409973145,4.955595267118742,4.819528864325646,4.850622598934199,428944000
2019-10-17 00:00:00+00:00,4.832960605621338,4.92052036640875,4.778483953168002,4.8754967084117835,263436000
2019-10-18 00:00:00+00:00,4.738436698913574,4.866045516567658,4.664060533412796,4.833459151256394,307440000
2019-10-21 00:00:00+00:00,4.875747203826904,4.8891799122371475,4.78097335401835,4.799878401323895,261868000
2019-10-22 00:00:00+00:00,4.865795612335205,5.037930353646682,4.858084333471965,4.932709092426222,328720000
2019-10-23 00:00:00+00:00,4.852860927581787,4.867039471397555,4.751868456186786,4.783708500924184,279916000
2019-10-24 00:00:00+00:00,4.896890640258789,4.9304714585812945,4.860075477387066,4.894153996667783,232020000
2019-10-25 00:00:00+00:00,5.087930679321289,5.1088255802660125,4.969774379444563,4.977485660667419,423092000
2019-10-28 00:00:00+00:00,5.143898963928223,5.19638482405356,5.102357305201417,5.131709798534818,330792000
2019-10-29 00:00:00+00:00,5.047631740570068,5.1364355213270745,5.028229473069884,5.129967782525233,211236000
2019-10-30 00:00:00+00:00,5.049623489379883,5.08022000466161,4.981465965456105,5.0744985777638565,205960000
2019-10-31 00:00:00+00:00,5.000369548797607,5.04962201009923,4.920521055630176,5.028727112780852,209732000
2019-11-01 00:00:00+00:00,5.03942346572876,5.07176073786102,4.939923144962163,4.965046838364448,283640000
2019-11-04 00:00:00+00:00,5.236184597015381,5.248622375242353,5.09738250295255,5.120515868994538,376716000
2019-11-05 00:00:00+00:00,5.214046478271484,5.262054929260456,5.166037552829756,5.235936305060283,300868000
2019-11-06 00:00:00+00:00,5.164793014526367,5.215537624755522,5.077232775378785,5.189916706444991,269012000
2019-11-07 00:00:00+00:00,5.1824541091918945,5.266034166048843,5.137679061788077,5.25135792159771,280340000
2019-11-08 00:00:00+00:00,5.168524265289307,5.200115696871531,5.127978013857523,5.165539483490346,189100000
2019-11-11 00:00:00+00:00,5.178474426269531,5.201607789685678,5.081461664921861,5.167777890763214,243436000
2019-11-12 00:00:00+00:00,5.214046478271484,5.2700152975952514,5.18170872734986,5.216782647313489,283504000
2019-11-13 00:00:00+00:00,5.18817663192749,5.210315072662682,5.121760360816376,5.182703819217081,300188000
2019-11-14 00:00:00+00:00,5.218523025512695,5.220761967696311,5.137181909631475,5.197130428751293,518080000
2019-11-15 00:00:00+00:00,5.079224109649658,5.268024993429491,4.990917538982779,5.2162849712701425,1053628000
2019-11-18 00:00:00+00:00,5.280462265014648,5.307078113271968,5.068776172798881,5.071760954812264,574588000
2019-11-19 00:00:00+00:00,5.17374849319458,5.2729997330803196,5.115541209597761,5.249368666232372,414564000
2019-11-20 00:00:00+00:00,5.253101825714111,5.336930538263387,5.13817936720095,5.150865763583523,472588000
2019-11-21 00:00:00+00:00,5.228225231170654,5.3043426386799135,5.206584016770037,5.2486229048494595,288388000
2019-11-22 00:00:00+00:00,5.245885372161865,5.297376295029935,5.222253834514894,5.250860008208855,224100000
2019-11-25 00:00:00+00:00,5.502596378326416,5.507571489985604,5.361057630456042,5.373992636098271,506476000
2019-11-26 00:00:00+00:00,5.397872447967529,5.489661022292921,5.391404708332853,5.4849345241825445,385244000
2019-11-27 00:00:00+00:00,5.4327216148376465,5.477778493171159,5.406334928818144,5.443426042021395,215784000
2019-11-29 00:00:00+00:00,5.395382404327393,5.430232928041088,5.371484631036416,5.401854915761522,141556000
2019-12-02 00:00:00+00:00,5.208930492401123,5.401854230847821,5.193745826766644,5.3884116163753735,372036000
2019-12-03 00:00:00+00:00,5.169351577758789,5.173334223792447,4.987879092072044,5.025219010053087,465232000
2019-12-04 00:00:00+00:00,5.213163375854492,5.275396728881855,5.184536090438242,5.25299268380778,273424000
2019-12-05 00:00:00+00:00,5.196236610412598,5.250752997982738,5.165617524707068,5.235070260095788,184884000
2019-12-06 00:00:00+00:00,5.281619548797607,5.314479223786324,5.255481656559411,5.265439220156495,232236000
2019-12-09 00:00:00+00:00,5.281619548797607,5.3363851989760365,5.250005281462674,5.2587179122087395,211880000
2019-12-10 00:00:00+00:00,5.326676845550537,5.378455036133057,5.258966648356525,5.311740500326746,256388000
2019-12-11 00:00:00+00:00,5.410318851470947,5.415795702068406,5.334643352660825,5.337132743877338,233796000
2019-12-12 00:00:00+00:00,5.577850818634033,5.596022946179587,5.3724810401434215,5.381442468181327,404348000
2019-12-13 00:00:00+00:00,5.575859546661377,5.700077456204017,5.521840756864818,5.580838328862524,454704000
2019-12-16 00:00:00+00:00,5.604734897613525,5.677174602340793,5.595275402586512,5.623405091030793,320976000
2019-12-17 00:00:00+00:00,5.682901382446289,5.705554225782321,5.613946716086924,5.623406213001277,321196000
2019-12-18 00:00:00+00:00,5.713271617889404,5.773762453346687,5.709288496598913,5.717752332589412,343548000
2019-12-19 00:00:00+00:00,5.861385822296143,5.874828438845495,5.742893563583482,5.747872345624189,445360000
2019-12-20 00:00:00+00:00,5.958720684051514,5.98411172008046,5.9086850021919775,5.927852796280811,603044000
2019-12-23 00:00:00+00:00,5.945028305053711,6.019459349165906,5.93432434964063,5.987347008123816,355060000
2019-12-24 00:00:00+00:00,5.940048694610596,5.957225160058684,5.89524060645085,5.929593537347026,138864000
2019-12-26 00:00:00+00:00,5.954237937927246,5.982367152831068,5.924614518727591,5.943533509630597,182852000
2019-12-27 00:00:00+00:00,5.896485805511475,5.982865729966805,5.870098639700798,5.969423112990972,254644000
2019-12-30 00:00:00+00:00,5.7832207679748535,5.879807047585535,5.751855296687879,5.874579469037705,258056000
2019-12-31 00:00:00+00:00,5.85740327835083,5.866862774471534,5.728704656657821,5.747872445564755,231004000
2020-01-02 00:00:00+00:00,5.972161293029785,5.972161293029785,5.892751948637045,5.943285210959953,237536000
2020-01-03 00:00:00+00:00,5.876570701599121,5.920383126947964,5.827530697782755,5.852424132067387,205384000
2020-01-06 00:00:00+00:00,5.901215076446533,5.906442655101871,5.757082993633497,5.783220886910184,262636000
2020-01-07 00:00:00+00:00,5.972658634185791,6.0184623802128785,5.884536194281414,5.9295930755902955,314856000
2020-01-08 00:00:00+00:00,5.983860969543457,6.025184004233772,5.928348928870455,5.968427030697477,277108000
2020-01-09 00:00:00+00:00,6.049580097198486,6.122019814933287,5.995810576233439,6.070241617025367,255112000
2020-01-10 00:00:00+00:00,6.081939697265625,6.18723859285994,6.067750693162617,6.156868787297073,316296000
2020-01-13 00:00:00+00:00,6.2726240158081055,6.2977662482832395,6.142431664640482,6.165084980857148,319840000
2020-01-14 00:00:00+00:00,6.155625820159912,6.255199094022158,6.142431999336012,6.2298075886953805,359088000
2020-01-15 00:00:00+00:00,6.113058090209961,6.19072538934148,6.087168990499455,6.1683213424842025,263104000
2020-01-16 00:00:00+00:00,6.196700096130371,6.202674540532389,6.143179368014329,6.166579077421036,284192000
2020-01-17 00:00:00+00:00,6.205412864685059,6.223336198284075,6.157866579928591,6.2158680239171,253792000
2020-01-21 00:00:00+00:00,6.172055244445801,6.205661312431895,6.137951108313541,6.16881898850275,217916000
2020-01-22 00:00:00+00:00,6.226073265075684,6.312701982997386,6.198441642138301,6.217360633951535,239240000
2020-01-23 00:00:00+00:00,6.294529438018799,6.302993271921068,6.177282120617684,6.266151426985994,244516000
2020-01-24 00:00:00+00:00,6.235283851623535,6.4598218835138725,6.181016268171984,6.410035013873357,373512000
2020-01-27 00:00:00+00:00,5.979382038116455,6.030413380258959,5.78098184305526,5.930590816111172,470536000
2020-01-28 00:00:00+00:00,6.172801494598389,6.20516262639807,5.99207542036625,6.045347340574895,310976000
2020-01-29 00:00:00+00:00,6.112310409545898,6.194458405742976,6.072480632029588,6.158362951782948,258848000
2020-01-30 00:00:00+00:00,6.119032382965088,6.132475000668001,5.9594663457306005,6.014480325152171,290504000
2020-01-31 00:00:00+00:00,5.885533332824707,6.085177966433363,5.843712696530741,6.073229077548555,370420000
2020-02-03 00:00:00+00:00,5.982616424560547,6.002033008760305,5.861136713178415,5.8673599529961455,255564000
2020-02-04 00:00:00+00:00,6.151891231536865,6.1710594954488736,6.074473210292786,6.124508879153485,271544000
2020-02-05 00:00:00+00:00,6.24225378036499,6.283078746429392,6.158860847289228,6.2728723862126,208220000
2020-02-06 00:00:00+00:00,6.329133033752441,6.329133033752441,6.195456077136111,6.276608438314727,218284000
2020-02-07 00:00:00+00:00,6.262915134429932,6.311208271913622,6.2375236328730574,6.289053025912521,189752000
2020-02-10 00:00:00+00:00,6.546202182769775,6.546948572779243,6.28058989680513,6.285568679018412,529608000
2020-02-11 00:00:00+00:00,6.668676853179932,6.783435262639754,6.592503292289817,6.6544878466622785,638556000
2020-02-12 00:00:00+00:00,6.784432411193848,6.790904924219085,6.682618527827235,6.721452181569981,374644000
2020-02-13 00:00:00+00:00,6.740617752075195,6.807829877717918,6.69904592375907,6.726428747125231,528016000
2020-02-14 00:00:00+00:00,7.213841438293457,7.342788859581885,7.1194957464110455,7.150861219880521,1041924000
2020-02-18 00:00:00+00:00,7.382617950439453,7.401039349225762,7.091117048530455,7.110533633972161,620164000
2020-02-19 00:00:00+00:00,7.833934783935547,7.8516093193598975,7.505093939279053,7.505093939279053,694332000
2020-02-20 00:00:00+00:00,7.684575080871582,7.874262135253368,7.377142147371069,7.785890882845658,810052000
2020-02-21 00:00:00+00:00,7.320384979248047,7.59744809221304,7.235498781788594,7.57230585857615,768180000
2020-02-24 00:00:00+00:00,6.80285120010376,7.016685262573864,6.671414405623686,6.725930781752228,856916000
2020-02-25 00:00:00+00:00,6.523300647735596,6.940015164910747,6.421486774021762,6.878030602828271,1055496000
2020-02-26 00:00:00+00:00,6.6627020835876465,6.856870300237141,6.522055058994251,6.523548313689535,747732000
2020-02-27 00:00:00+00:00,6.291820049285889,6.650498756691711,6.199410427700784,6.349108874228753,906416000
2020-02-28 00:00:00+00:00,6.726964950561523,6.786495693722669,6.02256050177954,6.039248873472781,1133252000
2020-03-02 00:00:00+00:00,6.885383605957031,6.914277441035169,6.501049706023271,6.897090697344375,890744000
2020-03-03 00:00:00+00:00,6.622849464416504,7.000956309250315,6.537414132705746,6.941176614126376,652792000
2020-03-04 00:00:00+00:00,7.08664083480835,7.096105989166216,6.655479133187068,6.7302041110260316,597408000
2020-03-05 00:00:00+00:00,6.807170391082764,7.0540107600488415,6.762584445911422,6.887125597678066,540328000
2020-03-06 00:00:00+00:00,6.626585483551025,6.685119975650796,6.426323102976451,6.62758174053055,515412000
2020-03-09 00:00:00+00:00,6.1134772300720215,6.461196160806149,5.932643489452157,5.975485398135527,614160000
2020-03-10 00:00:00+00:00,6.503040790557861,6.503040790557861,6.127175872348924,6.389957305900693,580648000
2020-03-11 00:00:00+00:00,6.139132499694824,6.39145304099878,6.041990535556911,6.363057573381899,499964000
2020-03-12 00:00:00+00:00,5.3878984451293945,5.881330146750417,5.375195101760593,5.615808463862766,816540000
2020-03-13 00:00:00+00:00,5.998898506164551,6.003381900510445,5.470096942020882,5.741347288359107,634836000
2020-03-16 00:00:00+00:00,4.891976356506348,5.63175111220886,4.832196659848322,5.290757088128604,726972000
2020-03-17 00:00:00+00:00,5.411811351776123,5.501232192910252,4.75747237516683,5.004312758798848,833632000
2020-03-18 00:00:00+00:00,5.051887512207031,5.229234097462733,4.500419555917958,4.984137280788348,874268000
2020-03-19 00:00:00+00:00,5.30470609664917,5.3983609069742196,4.817002895403094,5.030466044188625,765512000
2020-03-20 00:00:00+00:00,5.124868869781494,5.736863830889269,5.109425697692478,5.454902655235575,804636000
2020-03-23 00:00:00+00:00,5.297731876373291,5.392134482741824,4.944782258783055,5.1238724206528605,643876000
2020-03-24 00:00:00+00:00,6.206631660461426,6.2933126568407065,5.6803210960481545,5.703983740053256,1101644000
2020-03-25 00:00:00+00:00,6.117959976196289,6.521473066169563,6.0691395795160865,6.321709035304789,793432000
2020-03-26 00:00:00+00:00,6.4073944091796875,6.531437214285928,6.227058561399177,6.325196780085828,696108000
2020-03-27 00:00:00+00:00,6.295057773590088,6.553854198848943,6.194179261010229,6.227058120283938,638828000
2020-03-30 00:00:00+00:00,6.615376949310303,6.624593158034933,6.316477992958648,6.360565572392479,602252000
2020-03-31 00:00:00+00:00,6.565810203552246,6.859727421478084,6.420096797169394,6.655479517008711,949960000
2020-04-01 00:00:00+00:00,6.054443359375,6.514249459309813,6.009857889253428,6.367789228140478,656912000
2020-04-02 00:00:00+00:00,6.363305568695068,6.376506804819798,6.03551327444498,6.083585879611175,675764000
2020-04-03 00:00:00+00:00,6.075366973876953,6.367291194451505,5.937873523633539,6.3256944931640025,663212000
2020-04-06 00:00:00+00:00,6.685368537902832,6.722232894552762,6.300038024268132,6.357576256090151,727884000
2020-04-07 00:00:00+00:00,6.451979160308838,6.930715589086109,6.408887836296941,6.907052465159574,784520000
2020-04-08 00:00:00+00:00,6.649252414703369,6.674160741564589,6.4910850854844675,6.561077251171953,542444000
2020-04-09 00:00:00+00:00,6.549620151519775,6.7979551799719955,6.486602254866638,6.775039840327325,525564000
2020-04-13 00:00:00+00:00,6.721485614776611,6.7302034567472955,6.401414916462178,6.489839013642981,398408000
2020-04-14 00:00:00+00:00,7.072692394256592,7.106816454510555,6.822115458062838,6.849763610018782,530948000
2020-04-15 00:00:00+00:00,6.995229244232178,7.0781737197189045,6.8592303869378295,6.904563181006972,366148000
2020-04-16 00:00:00+00:00,7.340456485748291,7.447561969377229,7.137454718028842,7.15065595680032,745620000
2020-04-17 00:00:00+00:00,7.2811737060546875,7.44407335910978,7.147167405269901,7.422652171604382,539120000
2020-04-20 00:00:00+00:00,7.149907112121582,7.310565303117694,7.105570589945106,7.154639926475193,449388000
2020-04-21 00:00:00+00:00,6.713016986846924,7.09311633723642,6.653237293047611,7.031842495530036,735160000
2020-04-22 00:00:00+00:00,7.127490043640137,7.170332420198244,6.859726852955732,6.905308579945586,483356000
2020-04-23 00:00:00+00:00,7.074186325073242,7.301598496548493,7.049029054031035,7.1695851787187115,424160000
2020-04-24 00:00:00+00:00,7.213174343109131,7.215166857112754,6.989249310229326,7.063974286406707,352328000
2020-04-27 00:00:00+00:00,7.39973783493042,7.559648738679857,7.323020337393743,7.347679719671789,479388000
2020-04-28 00:00:00+00:00,7.257261753082275,7.577083522460443,7.251782102156666,7.5471934376689775,442904000
2020-04-29 00:00:00+00:00,7.43411111831665,7.486916543753276,7.316793177918443,7.392016050247552,379160000
2020-04-30 00:00:00+00:00,7.280178070068359,7.434110948500849,7.266229521224873,7.380059846645527,375916000
2020-05-01 00:00:00+00:00,7.043549060821533,7.195987302726831,6.9952270351013786,7.082654878258051,342096000
2020-05-04 00:00:00+00:00,7.255517482757568,7.269217083833185,6.996222744463276,6.996222744463276,317556000
2020-05-05 00:00:00+00:00,7.316543102264404,7.479193802315444,7.255517734019702,7.359634420747958,368896000
2020-05-06 00:00:00+00:00,7.417421817779541,7.522285825794979,7.358140487441627,7.396001104345691,323464000
2020-05-07 00:00:00+00:00,7.5937724113464355,7.65703924710628,7.505348303593929,7.556659104625478,373732000
2020-05-08 00:00:00+00:00,7.7838215827941895,7.790048545043072,7.631632288004621,7.665507399718364,339216000
2020-05-11 00:00:00+00:00,8.035894393920898,8.08272180357761,7.750196645774987,7.778841056732437,469060000
2020-05-12 00:00:00+00:00,7.773858070373535,8.1424997468575,7.764143971249282,8.093679830683575,493060000
2020-05-13 00:00:00+00:00,7.751441478729248,8.04884533424827,7.566871210946985,7.888436555350383,625852000
2020-05-14 00:00:00+00:00,8.001022338867188,8.006501990035128,7.659281000499965,7.812964929554271,602312000
2020-05-15 00:00:00+00:00,8.45958423614502,8.469297862570011,7.845097834062124,7.8607899538321275,987660000
2020-05-18 00:00:00+00:00,8.718130111694336,8.883770081893816,8.648636311914329,8.72834257799141,774460000
2020-05-19 00:00:00+00:00,8.773179054260254,9.054143550346636,8.730585612755528,8.757984824820362,717320000
2020-05-20 00:00:00+00:00,8.937073707580566,9.009805697784032,8.856121765358052,8.957996530775512,587536000
2020-05-21 00:00:00+00:00,8.743036270141602,9.019267817107908,8.705424608095301,9.018272035432874,761068000
2020-05-22 00:00:00+00:00,8.993117332458496,9.059622838486286,8.68126653165921,8.792854928040327,1038764000
2020-05-26 00:00:00+00:00,8.685748100280762,9.148045528175322,8.640166375836815,9.123136729161354,770780000
2020-05-27 00:00:00+00:00,8.493956565856934,8.601061088518641,7.967395990303073,8.593339977535337,1175892000
2020-05-28 00:00:00+00:00,8.455845832824707,8.728341341966937,8.34849047916104,8.381369333016186,734896000
2020-05-29 00:00:00+00:00,8.84292221069336,8.84292221069336,8.453855472218748,8.523100342118731,745256000
2020-06-01 00:00:00+00:00,8.77392578125,8.808299268671028,8.657604554371137,8.800827101900822,389876000
2020-06-02 00:00:00+00:00,8.792853355407715,8.804809388620695,8.6262176271479,8.763960479468725,391320000
2020-06-03 00:00:00+00:00,8.737308502197266,8.833703608573678,8.6680636547622,8.789865451620612,365440000
2020-06-04 00:00:00+00:00,8.73830795288086,8.914488767786045,8.649593471696994,8.699930983185242,424280000
2020-06-05 00:00:00+00:00,8.891311645507812,8.968063664128229,8.679993584629917,8.766215551349127,481748000
2020-06-08 00:00:00+00:00,8.776681900024414,8.861158553658532,8.657815132077493,8.848698945943744,387736000
2020-06-09 00:00:00+00:00,9.016904830932617,9.080450057640956,8.723103574585048,8.771696703654069,468488000
2020-06-10 00:00:00+00:00,9.336623191833496,9.469444851421066,9.124058914808835,9.138263834966697,632180000
2020-06-11 00:00:00+00:00,8.767961502075195,9.231465258271147,8.757744374933589,9.120573115586287,583652000
2020-06-12 00:00:00+00:00,8.903770446777344,9.157701349892829,8.675257825059724,9.133031196228242,570908000
2020-06-15 00:00:00+00:00,9.144247055053711,9.1527198178345,8.71562963502627,8.786900466028952,400004000
2020-06-16 00:00:00+00:00,9.039334297180176,9.236947471992163,8.81032351724379,9.195331790102433,535716000
2020-06-17 00:00:00+00:00,9.206296920776367,9.269094037882377,9.041079473800002,9.08444047440057,408304000
2020-06-18 00:00:00+00:00,9.188352584838867,9.25264498918956,9.085185106546142,9.1973234632541,254408000
2020-06-19 00:00:00+00:00,9.231463432312012,9.414622606088821,9.197573338557122,9.21277449670793,524160000
2020-06-22 00:00:00+00:00,9.496111869812012,9.500597785794735,9.243427133420527,9.270091668982165,398468000
2020-06-23 00:00:00+00:00,9.419608116149902,9.611489140165338,9.377245254661855,9.520283127566138,375108000
2020-06-24 00:00:00+00:00,9.205799102783203,9.525766870379229,9.115091202286816,9.445774215524738,449372000
2020-06-25 00:00:00+00:00,9.459477424621582,9.47442952287716,9.152717480888574,9.325659519889186,376072000
2020-06-26 00:00:00+00:00,9.125557899475098,9.469448669975863,9.095654643529448,9.469448669975863,592084000
2020-06-29 00:00:00+00:00,9.170412063598633,9.174897979179185,8.87137669129066,9.140259752452296,342248000
2020-06-30 00:00:00+00:00,9.467205047607422,9.495612994745153,9.23669894916683,9.2840458445988,367892000
2020-07-01 00:00:00+00:00,9.499348640441895,9.544952111889348,9.382725317164471,9.490128702777607,326648000
2020-07-02 00:00:00+00:00,9.581337928771973,9.706184995673514,9.547446875204932,9.60800151458769,364056000
2020-07-06 00:00:00+00:00,9.807607650756836,9.87688411587141,9.681265272621609,9.710421352284722,315892000
2020-07-07 00:00:00+00:00,9.840001106262207,10.03761332716337,9.819068736124418,9.914261588677919,357800000
2020-07-08 00:00:00+00:00,10.183143615722656,10.192115446243932,9.933449530178866,9.961608415928094,365480000
2020-07-09 00:00:00+00:00,10.475202560424805,10.53600625328091,10.200588280241728,10.346866776450545,494548000
2020-07-10 00:00:00+00:00,10.445547103881836,10.620980703875492,10.345370220590507,10.554694866902343,497676000
2020-07-13 00:00:00+00:00,10.019922256469727,10.757542216572244,9.992759602444872,10.560927150616669,457076000
2020-07-14 00:00:00+00:00,10.343626022338867,10.369293366563943,9.754028084827254,10.042597249487693,542676000
2020-07-15 00:00:00+00:00,10.19435977935791,10.399447611037697,10.02341110936566,10.380758670576666,403984000
2020-07-16 00:00:00+00:00,10.102153778076172,10.17392175443608,9.863673099832496,9.982788909437888,344964000
2020-07-17 00:00:00+00:00,10.168692588806152,10.215541371466017,10.055308895610622,10.192615573697863,266284000
2020-07-20 00:00:00+00:00,10.476946830749512,10.497381084457215,10.12408521745937,10.241207637017371,284852000
2020-07-21 00:00:00+00:00,10.295282363891602,10.526038461641557,10.253666681461006,10.479188735913805,277036000
2020-07-22 00:00:00+00:00,10.40517807006836,10.568401127424853,10.258401467746838,10.334157256120164,367292000
2020-07-23 00:00:00+00:00,10.097172737121582,10.513080531920828,9.998989264473964,10.416392364520581,411660000
2020-07-24 00:00:00+00:00,10.161712646484375,10.331415031399883,9.745555856946444,9.843240245664335,473292000
2020-07-27 00:00:00+00:00,10.387983322143555,10.408167564338216,10.184887999937322,10.199341982067489,292132000
2020-07-28 00:00:00+00:00,10.18264389038086,10.348608469721729,10.176414562543776,10.340883837033779,271636000
2020-07-29 00:00:00+00:00,10.431841850280762,10.482428412987407,10.313723200733138,10.357332306514728,284508000
2020-07-30 00:00:00+00:00,10.579864501953125,10.58883538202943,10.26213925755088,10.341632833422555,308880000
2020-07-31 00:00:00+00:00,10.580611228942871,10.73187374020232,10.399445468499222,10.529276541514152,386080000
2020-08-03 00:00:00+00:00,10.974841117858887,11.06305652459791,10.680789762062144,10.697984346886285,412720000
2020-08-04 00:00:00+00:00,11.191641807556152,11.191641807556152,10.870926855134206,11.014463809837823,310336000
2020-08-05 00:00:00+00:00,11.250450134277344,11.335176800869487,11.130338066331815,11.207838217205914,249924000
2020-08-06 00:00:00+00:00,11.299043655395508,11.321471331155298,11.142798052946382,11.313247628235027,244316000
2020-08-07 00:00:00+00:00,11.163482666015625,11.467751154074874,11.00200395208297,11.27611917612145,342516000
2020-08-10 00:00:00+00:00,11.1290922164917,11.371559793938696,10.821584094052726,11.297798378444579,427796000
2020-08-11 00:00:00+00:00,10.815104484558105,11.100932076184446,10.761028249179992,11.038134020681973,354512000
2020-08-12 00:00:00+00:00,11.403458595275879,11.430122179530569,10.923008355606033,10.955404101900573,464412000
2020-08-13 00:00:00+00:00,11.406197547912598,11.684051467097131,11.319228399501068,11.508865973672156,374460000
2020-08-14 00:00:00+00:00,11.526810646057129,11.667107929761102,11.403707947700358,11.492919593602549,366436000
2020-08-17 00:00:00+00:00,12.297323226928711,12.369839349029562,11.779245137203514,11.813135235638537,621300000
2020-08-18 00:00:00+00:00,12.221317291259766,12.455811161264746,12.047378997783936,12.409958625490619,503448000
2020-08-19 00:00:00+00:00,12.099462509155273,12.275394249767562,12.059092119307362,12.256954369804536,622624000
2020-08-20 00:00:00+00:00,12.101954460144043,12.335202123816478,11.840547906754143,11.936488900057252,921388000
2020-08-21 00:00:00+00:00,12.642709732055664,12.767556787011529,12.156029230192898,12.162508569332642,999868000
2020-08-24 00:00:00+00:00,12.679341316223145,12.870973283791967,12.467275094925899,12.84231532663013,490564000
2020-08-25 00:00:00+00:00,12.70899486541748,12.720208228124914,12.533311244809951,12.590128087439712,289076000
2020-08-26 00:00:00+00:00,12.731917381286621,12.827110212672375,12.636973608927052,12.758082838140524,321244000
2020-08-27 00:00:00+00:00,12.587636947631836,12.808674045517998,12.526085128500187,12.740393828304285,317604000
2020-08-28 00:00:00+00:00,13.105464935302734,13.105713994381041,12.60183991135932,12.634235653075363,537160000
2020-08-31 00:00:00+00:00,13.3314847946167,13.531339476440195,12.995817829927319,13.140350982142131,500840000
2020-09-01 00:00:00+00:00,13.780673027038574,13.952918495863635,13.397294423464833,13.440667445417443,511316000
2020-09-02 00:00:00+00:00,14.30463981628418,14.683780290429024,13.859441849310095,14.660846685338182,874012000
2020-09-03 00:00:00+00:00,12.977523803710938,13.843987742338365,12.841172588459598,13.788400514641319,945128000
2020-09-04 00:00:00+00:00,12.585670471191406,13.136558157746384,11.670597925820415,12.746449138943373,1463684000
2020-09-08 00:00:00+00:00,11.878239631652832,12.51338103804786,11.670098963293693,11.700260294828636,795728000
2020-09-09 00:00:00+00:00,12.677898406982422,12.771873116257286,12.19605789055686,12.363817029003448,736200000
2020-09-10 00:00:00+00:00,12.275827407836914,13.027128843860567,12.13149916342981,12.951350382295354,698684000
2020-09-11 00:00:00+00:00,12.129006385803223,12.615582404816298,11.861040360382365,12.449069863720515,636928000
2020-09-14 00:00:00+00:00,12.83469009399414,13.276148185663597,12.594394075811492,13.042831711985079,1201744000
2020-09-15 00:00:00+00:00,12.953092575073242,13.25994431280962,12.790318967266236,13.241248834931985,727556000
2020-09-16 00:00:00+00:00,12.477981567382812,13.054544129058655,12.477234166715071,12.919439572221593,556384000
2020-09-17 00:00:00+00:00,12.427135467529297,12.55301737616632,11.999636386534704,12.096851760196087,792512000
2020-09-18 00:00:00+00:00,12.153682708740234,12.595639043029594,11.953768216184255,12.55700241680166,698460000
2020-09-21 00:00:00+00:00,12.48072624206543,12.48596090038017,11.869764119068916,11.890204485124078,721044000
2020-09-22 00:00:00+00:00,12.600873947143555,12.611094129925739,12.120031843646952,12.53830718247085,646452000
2020-09-23 00:00:00+00:00,12.088374137878418,12.689864431415549,12.044004584311867,12.538805789732296,647012000
2020-09-24 00:00:00+00:00,12.311968803405762,12.532822874415036,11.978943761792259,12.037024217562717,731240000
2020-09-25 00:00:00+00:00,12.836185455322266,12.84590737096743,12.210018586981217,12.411179703445859,588016000
2020-09-28 00:00:00+00:00,12.996964454650879,13.013665913811485,12.712796220684117,13.002199112626233,573808000
2020-09-29 00:00:00+00:00,13.187159538269043,13.403526377731259,12.895513458671179,12.899750631913115,621460000
2020-09-30 00:00:00+00:00,13.491022109985352,13.582753686738224,13.111881598375591,13.119110277500235,689184000
2020-10-01 00:00:00+00:00,13.574772834777832,13.722589867440927,13.421471060013364,13.717854427831904,525004000
2020-10-02 00:00:00+00:00,13.024134635925293,13.480050027948268,13.012916968837262,13.186409976653888,552496000
2020-10-05 00:00:00+00:00,13.602693557739258,13.604438443946247,13.184168099894958,13.197379788701449,479820000
2020-10-06 00:00:00+00:00,13.696419715881348,14.100736967285448,13.625128512043325,13.789647040474033,784420000
2020-10-07 00:00:00+00:00,13.923254013061523,14.078051554795485,13.823047156809322,13.958900085638684,418084000
2020-10-08 00:00:00+00:00,13.798369407653809,14.043402752809419,13.717855517208713,14.033929971056136,378900000
2020-10-09 00:00:00+00:00,13.7225923538208,13.78391345519388,13.620890687212187,13.726830477949628,346892000
2020-10-12 00:00:00+00:00,14.184491157531738,14.305138392357874,13.871906436698138,13.948681431101125,434744000
2020-10-13 00:00:00+00:00,14.20667552947998,14.306633256884707,13.9778453621998,14.25478494025162,344604000
2020-10-14 00:00:00+00:00,14.054123878479004,14.300901205749161,13.919268411299134,14.248803748861201,276100000
2020-10-15 00:00:00+00:00,13.92923641204834,13.964881532170823,13.727576089528585,13.770450838000084,267224000
2020-10-16 00:00:00+00:00,13.771199226379395,14.080295100382083,13.752254612946892,13.99579221618261,242392000
2020-10-19 00:00:00+00:00,13.458366394042969,13.942698314099715,13.367631359550169,13.862433547837183,298068000
2020-10-20 00:00:00+00:00,13.605684280395508,13.75948434227297,13.467588193477743,13.543864914965305,229212000
2020-10-21 00:00:00+00:00,13.485285758972168,13.751257741305391,13.43817383559243,13.585243481964962,219596000
2020-10-22 00:00:00+00:00,13.322015762329102,13.572033721212627,13.193142358953583,13.483044519972317,290480000
2020-10-23 00:00:00+00:00,13.550594329833984,13.553585834623085,13.252467010222349,13.410753367087764,233484000
2020-10-26 00:00:00+00:00,13.102906227111816,13.652797384472526,13.000456205176109,13.387822856088881,336896000
2020-10-27 00:00:00+00:00,13.357661247253418,13.402779155391,13.1530093903305,13.267175346468049,250520000
2020-10-28 00:00:00+00:00,12.590156555175781,13.22130994850956,12.572209425845594,13.159490579429658,376520000
2020-10-29 00:00:00+00:00,12.985998153686523,13.154255577159386,12.712797475867808,12.801039269404054,320080000
2020-10-30 00:00:00+00:00,12.497427940368652,12.898752703035122,12.264110514178018,12.81250588144576,416820000
2020-11-02 00:00:00+00:00,12.544041633605957,12.799294228587504,12.35883361795099,12.620816623897126,299652000
2020-11-03 00:00:00+00:00,12.981511116027832,13.06676140590141,12.565977166544666,12.671418689898168,272900000
2020-11-04 00:00:00+00:00,13.754000663757324,13.787154453240435,13.29808518565941,13.350182639287604,410228000
2020-11-05 00:00:00+00:00,14.118682861328125,14.29716046437122,13.950176307836214,14.121176099161731,319028000
2020-11-06 00:00:00+00:00,14.519512176513672,14.54618373906461,13.854458490174565,14.06858124416874,383348000
2020-11-09 00:00:00+00:00,13.590974807739258,14.648629518279884,13.571033662741431,14.510035184880275,582976000
2020-11-10 00:00:00+00:00,12.73273754119873,13.566795847046349,12.591400833597982,13.566795847046349,644068000
2020-11-11 00:00:00+00:00,13.378849029541016,13.395799624535597,12.910469268187597,13.015661659709846,404744000
2020-11-12 00:00:00+00:00,13.417484283447266,13.725831796974465,13.277145048240593,13.439669534835307,365812000
2020-11-13 00:00:00+00:00,13.258200645446777,13.628865795252274,13.021144322381677,13.587486796722393,346312000
2020-11-16 00:00:00+00:00,13.475813865661621,13.60967182378943,13.11761205786951,13.13406343303605,413776000
2020-11-17 00:00:00+00:00,13.383086204528809,13.556578292397134,13.264932208572795,13.51295613681123,312028000
2020-11-18 00:00:00+00:00,13.389566421508789,13.56605000060591,13.146528037574518,13.425959895699158,510924000
2020-11-19 00:00:00+00:00,13.401033401489258,13.448145326416391,13.061776193866837,13.174197256504039,565936000
2020-11-20 00:00:00+00:00,13.049561500549316,13.455124365045503,13.026877031101098,13.414742852467638,341088000
2020-11-23 00:00:00+00:00,13.101659774780273,13.343451549206788,12.977522773424152,13.132818591923678,361356000
2020-11-24 00:00:00+00:00,12.919939994812012,13.123593383278829,12.847402185837863,13.104150504299037,346500000
2020-11-25 00:00:00+00:00,13.196133613586426,13.230782205275162,12.982010870157552,12.994474207642163,259916000
2020-11-27 00:00:00+00:00,13.222552299499512,13.368376254568693,13.132067372914312,13.335970825565383,167276000
2020-11-30 00:00:00+00:00,13.362397193908691,13.37336572978121,12.934399884436976,13.226296063485327,286952000
2020-12-01 00:00:00+00:00,13.350931167602539,13.489276400657282,13.1896523285899,13.452882922722688,296948000
2020-12-02 00:00:00+00:00,13.50497817993164,13.6336014753466,13.195633192368692,13.311544018749284,283360000
2020-12-03 00:00:00+00:00,13.360857963562012,13.624165347184348,13.294034288848101,13.551855309334533,199520000
2020-12-04 00:00:00+00:00,13.522684097290039,13.524429499038396,13.353628383751987,13.4132212504212,202244000
2020-12-07 00:00:00+00:00,13.571053504943848,13.695227164822676,13.464584017716646,13.56556809347434,223244000
2020-12-08 00:00:00+00:00,13.314979553222656,13.563076745263064,13.246658730666162,13.549362739309682,271920000
2020-12-09 00:00:00+00:00,12.896829605102539,13.378811595997652,12.834493556769912,13.265609689866503,401300000
2020-12-10 00:00:00+00:00,12.938220024108887,13.0344672724086,12.815791751286014,12.835241327651122,207764000
2020-12-11 00:00:00+00:00,12.97911262512207,12.985845024344064,12.789361313226891,12.933232817765063,209264000
2020-12-14 00:00:00+00:00,13.273837089538574,13.353627148129704,13.043193921699451,13.053666331220567,270156000
2020-12-15 00:00:00+00:00,13.325450897216797,13.428678793253217,13.152156782582875,13.404492379361614,193016000
2020-12-16 00:00:00+00:00,13.20776081085205,13.40199974925172,13.17783882601205,13.38728796402951,223116000
2020-12-17 00:00:00+00:00,13.306251525878906,13.344401151947084,13.14392823410941,13.331683975809367,231384000
2020-12-18 00:00:00+00:00,13.237181663513184,13.369832164145018,13.036210352904414,13.343900351448003,342064000
2020-12-21 00:00:00+00:00,13.29727554321289,13.334926758248798,12.93348247246831,13.040451339761614,302332000
2020-12-22 00:00:00+00:00,13.243417739868164,13.302262984082963,13.019756160642086,13.284310552386875,185580000
2020-12-23 00:00:00+00:00,12.975123405456543,13.240176213034147,12.970884980318413,13.22122600117891,179144000
2020-12-24 00:00:00+00:00,12.959661483764648,13.098047559563101,12.904806418967256,13.00304731148748,97884000
2020-12-28 00:00:00+00:00,12.86616039276123,13.028234503900824,12.729769845297538,13.028234503900824,212564000
2020-12-29 00:00:00+00:00,12.909296035766602,13.038207502886355,12.808561153661778,12.891094397483993,170372000
2020-12-30 00:00:00+00:00,13.1112642288208,13.17908568167089,12.862917844630886,12.956171747816942,225396000
2020-12-31 00:00:00+00:00,13.020752906799316,13.116500786863334,12.881119828694374,13.102039159766056,192424000
2021-01-04 00:00:00+00:00,13.079099655151367,13.616686233298404,12.928495743054027,13.0698742321973,560640000
2021-01-05 00:00:00+00:00,13.369585990905762,13.40823403597086,13.05266954832319,13.065385774806634,322760000
2021-01-06 00:00:00+00:00,12.581408500671387,13.210254353866354,12.552983660244543,13.187813339939485,580424000
2021-01-07 00:00:00+00:00,13.30899429321289,13.342656288850517,12.852694956302209,12.933481843487463,461480000
2021-01-08 00:00:00+00:00,13.241921424865723,13.385792937864828,13.007787437418735,13.327447059797182,292528000
2021-01-11 00:00:00+00:00,13.585766792297363,13.924376609518959,13.327446400909752,13.383548460055362,518344000
2021-01-12 00:00:00+00:00,13.449377059936523,13.71842005450195,13.309994119134455,13.716424494239064,291476000
2021-01-13 00:00:00+00:00,13.49625301361084,13.589258672592168,13.349888472879313,13.454612578563953,210028000
2021-01-14 00:00:00+00:00,13.165620803833008,13.564072669184723,13.145922972626082,13.539387840584494,283120000
2021-01-15 00:00:00+00:00,12.825766563415527,13.290294537427819,12.81479573848984,13.193299661324813,277780000
2021-01-19 00:00:00+00:00,12.991081237792969,13.059650314910332,12.810306141016198,12.98210407137599,226188000
2021-01-20 00:00:00+00:00,13.330687522888184,13.395267380645388,13.022498117012766,13.077353186999005,258572000
2021-01-21 00:00:00+00:00,13.831123352050781,13.96252785458221,13.218235250667318,13.383300802348835,337780000
2021-01-22 00:00:00+00:00,13.67652702331543,13.80543848122968,13.591500762261244,13.703955033559845,246820000
2021-01-25 00:00:00+00:00,13.617433547973633,13.792223872758743,13.201776842384673,13.745596442257005,251112000
2021-01-26 00:00:00+00:00,13.400004386901855,13.60895414760022,13.352379181972017,13.544872707989114,163980000
2021-01-27 00:00:00+00:00,12.883864402770996,13.198037673497824,12.760189132780942,13.195294491634082,371272000
2021-01-28 00:00:00+00:00,13.016761779785156,13.304754922726918,12.92649931832804,12.962155920214768,228316000
2021-01-29 00:00:00+00:00,12.955674171447754,13.29976940655163,12.877629511506997,13.04070043799861,271552000
2021-02-01 00:00:00+00:00,13.202277183532715,13.235938232062036,12.868903538730756,13.01900904409855,217204000
2021-02-02 00:00:00+00:00,13.521185874938965,13.536395122770351,13.250646742172403,13.363600375597834,220440000
2021-02-03 00:00:00+00:00,13.495007514953613,13.895204851054856,13.481044300306202,13.600230039282984,245408000
2021-02-04 00:00:00+00:00,13.628403663635254,13.637629085257705,13.302760262597763,13.49550299497314,201340000
2021-02-05 00:00:00+00:00,13.555346488952637,13.70121355588606,13.51021525363682,13.68899574443707,169152000
2021-02-08 00:00:00+00:00,14.400874137878418,14.43578217272252,13.691240396955779,13.691240396955779,434624000
2021-02-09 00:00:00+00:00,14.225837707519531,14.544998040053498,14.185194092943869,14.30313381552039,287560000
2021-02-10 00:00:00+00:00,14.725516319274902,14.865896998189408,14.303875868201187,14.425306339671854,485352000
2021-02-11 00:00:00+00:00,15.210741996765137,15.232186181314688,14.88584714428592,14.940952373280984,450828000
2021-02-12 00:00:00+00:00,14.922001838684082,15.251136059946582,14.736239751165302,15.010518902999053,374756000
2021-02-16 00:00:00+00:00,15.290034294128418,15.332174092252155,14.910781818050188,15.02473229127375,321960000
2021-02-17 00:00:00+00:00,14.866896629333496,15.183563832990215,14.74122676688984,15.131200835454731,274756000
2021-02-18 00:00:00+00:00,14.790099143981934,14.834232597555033,14.536764807224552,14.690361096291939,233868000
2021-02-19 00:00:00+00:00,14.887343406677246,15.137185992305723,14.807802555181839,14.98508589567165,271724000
2021-02-22 00:00:00+00:00,14.318092346191406,15.0935529747794,14.28742273508415,14.735992905948468,325884000
2021-02-23 00:00:00+00:00,14.104900360107422,14.201396806826544,13.354373920782525,14.038324945664725,391780000
2021-02-24 00:00:00+00:00,14.460963249206543,14.468693427860899,13.719912388104134,14.085700979760459,448320000
2021-02-25 00:00:00+00:00,13.272591590881348,14.337042226900545,13.18158149095615,14.008655582196475,824436000
2021-02-26 00:00:00+00:00,13.678523063659668,13.81815519173923,13.325950037913707,13.716422533300882,500932000
2021-03-01 00:00:00+00:00,13.805438995361328,13.888470650772712,13.517695986619382,13.838601625850457,353184000
2021-03-02 00:00:00+00:00,13.371079444885254,13.883980140619556,13.360856243880576,13.8635337386102,264116000
2021-03-03 00:00:00+00:00,12.771158218383789,13.416211020001251,12.765173441459293,13.391027778765883,377592000
2021-03-04 00:00:00+00:00,12.337799072265625,12.94096327295648,12.052050665907048,12.76716977902036,573344000
2021-03-05 00:00:00+00:00,12.428808212280273,12.51707606096977,11.64860999225945,12.51707606096977,542840000
2021-03-08 00:00:00+00:00,11.562837600708008,12.43853364324281,11.53615721112077,12.41733961683344,543112000
2021-03-09 00:00:00+00:00,12.491714477539062,12.58799398146457,12.031764735768222,12.102603013291521,521824000
2021-03-10 00:00:00+00:00,12.439835548400879,12.950418556477446,12.429110229980283,12.811236807250063,384376000
2021-03-11 00:00:00+00:00,12.963888168334961,13.016518539638954,12.705478592482818,12.92048735611561,299916000
2021-03-12 00:00:00+00:00,12.826698303222656,12.859373788194235,12.561304781084173,12.61942149133079,243964000
2021-03-15 00:00:00+00:00,13.161186218261719,13.176650961364134,12.738152752171693,12.835430391734757,221988000
2021-03-16 00:00:00+00:00,13.260961532592773,13.48170691952332,13.086858726675496,13.326062282293853,272128000
2021-03-17 00:00:00+00:00,13.310845375061035,13.422589637081526,12.959896649151197,13.01003218142403,243864000
2021-03-18 00:00:00+00:00,12.69350528717041,13.153953696747985,12.68801798151525,13.10656229172517,293896000
2021-03-19 00:00:00+00:00,12.816473007202148,12.892050714943613,12.583754944009304,12.720941376395766,299208000
2021-03-22 00:00:00+00:00,13.156197547912598,13.363972980433424,12.877334536102579,12.88332137939055,297804000
2021-03-23 00:00:00+00:00,13.040962219238281,13.314087700627974,12.991574564563152,13.224043363617547,222048000
2021-03-24 00:00:00+00:00,12.61418342590332,13.129257385681496,12.607948241951213,13.12127524648201,245840000
2021-03-25 00:00:00+00:00,12.50667953491211,12.685770999401146,12.244030132175096,12.471011579127198,295144000
2021-03-26 00:00:00+00:00,12.80998706817627,12.826948520582155,12.345298839898938,12.525886070630326,363968000
2021-03-29 00:00:00+00:00,12.918739318847656,13.032729113108836,12.671055100531017,12.79103078624209,273520000
2021-03-30 00:00:00+00:00,12.842413902282715,12.945678381046225,12.676043987497591,12.81273183484364,200204000
2021-03-31 00:00:00+00:00,13.317827224731445,13.439798198245036,12.952910525438126,12.985835304641256,314776000
2021-04-01 00:00:00+00:00,13.780274391174316,13.838391118237665,13.480458342054213,13.541320149383736,308276000
2021-04-05 00:00:00+00:00,13.955623626708984,13.982062983810486,13.701703226731373,13.835897212748327,255672000
2021-04-06 00:00:00+00:00,13.829907417297363,14.022218089246618,13.742108636697177,13.967842675641931,191744000
2021-04-07 00:00:00+00:00,14.111265182495117,14.211036696688023,13.680249615039692,13.84911340472783,251284000
2021-04-08 00:00:00+00:00,14.284371376037598,14.438519272007431,14.216525559092238,14.220267811953875,244416000
2021-04-09 00:00:00+00:00,14.367182731628418,14.37516487301247,14.142696066400408,14.181606745832925,195172000
2021-04-12 00:00:00+00:00,15.174338340759277,15.317511631737263,14.107026467268174,14.257183774806016,869324000
2021-04-13 00:00:00+00:00,15.643766403198242,15.664219866852763,15.091278348791171,15.196787430678915,676212000
2021-04-14 00:00:00+00:00,15.242185592651367,15.684674464343214,15.19279793412266,15.589392107394824,385500000
2021-04-15 00:00:00+00:00,16.100473403930664,16.177297582654937,15.595875375534593,15.62680486220305,598480000
2021-04-16 00:00:00+00:00,15.876235008239746,16.12890796079067,15.829091947343619,16.016413918817005,335208000
2021-04-19 00:00:00+00:00,15.326737403869629,15.771471693830138,15.198281000975705,15.501089443882368,404420000
2021-04-20 00:00:00+00:00,15.136675834655762,15.461682865608829,14.928900380152339,15.288328909150504,334132000
2021-04-21 00:00:00+00:00,15.325491905212402,15.327487202343377,15.067830252097155,15.084292167053292,216776000
2021-04-22 00:00:00+00:00,14.816408157348633,15.40331776015778,14.74980974802764,15.339962066236414,277788000
2021-04-23 00:00:00+00:00,15.230463027954102,15.300053910873272,14.86629503567028,14.900216999176957,227500000
2021-04-26 00:00:00+00:00,15.442723274230957,15.443721398534727,15.090528120114906,15.15039179082198,197796000
2021-04-27 00:00:00+00:00,15.346694946289062,15.634786577704853,15.319506760052127,15.54299623900215,164572000
2021-04-28 00:00:00+00:00,15.241934776306152,15.49685329813541,15.180824627957126,15.329485232982506,209416000
2021-04-29 00:00:00+00:00,15.289825439453125,15.40132041541138,15.037152464528935,15.364903620323135,173196000
2021-04-30 00:00:00+00:00,14.97529125213623,15.329981249345485,14.962819931309065,15.139916112457653,201912000
2021-05-03 00:00:00+00:00,14.802937507629395,15.212002977283824,14.753800097102932,15.090530563793832,203912000
2021-05-04 00:00:00+00:00,14.318543434143066,14.604141189307825,13.978320963327217,14.60389189606982,405324000
2021-05-05 00:00:00+00:00,14.425546646118164,14.779738038418975,14.354708367658002,14.675475442026421,292024000
2021-05-06 00:00:00+00:00,14.48990249633789,14.5380427346573,14.185598224722254,14.462215722123199,193380000
2021-05-07 00:00:00+00:00,14.778491973876953,14.936630459546414,14.638312114784819,14.774501379415508,229328000
2021-05-10 00:00:00+00:00,14.233238220214844,14.772256812850337,14.217524183046908,14.753549353888255,268904000
2021-05-11 00:00:00+00:00,14.273643493652344,14.322033015651146,13.718661652842208,13.793490526103017,285584000
2021-05-12 00:00:00+00:00,13.727143287658691,14.227749748406719,13.678005882819994,13.977570688888433,303408000
2021-05-13 00:00:00+00:00,13.634108543395996,14.048662313740829,13.428328369327849,14.001768537477128,285404000
2021-05-14 00:00:00+00:00,14.210539817810059,14.29534613838963,13.717166637888369,13.858344627203556,258616000
2021-05-17 00:00:00+00:00,14.13321590423584,14.136957205584439,13.821927643121665,14.124735177145284,216980000
2021-05-18 00:00:00+00:00,13.983807563781738,14.371422372294175,13.97208412168046,14.234485222964608,186256000
2021-05-19 00:00:00+00:00,14.033692359924316,14.047411097919806,13.512383170597976,13.535579807689949,344000000
2021-05-20 00:00:00+00:00,14.579197883605957,14.650285464751947,14.237977303805032,14.269903963838662,321592000
2021-05-21 00:00:00+00:00,14.9575834274292,15.187309043318711,14.835612432131729,15.129191369333865,672992000
2021-05-24 00:00:00+00:00,15.576420783996582,15.709117099060474,15.141413604010136,15.17783039783231,554816000
2021-05-25 00:00:00+00:00,15.61208724975586,15.782447759983752,15.44721404467354,15.730067640638532,435408000
2021-05-26 00:00:00+00:00,15.664219856262207,15.757756202081648,15.550729584781761,15.698392060076491,370440000
2021-05-27 00:00:00+00:00,15.452702522277832,15.714105503916327,15.424766456507427,15.663969971167402,581476000
2021-05-28 00:00:00+00:00,16.207477569580078,16.24040330560908,15.46567322053801,15.46567322053801,644536000
2021-06-01 00:00:00+00:00,16.227432250976562,16.350900905100538,15.867005629586217,16.23292050791609,472804000
2021-06-02 00:00:00+00:00,16.74001121520996,16.88019202823062,16.198498765123478,16.215210925909048,594168000
2021-06-03 00:00:00+00:00,16.931076049804688,17.219668184761648,16.5452081688085,16.662689988589232,580008000
2021-06-04 00:00:00+00:00,17.538190841674805,17.620750674848225,17.056541068113297,17.073500620788053,617120000
2021-06-07 00:00:00+00:00,17.578847885131836,17.77190743935272,17.15357070426815,17.53120813273789,575756000
2021-06-08 00:00:00+00:00,17.417211532592773,17.58133587732108,17.211679783180795,17.487300972452342,323848000
2021-06-09 00:00:00+00:00,17.322656631469727,17.53896328270028,17.22036779716421,17.47983489644697,381656000
2021-06-10 00:00:00+00:00,17.389272689819336,17.456136659465507,17.140784570786124,17.31442760468904,287772000
2021-06-11 00:00:00+00:00,17.788700103759766,17.902466667525747,17.40798212256188,17.44365825407932,416308000
2021-06-14 00:00:00+00:00,17.98180389404297,18.002511394271433,17.626534835522726,17.8692859731858,321376000
2021-06-15 00:00:00+00:00,17.752023696899414,17.979307461675045,17.691648561983385,17.878265383996606,243032000
2021-06-16 00:00:00+00:00,17.773727416992188,17.91793183447308,17.548440373114104,17.75426857644431,307124000
2021-06-17 00:00:00+00:00,18.61899757385254,18.796382777873085,17.719845770791785,17.738057866594737,809656000
2021-06-18 00:00:00+00:00,18.60053253173828,19.335272822869825,18.545894351454166,18.74548502583953,968856000
2021-06-21 00:00:00+00:00,18.389461517333984,18.49848850079661,17.786201336067244,18.397444533249804,672384000
2021-06-22 00:00:00+00:00,18.848024368286133,18.924868057922353,18.34830150419991,18.43362691291713,580144000
2021-06-23 00:00:00+00:00,19.018173217773438,19.113478344329064,18.868979865974822,18.968775202107935,332356000
2021-06-24 00:00:00+00:00,19.166120529174805,19.38018114291999,19.049110497974752,19.18832603442068,320924000
2021-06-25 00:00:00+00:00,18.99197769165039,19.30583362670558,18.855758174325253,19.24096637412508,278364000
2021-06-28 00:00:00+00:00,19.94402503967285,20.037582822528304,19.27939018480764,19.32155323917025,495436000
2021-06-29 00:00:00+00:00,19.985687255859375,20.057538224477703,19.61669442518028,19.84173216140045,367632000
2021-06-30 00:00:00+00:00,19.961488723754883,20.12116051801287,19.82302313148326,19.958245265520905,326568000
2021-07-01 00:00:00+00:00,20.170555114746094,20.414054274133893,19.977950070109877,20.083733615151363,480136000
2021-07-02 00:00:00+00:00,20.444995880126953,20.463209879079102,20.24615512492398,20.398342612876753,342764000
2021-07-06 00:00:00+00:00,20.65605926513672,20.799264406948467,20.308523883899067,20.69497885754218,446708000
2021-07-07 00:00:00+00:00,20.329980850219727,20.832199138087294,20.29031320400236,20.81074358587222,418428000
2021-07-08 00:00:00+00:00,19.861942291259766,20.09171960290555,19.660356798187884,19.815787729327422,503300000
2021-07-09 00:00:00+00:00,20.009138107299805,20.039077280594753,19.71374549718663,19.92156854746717,296624000
2021-07-12 00:00:00+00:00,20.470441818237305,20.49064871386537,20.146356789005843,20.19849956395264,321984000
2021-07-13 00:00:00+00:00,20.208486557006836,20.419303789219594,20.072765683117687,20.35867737021558,290708000
2021-07-14 00:00:00+00:00,19.80081558227539,20.375884094034173,19.712248624493125,20.316007653222723,380100000
2021-07-15 00:00:00+00:00,18.927356719970703,19.806301283038714,18.819827736182695,19.771123857042355,550564000
2021-07-16 00:00:00+00:00,18.123764038085938,19.117722241598095,18.035945118120942,18.991482425183538,688224000
2021-07-19 00:00:00+00:00,18.74124526977539,19.00295655360081,17.828868501426797,17.878517774320905,749060000
2021-07-20 00:00:00+00:00,18.57383918762207,18.799375650601363,18.126757771110505,18.69159728177998,434687000
2021-07-21 00:00:00+00:00,19.370197296142578,19.486957952142763,18.703567841820753,18.843280145795415,371017000
2021-07-22 00:00:00+00:00,19.553821563720703,19.846220024304472,19.236472843910477,19.601723472760458,323826000
2021-07-23 00:00:00+00:00,19.517900466918945,19.659609519887088,19.210531401083966,19.615699109499815,195672000
2021-07-26 00:00:00+00:00,19.254440307617188,19.402135661445893,18.875218391704966,19.271405648863613,203943000
2021-07-27 00:00:00+00:00,19.168617248535156,19.58176796610266,18.70257379806693,19.22549958731467,248863000
2021-07-28 00:00:00+00:00,19.463014602661133,19.60572106938809,18.956056698680722,19.27939182994719,202191000
2021-07-29 00:00:00+00:00,19.621686935424805,19.812295305895738,19.288370209890534,19.478978580361467,190781000
2021-07-30 00:00:00+00:00,19.459022521972656,19.589752552166225,19.223506322501038,19.37818731394918,183497000
2021-08-02 00:00:00+00:00,19.709508895874023,19.920076748966853,19.321306477771643,19.65961216637368,217444000
2021-08-03 00:00:00+00:00,19.774372100830078,20.180537181896543,19.180590863307074,19.699525118531906,301811000
2021-08-04 00:00:00+00:00,20.23242950439453,20.276339909269765,19.787342950872905,19.9490114340355,231309000
2021-08-05 00:00:00+00:00,20.594690322875977,20.690494179120737,20.300295039038733,20.45797206048838,211435000
2021-08-06 00:00:00+00:00,20.324241638183594,20.527823837262428,20.16856135693953,20.481918625769893,178497000
2021-08-09 00:00:00+00:00,20.253389358520508,20.465951991106525,20.101700576845037,20.40407883524216,146443000
2021-08-10 00:00:00+00:00,19.89512825012207,20.388114938915336,19.794333583297004,20.280336557307983,179238000
2021-08-11 00:00:00+00:00,19.65860366821289,20.00788632169237,19.39015619126088,20.001898107852412,185925000
2021-08-12 00:00:00+00:00,19.86418914794922,19.987933553534155,19.57977364024572,19.829261061279524,151652000
2021-08-13 00:00:00+00:00,20.146608352661133,20.172556019528486,19.810299408965527,19.864189545728184,183063000
2021-08-16 00:00:00+00:00,19.909095764160156,20.245404680922952,19.413113156362577,20.09371591167451,210876000
2021-08-17 00:00:00+00:00,19.41810417175293,19.729464731826763,19.22749580678188,19.644638023102544,204585000
2021-08-18 00:00:00+00:00,19.000959396362305,19.593741262399412,18.961040502706553,19.460015252777776,285913000
2021-08-19 00:00:00+00:00,19.757408142089844,20.45297957305176,18.72353106841598,19.454030585977893,766555000
2021-08-20 00:00:00+00:00,20.773319244384766,20.822218562508386,19.892130309855503,19.950010047710816,675741000
2021-08-23 00:00:00+00:00,21.912979125976562,21.95189872166772,20.90704643315834,20.9280032849488,575807000
2021-08-24 00:00:00+00:00,21.74831771850586,21.913977739020556,21.490847267005936,21.708400719123865,297299000
2021-08-25 00:00:00+00:00,22.167451858520508,22.423924852687072,21.67745942465929,21.69242805824144,347701000
2021-08-26 00:00:00+00:00,22.02275276184082,22.29419441591644,21.745322892376493,22.154482079765433,237940000
2021-08-27 00:00:00+00:00,22.589590072631836,22.675414192164936,22.12155178000806,22.138517123604025,304722000
2021-08-30 00:00:00+00:00,22.6414794921875,22.99575113149389,22.50476126953537,22.783188528597606,262580000
2021-08-31 00:00:00+00:00,22.343042373657227,22.652460784760265,22.078539691889592,22.652460784760265,259850000
2021-09-01 00:00:00+00:00,22.398937225341797,22.65445790419429,22.315095038029632,22.44285537745588,201767000
2021-09-02 00:00:00+00:00,22.354021072387695,22.550652320173334,22.253210553299805,22.47579213790653,187834000
2021-09-03 00:00:00+00:00,22.800182342529297,22.94291394583907,22.158387964380097,22.283153658089955,280532000
2021-09-07 00:00:00+00:00,22.619522094726562,22.856077365071243,22.47978322176614,22.790201093344027,198107000
2021-09-08 00:00:00+00:00,22.29712677001953,22.56761869550648,21.935803914105733,22.47080039788564,254434000
2021-09-09 00:00:00+00:00,22.13542938232422,22.49575275074935,22.089516081204597,22.27017655402658,196856000
2021-09-10 00:00:00+00:00,22.435869216918945,22.58359062659003,22.228258896952823,22.306111815053313,248376000
2021-09-13 00:00:00+00:00,22.1104793548584,22.92095763955937,21.81702979556362,22.641481778146552,297500000
2021-09-14 00:00:00+00:00,22.2003116607666,22.36799604174789,22.04460391966671,22.23324884827066,199755000
2021-09-15 00:00:00+00:00,22.299123764038086,22.325076004521907,21.9248266618489,22.267184155866353,166538000
2021-09-16 00:00:00+00:00,22.2003116607666,22.23524590680437,21.885901542653063,22.14142223119242,156033000
2021-09-17 00:00:00+00:00,21.858951568603516,22.27916199923843,21.78908307702213,22.258201451764013,294503000
2021-09-20 00:00:00+00:00,21.07342529296875,21.39282515963159,20.623270463367287,21.106362476128833,349440000
2021-09-21 00:00:00+00:00,21.206178665161133,21.384842112502014,20.91073393353003,21.376857685741996,204688000
2021-09-22 00:00:00+00:00,21.899871826171875,21.918835312303802,21.15626748266208,21.325948895718273,268726000
2021-09-23 00:00:00+00:00,22.439861297607422,22.49276145465925,21.84896995109328,22.098501364527507,248555000
2021-09-24 00:00:00+00:00,22.039609909057617,22.107483239240203,21.82002297078628,22.028630847710065,217655000
2021-09-27 00:00:00+00:00,21.619401931762695,21.75814133943312,21.285030745012563,21.66930745391913,245215000
2021-09-28 00:00:00+00:00,20.660198211669922,21.378849758123142,20.61228785473661,21.174234115874263,343069000
2021-09-29 00:00:00+00:00,20.478544235229492,20.97760706208617,20.428636810279663,20.900751721814398,218394000
2021-09-30 00:00:00+00:00,20.67717170715332,21.02651608463032,20.649224309257054,20.729074289499767,221009000
2021-10-01 00:00:00+00:00,20.703123092651367,20.81990247026338,20.165131897885484,20.7111075192128,240978000
2021-10-04 00:00:00+00:00,19.69501304626465,20.50349418175342,19.518344784114188,20.465565305506654,345635000
2021-10-05 00:00:00+00:00,20.412670135498047,20.60930141285783,19.816788934804713,19.912609677914286,279282000
2021-10-06 00:00:00+00:00,20.66119956970215,20.681160633760157,20.04236089334236,20.08228682900517,297202000
2021-10-07 00:00:00+00:00,21.03550148010254,21.282038287736984,20.932693885558372,21.05246791250463,256919000
2021-10-08 00:00:00+00:00,20.791954040527344,21.166251145772502,20.73605924982708,21.061448413209504,151258000
2021-10-11 00:00:00+00:00,20.656208038330078,21.02351827271409,20.47255292113807,20.53643403794635,163388000
2021-10-12 00:00:00+00:00,20.63225555419922,21.017531748620257,20.48952393159599,20.78896087546607,162134000
2021-10-13 00:00:00+00:00,20.89975357055664,20.95065857611255,20.674177325995743,20.878793021876042,180652000
2021-10-14 00:00:00+00:00,21.70524024963379,21.714222253274098,21.082409307932014,21.248098528115012,243589000
2021-10-15 00:00:00+00:00,21.821020126342773,21.889891032469546,21.621396160074113,21.769117552433713,226994000
2021-10-18 00:00:00+00:00,22.18034553527832,22.249216440176646,21.603427961486776,21.708232588464817,189494000
2021-10-19 00:00:00+00:00,22.248220443725586,22.337052418565072,21.9956944090803,22.23424484253194,161473000
2021-10-20 00:00:00+00:00,22.061573028564453,22.390954434037532,21.94079952926204,22.26319408528226,146276000
2021-10-21 00:00:00+00:00,22.649463653564453,22.668429043567482,22.041605960384647,22.055579656692842,187590000
2021-10-22 00:00:00+00:00,22.683401107788086,23.086643160322406,22.51871138181134,22.780219408090645,249384000
2021-10-25 00:00:00+00:00,23.122575759887695,23.311220657458257,22.72731815221987,22.92993674590677,230235000
2021-10-26 00:00:00+00:00,24.67066764831543,25.21165340368274,23.879154838322947,23.944033530481246,485898000
2021-10-27 00:00:00+00:00,24.405168533325195,25.04297071184437,24.236484687501985,24.428126137261565,245990000
2021-10-28 00:00:00+00:00,24.894245147705078,24.903229052886275,24.477029468902415,24.831363522755947,234204000
2021-10-29 00:00:00+00:00,25.519075393676758,25.66080941988218,24.953138769892526,24.95413634715658,292503000
2021-11-01 00:00:00+00:00,25.778589248657227,25.845463099594504,25.179713514581092,25.60092339643473,265740000
2021-11-02 00:00:00+00:00,26.35150909423828,26.62799027052055,25.751635865914444,25.773595889934718,294112000
2021-11-03 00:00:00+00:00,26.54814338684082,26.73379556460861,26.18582484191522,26.620008930212876,239910000
2021-11-04 00:00:00+00:00,29.74514389038086,31.306211626575355,27.067172135821593,27.177964146874924,1153631000
2021-11-05 00:00:00+00:00,29.69623565673828,31.34114556827396,29.354875719065422,30.1304197888991,851260000
2021-11-08 00:00:00+00:00,30.746257781982422,31.041702448497848,29.850937972707673,30.092484914811457,503101000
2021-11-09 00:00:00+00:00,30.599536895751953,32.249440336959736,29.90783694894827,32.22149294128175,646746000
2021-11-10 00:00:00+00:00,29.403779983520508,30.79217335906481,28.724056732933512,29.30097431677463,636206000
2021-11-11 00:00:00+00:00,30.33303451538086,30.532660384653216,29.721184595739974,30.410889327830965,332172000
2021-11-12 00:00:00+00:00,30.33303451538086,30.62249183544844,29.574458877428643,29.953747648291444,413054000
2021-11-15 00:00:00+00:00,29.968717575073242,30.586556738001526,29.192176062622174,30.494730136829745,384909000
2021-11-16 00:00:00+00:00,30.146390914916992,30.33304070289269,29.6503226798482,29.703224745373877,264484000
2021-11-17 00:00:00+00:00,29.206151962280273,30.45181376929014,28.746015633176018,30.360982834698927,428508000
2021-11-18 00:00:00+00:00,31.615631103515625,32.6985965850808,31.262294510785825,32.30633543510925,781711000
2021-11-19 00:00:00+00:00,32.92317199707031,33.02597956876637,31.845196475255754,32.18256225749875,533867000
2021-11-22 00:00:00+00:00,31.896100997924805,34.58205696797993,31.8402062080976,33.45417397567859,754335000
2021-11-23 00:00:00+00:00,31.686494827270508,32.29934425081102,30.82211695136058,31.475889889044435,532163000
2021-11-24 00:00:00+00:00,32.612754821777344,32.793415307155215,30.870027278590047,31.40202915429508,435162000
2021-11-26 00:00:00+00:00,31.44394874572754,32.64868508446507,31.291235661890763,32.53889066725361,283069000
2021-11-29 00:00:00+00:00,33.313438415527344,33.34937023539346,31.975950001854695,32.305333266978955,454964000
2021-11-30 00:00:00+00:00,32.61475372314453,33.29048676445909,31.80427729283025,33.10682971857124,622066000
2021-12-01 00:00:00+00:00,31.379920959472656,33.23067448810756,31.325017022507975,33.16079744251858,484368000
2021-12-02 00:00:00+00:00,32.069705963134766,32.421090351510074,30.970635382098994,31.15930528417701,472890000
2021-12-03 00:00:00+00:00,30.639217376708984,32.07270189309653,30.077202293090266,31.943926325499447,544325000
2021-12-06 00:00:00+00:00,29.9843692779541,30.188010393635505,27.988871413712186,29.827642883464886,658938000
2021-12-07 00:00:00+00:00,32.370182037353516,32.39214665890669,30.59729473760389,30.902760248148258,593053000
2021-12-08 00:00:00+00:00,31.770235061645508,32.233422746850074,31.36594401255075,31.94293226813798,475551000
2021-12-09 00:00:00+00:00,30.43657684326172,32.14857396938357,30.37468520213008,31.67839665588183,488507000
2021-12-10 00:00:00+00:00,30.14508628845215,31.250146926619742,29.80867689462589,31.09541783592562,488825000
2021-12-13 00:00:00+00:00,28.111658096313477,30.240922168349773,28.06673686515642,30.196000937192718,598344000
2021-12-14 00:00:00+00:00,28.2873477935791,28.627749897244694,27.20225254192556,27.650465209942464,667035000
2021-12-15 00:00:00+00:00,30.40563201904297,30.44656054797183,27.789224018282003,28.35023960485111,698297000
2021-12-16 00:00:00+00:00,28.337263107299805,31.105405331789036,28.043779495511,31.097419927170883,707366000
2021-12-17 00:00:00+00:00,27.752290725708008,28.87132692165236,27.711362195849723,27.935968356285734,713758000
2021-12-20 00:00:00+00:00,27.67043113708496,28.094685698240124,27.09743748345742,27.257156982057477,461847000
2021-12-21 00:00:00+00:00,29.02405548095703,29.068976708015693,27.352986976778755,28.324283561491015,524385000
2021-12-22 00:00:00+00:00,29.348485946655273,29.503215046409085,28.399152043018393,28.840378926185185,395184000
2021-12-23 00:00:00+00:00,29.588064193725586,30.00633064659535,29.379430769017233,29.702862462287506,343022000
2021-12-27 00:00:00+00:00,30.890779495239258,31.032530888330538,29.58806574290571,29.60803115692007,403686000
2021-12-28 00:00:00+00:00,30.268869400024414,31.275102573879263,29.959411220282004,31.257134464347306,420591000
2021-12-29 00:00:00+00:00,29.94843292236328,30.49447537471948,29.314545314998263,30.219957599311112,343139000
2021-12-30 00:00:00+00:00,29.534160614013672,30.403634759640468,29.48824168622337,29.774737563181823,308864000
2021-12-31 00:00:00+00:00,29.35946273803711,29.97737945748356,29.27960299728883,29.622002373549556,266530000
2022-01-03 00:00:00+00:00,30.068222045898438,30.65718839576648,29.732810345904568,29.76275846512053,391547000
2022-01-04 00:00:00+00:00,29.238679885864258,30.414615328202974,28.299328692062627,30.223950007701305,527154000
2022-01-05 00:00:00+00:00,27.555633544921875,29.36445891031009,27.4847588010758,28.898276208088276,498064000
2022-01-06 00:00:00+00:00,28.128625869750977,28.388170524976964,27.017577109502056,27.591568449323077,454186000
2022-01-07 00:00:00+00:00,27.199256896972656,28.372199176316535,27.009589286388195,28.091691414138594,409939000
2022-01-10 00:00:00+00:00,27.35198974609375,27.42086908903126,25.59906606532703,26.534424542018602,594681000
2022-01-11 00:00:00+00:00,27.768260955810547,28.015827528910936,26.79197578494251,27.27512701669273,404089000
2022-01-12 00:00:00+00:00,27.94993782043457,28.54489221413085,27.559622224484315,28.01781755190002,383413000
2022-01-13 00:00:00+00:00,26.5284366607666,28.43009754522804,26.451570009485632,28.329274682646453,540171000
2022-01-14 00:00:00+00:00,26.894794464111328,27.149348745857417,26.16407664809691,26.2539191117712,395832000
2022-01-18 00:00:00+00:00,25.857614517211914,26.591327312716324,25.724848128999263,26.213989357999964,424270000
2022-01-19 00:00:00+00:00,25.02307891845703,26.496492614370172,25.00810580961453,26.03330680371319,488315000
2022-01-20 00:00:00+00:00,24.10768699645996,25.53418413360021,24.035812643236415,25.259666335157394,435181000
2022-01-21 00:00:00+00:00,23.33304786682129,24.77950853590366,23.222242284700727,23.46581426384629,718958000
2022-01-24 00:00:00+00:00,23.331050872802734,23.339036277599828,20.85140370666011,22.29087668971023,913982000
2022-01-25 00:00:00+00:00,22.284881591796875,22.902798318938427,21.961449923339515,22.506492708334257,664616000
2022-01-26 00:00:00+00:00,22.732097625732422,24.01484586051624,22.260924555461028,23.199277994324547,755959000
2022-01-27 00:00:00+00:00,21.905553817749023,23.952961009518287,21.63702410702799,23.526709078290157,573353000
2022-01-28 00:00:00+00:00,22.79998207092285,22.81795018269309,21.2586866967448,21.973431793431153,543774000
2022-01-31 00:00:00+00:00,24.443096160888672,24.466056576635847,23.01160877298067,23.141380151708606,564680000
2022-02-01 00:00:00+00:00,24.594829559326172,25.100941158842325,23.84813911503411,25.060012633846654,518925000
2022-02-02 00:00:00+00:00,25.197771072387695,25.7717624041856,24.509977269651007,25.748803893317607,543419000
2022-02-03 00:00:00+00:00,23.90604019165039,25.033061759096398,23.73833527889912,24.41514683908254,410178000
2022-02-04 00:00:00+00:00,24.27638816833496,24.59183445369835,23.590591664698938,23.92999606449557,354829000
2022-02-07 00:00:00+00:00,24.68467140197754,25.13787445601279,24.159592102112708,24.32929429852448,376868000
2022-02-08 00:00:00+00:00,25.06400489807129,25.185790867488787,23.937981150661084,24.31631676739425,410359000
2022-02-09 00:00:00+00:00,26.658205032348633,26.678170443519875,25.30857484367897,25.57710257910848,524282000
2022-02-10 00:00:00+00:00,25.778749465942383,26.877820078131588,25.55514294337122,25.94945126409118,513200000
2022-02-11 00:00:00+00:00,23.90703773498535,26.10617882145909,23.731347419157586,25.870592262319995,605472000
2022-02-14 00:00:00+00:00,24.22447967529297,24.831414142549452,23.713375763493875,23.89206297353471,440424000
2022-02-15 00:00:00+00:00,26.448575973510742,26.498487601294322,24.74057356698543,24.905283461876483,699869000
2022-02-16 00:00:00+00:00,26.464550018310547,26.535426670922043,25.50723063832826,26.212992641734825,732676000
2022-02-17 00:00:00+00:00,24.464059829711914,25.7398204497376,24.1226600121871,25.58509134880872,810595000
2022-02-18 00:00:00+00:00,23.600574493408203,24.942219388593067,23.05952437299927,24.624775798711664,761255000
2022-02-22 00:00:00+00:00,23.349014282226562,24.021833053025585,22.959698268691692,22.99463678764962,633422000
2022-02-23 00:00:00+00:00,22.347774505615234,24.112678317780876,22.261926649888636,23.760296175065644,566511000
2022-02-24 00:00:00+00:00,23.70638656616211,23.758295494434478,20.853394717970634,20.97817568570192,735801000
2022-02-25 00:00:00+00:00,24.11467170715332,24.174566042065802,23.340032343064628,23.679436747579647,528866000
2022-02-28 00:00:00+00:00,24.342273712158203,24.621783791712947,23.665462181929623,23.94996266290202,477319000
2022-03-01 00:00:00+00:00,23.435863494873047,24.33428806146982,23.0914686803487,24.248438306705097,412056000
2022-03-02 00:00:00+00:00,24.181678771972656,24.37038082049771,23.377954031259083,23.718414109766783,389642000
2022-03-03 00:00:00+00:00,23.676481246948242,24.287512474639268,23.431868039395695,24.223612651520526,365095000
2022-03-04 00:00:00+00:00,22.899715423583984,23.64253787661564,22.446433192118437,23.347006629240735,431415000
2022-03-07 00:00:00+00:00,21.318218231201172,22.996560377460327,21.29625367731159,22.780900603372093,450821000
2022-03-08 00:00:00+00:00,21.479963302612305,22.33760355868449,20.617329890460645,21.2752877029685,557467000
2022-03-09 00:00:00+00:00,22.977590560913086,23.183264033281336,22.211803797860465,22.351581700991208,492742000
2022-03-10 00:00:00+00:00,22.622156143188477,22.751949646169987,21.847382794874715,22.49535624888527,428066000
2022-03-11 00:00:00+00:00,22.065034866333008,23.10838159577832,22.011119449291616,22.98557510333111,367209000
2022-03-14 00:00:00+00:00,21.296255111694336,22.22677986262866,21.125526111998212,21.834401952883447,385354000
2022-03-15 00:00:00+00:00,22.936655044555664,23.001552744251775,21.28826794519085,21.483957009446616,491996000
2022-03-16 00:00:00+00:00,24.457242965698242,24.55808299693735,23.135338379275424,23.462818537379118,671422000
2022-03-17 00:00:00+00:00,24.726818084716797,24.80269615292569,23.8681780942896,24.08184022245879,471941000
2022-03-18 00:00:00+00:00,26.411149978637695,26.52696759184535,24.58504492269525,24.759767307709588,730719000
2022-03-21 00:00:00+00:00,26.69170379638672,27.10904365797584,25.925917057437342,26.46506364568239,591727000
2022-03-22 00:00:00+00:00,26.482032775878906,27.194903755752875,26.030748284508523,26.684710697105984,547007000
2022-03-23 00:00:00+00:00,25.593441009521484,26.56989229039342,25.534534347890617,26.08466120998766,502120000
2022-03-24 00:00:00+00:00,28.1054630279541,28.275194144251657,25.86601168572694,26.12460269441279,877379000
2022-03-25 00:00:00+00:00,27.648191452026367,28.313138223929162,27.227857934750713,27.84188479310301,579016000
2022-03-28 00:00:00+00:00,28.174352645874023,28.20530373575783,27.162954895203452,27.712085845046825,425494000
2022-03-29 00:00:00+00:00,28.61066246032715,28.90020265076086,27.935731389818635,28.649600315235286,488984000
2022-03-30 00:00:00+00:00,27.646196365356445,28.450921070706688,27.45949191559605,28.259225368597075,463487000
2022-03-31 00:00:00+00:00,27.242828369140625,28.20330622061863,27.22685484159966,27.738043905197447,523440000
2022-04-01 00:00:00+00:00,26.669740676879883,27.45250076054746,26.22544498544126,27.33169189686008,517235000
2022-04-04 00:00:00+00:00,27.316715240478516,27.51440194539432,26.57089730394758,26.685715137656494,397120000
2022-04-05 00:00:00+00:00,25.88997459411621,27.275779141436164,25.779150145109142,27.21088144403923,436615000
2022-04-06 00:00:00+00:00,24.36838150024414,25.259968196474915,23.965021401433546,24.894548078631423,703833000
2022-04-07 00:00:00+00:00,24.169700622558594,24.68288736044798,23.44085601511471,24.402331794404898,557992000
2022-04-08 00:00:00+00:00,23.082422256469727,23.885151078408647,23.025513229987922,23.879160053200785,524781000
2022-04-11 00:00:00+00:00,21.88232421875,22.28468649746738,21.62573085727686,22.178855209001213,575207000
2022-04-12 00:00:00+00:00,21.4699764251709,22.689045248795317,21.24832754814828,22.50134297361651,662258000
2022-04-13 00:00:00+00:00,22.167869567871094,22.464400538589988,21.421053859624465,21.69362263552108,516943000
2022-04-14 00:00:00+00:00,21.224367141723633,22.74096493748478,21.12951812677189,22.46939400417776,569097000
2022-04-18 00:00:00+00:00,21.748537063598633,22.05305290950582,21.045650421935058,21.16645927175718,525701000
2022-04-19 00:00:00+00:00,22.16288185119629,22.337604232627974,21.280279596760053,21.685637426012697,512781000
2022-04-20 00:00:00+00:00,21.44801139831543,22.63413146320953,21.166457991779502,22.48137366262457,468974000
2022-04-21 00:00:00+00:00,20.151071548461914,22.356576598545455,19.968360486329942,21.674656524255237,656209000
2022-04-22 00:00:00+00:00,19.4841251373291,20.453589609860156,19.469149477885896,20.27087856646262,624713000
2022-04-25 00:00:00+00:00,19.870513916015625,19.913445155411033,19.065789314403048,19.17162060867915,641566000
2022-04-26 00:00:00+00:00,18.758275985717773,19.756693905617453,18.640462640700314,19.686804955917445,653143000
2022-04-27 00:00:00+00:00,18.385868072509766,19.136677298891684,18.26106582462468,18.568577222764382,499460000
2022-04-28 00:00:00+00:00,19.750701904296875,20.005299527717778,18.460746198335123,18.93699080656897,570327000
2022-04-29 00:00:00+00:00,18.517656326293945,20.09615428661352,18.487703105916232,19.37130311158457,500435000
2022-05-02 00:00:00+00:00,19.502099990844727,19.543033590674664,18.361906422043727,18.511668743114942,572049000
2022-05-03 00:00:00+00:00,19.570987701416016,19.79363637931418,19.102729825683173,19.36930761313559,475751000
2022-05-04 00:00:00+00:00,20.301828384399414,20.3677239478754,18.721332730387665,19.89147934504061,648855000
2022-05-05 00:00:00+00:00,18.814186096191406,19.893475182789324,18.470730488012624,19.83556828731373,626331000
2022-05-06 00:00:00+00:00,18.645450592041016,19.481126136435083,17.961534971179468,18.706354897045497,633297000
2022-05-09 00:00:00+00:00,16.92318344116211,18.226117145161634,16.800376947832692,18.00546803272832,644455000
2022-05-10 00:00:00+00:00,17.567163467407227,18.16921014217234,16.998065530145627,17.661014619319474,761474000
2022-05-11 00:00:00+00:00,16.603687286376953,17.724911580118736,16.541787012472994,17.31955381351451,670167000
2022-05-12 00:00:00+00:00,16.1494083404541,16.761439365221005,15.542371423645005,16.1933393515041,708728000
2022-05-13 00:00:00+00:00,17.677988052368164,17.899636964841285,16.5667498814177,16.761441081977896,670437000
2022-05-16 00:00:00+00:00,17.236684799194336,17.759855892789677,17.07893574693461,17.481297997545482,521446000
2022-05-17 00:00:00+00:00,18.14824104309082,18.34193434694822,17.606100889632476,18.04540336617062,585830000
2022-05-18 00:00:00+00:00,16.911203384399414,18.08933689945816,16.837321048409155,17.676990169187597,545161000
2022-05-19 00:00:00+00:00,17.096908569335938,17.659017569566856,16.70752429563901,16.910204148890237,621310000
2022-05-20 00:00:00+00:00,16.66758918762207,17.382456030278203,15.73007462070742,17.30458031525228,739105000
2022-05-23 00:00:00+00:00,16.871267318725586,16.888240622010123,16.15340494623042,16.248253966391196,639889000
2022-05-24 00:00:00+00:00,16.128440856933594,16.57074074512232,15.755032994513659,16.483878501085666,588550000
2022-05-25 00:00:00+00:00,16.948144912719727,17.083929432634935,15.974687040333203,15.994655856173082,781132000
2022-05-26 00:00:00+00:00,17.822755813598633,18.06337372418218,15.996649202196377,16.010626990327115,996575000
2022-05-27 00:00:00+00:00,18.78124237060547,18.8511313279589,18.07136671001473,18.157231102333768,738379000
2022-05-31 00:00:00+00:00,18.642457962036133,19.169622436207014,18.320966929127128,18.94996930241527,664100000
2022-06-01 00:00:00+00:00,18.291015625,19.022855747717312,18.093328926485647,18.694377690643833,544514000
2022-06-02 00:00:00+00:00,19.561002731323242,19.587960441440174,18.16920906482629,18.26306021117362,648656000
2022-06-03 00:00:00+00:00,18.69038200378418,19.30141516237342,18.492695309504686,19.051810692697362,598779000
2022-06-06 00:00:00+00:00,18.756275177001953,19.306403952174403,18.534626314314043,19.108717283101193,422406000
2022-06-07 00:00:00+00:00,18.89605712890625,18.969939456850092,18.159223875312634,18.44277494540007,388914000
2022-06-08 00:00:00+00:00,18.622432708740234,19.15370287968814,18.509586772873774,18.773224745279013,363252000
2022-06-09 00:00:00+00:00,18.023256301879883,18.90704318439752,18.016265929443026,18.45566321727446,395574000
2022-06-10 00:00:00+00:00,16.950727462768555,17.672735713116985,16.845869983240426,17.575868590287566,465248000
2022-06-13 00:00:00+00:00,15.62554931640625,16.289637607555512,15.584605158969541,15.97806506451579,604153000
2022-06-14 00:00:00+00:00,15.814288139343262,16.043972335554802,15.39086873500502,15.709431606714736,469680000
2022-06-15 00:00:00+00:00,16.50433921813965,16.84487125542123,15.904162502265947,16.072930448129153,563936000
2022-06-16 00:00:00+00:00,15.579610824584961,15.920143868962862,15.379885215530072,15.838255559738554,545749000
2022-06-17 00:00:00+00:00,15.858227729797363,15.973069829679215,15.306984507524353,15.626545464540554,630334000
2022-06-21 00:00:00+00:00,16.54328727722168,16.98468071216901,16.38450487696242,16.452412438369816,483089000
2022-06-22 00:00:00+00:00,16.337570190429688,16.63915617828488,16.157816675124355,16.20375313433491,437135000
2022-06-23 00:00:00+00:00,16.20275115966797,16.562256199139117,15.831260587165808,16.496346719683878,463680000
2022-06-24 00:00:00+00:00,17.102519989013672,17.11650073429401,16.287638726739992,16.4773787732115,472153000
2022-06-27 00:00:00+00:00,16.845870971679688,17.306239352209836,16.603204110211394,17.288264381866544,427968000
2022-06-28 00:00:00+00:00,15.960088729858398,17.17841540135944,15.923138802321352,16.876829403288493,461149000
2022-06-29 00:00:00+00:00,15.520689964294434,15.798308672716251,15.149200277723759,15.792317333679113,482352000
2022-06-30 00:00:00+00:00,15.13821792602539,15.545658564370902,14.84162517143051,15.339940655706025,686070000
2022-07-01 00:00:00+00:00,14.50308895111084,15.042348581207367,14.372268984402996,14.878573864617884,577610000
2022-07-05 00:00:00+00:00,14.94348430633545,14.950474678954091,14.035731089261596,14.15556645659554,651397000
2022-07-06 00:00:00+00:00,15.10925579071045,15.297996787571694,14.768722770175227,14.98942043366788,529066000
2022-07-07 00:00:00+00:00,15.836257934570312,15.923138547891462,15.367901086957772,15.434809616202475,492903000
2022-07-08 00:00:00+00:00,15.81628704071045,16.01501457786156,15.367902243432237,15.408846399801957,467972000
2022-07-11 00:00:00+00:00,15.1312255859375,15.505711425082758,15.017381570842117,15.504712392374874,437321000
2022-07-12 00:00:00+00:00,15.061321258544922,15.409842731268506,14.856602404665553,15.247066109475627,458483000
2022-07-13 00:00:00+00:00,15.143208503723145,15.353919647779461,14.445167482793634,14.569996097816231,521918000
2022-07-14 00:00:00+00:00,15.350923538208008,15.451784891767781,14.707806458761096,15.087285563609488,456235000
2022-07-15 00:00:00+00:00,15.740387916564941,15.760359998206184,15.423822184579473,15.637529458050848,385935000
2022-07-18 00:00:00+00:00,16.07892608642578,16.8738343338964,15.9800627861914,16.27965073780717,670517000
2022-07-19 00:00:00+00:00,16.96870231628418,17.086540553268563,16.1498269486933,16.463395590625716,702366000
2022-07-20 00:00:00+00:00,17.782581329345703,17.90840990780674,16.777962195160043,16.92376190099069,760538000
2022-07-21 00:00:00+00:00,18.025253295898438,18.11912428792284,17.52094647197657,17.86048049580398,557049000
2022-07-22 00:00:00+00:00,17.295255661010742,17.94236605570938,17.113504073103183,17.868468104985222,536671000
2022-07-25 00:00:00+00:00,17.000659942626953,17.100523221688167,16.626174074697623,16.9956657310704,480748000
2022-07-26 00:00:00+00:00,16.510334014892578,16.89580448453477,16.455409115756805,16.86584492916972,397865000
2022-07-27 00:00:00+00:00,17.76561164855957,17.911411397897158,16.88981316731727,17.008649505743477,569776000
2022-07-28 00:00:00+00:00,17.95934295654297,18.115129215664382,17.416090067566007,17.950356423261784,474646000
2022-07-29 00:00:00+00:00,18.138099670410156,18.218987999280966,17.667744714059165,17.788579119485384,435460000
2022-08-01 00:00:00+00:00,18.415719985961914,18.820165474035086,17.96533802974678,18.15707426114267,476469000
2022-08-02 00:00:00+00:00,18.50059700012207,18.91203273831528,18.067192067392018,18.097151618360463,489527000
2022-08-03 00:00:00+00:00,18.867097854614258,18.9419957935247,18.11213379219575,18.15907024025615,418146000
2022-08-04 00:00:00+00:00,19.188655853271484,19.247574977869366,18.734279747108175,18.823158426576263,409652000
2022-08-05 00:00:00+00:00,18.962963104248047,19.2026337940128,18.64040603903881,18.784207691004337,386068000
2022-08-08 00:00:00+00:00,17.768604278564453,18.213993844249966,17.21836103439292,17.47800479146066,981859000
2022-08-09 00:00:00+00:00,17.062570571899414,17.42307559696948,16.701067466683014,17.22834330338016,668263000
2022-08-10 00:00:00+00:00,18.072185516357422,18.093156629731215,17.293254366616612,17.673732457522053,597422000
2022-08-11 00:00:00+00:00,17.917400360107422,18.681352814995762,17.851490863530667,18.10614231673798,509327000
2022-08-12 00:00:00+00:00,18.683351516723633,18.692339955779353,17.928387396994086,18.13510435267099,478094000
2022-08-15 00:00:00+00:00,19.00590705871582,19.137726058613044,18.587482780164496,18.675361478518084,457666000
2022-08-16 00:00:00+00:00,18.853116989135742,19.115756909147926,18.47563496033023,18.894061144686493,451240000
2022-08-17 00:00:00+00:00,18.309860229492188,18.66237687623196,18.12012210718254,18.497604095833214,446799000
2022-08-18 00:00:00+00:00,18.747264862060547,18.839137794765332,18.158073539060755,18.275911803660716,415447000
2022-08-19 00:00:00+00:00,17.824527740478516,18.494607244022603,17.745635586886266,18.380763232142666,441588000
2022-08-22 00:00:00+00:00,17.01064682006836,17.5339285848503,16.942739255547924,17.466021020329865,409593000
2022-08-23 00:00:00+00:00,17.157442092895508,17.44105308355204,16.946730962850925,16.965705916771867,369986000
2022-08-24 00:00:00+00:00,17.198387145996094,17.382134879990968,16.871835828872985,16.98867408521419,522661000
2022-08-25 00:00:00+00:00,17.888439178466797,17.922392956465742,16.809920067610644,16.820904665261263,770691000
2022-08-26 00:00:00+00:00,16.237709045410156,17.899427390180133,16.21473986042413,17.832519805720057,769127000
2022-08-29 00:00:00+00:00,15.779335021972656,16.315598448591818,15.745382195272603,15.998035568116483,496132000
2022-08-30 00:00:00+00:00,15.446794509887695,16.01701084238438,15.161186351030654,15.938119627666996,530181000
2022-08-31 00:00:00+00:00,15.0733060836792,15.518694719527108,14.938490939263094,15.362908457406297,573710000
2022-09-01 00:00:00+00:00,13.917891502380371,14.360283952991049,13.251806197027722,14.18951792804557,1178865000
2022-09-02 00:00:00+00:00,13.628290176391602,14.151570983840651,13.572366244236866,14.080669178676303,743157000
2022-09-06 00:00:00+00:00,13.446538925170898,13.760108544084295,13.332694905205493,13.712174019390066,535751000
2022-09-07 00:00:00+00:00,13.699267387390137,13.8231347282429,13.331662683497774,13.548429577340283,512657000
2022-09-08 00:00:00+00:00,13.974969863891602,13.992951127986652,13.354637687231783,13.444540197108026,624873000
2022-09-09 00:00:00+00:00,14.371545791625977,14.458452230878862,14.110826473867316,14.141792358679925,486612000
2022-09-12 00:00:00+00:00,14.489416122436523,14.531370815249323,14.182745799379143,14.353562559238018,484159000
2022-09-13 00:00:00+00:00,13.11689281463623,13.90704340206628,13.084927604067657,13.78717243345947,714956000
2022-09-14 00:00:00+00:00,13.113897323608398,13.275722995641786,12.899128137907093,13.239761417639983,588507000
2022-09-15 00:00:00+00:00,12.915109634399414,13.218782933032589,12.776259029969275,13.001017682359656,523625000
2022-09-16 00:00:00+00:00,13.183820724487305,13.197805622661757,12.603444592298251,12.72831029894144,670751000
2022-09-19 00:00:00+00:00,13.367623329162598,13.448536636408672,12.99602323782833,12.9980209443721,569685000
2022-09-20 00:00:00+00:00,13.161845207214355,13.468515569793002,13.042973562258846,13.200803821739566,524818000
2022-09-21 00:00:00+00:00,13.246753692626953,14.01592695660969,13.095915885590195,13.198805875239975,807679000
2022-09-22 00:00:00+00:00,12.547505378723145,13.13487397774676,12.414648842051575,13.05595837624956,759162000
2022-09-23 00:00:00+00:00,12.50255298614502,12.597451187788838,12.24383142312108,12.406656407596893,663309000
2022-09-26 00:00:00+00:00,12.214862823486328,12.645400497550257,12.200877925026457,12.477580763382052,547343000
2022-09-27 00:00:00+00:00,12.399664878845215,12.722317835728509,12.24483166136231,12.493563757903228,553854000
2022-09-28 00:00:00+00:00,12.722317695617676,12.809224124270647,12.34072811111852,12.39666770608599,542414000
2022-09-29 00:00:00+00:00,12.20687198638916,12.486570907986117,11.933166184419747,12.434626727281707,532763000
2022-09-30 00:00:00+00:00,12.125958442687988,12.619428149755207,12.062027071325655,12.074014262996702,565638000
2022-10-03 00:00:00+00:00,12.49855899810791,12.66438103750038,12.091995679020886,12.333736288383395,547478000
2022-10-04 00:00:00+00:00,13.152854919433594,13.205798432836424,12.865164202159265,12.865164202159265,584182000
2022-10-05 00:00:00+00:00,13.194808959960938,13.30668910117223,12.607441314713395,12.897129724217045,507131000
2022-10-06 00:00:00+00:00,13.11589527130127,13.641330241047822,13.088923849141823,13.205798741632973,644157000
2022-10-07 00:00:00+00:00,12.063027381896973,12.65638913094354,12.00908549131545,12.49156642287505,672478000
2022-10-10 00:00:00+00:00,11.657464027404785,12.110975855224824,11.395745386998117,12.024069418326597,698699000
2022-10-11 00:00:00+00:00,11.573554039001465,11.833274006789148,11.27087909082818,11.548580323969118,667482000
2022-10-12 00:00:00+00:00,11.487645149230957,11.722392337587419,11.332811937874556,11.566560749292124,492590000
2022-10-13 00:00:00+00:00,11.947151184082031,12.065024444936823,10.801383115389287,10.959213365382153,850103000
2022-10-14 00:00:00+00:00,11.21493911743164,12.097989264666413,11.19196406249194,12.044047375714609,713432000
2022-10-17 00:00:00+00:00,11.875227928161621,11.935163887669312,11.504627166759075,11.505625543705177,580774000
2022-10-18 00:00:00+00:00,11.954144477844238,12.478580116410535,11.605519413375351,12.330739341420681,659362000
2022-10-19 00:00:00+00:00,12.038053512573242,12.336733042582134,11.821286623369021,11.86623835705214,523131000
2022-10-20 00:00:00+00:00,12.180899620056152,12.755281678279875,12.091994536055378,12.099986314694126,652398000
2022-10-21 00:00:00+00:00,12.452607154846191,12.484573317773556,11.874229665134491,12.085002473404986,609494000
2022-10-24 00:00:00+00:00,12.585465431213379,12.696346249814729,12.051040310367156,12.494563584772553,517457000
2022-10-25 00:00:00+00:00,13.246753692626953,13.28571230644429,12.650394914056134,12.680363371654026,505482000
2022-10-26 00:00:00+00:00,12.8821439743042,13.37361497806414,12.694346242745882,12.85517350995469,532953000
2022-10-27 00:00:00+00:00,13.161845207214355,13.823134703279653,13.107903316267763,13.615357966211398,583113000
2022-10-28 00:00:00+00:00,13.819138526916504,13.835122085871737,13.046969154666838,13.089923183140582,521040000
2022-10-31 00:00:00+00:00,13.482500076293945,13.82313430044734,13.282715124415745,13.763198338558981,486341000
2022-11-01 00:00:00+00:00,13.528450965881348,13.910040552507906,13.50447658143312,13.79616270270372,432817000
2022-11-02 00:00:00+00:00,13.204797744750977,14.194733217791391,13.196806918934737,13.835120334518214,672628000
2022-11-03 00:00:00+00:00,13.406579971313477,13.76619379610338,12.942080368709327,13.028986788993638,500065000
2022-11-04 00:00:00+00:00,14.140789985656738,14.213711503855714,13.682282579069687,13.970972568794812,612576000
2022-11-07 00:00:00+00:00,14.285636901855469,14.396517721923427,13.939010494664025,14.212715367274726,410061000
2022-11-08 00:00:00+00:00,14.586313247680664,14.875002331764124,14.200727296506672,14.785098866709825,595292000
2022-11-09 00:00:00+00:00,13.761200904846191,14.195734017367396,13.744218969253557,14.14678591725043,454414000
2022-11-10 00:00:00+00:00,15.733078956604004,15.756054010251752,14.531371333423088,14.784099781497519,700819000
2022-11-11 00:00:00+00:00,16.309457778930664,16.371391439897824,15.465366340960653,15.790016967306785,655487000
2022-11-14 00:00:00+00:00,16.277494430541992,16.522232066468828,15.904894997972113,16.200577486630568,527852000
2022-11-15 00:00:00+00:00,16.64809799194336,16.979740188725934,16.364402664294566,16.704037593682596,545876000
2022-11-16 00:00:00+00:00,15.89290714263916,16.34442120688964,15.85594719034248,16.144637217510404,649547000
2022-11-17 00:00:00+00:00,15.660157203674316,16.24852510301491,15.518309565551975,15.698116484447885,710894000
2022-11-18 00:00:00+00:00,15.39244556427002,15.9848088796115,15.10375554404222,15.94884635246615,492072000
2022-11-21 00:00:00+00:00,15.300543785095215,15.46037172847503,15.063797953292841,15.13072635709174,404739000
2022-11-22 00:00:00+00:00,16.02077293395996,16.040751908287998,15.105756486974345,15.311535540363451,472866000
2022-11-23 00:00:00+00:00,16.501253128051758,16.509245859928704,16.030760346892983,16.08070587095073,427241000
2022-11-25 00:00:00+00:00,16.252519607543945,16.469285512890952,16.154625327709812,16.30046837060945,167934000
2022-11-28 00:00:00+00:00,15.80999755859375,16.339428893631666,15.708107848172721,16.008783189002287,303741000
2022-11-29 00:00:00+00:00,15.622197151184082,15.914882568385329,15.503325524899237,15.809994886660792,298384000
2022-11-30 00:00:00+00:00,16.909143447875977,16.91613768564476,15.584228989487908,15.684146535771454,565298000
2022-12-01 00:00:00+00:00,17.1209716796875,17.250864409196577,16.621381033320617,16.985083344047936,470977000
2022-12-02 00:00:00+00:00,16.8621826171875,16.919137062737946,16.43153573239102,16.6453612261795,371389000
2022-12-05 00:00:00+00:00,16.596403121948242,16.98108817708203,16.458515605368987,16.66534688023787,352255000
2022-12-06 00:00:00+00:00,15.973910331726074,16.559430004993104,15.806047668820305,16.516465945155254,352694000
2022-12-07 00:00:00+00:00,16.106801986694336,16.172747931483883,15.65417187585563,15.759086398689979,372388000
2022-12-08 00:00:00+00:00,17.154945373535156,17.164937415817153,15.94593493843421,16.259678967569904,515456000
2022-12-09 00:00:00+00:00,16.987079620361328,17.56860383071365,16.961101838286083,17.145949833064485,465338000
2022-12-12 00:00:00+00:00,17.52064323425293,17.5236410372187,16.783248501431842,17.023051775036333,457328000
2022-12-13 00:00:00+00:00,18.057205200195312,18.774617794918285,17.696500685046704,18.515829057167874,656589000
2022-12-14 00:00:00+00:00,17.659528732299805,18.237056501037223,17.405736991187297,17.97227218085048,496888000
2022-12-15 00:00:00+00:00,16.93811798095703,17.30581666296131,16.686325436894144,17.131959361835964,478542000
2022-12-16 00:00:00+00:00,16.557430267333984,17.02704663560611,16.39656280074963,16.850191523278642,478232000
2022-12-19 00:00:00+00:00,16.240692138671875,16.595401033569487,16.13178212686933,16.558432576626064,354039000
2022-12-20 00:00:00+00:00,16.07183265686035,16.296648863545872,15.839024530853546,16.05084993795553,403260000
2022-12-21 00:00:00+00:00,16.48748779296875,16.613385976206843,16.088814341919573,16.10080555260264,325025000
2022-12-22 00:00:00+00:00,15.326441764831543,16.12478836587808,14.869816130143493,16.08082376342015,565045000
2022-12-23 00:00:00+00:00,15.193550109863281,15.326440634082571,14.87081461834004,15.18355806886971,349326000
2022-12-27 00:00:00+00:00,14.109437942504883,15.087636423764959,14.0444906312177,15.061657689828774,464902000
2022-12-28 00:00:00+00:00,14.024508476257324,14.25032327426342,13.872632497198492,13.915597512631557,351066000
2022-12-29 00:00:00+00:00,14.591045379638672,14.670979813807444,14.215353729624166,14.390210661703463,354923000
2022-12-30 00:00:00+00:00,14.60203742980957,14.617024541091107,14.221348794645237,14.322265949234668,310490000
2023-01-03 00:00:00+00:00,14.303277969360352,14.983721052232674,14.084457431263646,14.838839325800745,401277000
2023-01-04 00:00:00+00:00,14.736923217773438,14.840838154777497,14.229339743985019,14.555073030909787,431324000
2023-01-05 00:00:00+00:00,14.253320693969727,14.552075670491968,14.136415909839469,14.479135485903637,389168000
2023-01-06 00:00:00+00:00,14.846835136413574,14.997711535520914,14.0225107548316,14.462150107377472,405044000
2023-01-09 00:00:00+00:00,15.615204811096191,16.042853882336043,15.128603078053724,15.271486598821125,504231000
2023-01-10 00:00:00+00:00,15.895975112915039,15.94893121673774,15.459332626456098,15.494303818205713,384101000
2023-01-11 00:00:00+00:00,15.987898826599121,16.01487714757313,15.550257708216126,15.827031344724569,353285000
2023-01-12 00:00:00+00:00,16.497480392456055,16.623376674174565,15.479314701266622,16.08681762259126,551409000
2023-01-13 00:00:00+00:00,16.88516616821289,16.908148056338185,16.15176778844737,16.264674246702192,447287000
2023-01-17 00:00:00+00:00,17.687509536743164,17.713489229977547,16.885167342585643,16.885167342585643,511102000
2023-01-18 00:00:00+00:00,17.36277198791504,17.858364231807297,17.26784855712285,17.652533536018492,439624000
2023-01-19 00:00:00+00:00,16.751272201538086,17.182919592747304,16.717301550134714,17.022050215153467,452932000
2023-01-20 00:00:00+00:00,17.82439422607422,17.841380504769397,16.811224544692056,16.997071166426323,564967000
2023-01-23 00:00:00+00:00,19.177288055419922,19.229245530307768,17.80341372696204,18.04921071798228,655163000
2023-01-24 00:00:00+00:00,19.249229431152344,19.47904260596809,18.804594004531626,18.81158824397347,496204000
2023-01-25 00:00:00+00:00,19.307178497314453,19.354140898523635,18.56478682693734,18.897514353205867,449537000
2023-01-26 00:00:00+00:00,19.785785675048828,20.149487942957048,19.262214571587723,19.684868544073076,489535000
2023-01-27 00:00:00+00:00,20.34832191467285,20.6111070194806,19.389109018616516,19.446061545827547,542142000
2023-01-30 00:00:00+00:00,19.14631462097168,20.123512763635727,19.134323407436817,19.933669670014947,488611000
2023-01-31 00:00:00+00:00,19.52100372314453,19.67088052170426,18.93448446657566,19.154303644077466,498017000
2023-02-01 00:00:00+00:00,20.925853729248047,21.174648503788042,19.594943571300696,19.674877995136793,660477000
2023-02-02 00:00:00+00:00,21.69122314453125,21.931026391008707,20.683050495888622,20.982804077538745,564276000
2023-02-03 00:00:00+00:00,21.08272361755371,21.727195946386907,20.771977442286037,20.98280511679256,429366000
2023-02-06 00:00:00+00:00,21.071735382080078,21.55234058671362,20.768982041999962,20.78896612562126,452197000
2023-02-07 00:00:00+00:00,22.154844284057617,22.24077430630132,21.132681236743583,21.364491617448692,664150000
2023-02-08 00:00:00+00:00,22.18682098388672,22.859270343104374,21.989981762053976,22.368671190085877,559651000
2023-02-09 00:00:00+00:00,22.318710327148438,23.001151649927916,22.101888952315306,22.58749107583628,523876000
2023-02-10 00:00:00+00:00,21.247589111328125,22.059923209964126,20.79396224758763,21.672242294842736,550737000
2023-02-13 00:00:00+00:00,21.77016258239746,22.029949952806394,20.94483860334869,21.520367253825846,474919000
2023-02-14 00:00:00+00:00,22.952192306518555,23.03012755681978,21.348505011824344,21.56033132218114,675474000
2023-02-15 00:00:00+00:00,22.745365142822266,22.836290253075802,22.087904747509434,22.530540991114048,420575000
2023-02-16 00:00:00+00:00,21.98398780822754,22.531537591194823,21.909048448284622,22.114879171338252,412026000
2023-02-17 00:00:00+00:00,21.370485305786133,21.722196327376725,20.95782341536119,21.61328633734244,465888000
2023-02-21 00:00:00+00:00,20.638092041015625,21.476404012389036,20.601121674452532,20.98280893021431,410015000
2023-02-22 00:00:00+00:00,20.73700714111328,21.086720955863115,20.404279605625497,20.690046644389827,513184000
2023-02-23 00:00:00+00:00,23.644622802734375,23.868440315198026,23.00614609506352,23.420807196057563,1117995000
2023-02-24 00:00:00+00:00,23.266937255859375,23.45478498941853,22.928215967510646,23.205988273269305,589716000
2023-02-27 00:00:00+00:00,23.48175621032715,23.860445585416468,23.434795716672856,23.650618453752273,452994000
2023-02-28 00:00:00+00:00,23.196990966796875,23.805493492684064,23.18699892583366,23.352863375406507,455963000
2023-03-01 00:00:00+00:00,22.67941665649414,23.236960375063273,22.489571679600164,23.173011690631437,460026000
2023-03-02 00:00:00+00:00,23.294910430908203,23.360856377006066,22.413632614347023,22.46958842521254,389415000
2023-03-03 00:00:00+00:00,23.870441436767578,23.88043347879256,23.111063394953373,23.300908381853713,412393000
2023-03-06 00:00:00+00:00,23.53471565246582,24.22814576739972,23.467769168076714,23.87143962178628,437429000
2023-03-07 00:00:00+00:00,23.27288818359375,24.109344935333365,23.22591779814437,23.58468599671928,515154000
2023-03-08 00:00:00+00:00,24.165306091308594,24.184294766581292,23.408797420933155,23.471756258943316,513573000
2023-03-09 00:00:00+00:00,23.420787811279297,24.438126646150657,23.367820812275305,24.159306518278665,501257000
2023-03-10 00:00:00+00:00,22.950092315673828,23.61166323098952,22.71124714341151,23.393804334985997,474866000
2023-03-13 00:00:00+00:00,22.95108985900879,23.282875053413555,22.282525461045495,22.737229994495557,421890000
2023-03-14 00:00:00+00:00,24.047382354736328,24.20328124483994,23.444773073406367,23.48075091334457,474910000
2023-03-15 00:00:00+00:00,24.2122745513916,24.270235562421657,23.34483792874035,23.745576714518688,524486000
2023-03-16 00:00:00+00:00,25.524423599243164,25.57139207335748,23.878491278999082,24.01140628522713,583253000
2023-03-17 00:00:00+00:00,25.70830726623535,26.38186968989374,25.65134314072659,25.965140466814287,848547000
2023-03-20 00:00:00+00:00,25.883188247680664,26.007108309767307,25.113687587733228,25.59837339016035,432747000
2023-03-21 00:00:00+00:00,26.181995391845703,26.37487092143437,25.364527413942184,26.163008623155417,547408000
2023-03-22 00:00:00+00:00,26.450820922851562,27.571093609171683,26.219969957500446,26.407847658541623,797295000
2023-03-23 00:00:00+00:00,27.173351287841797,27.481151940364768,26.672677017823016,27.097400403214937,564889000
2023-03-24 00:00:00+00:00,26.761619567871094,27.149368241079962,26.33789496036664,27.013456826272407,454920000
2023-03-27 00:00:00+00:00,26.513782501220703,26.9824780003573,26.34788986309708,26.8195836745759,361026000
2023-03-28 00:00:00+00:00,26.392858505249023,26.49579229381834,25.83322250551309,26.429835146196694,356104000
2023-03-29 00:00:00+00:00,26.966482162475586,27.060421003649104,26.579734258832026,26.80758688947951,393694000
2023-03-30 00:00:00+00:00,27.36522674560547,27.481152585329546,27.08440898873497,27.211327368787387,364516000
2023-03-31 00:00:00+00:00,27.75897216796875,27.815934380003373,27.08740743538737,27.122384566656116,433933000
2023-04-03 00:00:00+00:00,27.946849822998047,27.981826954201942,27.318258357219978,27.49114640923392,398716000
2023-04-04 00:00:00+00:00,27.4351806640625,27.981826516516946,27.289275517291117,27.947848187847303,368592000
2023-04-05 00:00:00+00:00,26.863554000854492,26.98047673794311,26.37786936739354,26.811587704555983,515015000
2023-04-06 00:00:00+00:00,27.019451141357422,27.062422498432785,26.409846477836556,26.566744158591717,397654000
2023-04-10 00:00:00+00:00,27.56110382080078,27.603076383041287,26.651694493368062,26.805593888249906,395279000
2023-04-11 00:00:00+00:00,27.1513671875,27.771964430932886,27.108393921533427,27.70600728201999,314378000
2023-04-12 00:00:00+00:00,26.47780418395996,27.45017222858766,26.43083380500762,27.352236262733783,446259000
2023-04-13 00:00:00+00:00,26.44582748413086,26.869552136734526,26.31191556524712,26.716651540538177,353615000
2023-04-14 00:00:00+00:00,26.740631103515625,26.865549967420687,26.202980206526043,26.486796261789348,395660000
2023-04-17 00:00:00+00:00,26.984477996826172,26.988475111317545,26.41584700251684,26.547761311286525,321471000
2023-04-18 00:00:00+00:00,27.649045944213867,28.091759262343043,27.339247645401258,27.51513402889549,604812000
2023-04-19 00:00:00+00:00,27.912872314453125,27.98182777688548,27.21432656572957,27.343242553972818,358660000
2023-04-20 00:00:00+00:00,27.086410522460938,28.011810174837088,26.982477923410777,27.65304199464376,427713000
2023-04-21 00:00:00+00:00,27.101394653320312,27.165354189141752,26.70465301407293,26.934503247616785,345103000
2023-04-24 00:00:00+00:00,27.024450302124023,27.348239440320924,26.653690781200147,26.99546979327811,339282000
2023-04-25 00:00:00+00:00,26.223966598510742,27.22931413806429,26.207978142776422,27.06042320812397,378527000
2023-04-26 00:00:00+00:00,26.93850326538086,27.31226106523399,26.687666728848185,26.98447484193406,406337000
2023-04-27 00:00:00+00:00,27.208332061767578,27.477158506001263,26.60772223648643,27.345244195270258,377161000
2023-04-28 00:00:00+00:00,27.73099136352539,27.739984394080437,27.05342998469089,27.20733127338207,292216000
2023-05-01 00:00:00+00:00,28.8912353515625,29.039140006502908,27.761969634748656,27.821930157082058,570329000
2023-05-02 00:00:00+00:00,28.19169044494629,28.81728552032771,28.0647739674423,28.661386629023887,402730000
2023-05-03 00:00:00+00:00,27.783958435058594,28.348592322124123,27.4541726589013,27.8219338823804,383387000
2023-05-04 00:00:00+00:00,27.544109344482422,27.840915535411145,27.222317856560554,27.633050368513334,321850000
2023-05-05 00:00:00+00:00,28.66138458251953,28.736334757570592,27.713001157721607,27.807938808563854,361494000
2023-05-08 00:00:00+00:00,29.132078170776367,29.201033629261158,28.331599383389104,28.503486722502963,344979000
2023-05-09 00:00:00+00:00,28.55245590209961,28.954195421712242,28.43153605029766,28.88024404414107,314869000
2023-05-10 00:00:00+00:00,28.866252899169922,29.094105560009464,28.44252830281305,28.986173947740745,369350000
2023-05-11 00:00:00+00:00,28.5594539642334,28.93121420876542,28.227670583503805,28.877248397104033,322149000
2023-05-12 00:00:00+00:00,28.32160758972168,28.761322564942308,28.02779776950865,28.510484105930274,274222000
2023-05-15 00:00:00+00:00,28.934207916259766,28.95019827906706,28.133729096093575,28.48949703703172,293926000
2023-05-16 00:00:00+00:00,29.19403648376465,29.85061150366208,28.813285187671735,28.822278217137956,449405000
2023-05-17 00:00:00+00:00,30.158411026000977,30.179397303455694,29.410897359281257,29.56479672728252,432535000
2023-05-18 00:00:00+00:00,31.657440185546875,31.807342452955133,30.30032173818178,30.390263479848883,748725000
2023-05-19 00:00:00+00:00,31.243709564208984,31.559504464567972,30.895935843609628,31.515532395418244,473908000
2023-05-22 00:00:00+00:00,31.155765533447266,31.499542119934745,30.660087176948643,30.880942499765002,372000000
2023-05-23 00:00:00+00:00,30.668079376220703,31.2676902824174,30.611117169290093,30.979877123687405,356253000
2023-05-24 00:00:00+00:00,30.518178939819336,30.587134398271413,29.786653705153253,30.19039081167834,721419000
2023-05-25 00:00:00+00:00,37.95534896850586,39.454375407130364,36.61122070862838,38.497995807341425,1543911000
2023-05-26 00:00:00+00:00,38.920719146728516,39.14457277153295,37.52562538722481,37.86540484439774,714397000
2023-05-30 00:00:00+00:00,40.08496856689453,41.91078253323842,39.92307495310247,40.56865561638492,923401000
2023-05-31 00:00:00+00:00,37.809444427490234,40.26884571341783,37.79745117886432,39.462370269421555,1002580000
2023-06-01 00:00:00+00:00,39.74419021606445,40.02400727959351,38.31511796351833,38.46401952597585,635873000
2023-06-02 00:00:00+00:00,39.301475524902344,40.47371455603789,39.032649105745655,40.070976234421984,482731000
2023-06-05 00:00:00+00:00,39.14558410644531,39.539325641442396,38.68188448589062,38.88375307640513,396094000
2023-06-06 00:00:00+00:00,38.62891387939453,39.13458601689933,38.123241741889736,38.804802160748494,388729000
2023-06-07 00:00:00+00:00,37.45454788208008,39.47744543312822,37.33561334043707,38.893764495503234,511998000
2023-06-08 00:00:00+00:00,38.48898696899414,38.8427939153626,37.48453804984033,37.703416518186614,417772000
2023-06-09 00:00:00+00:00,38.748844146728516,39.68932873307715,38.545955805851406,39.01569674007006,427717000
2023-06-12 00:00:00+00:00,39.46045684814453,39.50843099459079,38.59692983734383,39.17861302696572,388701000
2023-06-13 00:00:00+00:00,40.99961853027344,41.0785778084364,39.71832028335553,40.164076100144555,613208000
2023-06-14 00:00:00+00:00,42.97353744506836,42.97653416086688,40.52986821598953,40.8017229530102,740465000
2023-06-15 00:00:00+00:00,42.629730224609375,43.265384836246646,42.12400575806211,42.57875935956908,568622000
2023-06-16 00:00:00+00:00,42.66870880126953,43.69714671301747,42.63772367115166,43.426294660759105,655709000
2023-06-20 00:00:00+00:00,43.784095764160156,43.96599947936296,42.65071563542564,42.974540163328015,451153000
2023-06-21 00:00:00+00:00,43.021514892578125,43.591207435657196,42.05704501017966,43.47726740199492,551603000
2023-06-22 00:00:00+00:00,43.00152587890625,43.402304245478625,42.2109571046696,42.22994393165169,417737000
2023-06-23 00:00:00+00:00,42.185970306396484,42.78564141996851,41.99207590923577,42.440832245341774,358140000
2023-06-26 00:00:00+00:00,40.609832763671875,42.74066959862616,40.078121507202255,42.43783350035223,594322000
2023-06-27 00:00:00+00:00,41.8531494140625,41.91711366832996,40.42593102539138,40.77673742484644,462175000
2023-06-28 00:00:00+00:00,41.094566345214844,41.82216977478574,40.49589414728599,40.637814961274316,582639000
2023-06-29 00:00:00+00:00,40.79972457885742,41.577299950801056,40.577845588400876,41.53532305058581,380514000
2023-06-30 00:00:00+00:00,42.27891540527344,42.52678117830855,41.47835379473084,41.657256974665316,501148000
2023-07-03 00:00:00+00:00,42.389862060546875,42.874598104799084,42.178978624337354,42.4938054204214,198209000
2023-07-05 00:00:00+00:00,42.293914794921875,43.15344240900505,42.062039108236945,42.112011067613764,323618000
2023-07-06 00:00:00+00:00,42.08002853393555,42.15598728056081,41.32344159639819,41.82117097723614,303582000
2023-07-07 00:00:00+00:00,42.47980880737305,43.19042323587049,42.156986987539184,42.298907804592,355881000
2023-07-10 00:00:00+00:00,42.156986236572266,42.787642471608095,41.62627391492432,42.63372716743976,353908000
2023-07-11 00:00:00+00:00,42.38186264038086,42.734670684336905,42.04404961503228,42.45782138833829,298244000
2023-07-12 00:00:00+00:00,43.87804412841797,43.911027066615475,42.75365801470833,43.00951883998821,481277000
2023-07-13 00:00:00+00:00,45.9519157409668,46.12981621305511,44.46772535978278,44.49371214998775,478204000
2023-07-14 00:00:00+00:00,45.44419479370117,48.061765401261425,45.0354175393941,46.55758543157375,772075000
2023-07-17 00:00:00+00:00,46.43564987182617,46.47063062366615,45.23730653549651,46.26374664142169,510488000
2023-07-18 00:00:00+00:00,47.468082427978516,47.86986348716586,45.7090445218803,46.675515893049734,569164000
2023-07-19 00:00:00+00:00,47.05131530761719,47.791912159998795,46.71649899256564,47.43810520447181,427502000
2023-07-20 00:00:00+00:00,45.49516677856445,47.061313235391935,45.03741645990332,46.48162782743177,537865000
2023-07-21 00:00:00+00:00,44.28482437133789,45.84097793575254,44.07593876183976,45.763017562258014,963769000
2023-07-24 00:00:00+00:00,44.58766174316406,45.08439225529306,44.01597519686058,44.70659630501924,382516000
2023-07-25 00:00:00+00:00,45.65407943725586,46.15780227032599,44.89849137503462,44.916483110194,348081000
2023-07-26 00:00:00+00:00,45.42720031738281,46.02787414060496,44.60565021693435,45.995890105777626,364237000
2023-07-27 00:00:00+00:00,45.87495803833008,47.3691412842477,45.72503835474356,46.49361978738997,455976000
2023-07-28 00:00:00+00:00,46.72449493408203,47.00134424016971,46.35569676531063,46.64253893821814,331194000
2023-07-31 00:00:00+00:00,46.7035026550293,47.10428482748887,46.480624760835596,46.728490538955285,251055000
2023-08-01 00:00:00+00:00,46.48162078857422,46.874407881393104,46.00188318529818,46.434645552261735,237858000
2023-08-02 00:00:00+00:00,44.244850158691406,45.81499224934551,43.363331362198146,45.80599828780853,530142000
2023-08-03 00:00:00+00:00,44.4907112121582,45.093382845124545,43.776101176403955,43.776101176403955,324176000
2023-08-04 00:00:00+00:00,44.65562057495117,45.61709364469408,44.36877842760478,44.960454456109325,362666000
2023-08-07 00:00:00+00:00,45.39221954345703,45.51515353063665,44.53868540861367,45.086386746173794,322154000
2023-08-08 00:00:00+00:00,44.63963317871094,45.217316942470724,44.03196319010825,44.82852923844918,353843000
2023-08-09 00:00:00+00:00,42.53078079223633,44.28782094053219,42.11100798733163,44.249839662592294,586449000
2023-08-10 00:00:00+00:00,42.3648681640625,43.550221754025884,41.8121685486756,42.13699194955662,492705000
2023-08-11 00:00:00+00:00,40.83270263671875,41.99506993428811,40.61682091676143,41.72821354686651,533085000
2023-08-14 00:00:00+00:00,43.7291259765625,43.77610121709491,40.28900646052013,40.4639102150388,690286000
2023-08-15 00:00:00+00:00,43.91602325439453,45.24330157403039,43.68614920885437,44.535687703362775,676512000
2023-08-16 00:00:00+00:00,43.46227264404297,44.65062306232533,43.38231446466475,44.49570885554983,527451000
2023-08-17 00:00:00+00:00,43.32034683227539,44.03795349007865,42.97753170604989,43.94600464449855,452395000
2023-08-18 00:00:00+00:00,43.27537155151367,43.55421863038225,41.63726601370566,42.611732431819654,583768000
2023-08-21 00:00:00+00:00,46.941375732421875,47.03932184051733,44.197874362477556,44.46972532960602,692573000
2023-08-22 00:00:00+00:00,45.6430778503418,48.16070421705832,45.308261577730654,48.108730641843266,755293000
2023-08-23 00:00:00+00:00,47.090293884277344,47.174247686520786,45.18333397410903,45.840975904298595,779046000
2023-08-24 00:00:00+00:00,47.137264251708984,50.23857177595236,47.13326863032971,50.1885998204007,1156044000
2023-08-25 00:00:00+00:00,45.992889404296875,47.77891298286314,44.999428538775895,46.98634645720228,925341000
2023-08-28 00:00:00+00:00,46.809444427490234,46.9543657684175,44.863508175320256,46.45663639493685,685192000
2023-08-29 00:00:00+00:00,48.757381439208984,49.05422026588247,46.36568562252749,46.64053709400586,701397000
2023-08-30 00:00:00+00:00,49.23712158203125,49.89975805077244,48.398578637523045,49.01724039363048,735206000
2023-08-31 00:00:00+00:00,49.32807159423828,49.71685929593791,48.93128883683363,49.353059479355466,528570000
2023-09-01 00:00:00+00:00,48.48253631591797,49.772832417582066,48.11573594167944,49.73485494683887,463830000
2023-09-05 00:00:00+00:00,48.52151107788086,48.82434715495617,47.83388674600478,48.19668764519063,382653000
2023-09-06 00:00:00+00:00,47.03919982910156,48.526509476419605,46.55842365882449,48.418561612125444,468670000
2023-09-07 00:00:00+00:00,46.219581604003906,46.322534533431615,45.131085343555235,45.50391366248569,433330000
2023-09-08 00:00:00+00:00,45.55088806152344,46.584409473307375,45.250028806839694,45.92071940996517,473069000
2023-09-11 00:00:00+00:00,45.15707015991211,46.14161060053682,44.29147025437245,46.12661816019719,473966000
2023-09-12 00:00:00+00:00,44.849212646484375,45.65184205526837,44.51036898860746,44.71727382674797,349256000
2023-09-13 00:00:00+00:00,45.46392822265625,45.90872175707665,44.482380908447524,44.57933609209525,398355000
2023-09-14 00:00:00+00:00,45.55988693237305,45.965697093021376,45.110094621925995,45.92871548306057,370097000
2023-09-15 00:00:00+00:00,43.879661560058594,45.577871869694,43.78770131863037,45.31999198709531,506831000
2023-09-18 00:00:00+00:00,43.94563293457031,44.221506057325286,41.98054405465205,42.728198651654026,500271000
2023-09-19 00:00:00+00:00,43.49983596801758,43.94562846497067,42.98207442166159,43.81269066855042,373064000
2023-09-20 00:00:00+00:00,42.21943283081055,43.88266351133672,42.203441401322486,43.579802461208814,367108000
2023-09-21 00:00:00+00:00,40.99799728393555,42.08049577030541,40.96101567472074,41.563736977268604,450736000
2023-09-22 00:00:00+00:00,41.590721130371094,42.09548821247719,41.21189511865896,41.552736723974945,479236000
2023-09-25 00:00:00+00:00,42.20243835449219,42.516292052357294,41.157920528062995,41.571730182940165,419091000
2023-09-26 00:00:00+00:00,41.89158630371094,42.80016565537031,41.63570436324995,41.981544768615734,402282000
2023-09-27 00:00:00+00:00,42.44832229614258,42.852138257331035,41.609714131697665,42.31038955896758,444935000
2023-09-28 00:00:00+00:00,43.069034576416016,43.42586759785592,42.095486874346165,42.4403244191023,424663000
2023-09-29 00:00:00+00:00,43.47884750366211,44.123549133326094,43.28693511492848,43.80669465697379,397830000
2023-10-02 00:00:00+00:00,44.76125717163086,45.15407286536199,43.84068237191842,44.00960280506548,433298000
2023-10-03 00:00:00+00:00,43.4968376159668,45.10909311668892,43.22596325710491,44.7872398839657,470850000
2023-10-04 00:00:00+00:00,44.02060317993164,44.122557129199414,43.27194952336519,43.72174187256945,361821000
2023-10-05 00:00:00+00:00,44.66729736328125,44.879200950918715,43.867668737435245,44.02959243795168,393483000
2023-10-06 00:00:00+00:00,45.74079895019531,45.767786867817584,44.005603198940975,44.17252564280475,434436000
2023-10-09 00:00:00+00:00,45.25202560424805,45.58387253374561,44.34744607540805,44.8212255136796,409675000
2023-10-10 00:00:00+00:00,45.77677917480469,46.23756409967201,45.0671090785999,45.289006333726824,368582000
2023-10-11 00:00:00+00:00,46.78431701660156,46.83729386766852,46.02866671277973,46.17459898720651,378137000
2023-10-12 00:00:00+00:00,46.92325210571289,47.586945967380146,46.30853914386971,46.75533066493349,481325000
2023-10-13 00:00:00+00:00,45.43993377685547,47.094169510667186,45.25901788884397,46.93823975092536,474115000
2023-10-16 00:00:00+00:00,46.073646545410156,46.203583574312184,44.89119212930561,45.04212315084613,375099000
2023-10-17 00:00:00+00:00,43.917640686035156,44.73326447683001,42.460316079497176,43.97961223234804,812333000
2023-10-18 00:00:00+00:00,42.17645263671875,43.19898137436451,41.80562611222444,42.57127011789517,627294000
2023-10-19 00:00:00+00:00,42.08150100708008,43.27694617861222,41.86260067633136,42.7911712275924,501233000
2023-10-20 00:00:00+00:00,41.367828369140625,42.450326848741874,41.0589695927208,41.870593705500575,477266000
2023-10-23 00:00:00+00:00,42.95509338378906,43.22796955938642,40.92603485604566,41.209903709929456,478530000
2023-10-24 00:00:00+00:00,43.64276885986328,43.67675350399577,42.67122288444641,43.05704182148603,401463000
2023-10-25 00:00:00+00:00,41.759639739990234,43.629774950649335,41.53574451341277,43.37788900782008,398379000
2023-10-26 00:00:00+00:00,40.30731964111328,42.23642589504536,39.86152709976489,41.833612702341114,541001000
2023-10-27 00:00:00+00:00,40.481239318847656,41.18691356194545,39.99646337372596,41.11094855365019,416784000
2023-10-30 00:00:00+00:00,41.141929626464844,41.74664887563725,40.462244361806775,41.06796641155254,388028000
2023-10-31 00:00:00+00:00,40.761104583740234,40.8600615518642,39.211823492574105,40.43125946211653,517969000
2023-11-01 00:00:00+00:00,42.305397033691406,42.361370852066266,40.85007013008419,40.86506257244454,437593000
2023-11-02 00:00:00+00:00,43.48583984375,43.863663031413026,42.874123932526324,43.307920925769054,409172000
2023-11-03 00:00:00+00:00,44.98414993286133,45.28800612867796,43.70274239785865,43.99960568025811,424610000
2023-11-06 00:00:00+00:00,45.72980499267578,45.9137216751558,44.87819849776826,45.2640212668527,400733000
2023-11-07 00:00:00+00:00,45.933712005615234,46.19658683928955,45.137080351571434,45.69782127762116,343165000
2023-11-08 00:00:00+00:00,46.552425384521484,46.84528891690733,45.946703314492126,46.07864213351029,346719000
2023-11-09 00:00:00+00:00,46.92824935913086,48.207655129484806,46.728341254280565,47.44500813069146,540496000
2023-11-10 00:00:00+00:00,48.31260299682617,48.44954055480649,47.26109230316845,47.47799081031637,421245000
2023-11-13 00:00:00+00:00,48.597469329833984,49.09324168891848,48.07671084304167,48.29760910683298,384136000
2023-11-14 00:00:00+00:00,49.63299560546875,49.810914551979124,49.01728364536213,49.65698656195247,416954000
2023-11-15 00:00:00+00:00,48.865352630615234,49.93685461268084,48.17767162806223,49.91186848194019,475497000
2023-11-16 00:00:00+00:00,49.45707702636719,49.502058162016766,48.307612072684094,48.65644941593309,339756000
2023-11-17 00:00:00+00:00,49.27516555786133,49.69397019639206,48.98429998268991,49.501058800683616,325205000
2023-11-20 00:00:00+00:00,50.38564682006836,50.52458236287964,49.15821508964933,49.28915491828104,414120000
2023-11-21 00:00:00+00:00,49.920860290527344,50.4935928571012,49.19919468409959,50.10277517356445,565747000
2023-11-22 00:00:00+00:00,48.69342803955078,50.311677390399474,47.66790243959162,49.828903283324706,899420000
2023-11-24 00:00:00+00:00,47.753868103027344,48.898338123964756,47.72288042046281,48.447546842242424,294645000
2023-11-27 00:00:00+00:00,48.21965026855469,48.50751503969105,47.629923460498674,47.777853703101385,395662000
2023-11-28 00:00:00+00:00,47.79884338378906,48.30061351892133,47.45100504136806,48.21365202685113,401491000
2023-11-29 00:00:00+00:00,48.11770248413086,48.73941604084302,47.83783339129859,48.356594013738764,382005000
2023-11-30 00:00:00+00:00,46.74833297729492,48.08771233820332,46.400494624850445,48.00174983128795,526247000
2023-12-01 00:00:00+00:00,46.74333190917969,47.178131734648986,46.165600596706255,46.50344524286752,369317000
2023-12-04 00:00:00+00:00,45.488914489746094,46.05565315263873,44.989146129304046,46.05565315263873,437543000
2023-12-05 00:00:00+00:00,46.54852294921875,46.58250677034524,45.25400705552958,45.448933555568175,371718000
2023-12-06 00:00:00+00:00,45.48591613769531,47.36921155253726,45.39495069645239,47.197275238129286,380590000
2023-12-07 00:00:00+00:00,46.57850646972656,46.61149502575525,45.58687833083044,45.68284295931475,350823000
2023-12-08 00:00:00+00:00,47.48816680908203,47.72307920041658,46.53252440936205,46.57750949930058,359224000
2023-12-11 00:00:00+00:00,46.6094970703125,47.51315707527434,45.81279915946564,47.47317498768805,509728000
2023-12-12 00:00:00+00:00,47.63911056518555,47.64810605776617,46.028715290198626,46.028715290198626,372387000
2023-12-13 00:00:00+00:00,48.069950103759766,48.57576068141439,47.59013074248943,47.611122768046286,447792000
2023-12-14 00:00:00+00:00,48.331851959228516,48.651731553134205,47.40420266220824,48.37183786178311,391232000
2023-12-15 00:00:00+00:00,48.871646881103516,49.38545387287282,48.10193546895566,48.175909002325604,479948000
2023-12-18 00:00:00+00:00,50.058197021484375,50.41406234581485,49.13154694733786,49.38145307868085,412587000
2023-12-19 00:00:00+00:00,49.58537673950195,49.68134136834579,48.87664329291069,49.40544401373602,464444000
2023-12-20 00:00:00+00:00,48.09293746948242,49.98022913479953,48.07994186204982,49.63635651535798,397894000
2023-12-21 00:00:00+00:00,48.97161102294922,49.076571148767,48.40082241502789,48.79267736467951,300425000
2023-12-22 00:00:00+00:00,48.81167221069336,49.36446221767303,48.44880569619553,49.17653306295307,252507000
2023-12-26 00:00:00+00:00,49.260498046875,49.581376676631486,48.94161756801922,48.949613984887115,244200000
2023-12-27 00:00:00+00:00,49.3984489440918,49.661350703421,49.066572842938115,49.49241542635842,233648000
2023-12-28 00:00:00+00:00,49.50341033935547,49.86527396770583,49.39345101981501,49.62436711615611,246587000
2023-12-29 00:00:00+00:00,49.50341033935547,49.978234327074226,48.732699840316755,49.79430147307111,389293000
