Price,Close,High,Low,Open,Volume
Ticker,PFE,PFE,PFE,PFE,PFE
Date,,,,,
2015-01-02 00:00:00+00:00,19.715229034423828,19.998403251073974,19.646008586016265,19.677473231241567,16371571
2015-01-05 00:00:00+00:00,19.608247756958008,19.765567157722263,19.51385636951199,19.72781136178147,24786391
2015-01-06 00:00:00+00:00,19.771860122680664,20.048740588033443,19.583077354681535,19.6774687386811,29468681
2015-01-07 00:00:00+00:00,20.042451858520508,20.055037969068202,19.87254758903533,19.960646567680563,20248816
2015-01-08 00:00:00+00:00,20.45148468017578,20.53958366990158,20.275286700724177,20.35079957831928,49169522
2015-01-09 00:00:00+00:00,20.54587173461914,20.57733511067637,20.401137168605242,20.43889423192413,26083022
2015-01-12 00:00:00+00:00,20.621389389038086,20.69060984450249,20.520705550203697,20.55846135723506,24867865
2015-01-13 00:00:00+00:00,20.41373062133789,20.910858720196522,20.212361652971538,20.69061247844292,35989568
2015-01-14 00:00:00+00:00,20.438894271850586,20.5899212603584,20.2186481088942,20.268990016709218,32301727
2015-01-15 00:00:00+00:00,20.3885555267334,20.621387835292158,20.294164118672445,20.533288850418472,27009593
2015-01-16 00:00:00+00:00,20.64026641845703,20.652851264861177,20.30045658960067,20.319335124269852,25146648
2015-01-20 00:00:00+00:00,20.82904624938965,20.835338671689765,20.476651624641352,20.747239699236996,44449393
2015-01-21 00:00:00+00:00,20.53958511352539,21.08076267192147,20.489243191590376,20.715781840297936,35027793
2015-01-22 00:00:00+00:00,20.646556854248047,20.659142964503634,20.168307435666954,20.558457877647474,31389069
2015-01-23 00:00:00+00:00,20.420013427734375,20.703187575923472,20.407428584737147,20.68431031142763,27378599
2015-01-26 00:00:00+00:00,20.64026641845703,20.671729799530357,20.243822250656095,20.432605067221974,28285566
2015-01-27 00:00:00+00:00,20.514406204223633,20.986363149937134,20.325623425938232,20.350794378705437,42732322
2015-01-28 00:00:00+00:00,20.105379104614258,20.854217864050984,19.8284973338876,20.495529540581074,33774481
2015-01-29 00:00:00+00:00,20.029865264892578,20.11167054859282,19.84737490078689,20.08020717256392,30735905
2015-01-30 00:00:00+00:00,19.66488265991211,20.01098482344989,19.633419286886,19.929178282494302,45396623
2015-02-02 00:00:00+00:00,19.916595458984375,19.916595458984375,19.52015135237769,19.784447001761222,24549979
2015-02-03 00:00:00+00:00,20.149429321289062,20.237528299719322,19.797034672630893,20.03615938688771,34785267
2015-02-04 00:00:00+00:00,20.358922958374023,20.48588799431726,20.136733826417633,20.29543980229095,38671365
2015-02-05 00:00:00+00:00,20.942962646484375,21.076275602249105,20.695379255110822,20.974703583338307,62653660
2015-02-06 00:00:00+00:00,21.057233810424805,21.215941062248238,20.777909455606896,20.923919565746374,36868498
2015-02-09 00:00:00+00:00,20.993757247924805,21.177857564713314,20.85409502665237,20.936623282960312,32236379
2015-02-10 00:00:00+00:00,21.679367065429688,21.723805152453114,21.209594461151248,21.254032548174674,62633318
2015-02-11 00:00:00+00:00,21.742843627929688,21.907900068577206,21.58413767168403,21.58413767168403,41574608
2015-02-12 00:00:00+00:00,22.13644027709961,22.19992215454565,21.730149625086092,21.761891840031968,46014267
2015-02-13 00:00:00+00:00,21.990428924560547,22.187225030678526,21.90790070185121,22.028516517399712,24652638
2015-02-17 00:00:00+00:00,21.95233917236328,22.117393068291904,21.88250681268322,21.926944890903545,24102029
2015-02-18 00:00:00+00:00,21.88884925842285,21.952333669936802,21.736491265190335,21.952333669936802,22794015
2015-02-19 00:00:00+00:00,21.84441566467285,21.882503251996475,21.653967518273916,21.793627110017614,28097954
2015-02-20 00:00:00+00:00,21.939645767211914,21.952341633142137,21.64762298369552,21.755545501440103,27705022
2015-02-23 00:00:00+00:00,21.831724166870117,21.914252403776324,21.62223216043469,21.65397437904,24383868
2015-02-24 00:00:00+00:00,21.799983978271484,21.799983978271484,21.634927508414677,21.72380367642281,20402805
2015-02-25 00:00:00+00:00,22.003131866455078,22.085660115710777,21.53970714672247,21.74285125032445,39229880
2015-02-26 00:00:00+00:00,21.95868682861328,22.04121505176309,21.825372595627965,21.88250653763722,20977551
2015-02-27 00:00:00+00:00,21.787275314331055,22.00311769977308,21.76823152404709,21.863455580356415,25705901
2015-03-02 00:00:00+00:00,22.07295799255371,22.092004344350705,21.62223176923235,21.787285687612492,22505008
2015-03-03 00:00:00+00:00,21.939645767211914,22.149137764844166,21.844421667843456,22.060261598440814,25343641
2015-03-04 00:00:00+00:00,21.990428924560547,22.072954594824314,21.74919474101797,21.89520483757149,20434636
2015-03-05 00:00:00+00:00,21.88250732421875,22.09834978811248,21.83806924495962,22.047563776451426,24717354
2015-03-06 00:00:00+00:00,21.56509780883789,21.87616184610441,21.425435622989873,21.742847593370488,42080528
2015-03-09 00:00:00+00:00,21.603187561035156,21.69841166088009,21.36830000169831,21.501612975747438,32858028
2015-03-10 00:00:00+00:00,21.44447898864746,21.666669405377174,21.36829996414997,21.476221206021968,40344696
2015-03-11 00:00:00+00:00,21.349252700805664,21.647620835229052,21.349252700805664,21.57144309476226,26996840
2015-03-12 00:00:00+00:00,21.584136962890625,21.622227105823494,21.444474807100384,21.463521154789525,29699085
2015-03-13 00:00:00+00:00,21.584136962890625,21.584136962890625,21.393688800671697,21.533350956461938,29596847
2015-03-16 00:00:00+00:00,21.863460540771484,21.939640824080744,21.5587445124251,21.63492224328903,30615643
2015-03-17 00:00:00+00:00,21.692062377929688,21.7745906163558,21.546052253569833,21.660322711185845,21746760
2015-03-18 00:00:00+00:00,21.825376510620117,21.90155681526125,21.425436292369273,21.603188634901223,34923131
2015-03-19 00:00:00+00:00,21.679367065429688,21.82537719352205,21.628581044895217,21.761895305965496,21541020
2015-03-20 00:00:00+00:00,21.742843627929688,21.882505788306243,21.571441807771297,21.666665892007792,62355378
2015-03-23 00:00:00+00:00,22.25071144104004,22.50464409308018,21.895209301608368,21.907905168476546,53549524
2015-03-24 00:00:00+00:00,21.91425132751465,22.218969974800544,21.90155546167445,22.180879824834072,34953907
2015-03-25 00:00:00+00:00,21.774585723876953,22.218966482904513,21.75554192810955,21.971381823255378,30783229
2015-03-26 00:00:00+00:00,21.685714721679688,21.838072781335136,21.552400462313887,21.653975054530274,26167553
2015-03-27 00:00:00+00:00,21.920604705810547,21.965042799736143,21.730156461114138,21.86347074289093,24073782
2015-03-30 00:00:00+00:00,22.218971252441406,22.358633442052106,21.933296387488856,21.96503860636048,26890386
2015-03-31 00:00:00+00:00,22.08565902709961,22.301498988426275,22.06661267304673,22.149140918234583,27937956
2015-04-01 00:00:00+00:00,21.793628692626953,22.117391075505154,21.653969090741462,22.117391075505154,33984017
2015-04-02 00:00:00+00:00,21.825376510620117,21.984082500768764,21.723804472729302,21.850770796315846,26467837
2015-04-06 00:00:00+00:00,21.88884925842285,22.098343732506923,21.730143334527934,21.850761674448457,22640447
2015-04-07 00:00:00+00:00,21.926944732666016,22.149135122164186,21.907900936042857,21.984078674981088,15105085
2015-04-08 00:00:00+00:00,21.990428924560547,22.11739267224891,21.85076676014689,21.90790070185121,24215123
2015-04-09 00:00:00+00:00,22.238021850585938,22.257065656263094,21.825383088892952,21.990439614548873,30864493
2015-04-10 00:00:00+00:00,22.498294830322266,22.517341184106083,22.15548853912207,22.168186959126697,25668800
2015-04-13 00:00:00+00:00,22.276100158691406,22.555424474643022,22.22531415146797,22.4411540440562,36155573
2015-04-14 00:00:00+00:00,22.238021850585938,22.415774246693296,22.161841522983696,22.250717721037375,16844712
2015-04-15 00:00:00+00:00,22.352285385131836,22.517341878264165,22.295151426911534,22.47290378799364,31173209
2015-04-16 00:00:00+00:00,22.339582443237305,22.40306431533063,22.231662494945002,22.263404707214416,20637742
2015-04-17 00:00:00+00:00,22.244359970092773,22.2634063198122,22.079303517270944,22.218968240394453,30265610
2015-04-20 00:00:00+00:00,22.22531509399414,22.37132519000916,22.180877016733433,22.244358890343488,23612551
2015-04-21 00:00:00+00:00,22.149137496948242,22.47289994137425,22.09200354850739,22.28245174494082,23256932
2015-04-22 00:00:00+00:00,22.174530029296875,22.276104616515987,22.09200434632242,22.10470021255757,15352880
2015-04-23 00:00:00+00:00,22.447505950927734,22.472900235259022,22.104699703353752,22.149137786599077,23932019
2015-04-24 00:00:00+00:00,22.39037322998047,22.472901468026915,22.250711039611883,22.34593514429746,24032570
2015-04-27 00:00:00+00:00,21.95868682861328,22.510987557075783,21.850766876768514,22.43480726609972,44786673
2015-04-28 00:00:00+00:00,21.88884925842285,22.142781799588697,21.67935733678376,22.053905665425148,48659807
2015-04-29 00:00:00+00:00,21.768245697021484,21.87616568378519,21.552403171047665,21.692065381396276,39572852
2015-04-30 00:00:00+00:00,21.539703369140625,21.730151570978727,21.40004118429629,21.653973821711055,29205391
2015-05-01 00:00:00+00:00,21.634925842285156,21.717454070857972,21.49526366794876,21.49526366794876,22706744
2015-05-04 00:00:00+00:00,21.787275314331055,21.90789364346375,21.615873544441115,21.653963677453795,24864282
2015-05-05 00:00:00+00:00,21.660322189331055,21.857118328185777,21.59048981928493,21.8190281765648,23590839
2015-05-06 00:00:00+00:00,21.41708755493164,21.69872307480136,21.25706713922702,21.602711082735098,28309913
2015-05-07 00:00:00+00:00,21.493896484375,21.60271067382223,21.33387607169937,21.404284950334045,22669959
2015-05-08 00:00:00+00:00,21.775537490844727,21.85874859458133,21.634719689738862,21.641122721505067,21514037
2015-05-11 00:00:00+00:00,21.737138748168945,21.929162823837004,21.72433525584246,21.820347293676488,27898853
2015-05-12 00:00:00+00:00,21.621917724609375,21.737133687325386,21.58351369048689,21.641121671844893,18855955
2015-05-13 00:00:00+00:00,21.461894989013672,21.634716341155364,21.429891416182308,21.615514969526174,25045675
2015-05-14 00:00:00+00:00,21.724327087402344,21.756331945835157,21.54510528466579,21.577108856315938,18860803
2015-05-15 00:00:00+00:00,21.756332397460938,21.801138170770837,21.711526624151038,21.762732854567297,17798687
2015-05-18 00:00:00+00:00,21.74993324279785,21.801139476280476,21.69872700931523,21.74993324279785,25948637
2015-05-19 00:00:00+00:00,21.89715003967285,22.0123634140087,21.660320260368838,21.679521631569692,21980854
2015-05-20 00:00:00+00:00,21.95475959777832,22.076376018649785,21.93555822406658,21.95475959777832,16144013
2015-05-21 00:00:00+00:00,21.993167877197266,22.07637898827276,21.897155848592014,21.90995676612177,19090259
2015-05-22 00:00:00+00:00,21.941957473754883,22.076374803032596,21.909952612431933,21.967559303960794,13674069
2015-05-26 00:00:00+00:00,21.833141326904297,21.980359549563833,21.781935100482073,21.87794709671939,19882234
2015-05-27 00:00:00+00:00,21.95475959777832,22.063572529276257,21.8075413452912,21.897152903077394,23231636
2015-05-28 00:00:00+00:00,22.04437255859375,22.101979256961094,21.93555962017034,22.057173475216302,16671329
2015-05-29 00:00:00+00:00,22.242794036865234,22.396412736150815,22.02516818960204,22.06997139169051,52787798
2015-06-01 00:00:00+00:00,22.121183395385742,22.351612764399366,22.10197944672117,22.25559816820829,29039386
2015-06-02 00:00:00+00:00,22.076377868652344,22.185190809268814,21.98676630335669,22.17238989238827,19674175
2015-06-03 00:00:00+00:00,22.025169372558594,22.185188537879903,21.941958274222625,22.11477835511388,18130065
2015-06-04 00:00:00+00:00,21.916343688964844,22.121171110766102,21.833135202846428,21.890741869717473,21774691
2015-06-05 00:00:00+00:00,21.82034683227539,21.941963278624467,21.717934337226826,21.884356571855427,24313461
2015-06-08 00:00:00+00:00,21.74993324279785,21.86514662474237,21.7115279242945,21.74353278530822,18624496
2015-06-09 00:00:00+00:00,21.769134521484375,21.84594515816017,21.6923264583741,21.794738924898148,24464499
2015-06-10 00:00:00+00:00,21.96116065979004,22.037971303881317,21.794741029013306,21.81394240325324,24952396
2015-06-11 00:00:00+00:00,22.057174682617188,22.127584875027175,21.9291603622525,21.9675631142223,21243897
2015-06-12 00:00:00+00:00,21.89715003967285,22.057169187042724,21.82673986480566,21.954756726840778,22856517
2015-06-15 00:00:00+00:00,21.78833770751953,21.839543938995625,21.673121756524246,21.801138621997197,22064014
2015-06-16 00:00:00+00:00,21.78833770751953,21.826740450952524,21.641119470330086,21.801138621997197,21785021
2015-06-17 00:00:00+00:00,21.74993324279785,21.877950113287177,21.666722148301517,21.79473901879084,22127149
2015-06-18 00:00:00+00:00,21.999563217163086,22.089174766152887,21.794738290080947,21.813939661907852,25834383
2015-06-19 00:00:00+00:00,21.877944946289062,22.08917028782329,21.877944946289062,21.909947226179142,30438466
2015-06-22 00:00:00+00:00,21.96116065979004,22.082777084006935,21.94195928555011,21.980364607595746,14799214
2015-06-23 00:00:00+00:00,22.082767486572266,22.140374157821288,21.980355054670746,22.025160815323243,19448830
2015-06-24 00:00:00+00:00,21.909948348999023,22.095571876133842,21.909948348999023,21.980358515495364,24326742
2015-06-25 00:00:00+00:00,21.775537490844727,21.980365021086048,21.711530335275086,21.897153917349442,24268666
2015-06-26 00:00:00+00:00,21.711528778076172,21.948358582333444,21.6795239158039,21.87154794230625,37596496
2015-06-29 00:00:00+00:00,21.500301361083984,21.839544911590615,21.461896042375226,21.589914200332014,30396833
2015-06-30 00:00:00+00:00,21.461894989013672,21.628315883945636,21.33387941090551,21.628315883945636,36909710
2015-07-01 00:00:00+00:00,21.56430435180664,21.673117249368858,21.38508129212894,21.48109327787558,29742299
2015-07-02 00:00:00+00:00,21.35948371887207,22.044369995244057,21.346681516955243,21.596314803462473,23849069
2015-07-06 00:00:00+00:00,21.28267478942871,21.53230679409953,21.173860574719313,21.314678364680738,22125990
2015-07-07 00:00:00+00:00,21.589914321899414,21.660321928623958,21.218665908117487,21.34028232245242,27248851
2015-07-08 00:00:00+00:00,21.410690307617188,21.58991470350748,21.37228627479616,21.474698744695978,21301235
2015-07-09 00:00:00+00:00,21.67312240600586,21.74993304230451,21.589913885842083,21.666721948575223,23306048
2015-07-10 00:00:00+00:00,21.993167877197266,22.044374120882328,21.858750522436704,21.916357224886646,22288306
2015-07-13 00:00:00+00:00,22.287599563598633,22.306800935707813,22.076374176135737,22.095575548244913,19210415
2015-07-14 00:00:00+00:00,22.454023361206055,22.498831718277124,22.21719610012104,22.24919839293471,19495311
2015-07-15 00:00:00+00:00,22.390010833740234,22.479622379265003,22.34520506097785,22.415615235418176,20517375
2015-07-16 00:00:00+00:00,22.466819763183594,22.530826902181413,22.422013993815572,22.49242158935666,16138637
2015-07-17 00:00:00+00:00,22.447622299194336,22.454020183285607,22.35161028720999,22.409216979687475,17681482
2015-07-20 00:00:00+00:00,22.556428909301758,22.639639982668122,22.45401389477745,22.4860187476641,15569899
2015-07-21 00:00:00+00:00,22.49242401123047,22.620440876575493,22.32600440249083,22.556433730685697,18612164
2015-07-22 00:00:00+00:00,22.326005935668945,22.530830875434436,22.255595754146054,22.44121932089563,18576645
2015-07-23 00:00:00+00:00,22.261995315551758,22.402815672928124,22.16598330720642,22.39641264194833,13404877
2015-07-24 00:00:00+00:00,21.929155349731445,22.223591822260957,21.85874517341567,22.165982560342446,22585217
2015-07-27 00:00:00+00:00,21.980363845825195,22.01876659297414,21.685927342955836,21.871548341539462,33015180
2015-07-28 00:00:00+00:00,22.62683868408203,22.70364930900719,22.01876186185907,22.36440710045715,38651339
2015-07-29 00:00:00+00:00,22.889278411865234,23.12610822719606,22.684450886737384,22.710055292465523,47792049
2015-07-30 00:00:00+00:00,22.870073318481445,23.04289597118286,22.65244746174032,22.83807102988165,22663003
2015-07-31 00:00:00+00:00,23.081298828125,23.337329977431114,22.95968242372625,22.985286825439537,30570638
2015-08-03 00:00:00+00:00,23.1389102935791,23.234922316092586,22.978891113911924,23.228521857733806,18019606
2015-08-04 00:00:00+00:00,23.113304138183594,23.183714321935813,22.927683139122504,23.183714321935813,27122898
2015-08-05 00:00:00+00:00,23.106853485107422,23.332630477869294,23.081048992224243,23.268123136176907,25557181
2015-08-06 00:00:00+00:00,22.687545776367188,23.210062685048733,22.597233955738115,23.197159143761265,25792856
2015-08-07 00:00:00+00:00,22.70045280456543,22.771413222785856,22.494027212792073,22.68755185349893,15445105
2015-08-10 00:00:00+00:00,22.810117721557617,22.881078144897288,22.661748992557204,22.713355394223544,16462742
2015-08-11 00:00:00+00:00,22.65529441833496,22.732705303670006,22.53918068400944,22.71335128549772,20273479
2015-08-12 00:00:00+00:00,22.81656837463379,22.881075721465084,22.390813660721847,22.494026453122817,29087976
2015-08-13 00:00:00+00:00,22.810117721557617,22.977840472231364,22.526283809231515,22.823021267232345,20595792
2015-08-14 00:00:00+00:00,22.784313201904297,22.900426943904222,22.603689519969105,22.816568171871932,19042934
2015-08-17 00:00:00+00:00,22.90042495727539,22.919778975047887,22.57788566028847,22.648843475648953,14630469
2015-08-18 00:00:00+00:00,22.913326263427734,22.96493264965463,22.758504511070303,22.82946491318025,14064154
2015-08-19 00:00:00+00:00,22.752056121826172,22.893974345373625,22.55208103266317,22.81656605577855,18798512
2015-08-20 00:00:00+00:00,22.287601470947266,22.668200318556472,22.287601470947266,22.5262846539107,19778099
2015-08-21 00:00:00+00:00,21.636062622070312,22.30049777041377,21.636062622070312,22.087619155266164,35297301
2015-08-24 00:00:00+00:00,20.72649383544922,21.448985752310005,18.365492213756582,20.62327977815609,55081935
2015-08-25 00:00:00+00:00,20.216880798339844,21.42963609413248,20.20397984986076,21.41673384881499,44583884
2015-08-26 00:00:00+00:00,20.92002296447754,20.997432551672514,20.22333408604575,20.694244677615902,46002568
2015-08-27 00:00:00+00:00,21.455446243286133,21.687676359577317,21.074847390357345,21.145806520510828,40677022
2015-08-28 00:00:00+00:00,21.068395614624023,21.519953569856256,20.965182812344228,21.48124812058196,35300357
2015-08-31 00:00:00+00:00,20.784555435180664,21.107097330512516,20.616834012722887,21.100646855720665,33764468
2015-09-01 00:00:00+00:00,20.22978401184082,20.558776369540503,20.1201194603281,20.294292647838798,41249449
2015-09-02 00:00:00+00:00,20.62328338623047,20.62328338623047,20.242685941257353,20.597481488440884,33120580
2015-09-03 00:00:00+00:00,20.571674346923828,20.913567604331302,20.48781429939521,20.816805312731514,22753647
2015-09-04 00:00:00+00:00,20.236236572265625,20.462016173111845,20.08141738611845,20.287844264486623,23781402
2015-09-08 00:00:00+00:00,20.98453140258789,21.010333301235576,20.532973536322043,20.532973536322043,27375331
2015-09-09 00:00:00+00:00,20.616836547851562,21.30707504377123,20.558779673908955,21.28772232017747,22553176
2015-09-10 00:00:00+00:00,21.042593002319336,21.152257580436455,20.60393598668964,20.636190960932854,33002321
2015-09-11 00:00:00+00:00,21.268369674682617,21.28127192273873,20.868419437523382,21.01033638510852,23587993
2015-09-14 00:00:00+00:00,21.100648880004883,21.31352494326634,21.016787512311524,21.249017595482293,16427012
2015-09-15 00:00:00+00:00,21.39738655090332,21.513500296952127,21.16515646512839,21.25546830924516,22053791
2015-09-16 00:00:00+00:00,21.403839111328125,21.468347762957965,21.100651172029323,21.274823104907227,22566140
2015-09-17 00:00:00+00:00,21.59735870361328,21.90699964007321,21.37158042112441,21.397383616356326,26703090
2015-09-18 00:00:00+00:00,21.19095802307129,21.565106321533865,21.184507548087744,21.33932672872419,38735343
2015-09-21 00:00:00+00:00,20.913572311401367,21.500597963578148,20.79745857281824,21.35222925597653,24985175
2015-09-22 00:00:00+00:00,20.81035804748535,20.855513963438792,20.539423848603192,20.629735680510073,25600290
2015-09-23 00:00:00+00:00,21.042593002319336,21.165158532662712,20.76520696738936,20.784559692567534,27534696
2015-09-24 00:00:00+00:00,21.09419822692871,21.210313274674693,20.687796208237128,20.87487037978128,32109161
2015-09-25 00:00:00+00:00,20.571674346923828,21.352224450176845,20.41685519909948,21.261912632193503,36388296
2015-09-28 00:00:00+00:00,19.88144302368164,20.513623336027365,19.765327981307422,20.449114690966432,44882377
2015-09-29 00:00:00+00:00,20.010461807250977,20.281396079344496,19.778231690120055,19.810485368728692,32713209
2015-09-30 00:00:00+00:00,20.262039184570312,20.36525326919176,20.03626088708561,20.287843678354598,33843202
2015-10-01 00:00:00+00:00,20.539426803588867,20.55877952704438,20.062065676933326,20.1910829687443,31567932
2015-10-02 00:00:00+00:00,21.33932876586914,21.35868148950583,20.32009915394941,20.623287069182386,43956754
2015-10-05 00:00:00+00:00,21.59735870361328,21.861843724207738,21.28771906399183,21.578005982979725,33724311
2015-10-06 00:00:00+00:00,21.15225601196289,21.67477177199546,20.91357414824912,21.545755775105693,38566176
2015-10-07 00:00:00+00:00,21.47479820251465,21.597363732615563,20.868421028110443,21.352232672413734,30302605
2015-10-08 00:00:00+00:00,21.345773696899414,21.44253598723147,20.99097820006911,21.22320691876309,31691883
2015-10-09 00:00:00+00:00,21.44253921508789,21.661867019734554,21.23611235944714,21.326424189842374,21508451
2015-10-12 00:00:00+00:00,21.429636001586914,21.571554215274393,21.22320915526738,21.4360864757986,15642414
2015-10-13 00:00:00+00:00,21.274818420410156,21.70057309311047,21.171604341161338,21.403834398423054,20496189
2015-10-14 00:00:00+00:00,21.31352424621582,21.65541888437977,21.24901690054146,21.31352424621582,18686366
2015-10-15 00:00:00+00:00,21.984405517578125,22.02311095459984,21.24256081814301,21.24256081814301,27807787
2015-10-16 00:00:00+00:00,22.197284698486328,22.21663612065937,21.932799700060983,22.158579260463505,20238908
2015-10-19 00:00:00+00:00,22.255338668823242,22.281140561703584,21.990853704741305,22.197281816166065,16632963
2015-10-20 00:00:00+00:00,21.93280601501465,22.37791219624146,21.777986812024125,22.352110292581784,18436146
2015-10-21 00:00:00+00:00,21.584455490112305,22.15212831934,21.307069549420135,22.042462481641454,34867585
2015-10-22 00:00:00+00:00,21.500598907470703,21.70057531491331,21.21676242994337,21.66186986912735,43599764
2015-10-23 00:00:00+00:00,21.965059280395508,22.15858391750572,21.436090469210466,21.58446048158845,29021468
2015-10-26 00:00:00+00:00,22.036014556884766,22.17148230594116,21.823138518136847,21.932801774844744,24548819
2015-10-27 00:00:00+00:00,22.571434020996094,22.868174031653755,22.352107492652753,22.58433756488706,42242001
2015-10-28 00:00:00+00:00,22.868175506591797,23.26812573843282,22.590789497041328,22.726257264055093,36745497
2015-10-29 00:00:00+00:00,22.429515838623047,23.158461026195457,22.036016106789766,22.09407297656109,75916247
2015-10-30 00:00:00+00:00,21.816679000854492,22.51336628769898,21.758622159230104,22.42950496442158,60213861
2015-11-02 00:00:00+00:00,22.616586685180664,22.739153475602073,22.029562410817896,22.042463359174846,41633632
2015-11-03 00:00:00+00:00,22.55853271484375,22.60368863355674,22.352107139971288,22.571433664853995,31138111
2015-11-04 00:00:00+00:00,22.200878143310547,22.740617817928996,22.16836282304259,22.708105112273476,32544358
2015-11-05 00:00:00+00:00,22.207374572753906,22.298415352758923,22.10332871406581,22.259397502097958,21599306
2015-11-06 00:00:00+00:00,22.064313888549805,22.14234960057088,21.680644405207676,22.057811348316726,32936868
2015-11-09 00:00:00+00:00,21.882230758666992,22.018790622292062,21.713155583502626,21.97327023198175,28473915
2015-11-10 00:00:00+00:00,21.97327423095703,22.09032780503433,21.856223271491938,21.999287007844945,22100483
2015-11-11 00:00:00+00:00,21.940759658813477,22.246394727186907,21.88223287676116,22.057810608306113,21610478
2015-11-12 00:00:00+00:00,21.713157653808594,21.914746852427506,21.687144879174546,21.856221377765884,18972316
2015-11-13 00:00:00+00:00,21.635120391845703,21.90173756988723,21.550582153725273,21.68064078047889,19041459
2015-11-16 00:00:00+00:00,21.563589096069336,21.726160422750027,21.36199861158815,21.648126029066592,27021503
2015-11-17 00:00:00+00:00,21.3750057220459,21.758676471459946,21.3750057220459,21.589599985122735,31295579
2015-11-18 00:00:00+00:00,21.661136627197266,21.739171036055172,21.414025704854737,21.511569042753646,37905318
2015-11-19 00:00:00+00:00,20.997835159301758,21.44003132958641,20.77673707415943,21.32298040186252,95611186
2015-11-20 00:00:00+00:00,20.926307678222656,21.19292620526384,20.86127966198258,21.18642366510104,68087978
2015-11-23 00:00:00+00:00,20.37355613708496,20.607660592126845,20.152458066125703,20.432082904498266,131376462
2015-11-24 00:00:00+00:00,20.78974723815918,20.906799501826654,20.302030562299755,20.406077745174215,88563404
2015-11-25 00:00:00+00:00,21.3750057220459,21.615612757871457,20.945814581280427,21.0433579035175,83669682
2015-11-27 00:00:00+00:00,21.322982788085938,21.45954265481461,21.244947084462815,21.40751972393646,16989848
2015-11-30 00:00:00+00:00,21.309974670410156,21.40101544570337,21.153905890455324,21.40101544570337,45230091
2015-12-01 00:00:00+00:00,21.86271858215332,21.934251733980222,21.329481671106233,21.459538976005884,51963254
2015-12-02 00:00:00+00:00,21.39451789855957,21.999288194037394,21.322987333832273,21.89524100279387,33547134
2015-12-03 00:00:00+00:00,21.0628719329834,21.45954785758093,21.043363002347768,21.40752491409006,49909640
2015-12-04 00:00:00+00:00,21.329486846923828,21.388012321504057,21.07587340669552,21.12789634127928,33320945
2015-12-07 00:00:00+00:00,21.238441467285156,21.381505160121783,21.101880313039548,21.29046439062471,22100483
2015-12-08 00:00:00+00:00,21.15390396118164,21.29046380436117,20.997833888154886,21.036851733237995,27124058
2015-12-09 00:00:00+00:00,20.997835159301758,21.231939629361047,20.88728546307772,21.082372085691876,41694343
2015-12-10 00:00:00+00:00,21.043359756469727,21.277464273374896,20.965325353270007,21.0888801518294,55644665
2015-12-11 00:00:00+00:00,20.848270416259766,20.958820120402265,20.789743640899907,20.880784419922456,42450061
2015-12-14 00:00:00+00:00,20.926307678222656,20.94581660601709,20.70520954693314,20.802752878599282,40355868
2015-12-15 00:00:00+00:00,20.978330612182617,21.342492470856012,20.919805136110796,21.21243513108195,49895622
2015-12-16 00:00:00+00:00,21.186426162719727,21.244951645696435,20.802755330987907,21.088882819554428,46831328
2015-12-17 00:00:00+00:00,21.02385711669922,21.24495531221124,21.004348183238015,21.173424735030835,40396658
2015-12-18 00:00:00+00:00,20.802751541137695,21.101884057066933,20.776740074852803,20.97182672564247,70213475
2015-12-21 00:00:00+00:00,21.108386993408203,21.108386993408203,20.81575702984906,20.91980289049963,32277064
2015-12-22 00:00:00+00:00,21.147401809692383,21.21243112093884,21.043355957542673,21.21243112093884,26882165
2015-12-23 00:00:00+00:00,21.173418045043945,21.29046899421475,21.153909117746814,21.18642312503804,22101748
2015-12-24 00:00:00+00:00,21.21243667602539,21.277466004301647,21.134402266477554,21.134402266477554,8355690
2015-12-28 00:00:00+00:00,21.082374572753906,21.231942134067378,21.049860567584492,21.19942682159206,27757828
2015-12-29 00:00:00+00:00,21.3489990234375,21.401021965938906,21.15391233540413,21.179922499348645,17956155
2015-12-30 00:00:00+00:00,21.29697608947754,21.388016898133113,21.231948060986078,21.290473548089647,17217512
2015-12-31 00:00:00+00:00,20.9913330078125,21.186419634026247,20.98482916158114,21.11488778392749,22243511
2016-01-04 00:00:00+00:00,20.776742935180664,20.828765874912435,20.52963331780171,20.711713606862897,39322421
2016-01-05 00:00:00+00:00,20.926307678222656,20.965325533811523,20.76373633031644,20.926307678222656,28777994
2016-01-06 00:00:00+00:00,20.555644989013672,20.744229127868135,20.432090179113953,20.633679399375684,27242316
2016-01-07 00:00:00+00:00,20.419076919555664,20.685695379057307,20.250001767010584,20.263006844041755,39223134
2016-01-08 00:00:00+00:00,20.15896987915039,20.568652210305416,20.10694693349678,20.516629264651804,34840286
2016-01-11 00:00:00+00:00,20.20448112487793,20.28901935372418,19.924857591914538,20.256504046949924,40717917
2016-01-12 00:00:00+00:00,20.15896987915039,20.484115250444862,19.976889569362754,20.40608083196445,40927031
2016-01-13 00:00:00+00:00,19.749284744262695,20.341048608501104,19.6842567250806,20.21749380328783,42762888
2016-01-14 00:00:00+00:00,20.230491638183594,20.432082085900834,19.76228405416391,19.76228405416391,40603031
2016-01-15 00:00:00+00:00,20.035411834716797,20.041915682357388,19.638735957413505,19.651741038082566,49299269
2016-01-19 00:00:00+00:00,19.957374572753906,20.308530002850738,19.723270081152105,20.236999454795274,34508276
2016-01-20 00:00:00+00:00,19.937864303588867,20.20448278154853,19.5476910487509,19.64523436246039,52142223
2016-01-21 00:00:00+00:00,19.885839462280273,20.093932454897573,19.840319079291937,19.905348384604654,38528548
2016-01-22 00:00:00+00:00,19.970378875732422,20.321535599493032,19.94436871912699,20.158962969568353,33142398
2016-01-25 00:00:00+00:00,19.833812713623047,20.100431114458498,19.781789802333993,20.048408203169444,30313251
2016-01-26 00:00:00+00:00,19.944372177124023,19.996395113966372,19.72977658216981,19.853330076690845,27360786
2016-01-27 00:00:00+00:00,19.84682846069336,20.165469944171637,19.716771112530626,19.97038326827448,30059131
2016-01-28 00:00:00+00:00,19.638734817504883,19.97038135029464,19.24205765592022,19.963878810337544,51419917
2016-01-29 00:00:00+00:00,19.827322006225586,19.827322006225586,19.45665625435422,19.755788826392134,59794263
2016-02-01 00:00:00+00:00,19.619224548339844,19.768790800958406,19.38512005283764,19.729774256578633,50036858
2016-02-02 00:00:00+00:00,19.59971809387207,19.729776744353096,19.216047297373343,19.61922702217483,50815553
2016-02-03 00:00:00+00:00,19.488052368164062,19.750783405801563,19.139934502552492,19.645691518926125,47403334
2016-02-04 00:00:00+00:00,19.047985076904297,19.43551319531864,18.87721004101574,19.369831403364905,60009068
2016-02-05 00:00:00+00:00,19.067689895629883,19.323851785919217,18.94289290799542,19.061121980609474,41033906
2016-02-08 00:00:00+00:00,18.75897789001465,19.034846124590008,18.555361991546388,18.837798140149975,50082391
2016-02-09 00:00:00+00:00,19.113662719726562,19.17934581333373,18.61447490556923,18.69986173885447,60214809
2016-02-10 00:00:00+00:00,19.36982536315918,19.639123003001686,19.251596325881405,19.26473215199619,47121389
2016-02-11 00:00:00+00:00,19.133371353149414,19.271304158900744,18.975732163141746,19.054552418370193,41780771
2016-02-12 00:00:00+00:00,19.28444480895996,19.29758196069923,19.034850809959025,19.21219377551764,34300533
2016-02-16 00:00:00+00:00,19.58001136779785,19.599716429656382,19.34355326639369,19.409236365772422,34329307
2016-02-17 00:00:00+00:00,19.46177864074707,19.750782638881446,19.435505670048386,19.704804610046537,41224259
2016-02-18 00:00:00+00:00,19.409238815307617,19.731085118567524,19.35012494272068,19.586581753517684,50788993
2016-02-19 00:00:00+00:00,19.36982536315918,19.474917253873226,19.166208174339534,19.442075047688377,41870045
2016-02-22 00:00:00+00:00,19.73764991760254,19.750787066121063,19.474920151723477,19.54060193296867,41458458
2016-02-23 00:00:00+00:00,19.678539276123047,19.954406235741093,19.671971361011735,19.74422238858424,33697118
2016-02-24 00:00:00+00:00,19.717945098876953,19.757353901382476,19.389530928786186,19.58001098898494,33322210
2016-02-25 00:00:00+00:00,20.092336654663086,20.158019754959735,19.717945755915324,19.770491707972997,54850265
2016-02-26 00:00:00+00:00,19.855878829956055,20.29595415565539,19.717946033971852,20.217133906008264,45244004
2016-02-29 00:00:00+00:00,19.488052368164062,19.823034408140654,19.422370599091362,19.763920551885445,37091841
2016-03-01 00:00:00+00:00,19.731082916259766,19.76392380620368,19.455214687114054,19.566875825641954,33114256
2016-03-02 00:00:00+00:00,19.691673278808594,19.80990233415845,19.54060201225374,19.777060122953458,36139763
2016-03-03 00:00:00+00:00,19.6325626373291,19.70481234477402,19.428945383927385,19.625993401739176,38881955
2016-03-04 00:00:00+00:00,19.51432991027832,19.66539985293341,19.39610085762895,19.60628466638417,38827884
2016-03-07 00:00:00+00:00,19.566877365112305,19.580013193943717,19.258168221734255,19.409238175990815,33934900
2016-03-08 00:00:00+00:00,19.28444480895996,19.540606723605798,19.28444480895996,19.540606723605798,34566879
2016-03-09 00:00:00+00:00,19.534034729003906,19.606285747359287,19.3238495882112,19.52089890045703,81054603
2016-03-10 00:00:00+00:00,19.435514450073242,19.652267546592586,19.396105636446645,19.63913039508409,61264172
2016-03-11 00:00:00+00:00,20.033214569091797,20.033214569091797,19.527457677262554,19.560298553711725,63638517
2016-03-14 00:00:00+00:00,19.770492553710938,19.92813173707653,19.671968559275882,19.882153696946947,49289572
2016-03-15 00:00:00+00:00,19.40266990661621,19.65883176863464,19.245030720378626,19.625990876707693,57622391
2016-03-16 00:00:00+00:00,19.074251174926758,19.389528152066372,18.962591376627675,19.389528152066372,96151572
2016-03-17 00:00:00+00:00,19.271303176879883,19.428942358854624,18.87720720261677,19.126801143590185,70483510
2016-03-18 00:00:00+00:00,19.343555450439453,19.474921664029242,19.159644600042697,19.376397664061525,86327765
2016-03-21 00:00:00+00:00,19.75078582763672,19.783628036649066,19.336984821763394,19.343552735386243,37124304
2016-03-22 00:00:00+00:00,19.95440101623535,20.072630059560392,19.632557414573927,19.72451216342761,42880725
2016-03-23 00:00:00+00:00,19.829608917236328,20.10547585390546,19.77049372480414,19.987246789490335,42985704
2016-03-24 00:00:00+00:00,19.757354736328125,19.88872093809559,19.62598985500978,19.783629033040917,33669714
2016-03-28 00:00:00+00:00,19.560312271118164,19.849316411981352,19.534039287444195,19.76392954515332,32850545
2016-03-29 00:00:00+00:00,19.73764991760254,19.829607316333924,19.514330276829906,19.586579972109792,36464395
2016-03-30 00:00:00+00:00,19.75078582763672,19.842741900152802,19.71137702545058,19.803331777517606,33824546
2016-03-31 00:00:00+00:00,19.468345642089844,19.816463454279088,19.382957506770577,19.74421246302767,59861719
2016-04-01 00:00:00+00:00,19.731082916259766,19.816469758293596,19.317281892990316,19.336985634687196,50975340
2016-04-04 00:00:00+00:00,20.177724838256836,20.19742990041141,19.744218752652678,19.763923814807253,54762573
2016-04-05 00:00:00+00:00,20.598094940185547,20.854258121779758,20.08576989744632,20.499570944291435,299829377
2016-04-06 00:00:00+00:00,21.629310607910156,21.675288643763377,20.709753852192847,20.716321765757865,158517384
2016-04-07 00:00:00+00:00,21.517650604248047,21.72783440005278,21.34687560993218,21.379716497914412,64692412
2016-04-08 00:00:00+00:00,21.346881866455078,21.609611688214052,21.20237980426293,21.5636349597433,55597973
2016-04-11 00:00:00+00:00,20.946212768554688,21.39285470477546,20.933076940080117,21.360013813139847,87735803
2016-04-12 00:00:00+00:00,20.992189407348633,21.11041845797089,20.88709750477289,20.952780604107275,45178972
2016-04-13 00:00:00+00:00,21.373151779174805,21.419129821491953,20.99219161166088,20.99219161166088,38429156
2016-04-14 00:00:00+00:00,21.44540786743164,21.53079473730518,21.23522267009366,21.3337466924975,33682467
2016-04-15 00:00:00+00:00,21.346881866455078,21.53079274168636,21.215515635126167,21.445405879727048,37179112
2016-04-18 00:00:00+00:00,21.41912269592285,21.58332974664976,21.20893761817446,21.346871699238918,38997262
2016-04-19 00:00:00+00:00,21.603038787841797,21.806654682832615,21.504514797304413,21.543924921699013,29954996
2016-04-20 00:00:00+00:00,21.82635498046875,21.938016094912424,21.5767611016521,21.5767611016521,36981593
2016-04-21 00:00:00+00:00,21.832927703857422,21.99056555132796,21.701561510516264,21.714698658029995,36025298
2016-04-22 00:00:00+00:00,21.852630615234375,22.003700534311644,21.721264434815865,21.83949346901296,27548714
2016-04-25 00:00:00+00:00,21.8132266998291,21.852636829251104,21.675292567301383,21.760680740899293,25569513
2016-04-26 00:00:00+00:00,21.708127975463867,21.892040105689404,21.62274114389412,21.806651953670706,30293330
2016-04-27 00:00:00+00:00,21.675289154052734,21.813223264859708,21.60960605550907,21.66215332661345,27503603
2016-04-28 00:00:00+00:00,21.616168975830078,21.79351183760407,21.511075784766973,21.655577767086136,34818995
2016-04-29 00:00:00+00:00,21.484817504882812,21.642455408882824,21.300905296433285,21.58990944088282,36061134
2016-05-02 00:00:00+00:00,21.543926239013672,21.675291127612848,21.346878245890306,21.38628837269466,40122407
2016-05-03 00:00:00+00:00,22.135068893432617,22.31241313298761,21.839496921439785,22.102228003360896,75396414
2016-05-04 00:00:00+00:00,21.93802261352539,22.266436821509494,21.89204457158965,22.11536554638524,38021364
2016-05-05 00:00:00+00:00,22.049684524536133,22.154777761363103,21.872340265087175,21.918318308614737,25047467
2016-05-06 00:00:00+00:00,22.05624771118164,22.06281562443502,21.806652482614364,21.92488152342013,24422234
2016-05-09 00:00:00+00:00,22.213886260986328,22.305842325798572,22.016836984767682,22.02997413136184,33182766
2016-05-10 00:00:00+00:00,22.200748443603516,22.246726477355093,21.990564655538005,22.220454824295892,26125498
2016-05-11 00:00:00+00:00,21.97542953491211,22.240512079388665,21.968801472094746,22.174242109406492,32037384
2016-05-12 00:00:00+00:00,21.99531364440918,22.054956890859106,21.81638124051123,22.01519383837643,26746515
2016-05-13 00:00:00+00:00,21.99531364440918,22.167616652436536,21.96217732324892,22.088091879745274,21622494
2016-05-16 00:00:00+00:00,22.121225357055664,22.154361675951673,21.743481713378383,21.8230064806356,23239224
2016-05-17 00:00:00+00:00,21.8892765045166,22.09471713991151,21.816378472397233,22.048327361992463,33175177
2016-05-18 00:00:00+00:00,21.982057571411133,22.12122558246082,21.849514959024557,21.87602454732108,21034889
2016-05-19 00:00:00+00:00,22.121225357055664,22.154361675951673,21.842888005518404,21.975430616554434,28095740
2016-05-20 00:00:00+00:00,22.359804153442383,22.465837185130418,22.167616952028133,22.187498478538167,36437939
2016-05-23 00:00:00+00:00,22.313411712646484,22.47246258301448,22.300158250609,22.419446070316493,25126833
2016-05-24 00:00:00+00:00,22.59837532043457,22.651394496552044,22.326666031709525,22.326666031709525,29890808
2016-05-25 00:00:00+00:00,22.764055252075195,22.79718890792133,22.57849612114435,22.611632441538607,22152761
2016-05-26 00:00:00+00:00,22.817068099975586,22.962864155918002,22.70440835910344,22.70440835910344,26656292
2016-05-27 00:00:00+00:00,22.936357498168945,23.02913706056839,22.78393469266929,22.78393469266929,21569056
2016-05-31 00:00:00+00:00,22.996004104614258,23.029140428759945,22.78393802499808,22.9761239088559,34547274
2016-06-01 00:00:00+00:00,23.029142379760742,23.15505829054305,22.942989528412248,22.996006052807786,24361207
2016-06-02 00:00:00+00:00,23.10866355895996,23.18818699628015,22.87671464896757,22.989374406157555,31807717
2016-06-03 00:00:00+00:00,22.989377975463867,23.11529387888018,22.83032841158154,23.108667146786978,28377580
2016-06-06 00:00:00+00:00,23.148427963256836,23.18819102109271,22.94298860641145,22.996005128676433,21526791
2016-06-07 00:00:00+00:00,23.08877944946289,23.188185739134884,23.02913620856928,23.08877944946289,24776905
2016-06-08 00:00:00+00:00,23.360492706298828,23.413509219461854,22.976120987455825,23.042390962772586,23703195
2016-06-09 00:00:00+00:00,23.400259017944336,23.52617225504598,23.21469986374354,23.22795332774404,25440187
2016-06-10 00:00:00+00:00,23.386999130249023,23.453271768695988,23.208069401357484,23.267712644321332,21645366
2016-06-13 00:00:00+00:00,23.02251434326172,23.294226346878887,22.996004750291156,23.208073500410176,31296000
2016-06-14 00:00:00+00:00,23.188186645507812,23.214696233912246,22.916477353239568,22.929730815167765,33410430
2016-06-15 00:00:00+00:00,23.055648803710938,23.320731389235526,22.962869232640262,23.20144489188653,21372696
2016-06-16 00:00:00+00:00,23.029142379760742,23.055651974232834,22.810449549697722,22.982752587846065,23540563
2016-06-17 00:00:00+00:00,22.677900314331055,23.068898733434068,22.571867296362083,23.049015877222466,35423464
2016-06-20 00:00:00+00:00,22.86345863342285,22.99599856900366,22.651392604855335,22.85020250822655,23814919
2016-06-21 00:00:00+00:00,23.029142379760742,23.115295231109236,22.87009280657412,22.87009280657412,26725962
2016-06-22 00:00:00+00:00,22.84357452392578,23.16167621386294,22.803814144162814,23.02250689104966,26515583
2016-06-23 00:00:00+00:00,22.923105239868164,23.022511538437275,22.730919374028126,22.996001948696364,25111339
2016-06-24 00:00:00+00:00,22.51222801208496,22.830327121879968,22.35980518890631,22.399565579219434,46376211
2016-06-27 00:00:00+00:00,22.399564743041992,22.5188539031733,22.22063366739327,22.399564743041992,31359662
2016-06-28 00:00:00+00:00,22.823701858520508,22.84358205495606,22.479093135131397,22.631515968116148,25068547
2016-06-29 00:00:00+00:00,23.20144271850586,23.294222280885467,22.909850569469388,22.94298422421351,26206761
2016-06-30 00:00:00+00:00,23.333980560302734,23.373743606954445,23.155050847191724,23.28759078330037,28451465
2016-07-01 00:00:00+00:00,23.57254981994629,23.625566313004803,23.27433104728701,23.29421389752587,20371290
2016-07-05 00:00:00+00:00,23.731605529785156,23.80450489222204,23.493032580658763,23.55267581794036,21972843
2016-07-06 00:00:00+00:00,23.764745712280273,23.791255302356085,23.44664661865979,23.73823878675267,27226928
2016-07-07 00:00:00+00:00,23.705101013183594,23.811134037895123,23.5659316690442,23.718354475135524,19081089
2016-07-08 00:00:00+00:00,23.937049865722656,23.98343698244907,23.65871117807596,23.777997664468526,18752873
2016-07-11 00:00:00+00:00,23.956926345825195,24.08946893814653,23.877400257522872,23.903909841806186,17406915
2016-07-12 00:00:00+00:00,24.01657485961914,24.056337912511875,23.877405506768678,23.956931612554143,17066368
2016-07-13 00:00:00+00:00,24.062965393066406,24.1424915013278,23.996695412547442,24.043085198275204,14611497
2016-07-14 00:00:00+00:00,24.46721839904785,24.493727991135252,24.023203381834072,24.182255605261652,29155116
2016-07-15 00:00:00+00:00,24.36780548095703,24.646144131896616,24.275028595191518,24.500348076339836,26445387
2016-07-18 00:00:00+00:00,24.281658172607422,24.51360441104133,24.222012265734936,24.3147918269277,17827567
2016-07-19 00:00:00+00:00,24.281658172607422,24.434080976124676,24.222012265734936,24.301538365199587,17614975
2016-07-20 00:00:00+00:00,24.30816650390625,24.473845443295144,24.30816650390625,24.45396258500344,12937112
2016-07-21 00:00:00+00:00,24.32805061340332,24.40094732542696,24.202134719573763,24.301541022500363,13772091
2016-07-22 00:00:00+00:00,24.347932815551758,24.414202801450404,24.308169758193166,24.38769587291035,14209501
2016-07-25 00:00:00+00:00,24.374439239501953,24.414199627142434,24.19550683692715,24.38769270204878,12833293
2016-07-26 00:00:00+00:00,24.40757179260254,24.43408138104607,24.288285305976743,24.40757179260254,12773953
2016-07-27 00:00:00+00:00,24.420822143554688,24.467211919010197,24.288282211865557,24.354552177710122,15877456
2016-07-28 00:00:00+00:00,24.301536560058594,24.460586082625554,24.18887681464214,24.440705891510106,17134878
2016-07-29 00:00:00+00:00,24.447338104248047,24.487101159943684,24.288288546013895,24.30816874158752,22675545
2016-08-01 00:00:00+00:00,24.725679397583008,24.7786959225007,24.50698390081745,24.53349349555063,29911044
2016-08-02 00:00:00+00:00,24.115982055664062,24.40094750334432,23.943679039457493,24.361184448974093,34914488
2016-08-03 00:00:00+00:00,23.58140754699707,24.022431633801972,23.427717701296544,23.995704366739723,44941190
2016-08-04 00:00:00+00:00,23.487855911254883,23.735096528075427,23.487855911254883,23.721730209846683,26482593
2016-08-05 00:00:00+00:00,23.681642532348633,23.7417842626284,23.534637175458407,23.62818530619824,28665006
2016-08-08 00:00:00+00:00,23.340850830078125,23.574727871604313,23.193845474487695,23.574727871604313,32189687
2016-08-09 00:00:00+00:00,23.441076278686523,23.588086962609438,23.320798229454805,23.380937254070663,18054388
2016-08-10 00:00:00+00:00,23.474491119384766,23.50790288708344,23.32748310288684,23.501221070883165,14887328
2016-08-11 00:00:00+00:00,23.487855911254883,23.574722202907516,23.45444414572871,23.474489593026135,14106841
2016-08-12 00:00:00+00:00,23.37425422668457,23.46112319479012,23.220564422103802,23.441075063159786,15840777
2016-08-15 00:00:00+00:00,23.46112632751465,23.50121990943213,23.340845581762196,23.421032745597163,13021116
2016-08-16 00:00:00+00:00,23.24730110168457,23.441081852255905,23.233934781160873,23.34753372877556,15944174
2016-08-17 00:00:00+00:00,23.481172561645508,23.487857064436636,23.220568300498474,23.220568300498474,17961109
2016-08-18 00:00:00+00:00,23.514585494995117,23.628181747619035,23.380941106398073,23.481173726171505,17002390
2016-08-19 00:00:00+00:00,23.37425422668457,23.46780500976796,23.274021628623338,23.427711433204106,20624777
2016-08-22 00:00:00+00:00,23.280712127685547,23.574728216564186,23.227254901225596,23.25398485780448,27448690
2016-08-23 00:00:00+00:00,23.447765350341797,23.56804342301399,23.327484590972126,23.3876263140057,17873627
2016-08-24 00:00:00+00:00,23.267349243164062,23.64155252715035,23.227255650351545,23.541319888468006,23755157
2016-08-25 00:00:00+00:00,23.233932495117188,23.51458489803692,23.160429829608113,23.227250678861576,19083092
2016-08-26 00:00:00+00:00,23.267349243164062,23.454450885157204,23.160434786795953,23.253985607792522,19785688
2016-08-29 00:00:00+00:00,23.46112632751465,23.50121990943213,23.267342920494453,23.34753008432942,15941645
2016-08-30 00:00:00+00:00,23.307435989379883,23.507901207857586,23.287387855513845,23.46112581109965,15274779
2016-08-31 00:00:00+00:00,23.253976821899414,23.347527607550322,23.127014273745495,23.294070399563644,21919616
2016-09-01 00:00:00+00:00,23.173789978027344,23.347527921341758,23.127014584573224,23.207201740979404,16780945
2016-09-02 00:00:00+00:00,23.233932495117188,23.28070789560381,23.127018061632718,23.240614311372802,15215333
2016-09-06 00:00:00+00:00,23.233932495117188,23.380940512832666,23.220568862605962,23.30743784732359,17882059
2016-09-07 00:00:00+00:00,23.280712127685547,23.314123901734696,23.173797674765645,23.200527631344528,15615537
2016-09-08 00:00:00+00:00,23.200517654418945,23.260656672487563,23.133694135056782,23.19383583982206,19216212
2016-09-09 00:00:00+00:00,22.786226272583008,23.11365407091501,22.779544456430948,23.08692411960948,23595055
2016-09-12 00:00:00+00:00,23.15374755859375,23.20720477428604,22.67931174679023,22.71940533023377,20472685
2016-09-13 00:00:00+00:00,22.74613380432129,23.0134198654255,22.6191712461111,23.0134198654255,21878510
2016-09-14 00:00:00+00:00,22.67930793762207,22.95327847288967,22.625850730908336,22.799588667750587,19924921
2016-09-15 00:00:00+00:00,22.812959671020508,22.939919570488406,22.418710964898008,22.64590618188465,21890104
2016-09-16 00:00:00+00:00,22.67930793762207,22.866409504468546,22.605805285901997,22.846364059462207,26998737
2016-09-19 00:00:00+00:00,22.48552894592285,22.739452727242504,22.445435363780643,22.712722776915303,18489584
2016-09-20 00:00:00+00:00,22.59244155883789,22.679307840189004,22.452114040957486,22.612487003758115,14875313
2016-09-21 00:00:00+00:00,22.90650749206543,22.939916573509265,22.545670605590615,22.652585039605572,16397500
2016-09-22 00:00:00+00:00,22.81963539123535,23.00673696856426,22.76617818152666,22.939913441405665,17641220
2016-09-23 00:00:00+00:00,22.893138885498047,22.966641535401912,22.72608276778577,22.826315363734434,13635703
2016-09-26 00:00:00+00:00,22.478849411010742,22.72608871481381,22.33184138603677,22.66594967884661,31119982
2016-09-27 00:00:00+00:00,22.605812072753906,22.639223844492378,22.371935043979853,22.57240030101543,16453572
2016-09-28 00:00:00+00:00,22.712722778320312,22.71940459422823,22.512257554294067,22.619171982215107,15080421
2016-09-29 00:00:00+00:00,22.265018463134766,22.766181557659838,22.251653487051374,22.679312571489525,26396376
2016-09-30 00:00:00+00:00,22.632532119750977,22.732764716288997,22.318470700384314,22.345199303237894,30138076
2016-10-03 00:00:00+00:00,22.50557518005371,22.538988290804557,22.305109949035042,22.538988290804557,18862384
2016-10-04 00:00:00+00:00,22.532310485839844,22.65927173943253,22.391984253440526,22.45880646077577,22029759
2016-10-05 00:00:00+00:00,22.652587890625,22.70604511436052,22.50557851032906,22.538991626024227,14698346
2016-10-06 00:00:00+00:00,22.48552894592285,22.585760214581178,22.365249542844822,22.572396582766174,16809824
2016-10-07 00:00:00+00:00,22.42539405822754,22.719410150260636,22.331844582593398,22.5189448772106,15619964
2016-10-10 00:00:00+00:00,22.45880126953125,22.61249110186357,22.432072661445137,22.485529877617363,17268420
2016-10-11 00:00:00+00:00,22.13805389404297,22.432069890013867,22.01109268548253,22.425386731306542,18268033
2016-10-12 00:00:00+00:00,22.097965240478516,22.21156284364037,22.01109759140669,22.14474064511288,15956295
2016-10-13 00:00:00+00:00,21.89081573486328,21.984365190370806,21.730442744917205,21.763853168787847,25488144
2016-10-14 00:00:00+00:00,21.823993682861328,21.984365330480845,21.823993682861328,21.870769082587515,16410042
2016-10-17 00:00:00+00:00,21.717079162597656,21.857405361204254,21.703714187009513,21.770536378252938,17837369
2016-10-18 00:00:00+00:00,21.84404182434082,21.96432123916155,21.790584605164657,21.87745225048874,15624074
2016-10-19 00:00:00+00:00,21.78389549255371,21.95095026434111,21.710391500435126,21.884128086956476,17247445
2016-10-20 00:00:00+00:00,21.743810653686523,21.877453710546,21.710398881960042,21.710398881960042,20334190
2016-10-21 00:00:00+00:00,21.50324249267578,21.68366087711511,21.50324249267578,21.663614091433352,19852090
2016-10-24 00:00:00+00:00,21.46984100341797,21.623530851950612,21.416383781610858,21.58343726392088,20644066
2016-10-25 00:00:00+00:00,21.5700740814209,21.630213121374897,21.376290640804292,21.396337435238564,20380249
2016-10-26 00:00:00+00:00,21.650259017944336,21.78390206971577,21.48320419571847,21.570073186881476,18026246
2016-10-27 00:00:00+00:00,21.70371437072754,21.92422639468366,21.63021036274217,21.770536562536602,19238662
2016-10-28 00:00:00+00:00,21.336198806762695,21.757176124605884,21.30278703427827,21.73044616927881,30048170
2016-10-31 00:00:00+00:00,21.189186096191406,21.409698117872193,21.122365248420476,21.409698117872193,37890668
2016-11-01 00:00:00+00:00,20.761526107788086,21.195868315782747,20.54769725504487,20.6746584721983,57285005
2016-11-02 00:00:00+00:00,20.467514038085938,20.74148331599631,20.287095572961746,20.708072887150745,38033063
2016-11-03 00:00:00+00:00,19.973037719726562,20.514293214570397,19.932944123064466,20.514293214570397,38290977
2016-11-04 00:00:00+00:00,20.04653549194336,20.29377614291342,19.979713295009933,19.9863964550474,36919723
2016-11-07 00:00:00+00:00,20.30045509338379,20.34054867455279,20.09998987423591,20.20022248380985,32544885
2016-11-08 00:00:00+00:00,20.2464656829834,20.550162505418584,20.21947050032781,20.334201044173852,37365670
2016-11-09 00:00:00+00:00,21.677217483520508,22.520820738438474,21.25879144131016,22.27786407556531,125166505
2016-11-10 00:00:00+00:00,22.601806640625,22.831266379247428,22.169880990192457,22.487076092940576,70908061
2016-11-11 00:00:00+00:00,21.99440574645996,22.50056835572662,21.72445262620029,22.419581469926477,37736994
2016-11-14 00:00:00+00:00,21.852691650390625,22.20362910741432,21.683970701569212,22.169885460348716,32219094
2016-11-15 00:00:00+00:00,21.75145149230957,22.109138634889373,21.515241977967282,22.109138634889373,31213472
2016-11-16 00:00:00+00:00,21.56924057006836,21.8189470909812,21.548995195464663,21.731213064125008,23864246
2016-11-17 00:00:00+00:00,21.414016723632812,21.677220146600302,21.38027307771937,21.602984396940055,27502549
2016-11-18 00:00:00+00:00,21.245288848876953,21.562483901260105,21.21829366960458,21.562483901260105,25460846
2016-11-21 00:00:00+00:00,21.306032180786133,21.387017730618364,21.252040457484906,21.265538727496814,23053931
2016-11-22 00:00:00+00:00,21.144058227539062,21.589480755203454,20.95509195797455,21.54898866152707,27862279
2016-11-23 00:00:00+00:00,21.204801559448242,21.22504828767326,20.67164359542439,21.04282909039463,22399924
2016-11-25 00:00:00+00:00,21.38701629638672,21.420759934034002,21.292532482878748,21.326277477272345,11017357
2016-11-28 00:00:00+00:00,21.285781860351562,21.48824637912219,21.25878668163189,21.38701411973688,18692901
2016-11-29 00:00:00+00:00,21.542240142822266,21.57598378237086,21.333027135477487,21.494998233406402,22810879
2016-11-30 00:00:00+00:00,21.690715789794922,21.845938441626913,21.427512398731373,21.58273505056336,40599553
2016-12-01 00:00:00+00:00,21.23179817199707,21.76495481511227,21.19130471282514,21.76495481511227,32259146
2016-12-02 00:00:00+00:00,21.346527099609375,21.414015745098954,21.16430924920876,21.285788268391364,20034221
2016-12-05 00:00:00+00:00,21.319530487060547,21.441009498119477,21.18455456185423,21.420762770151907,20342516
2016-12-06 00:00:00+00:00,21.299283981323242,21.393767808326725,21.21154996821037,21.3600241658597,18662967
2016-12-07 00:00:00+00:00,21.049571990966797,21.14405579324438,20.65814122784648,21.14405579324438,46432600
2016-12-08 00:00:00+00:00,20.880859375,20.98884012376189,20.590659416769167,20.81337072865052,37409622
2016-12-09 00:00:00+00:00,21.393768310546875,21.54224251168165,20.98209070714826,20.99558762175331,30935743
2016-12-12 00:00:00+00:00,21.866188049316406,22.034908994147056,21.366775029475278,21.393770217838583,33997508
2016-12-13 00:00:00+00:00,22.15638542175293,22.19012906406309,21.974167582483656,22.14288715078096,30313356
2016-12-14 00:00:00+00:00,22.149635314941406,22.473578889772565,22.028157661532898,22.217123955415623,38309843
2016-12-15 00:00:00+00:00,22.102399826049805,22.244125605212407,22.00116751428991,22.021414247991263,22004463
2016-12-16 00:00:00+00:00,22.163135528564453,22.23062417495475,21.947172674163458,22.19013071577125,39615012
2016-12-19 00:00:00+00:00,22.15638542175293,22.250867891570678,22.082148323273373,22.1091435084708,26276958
2016-12-20 00:00:00+00:00,22.16988182067871,22.19012854829281,21.980914171942423,22.12263990849464,26428312
2016-12-21 00:00:00+00:00,21.866188049316406,22.22387531269019,21.81894613049396,22.088899370873666,19751644
2016-12-22 00:00:00+00:00,21.82569122314453,21.886431405156575,21.629976476874052,21.79194758207992,19618418
2016-12-23 00:00:00+00:00,21.920175552368164,21.974167278763268,21.839189997895236,21.872933639739,11387943
2016-12-27 00:00:00+00:00,21.95392417907715,22.08215166737019,21.920179174910174,21.980918011615987,11826302
2016-12-28 00:00:00+00:00,21.83243751525879,22.061897222329286,21.825687702737426,21.933669778870662,14691495
2016-12-29 00:00:00+00:00,21.926923751831055,22.014659119039376,21.84593819830939,21.859436468936238,14827250
2016-12-30 00:00:00+00:00,21.920175552368164,22.001161106841092,21.80544635605147,21.825691727109838,19885396
2017-01-03 00:00:00+00:00,22.271114349365234,22.271114349365234,21.994412686889856,22.068649784468445,23391844
2017-01-04 00:00:00+00:00,22.466829299926758,22.507321396772404,22.291359928938498,22.358848566009804,22753963
2017-01-05 00:00:00+00:00,22.68279266357422,22.736783031815804,22.352099283788235,22.52082020210302,21083584
2017-01-06 00:00:00+00:00,22.595054626464844,22.743528799950006,22.500572171584885,22.71653361902055,18418228
2017-01-09 00:00:00+00:00,22.588308334350586,22.723284251928398,22.527568153880754,22.561313150835023,21559886
2017-01-10 00:00:00+00:00,22.568065643310547,22.716539857570574,22.48708007828144,22.669297938783597,20444754
2017-01-11 00:00:00+00:00,22.15638542175293,22.63555165494043,21.866185484947433,22.520821100291474,42623128
2017-01-12 00:00:00+00:00,22.001161575317383,22.014659846390202,21.798697006450688,21.953921018428797,33475989
2017-01-13 00:00:00+00:00,21.947166442871094,22.12263578826891,21.818939000858794,22.048398705341132,21386925
2017-01-17 00:00:00+00:00,21.636722564697266,21.852685371405425,21.44775493923434,21.832438646284924,33838143
2017-01-18 00:00:00+00:00,21.616477966308594,21.785198883250587,21.5624875985063,21.65697142053353,22629064
2017-01-19 00:00:00+00:00,21.393768310546875,21.65697306955726,21.279039109417806,21.63672634090315,27555881
2017-01-20 00:00:00+00:00,21.441011428833008,21.677219658400688,21.366774324098028,21.407267783679515,31788324
2017-01-23 00:00:00+00:00,21.23179817199707,21.47475485678884,21.218299900024224,21.380272379965344,26098094
2017-01-24 00:00:00+00:00,21.022581100463867,21.231795470570656,20.85386154112326,21.19130201655091,31225172
2017-01-25 00:00:00+00:00,21.117069244384766,21.272291921988355,20.98884175607108,21.164311164828764,33905283
2017-01-26 00:00:00+00:00,21.110315322875977,21.23854277800426,21.05632495826895,21.19130086978652,28653517
2017-01-27 00:00:00+00:00,21.204801559448242,21.285787115601792,21.096819461163665,21.23854520199226,25353654
2017-01-30 00:00:00+00:00,21.130563735961914,21.258792566308284,20.961844161447004,21.23854583747746,28947899
2017-01-31 00:00:00+00:00,21.414016723632812,21.548994020779887,20.87411024853782,20.92810062469799,39472300
2017-02-01 00:00:00+00:00,21.591270446777344,21.60490623562943,21.311749795713084,21.482189618235815,30031938
2017-02-02 00:00:00+00:00,21.632179260253906,21.632179260253906,21.352658572783398,21.454922205502633,24634404
2017-02-03 00:00:00+00:00,21.877609252929688,21.979872870344735,21.761709846927214,21.850339046323594,37935252
2017-02-06 00:00:00+00:00,21.973052978515625,22.041227801422618,21.775341606265854,21.816247596464923,25859258
2017-02-07 00:00:00+00:00,21.87079429626465,22.054868552454707,21.77534650746057,22.03441555275161,24781648
2017-02-08 00:00:00+00:00,21.911697387695312,22.054867005002766,21.761710561154786,21.761710561154786,20194745
2017-02-09 00:00:00+00:00,22.0753231048584,22.184403950188734,21.911700466293894,21.911700466293894,25102380
2017-02-10 00:00:00+00:00,22.05486297607422,22.12303779708859,21.973052368515837,22.095767594569132,23090189
2017-02-13 00:00:00+00:00,22.23212432861328,22.286664744325886,22.116224917297377,22.116224917297377,21733585
2017-02-14 00:00:00+00:00,22.32757568359375,22.341211476661616,22.054873527928514,22.177590183262474,24205532
2017-02-15 00:00:00+00:00,22.845705032348633,22.893428236590093,22.286663740618312,22.34802136288947,48035523
2017-02-16 00:00:00+00:00,22.920696258544922,23.104771848950858,22.64799284768718,22.80479686349558,40402244
2017-02-17 00:00:00+00:00,22.920696258544922,23.104771848950858,22.8593372715534,22.90024326288108,36882306
2017-02-21 00:00:00+00:00,22.920696258544922,23.043411491390707,22.825249859159417,22.88660884615094,25391598
2017-02-22 00:00:00+00:00,22.90024757385254,23.009329781071536,22.66845011068661,22.886613154555718,28676494
2017-02-23 00:00:00+00:00,23.220670700073242,23.26157669285715,22.893426869507998,22.97523748450714,32122863
2017-02-24 00:00:00+00:00,23.357019424438477,23.41837703340162,23.172943856412132,23.295659074338413,26046448
2017-02-27 00:00:00+00:00,23.37065887451172,23.493374118875906,23.288846884177246,23.336570088349436,23009136
2017-02-28 00:00:00+00:00,23.261581420898438,23.35702784308177,23.118411787623433,23.247944259773735,28964658
2017-03-01 00:00:00+00:00,23.466108322143555,23.54110037204839,23.21385785060169,23.36384469154923,34034925
2017-03-02 00:00:00+00:00,23.5274600982666,23.691081318278393,23.46610248340433,23.493371316171032,26952993
2017-03-03 00:00:00+00:00,23.53428077697754,23.622909978813546,23.42519994755057,23.52746356778055,19800760
2017-03-06 00:00:00+00:00,23.418380737304688,23.500189981815698,23.234305140164537,23.404743578938387,19174263
2017-03-07 00:00:00+00:00,23.17294692993164,23.316116530592737,23.00932570394923,23.091134946371792,30783335
2017-03-08 00:00:00+00:00,23.118412017822266,23.24794449126237,22.98887817381319,23.118412017822266,23870360
2017-03-09 00:00:00+00:00,23.213855743408203,23.275213367967602,23.029780128592378,23.097957703558485,20199594
2017-03-10 00:00:00+00:00,23.254758834838867,23.39792569387845,23.179764059973103,23.27521046009101,20214666
2017-03-13 00:00:00+00:00,23.254758834838867,23.282027668508395,23.118406443079383,23.27521046009101,19988056
2017-03-14 00:00:00+00:00,23.329755783081055,23.404747832606937,23.166134523184525,23.19340336259835,15563469
2017-03-15 00:00:00+00:00,23.609268188476562,23.656991384632462,23.30248012909871,23.32974896053805,24279839
2017-03-16 00:00:00+00:00,23.472919464111328,23.60926910889781,23.3502014944389,23.568365860144162,21816219
2017-03-17 00:00:00+00:00,23.397930145263672,23.575188562387602,23.363844096691995,23.49337656353997,45736117
2017-03-20 00:00:00+00:00,23.4388370513916,23.520649053404032,23.397931050385388,23.452471471347707,18435514
2017-03-21 00:00:00+00:00,23.35020637512207,23.595639624630465,23.302485908268235,23.507010418197872,33083479
2017-03-22 00:00:00+00:00,23.50019073486328,23.547913937831193,23.172948264058263,23.384292702428684,27528267
2017-03-23 00:00:00+00:00,23.377479553222656,23.56155518822712,23.336573551984117,23.397931183272963,21378704
2017-03-24 00:00:00+00:00,23.179763793945312,23.363839383651165,23.13885780277321,23.363839383651165,28583110
2017-03-27 00:00:00+00:00,23.3024845123291,23.391110972314774,23.00251086324856,23.00251086324856,18852055
2017-03-28 00:00:00+00:00,23.288846969604492,23.35702454217914,23.159314515760205,23.22067213816737,19327725
2017-03-29 00:00:00+00:00,23.404747009277344,23.486559006916565,23.254762915501708,23.288848963569915,18214174
2017-03-30 00:00:00+00:00,23.418380737304688,23.479738355972284,23.282028341603194,23.309299917198437,15803465
2017-03-31 00:00:00+00:00,23.322933197021484,23.43883122009013,23.288844414474205,23.322933197021484,19616837
2017-04-03 00:00:00+00:00,23.343385696411133,23.418380472597335,23.24793929461269,23.25475924428743,19064752
2017-04-04 00:00:00+00:00,23.411563873291016,23.520644695002854,23.213853856011777,23.302483051579173,20324177
2017-04-05 00:00:00+00:00,23.309303283691406,23.53428216501141,23.282031704157408,23.404746959216,20321225
2017-04-06 00:00:00+00:00,23.254758834838867,23.418380060267875,23.220670051614675,23.27521046009101,17164706
2017-04-07 00:00:00+00:00,23.247941970825195,23.35020559293324,23.207038714892093,23.241124761503013,14728069
2017-04-10 00:00:00+00:00,23.2070369720459,23.32975221290459,23.159313769236977,23.268394592475246,16852722
2017-04-11 00:00:00+00:00,23.132047653198242,23.234311291765717,23.002515172953085,23.193405288111112,20155642
2017-04-12 00:00:00+00:00,23.125226974487305,23.17295018140387,22.982057353737616,23.09795813689937,26022628
2017-04-13 00:00:00+00:00,23.09795570373535,23.19339936637666,23.057049710524854,23.09795570373535,13560553
2017-04-17 00:00:00+00:00,23.179763793945312,23.213852576778276,23.057048561566248,23.111588969416637,15963462
2017-04-18 00:00:00+00:00,23.070682525634766,23.09795409959356,22.947965925094575,23.01614211885437,22293365
2017-04-19 00:00:00+00:00,22.913881301879883,23.118408537479503,22.872975306532453,23.077502542132073,25204302
2017-04-20 00:00:00+00:00,23.00250816345215,23.091134613035766,22.825249782010413,22.92751338941534,19339319
2017-04-21 00:00:00+00:00,22.9343318939209,22.99569088050596,22.8184324996393,22.9343318939209,25552227
2017-04-24 00:00:00+00:00,23.00250816345215,23.200218169919967,22.94114917666802,23.166129387072576,22438501
2017-04-25 00:00:00+00:00,23.016149520874023,23.152501952244705,22.982060727746834,23.057055524399036,19756176
2017-04-26 00:00:00+00:00,23.077505111694336,23.200223111400646,23.077505111694336,23.084322321488383,20884483
2017-04-27 00:00:00+00:00,23.08431625366211,23.193397063970068,23.022958640506022,23.152493815957417,15633139
2017-04-28 00:00:00+00:00,23.125226974487305,23.138861393281275,23.009328932463227,23.09795813689937,16842077
2017-05-01 00:00:00+00:00,23.029783248901367,23.172952886363127,23.022966038708613,23.10477804329762,23910833
2017-05-02 00:00:00+00:00,22.913881301879883,22.988874712970993,22.416197630950805,22.893428304206168,42965678
2017-05-03 00:00:00+00:00,22.81843376159668,22.900244377665956,22.702534360905346,22.82525097029361,26155748
2017-05-04 00:00:00+00:00,22.804800033569336,22.900246446222756,22.716172200797462,22.79798282425661,26897869
2017-05-05 00:00:00+00:00,22.82525062561035,22.82525062561035,22.65481081677997,22.79798042066573,22999966
2017-05-08 00:00:00+00:00,22.804800033569336,22.92069944472975,22.736623828735635,22.770712616436896,24781543
2017-05-09 00:00:00+00:00,22.757076263427734,22.900245878860783,22.736623265427472,22.804799468572085,18028248
2017-05-10 00:00:00+00:00,22.736419677734375,22.79837118672492,22.646932627153987,22.715768713459312,34829852
2017-05-11 00:00:00+00:00,22.74330711364746,22.812143212793156,22.61251949395506,22.708889755992058,26421567
2017-05-12 00:00:00+00:00,22.722654342651367,22.76395488927874,22.640050481727222,22.640050481727222,18589187
2017-05-15 00:00:00+00:00,22.79837989807129,22.83968184240304,22.578106551862394,22.695126421077077,20530444
2017-05-16 00:00:00+00:00,22.440431594848633,22.578103803304757,22.2958775749552,22.412898813759405,42437834
2017-05-17 00:00:00+00:00,22.18573760986328,22.440428251507928,22.171969837534895,22.440428251507928,29931281
2017-05-18 00:00:00+00:00,22.178852081298828,22.31652287950881,22.07559863668266,22.165085693395195,24874822
2017-05-19 00:00:00+00:00,22.34406280517578,22.34406280517578,22.158205461347944,22.23392476117243,29885432
2017-05-22 00:00:00+00:00,22.110021591186523,22.37159824980018,22.110021591186523,22.37159824980018,26725962
2017-05-23 00:00:00+00:00,22.123788833618164,22.220159106374204,22.082488276604895,22.11002105872371,18517410
2017-05-24 00:00:00+00:00,22.061832427978516,22.220154193164664,22.006762724412482,22.14443490757545,23576821
2017-05-25 00:00:00+00:00,22.13755226135254,22.165086421899506,22.006763268960974,22.068716168067734,18227244
2017-05-26 00:00:00+00:00,22.123788833618164,22.227042301903907,22.096254667664304,22.151322999572027,12330746
2017-05-30 00:00:00+00:00,22.11690330505371,22.24080773069337,22.041184010709195,22.068718173758572,16913643
2017-05-31 00:00:00+00:00,22.4748477935791,22.57121805181735,22.116902306266887,22.22015575899792,30585499
2017-06-01 00:00:00+00:00,22.516155242919922,22.61252414092625,22.385366212514917,22.488619690535053,25184803
2017-06-02 00:00:00+00:00,22.399133682250977,22.633174803638877,22.33029756990095,22.557455495204394,21984543
2017-06-05 00:00:00+00:00,22.268339157104492,22.426660921140403,22.165085712399794,22.37847579576691,14994836
2017-06-06 00:00:00+00:00,22.075605392456055,22.28211234488549,22.05495442044608,22.233927204807266,18831186
2017-06-07 00:00:00+00:00,22.027416229248047,22.137554265240368,21.95858151356711,22.082485939161657,17479641
2017-06-08 00:00:00+00:00,21.85533332824707,22.096257658916944,21.800263605049306,22.027421542796162,35620773
2017-06-09 00:00:00+00:00,22.557453155517578,22.578104125464158,21.848445284973433,21.896630420237113,31764609
2017-06-12 00:00:00+00:00,22.509267807006836,22.777727646099024,22.509267807006836,22.557452941814024,30435515
2017-06-13 00:00:00+00:00,22.426668167114258,22.56433900992322,22.385366222353976,22.516155252816468,18093913
2017-06-14 00:00:00+00:00,22.50238800048828,22.550573142551993,22.344066181613343,22.43355188556366,14568177
2017-06-15 00:00:00+00:00,22.584983825683594,22.736422403409204,22.412895665042058,22.454196214708716,19952115
2017-06-16 00:00:00+00:00,22.695127487182617,22.805265549295974,22.58499080890449,22.70201206745142,33600044
2017-06-19 00:00:00+00:00,22.867210388183594,22.887861355271895,22.653820290552414,22.674471257640715,21922146
2017-06-20 00:00:00+00:00,23.101255416870117,23.23204443625996,22.819029175128733,22.860331116392373,27473775
2017-06-21 00:00:00+00:00,23.321529388427734,23.47296521313953,23.1150210847696,23.1150210847696,27134492
2017-06-22 00:00:00+00:00,23.445432662963867,23.734540692946997,23.34906239707952,23.36971198219621,23352529
2017-06-23 00:00:00+00:00,23.52115249633789,23.55557124201223,23.383483048980782,23.459200968260177,31668800
2017-06-26 00:00:00+00:00,23.431665420532227,23.54868526727653,23.383480289342845,23.51426652566417,14937604
2017-06-27 00:00:00+00:00,23.24580955505371,23.49361842140114,23.232043164609404,23.49361842140114,16089942
2017-06-28 00:00:00+00:00,23.23204231262207,23.397247294905146,23.16320621141999,23.307760224958948,15594035
2017-06-29 00:00:00+00:00,23.149436950683594,23.314641922355026,22.970464206122113,23.232040820354158,15724837
2017-06-30 00:00:00+00:00,23.12190818786621,23.26646222587439,23.06683985111689,23.218279852930277,14242175
2017-07-03 00:00:00+00:00,23.280227661132812,23.383481121976715,23.039301996607072,23.04618519164068,8971964
2017-07-05 00:00:00+00:00,23.156322479248047,23.36971120520376,23.05306902175776,23.362828010393713,17072270
2017-07-06 00:00:00+00:00,22.867210388183594,23.17697074300363,22.812142065171344,23.156321159750153,14676318
2017-07-07 00:00:00+00:00,22.95669937133789,22.963583950581455,22.729542852175825,22.887864649582426,17914522
2017-07-10 00:00:00+00:00,22.99800682067871,23.080609336873884,22.880986935361054,22.963589451556228,14256720
2017-07-11 00:00:00+00:00,22.83279800415039,23.039304952331076,22.750194117810015,22.991119813244232,12874083
2017-07-12 00:00:00+00:00,22.867210388183594,23.080600485814777,22.85344261551312,22.949814256536797,14577979
2017-07-13 00:00:00+00:00,22.908517837524414,22.949819781644347,22.70889408067,22.86721589340448,14112006
2017-07-14 00:00:00+00:00,23.011770248413086,23.09437274899283,22.880982609869722,22.901633580973428,13175843
2017-07-17 00:00:00+00:00,22.887863159179688,23.03930175131643,22.812143863111316,23.01865078260052,17733866
2017-07-18 00:00:00+00:00,22.963581085205078,22.984232052688917,22.74330640510222,22.87409402072006,15356148
2017-07-19 00:00:00+00:00,23.142553329467773,23.190738457942246,22.929163232367813,22.970463782606775,19825951
2017-07-20 00:00:00+00:00,23.08748435974121,23.197621002405793,22.949813556410483,23.039299232616763,17870043
2017-07-21 00:00:00+00:00,23.046184539794922,23.115020639688858,22.98423301857482,23.039301344956,12673718
2017-07-24 00:00:00+00:00,22.936050415039062,23.025536109312856,22.83279694573504,22.977350972459636,15558937
2017-07-25 00:00:00+00:00,22.78461456298828,23.046189865665234,22.722663027451457,22.977353749863582,20856025
2017-07-26 00:00:00+00:00,22.640058517456055,22.784613941546258,22.598757956169706,22.7777307453044,16572674
2017-07-27 00:00:00+00:00,22.715774536132812,22.715774536132812,22.502384412873614,22.571220516823512,17561221
2017-07-28 00:00:00+00:00,22.81903076171875,22.832798537708914,22.584989640567223,22.757079229350907,17116117
2017-07-31 00:00:00+00:00,22.825912475585938,22.98423426850041,22.81214470132447,22.860329835487132,23169660
2017-08-01 00:00:00+00:00,22.770845413208008,22.92228402853873,22.523037902168312,22.74331124531471,28072552
2017-08-02 00:00:00+00:00,22.882057189941406,22.882057189941406,22.729139331269298,22.847303639280423,30412116
2017-08-03 00:00:00+00:00,23.23655128479004,23.500683050004117,22.840355732997704,22.902912410571883,28739945
2017-08-04 00:00:00+00:00,23.38251495361328,23.63274302086091,23.271301081928705,23.34080957706253,27183398
2017-08-07 00:00:00+00:00,23.153139114379883,23.347760952338422,23.111433736141166,23.31995783263006,13188280
2017-08-08 00:00:00+00:00,23.13228416442871,23.257398889564442,23.090578790266065,23.167037711329442,16986475
2017-08-09 00:00:00+00:00,23.250452041625977,23.2574038703767,23.0488797496103,23.17399450154064,15807681
2017-08-10 00:00:00+00:00,23.229597091674805,23.319956877688707,23.083629671168936,23.194842145448288,19062539
2017-08-11 00:00:00+00:00,23.111434936523438,23.33386130309527,23.08363181537101,23.285205491740417,13626639
2017-08-14 00:00:00+00:00,23.153139114379883,23.194843095266254,23.03497480760508,23.16703997555789,13482241
2017-08-15 00:00:00+00:00,23.201793670654297,23.30605571954943,23.118384311008665,23.17399194812478,18048801
2017-08-16 00:00:00+00:00,23.18789291381836,23.27825410185568,23.118384415124446,23.16704022447495,11128764
2017-08-17 00:00:00+00:00,22.902910232543945,23.250449936571478,22.902910232543945,23.13923745485905,15661175
2017-08-18 00:00:00+00:00,22.708282470703125,22.916806531070478,22.694381611933093,22.875102557408272,16326565
2017-08-21 00:00:00+00:00,22.770845413208008,22.84730434490545,22.46500968641825,22.659631532423838,17848752
2017-08-22 00:00:00+00:00,23.041927337646484,23.090583150907456,22.729141164413804,22.770846546452486,14178619
2017-08-23 00:00:00+00:00,23.10448455810547,23.20874661200223,22.986320244924677,22.986320244924677,16989953
2017-08-24 00:00:00+00:00,23.097532272338867,23.215696583179408,23.05582829001757,23.19484389334256,12140394
2017-08-25 00:00:00+00:00,23.2087459564209,23.368614248233115,23.097532077347385,23.132287025899526,15171171
2017-08-28 00:00:00+00:00,23.26435089111328,23.368612936211182,23.222645514133198,23.285203579603323,13033026
2017-08-29 00:00:00+00:00,23.285200119018555,23.319953663102105,23.10447917455031,23.236544318890324,12884096
2017-08-30 00:00:00+00:00,23.250452041625977,23.271304733173118,23.111436426899214,23.271304733173118,12394935
2017-08-31 00:00:00+00:00,23.57713508605957,23.64664217883635,23.271299406314732,23.285201663281406,27300497
2017-09-01 00:00:00+00:00,23.604938507080078,23.723101397740955,23.507626904875504,23.591034853404956,19160771
2017-09-05 00:00:00+00:00,23.493724822998047,23.750904704686427,23.458972673245864,23.549333852010427,15068616
2017-09-06 00:00:00+00:00,23.625791549682617,23.709202299109332,23.570185314966295,23.597987034972224,13925764
2017-09-07 00:00:00+00:00,23.625791549682617,23.723103159112295,23.50067822024701,23.66054649439449,18831923
2017-09-08 00:00:00+00:00,23.702255249023438,23.806517315615668,23.49373111583897,23.597993182431203,16276290
2017-09-11 00:00:00+00:00,23.855167388916016,23.86907104389759,23.618841585387987,23.69529911161631,17263993
2017-09-12 00:00:00+00:00,24.585006713867188,24.84913705671767,23.882974080053312,23.896874941596817,39268351
2017-09-13 00:00:00+00:00,24.369525909423828,24.626705784808646,24.30696924669874,24.508542889138543,22115450
2017-09-14 00:00:00+00:00,24.83523941040039,24.91169975680202,24.32783268893106,24.36258485119957,28907847
2017-09-15 00:00:00+00:00,24.578054428100586,24.828283918974762,24.494646460945784,24.744875951819957,30430139
2017-09-18 00:00:00+00:00,24.71011734008789,24.71011734008789,24.473788746310692,24.591954440551525,17850755
2017-09-19 00:00:00+00:00,24.64061164855957,24.786576276438417,24.571101755117176,24.786576276438417,16539579
2017-09-20 00:00:00+00:00,25.015962600708008,25.168880503498556,24.89084642858545,24.974257210000488,27066825
2017-09-21 00:00:00+00:00,25.002052307128906,25.15496735754983,24.960346932148436,25.06460897224737,16580579
2017-09-22 00:00:00+00:00,24.995107650756836,25.1063229537311,24.863043845202142,25.09241929416842,15394092
2017-09-25 00:00:00+00:00,24.682315826416016,25.043757793683923,24.633660015743136,24.95339939789555,23379828
2017-09-26 00:00:00+00:00,24.536346435546875,24.779622647075293,24.49464106380638,24.68231104458222,18508029
2017-09-27 00:00:00+00:00,24.64061164855957,24.696217886490707,24.459889279254902,24.50159465637941,15502759
2017-09-28 00:00:00+00:00,24.744876861572266,24.86999021425674,24.48074649891228,24.51549865537742,19038086
2017-09-29 00:00:00+00:00,24.814376831054688,24.814376831054688,24.5710978322559,24.772671460588583,16867900
2017-10-02 00:00:00+00:00,25.07155990600586,25.092411196562775,24.668412597602483,24.7935287250576,17541300
2017-10-03 00:00:00+00:00,25.120220184326172,25.161925567569625,24.849139385301275,25.036809417839265,14328392
2017-10-04 00:00:00+00:00,24.995107650756836,25.189730937580006,24.953405056185105,25.148028343008274,11435268
2017-10-05 00:00:00+00:00,25.022903442382812,25.022903442382816,24.849134308194994,24.93949269293816,14340408
2017-10-06 00:00:00+00:00,25.057662963867188,25.120219640024377,24.981202630460082,25.0159575815274,12711345
2017-10-09 00:00:00+00:00,25.120220184326172,25.127170615749243,24.9742527403266,25.06461393823658,10278081
2017-10-10 00:00:00+00:00,25.300935745239258,25.377396068093464,25.0437558501285,25.28703488461289,18697433
2017-10-11 00:00:00+00:00,25.3356876373291,25.35654172045931,25.161918516333344,25.280081406822287,18163687
2017-10-12 00:00:00+00:00,25.266178131103516,25.439947235477856,25.217522334726063,25.356539295047924,14750098
2017-10-13 00:00:00+00:00,25.259233474731445,25.36349832636421,25.196676799515732,25.280087562939972,13458842
2017-10-16 00:00:00+00:00,25.009002685546875,25.3565437500607,24.939492795821426,25.2661825702403,14315006
2017-10-17 00:00:00+00:00,25.161930084228516,25.252291298358664,24.849143845813888,24.974257223297524,14776764
2017-10-18 00:00:00+00:00,24.90474510192871,25.224481708822694,24.876940582122508,25.19667718901649,15196572
2017-10-19 00:00:00+00:00,25.189725875854492,25.287037499711886,24.91169466105114,24.94644681621101,20858028
2017-10-20 00:00:00+00:00,25.31483268737793,25.31483268737793,25.043749208824323,25.231421956330074,18447319
2017-10-23 00:00:00+00:00,25.300935745239258,25.565068865367795,25.23142864740283,25.23142864740283,15978008
2017-10-24 00:00:00+00:00,25.210575103759766,25.391294659868038,25.015951893562907,25.335688427626696,15826126
2017-10-25 00:00:00+00:00,25.134124755859375,25.266191356500006,24.96730599297551,25.16192928035941,17523488
2017-10-26 00:00:00+00:00,24.842185974121094,25.175826242878365,24.744877140217948,25.0854650456415,18374277
2017-10-27 00:00:00+00:00,24.744876861572266,24.849138920377655,24.605859851596755,24.696221047816085,15746865
2017-10-30 00:00:00+00:00,24.432086944580078,24.65451189072344,24.341725762195132,24.626707375103244,26679586
2017-10-31 00:00:00+00:00,24.369525909423828,24.564149122083553,23.70224831937932,24.36257547964375,24794085
2017-11-01 00:00:00+00:00,24.508544921875,24.835231916860376,24.258315455516254,24.33477577884749,16557497
2017-11-02 00:00:00+00:00,24.647560119628906,24.68231226888289,24.34867486781824,24.515493568350564,13880021
2017-11-03 00:00:00+00:00,24.71011734008789,24.717067770095387,24.550249065802085,24.640610245308466,9358255
2017-11-06 00:00:00+00:00,24.550254821777344,24.751828518072926,24.411237804920532,24.73792486009366,11200542
2017-11-07 00:00:00+00:00,24.578054428100586,24.61975980903043,24.494646460945784,24.536351841875625,11480906
2017-11-08 00:00:00+00:00,24.56415367126465,24.598908621305895,24.348679129359677,24.585007759171354,14302148
2017-11-09 00:00:00+00:00,24.690404891967773,24.72547741121129,24.437888957945013,24.606231973879794,14088713
2017-11-10 00:00:00+00:00,24.676380157470703,24.683394098165127,24.409836309874922,24.62026581167378,15858589
2017-11-13 00:00:00+00:00,24.760555267333984,24.886811851438065,24.648323745612622,24.704440916594194,25072657
2017-11-14 00:00:00+00:00,24.816673278808594,25.041130714877717,24.704444560774036,24.72548638781469,17278538
2017-11-15 00:00:00+00:00,24.802640914916992,24.900841741689497,24.711456850264245,24.74652655965299,13646138
2017-11-16 00:00:00+00:00,24.942922592163086,24.956950472757317,24.72547916198699,24.788607444902407,13625901
2017-11-17 00:00:00+00:00,24.809659957885742,24.89383008839883,24.669372646707572,24.809659957885742,15649265
2017-11-20 00:00:00+00:00,24.795618057250977,24.865763091290354,24.73950372216407,24.816662695559188,12455540
2017-11-21 00:00:00+00:00,24.928897857666016,25.062168380613084,24.81666915826583,24.830697040630422,13333100
2017-11-22 00:00:00+00:00,24.85173797607422,24.90083838283736,24.7745818055845,24.865768678179137,11122967
2017-11-24 00:00:00+00:00,24.893821716308594,24.942922117695787,24.809651614102922,24.907849596635987,6742754
2017-11-27 00:00:00+00:00,24.893821716308594,25.006050399410373,24.816665554266617,24.914866357041003,10848611
2017-11-28 00:00:00+00:00,25.146333694458008,25.174389450684636,24.914862424624825,24.963959998021423,13687033
2017-11-29 00:00:00+00:00,25.39885902404785,25.53914631794672,25.16738484810263,25.20947131829648,16122827
2017-11-30 00:00:00+00:00,25.433927536010742,25.58824268885719,25.3076681453683,25.398855013014263,24063663
2017-12-01 00:00:00+00:00,25.497055053710938,25.602269799291776,25.258566980948384,25.454968591430323,19588485
2017-12-04 00:00:00+00:00,25.293643951416016,25.686444421222397,25.286630009842565,25.595260360525664,14847487
2017-12-05 00:00:00+00:00,24.992021560668945,25.384821936461748,24.90784864144988,25.195437098580673,23525912
2017-12-06 00:00:00+00:00,24.942922592163086,25.167379962636296,24.90785007043613,24.956950472757317,18317677
2017-12-07 00:00:00+00:00,24.90083885192871,24.999039667304938,24.655339633729824,24.942925318553048,16661421
2017-12-08 00:00:00+00:00,25.069185256958008,25.090229903210584,24.774585591600495,24.774585591600495,15705759
2017-12-11 00:00:00+00:00,25.39885902404785,25.43393155258305,25.034114316104336,25.27961355512495,15138497
2017-12-12 00:00:00+00:00,25.658384323120117,25.826727353187845,25.426910189065755,25.504069173831013,23700139
2017-12-13 00:00:00+00:00,25.70047378540039,25.812702485211297,25.58122832413978,25.6513733767029,16639709
2017-12-14 00:00:00+00:00,25.574214935302734,25.875831335210172,25.490041998505657,25.763602632975267,15585393
2017-12-15 00:00:00+00:00,26.093273162841797,26.114317805842926,25.74957313632011,25.798673543000582,39820015
2017-12-18 00:00:00+00:00,26.044179916381836,26.198495119768342,25.995079496202386,26.10730822225759,17670415
2017-12-19 00:00:00+00:00,25.910905838012695,26.114321433915027,25.86881936640497,26.093276787990153,14817659
2017-12-20 00:00:00+00:00,25.574214935302734,26.051188329921988,25.54615916986491,25.945973569046537,15914557
2017-12-21 00:00:00+00:00,25.419898986816406,25.672414969238815,25.384826460850547,25.63032850212813,15566948
2017-12-22 00:00:00+00:00,25.349754333496094,25.51809736561553,25.286626048981486,25.440941200151332,9063557
2017-12-26 00:00:00+00:00,25.39885902404785,25.440945494241706,25.216485259955135,25.31468608366015,11480590
2017-12-27 00:00:00+00:00,25.4830379486084,25.57422203182556,25.41289287506586,25.46900724175434,8768964
2017-12-28 00:00:00+00:00,25.511083602905273,25.623312291766922,25.426910676138302,25.504069662381603,6939431
2017-12-29 00:00:00+00:00,25.405868530273438,25.595256202960943,25.40586853027344,25.41288247070758,12038261
2018-01-02 00:00:00+00:00,25.560184478759766,25.616298824226693,25.419897204971686,25.51809801459919,17059833
2018-01-03 00:00:00+00:00,25.74958038330078,25.791664040663846,25.412891382699307,25.567206587091146,14183151
2018-01-04 00:00:00+00:00,25.805688858032227,25.89687291508712,25.672415512733888,25.74957450744392,13046517
2018-01-05 00:00:00+00:00,25.85479164123535,25.86881952510998,25.67943181183433,25.826733053244055,13167517
2018-01-08 00:00:00+00:00,25.56719970703125,25.81270174346401,25.48302959471263,25.756587395171046,19964341
2018-01-09 00:00:00+00:00,25.53914451599121,25.70047362348321,25.504071989930612,25.560186339482538,16876226
2018-01-10 00:00:00+00:00,25.581226348876953,25.67942715868932,25.46899765773182,25.49003947973096,18755825
2018-01-11 00:00:00+00:00,25.644359588623047,25.74255758636265,25.54615877064169,25.700473938863574,15102555
2018-01-12 00:00:00+00:00,25.630334854125977,25.812708650056308,25.57422049081874,25.69346598055873,20240700
2018-01-16 00:00:00+00:00,25.672414779663086,25.938958642406885,25.581227904970245,25.65137295638398,30536699
2018-01-17 00:00:00+00:00,26.079248428344727,26.212518962388444,25.79165989447445,25.826732423547938,25332363
2018-01-18 00:00:00+00:00,25.94597053527832,26.07222992571089,25.74255497867152,26.07222992571089,19946528
2018-01-19 00:00:00+00:00,25.910905838012695,26.14939114338645,25.60227547321206,26.08626284609587,31133684
2018-01-22 00:00:00+00:00,25.90389060974121,26.00208861162674,25.763603318096074,25.875832023315432,21380495
2018-01-23 00:00:00+00:00,25.826725006103516,26.009098720617498,25.630323412085733,25.826725006103512,18527212
2018-01-24 00:00:00+00:00,25.90389060974121,26.00208861162674,25.763603318096074,25.94597425901706,18673191
2018-01-25 00:00:00+00:00,26.11431884765625,26.19147502109416,25.88284468685905,25.93194509549835,18988232
2018-01-26 00:00:00+00:00,27.362869262695312,27.41898361498634,26.163417579339644,26.163417579339644,51441419
2018-01-29 00:00:00+00:00,27.369882583618164,27.65746828005876,27.19452276897316,27.35585470092394,36779014
2018-01-30 00:00:00+00:00,26.51413345336914,27.1804945358982,26.198489175367232,26.801721966344264,48483684
2018-01-31 00:00:00+00:00,25.981046676635742,26.647407783817453,25.833745444070285,26.598307372962303,35859926
2018-02-01 00:00:00+00:00,26.07307243347168,26.476593617718123,25.917327664672083,25.917327664672083,29697926
2018-02-02 00:00:00+00:00,25.917327880859375,26.37040435197449,25.846535838585027,25.910248961268834,25588907
2018-02-05 00:00:00+00:00,24.543949127197266,25.981046987003573,24.06963578807571,25.825305027406273,42463657
2018-02-06 00:00:00+00:00,24.97578239440918,25.11736933696938,24.069632224036116,24.1829006395366,56035067
2018-02-07 00:00:00+00:00,24.763402938842773,25.237716198826988,24.756324018803042,24.86959243217701,30955980
2018-02-08 00:00:00+00:00,23.807697296142578,24.897910746731267,23.78645911301963,24.77756341434217,45850792
2018-02-09 00:00:00+00:00,24.182905197143555,24.3740474633048,23.50329172968879,24.20414480803354,49851776
2018-02-12 00:00:00+00:00,24.5368709564209,24.68553684571384,24.090876134911777,24.38820506712796,38743670
2018-02-13 00:00:00+00:00,24.735090255737305,24.798803390183892,24.359887523585762,24.47315595068402,21559570
2018-02-14 00:00:00+00:00,24.91206932067871,25.018258816237562,24.466074577879212,24.565182306880835,24494749
2018-02-15 00:00:00+00:00,25.280197143554688,25.294354986198066,24.8341994829614,25.039502433138644,22588379
2018-02-16 00:00:00+00:00,25.669557571411133,25.952728622858547,25.258957412035393,25.315591622324877,27659595
2018-02-20 00:00:00+00:00,25.49257469177246,25.832382820114333,25.40054302718305,25.499653612684035,27202370
2018-02-21 00:00:00+00:00,25.315589904785156,25.903171575654802,25.29435029838678,25.464255764097285,25872327
2018-02-22 00:00:00+00:00,25.301435470581055,25.59168834091934,25.209406641344124,25.39346714618781,23983454
2018-02-23 00:00:00+00:00,25.669557571411133,25.697873253371213,25.365146912124338,25.435938963393863,17940029
2018-02-26 00:00:00+00:00,26.257139205932617,26.342089097935613,25.634160048187223,25.69079425831232,25407302
2018-02-27 00:00:00+00:00,26.051841735839844,26.36333134590712,26.009365362399837,26.242981146765494,23543093
2018-02-28 00:00:00+00:00,25.7049503326416,26.39164257378766,25.7049503326416,26.2146610351062,28360927
2018-03-01 00:00:00+00:00,25.22355842590332,25.67663492697462,24.919147785169592,25.570445433357662,30282896
2018-03-02 00:00:00+00:00,25.45009994506836,25.53505269417092,25.060739345482574,25.16692885867594,22271336
2018-03-05 00:00:00+00:00,25.570451736450195,25.6837201780463,25.32267524147756,25.358072696865037,22319609
2018-03-06 00:00:00+00:00,25.400543212890625,25.65539859941795,25.308514393997864,25.65539859941795,18003479
2018-03-07 00:00:00+00:00,25.435935974121094,25.542125461730475,25.16692279526859,25.202320239928042,23440328
2018-03-08 00:00:00+00:00,25.839462280273438,25.839462280273438,25.435941008936783,25.47841738166215,21646630
2018-03-09 00:00:00+00:00,26.030601501464844,26.136791009332597,25.86069885815034,25.91733307258851,19300743
2018-03-12 00:00:00+00:00,25.917327880859375,26.193419976735186,25.839456918994486,26.136785773641915,26571656
2018-03-13 00:00:00+00:00,26.01643943786621,26.165105294031573,25.789902616872745,26.05183688353484,29560695
2018-03-14 00:00:00+00:00,25.73326873779297,26.1863423855226,25.612921405910924,26.08015289353983,23378458
2018-03-15 00:00:00+00:00,25.896089553833008,26.058913233661755,25.73326587400426,25.73326587400426,20508310
2018-03-16 00:00:00+00:00,26.03768539428711,26.221745894643547,25.924414109794967,25.938574799337584,34125253
2018-03-19 00:00:00+00:00,25.7191219329834,26.051848391591157,25.542137472828802,26.051848391591157,20003761
2018-03-20 00:00:00+00:00,25.7191219329834,25.87486393143656,25.570456011146852,25.74743762493113,20295824
2018-03-21 00:00:00+00:00,25.6766357421875,26.002283153436007,25.627080453834967,25.832380527528425,19071392
2018-03-22 00:00:00+00:00,25.20232391357422,25.58460555541793,25.11029225186592,25.506731735089556,22094686
2018-03-23 00:00:00+00:00,24.416521072387695,25.131529066367712,24.38112362249464,25.12445014566298,29385731
2018-03-26 00:00:00+00:00,24.80588150024414,24.883755320309636,24.296170748593557,24.728007680178646,24926468
2018-03-27 00:00:00+00:00,24.784645080566406,25.174005647163487,24.621818517520424,24.90499242629051,28835227
2018-03-28 00:00:00+00:00,24.98994255065918,25.350984550014648,24.862513451149194,24.904989817652524,26349684
2018-03-29 00:00:00+00:00,25.12444496154785,25.25187404704781,24.827116121452246,25.145684565648917,24804731
2018-04-02 00:00:00+00:00,24.81296157836914,25.301432744438028,24.60766148399899,25.07489588707904,28323299
2018-04-03 00:00:00+00:00,25.258956909179688,25.301430431274248,24.72093049895598,24.85543567832728,21347927
2018-04-04 00:00:00+00:00,25.57752799987793,25.648320056925332,24.94746986841047,25.0041040833223,22010682
2018-04-05 00:00:00+00:00,25.294349670410156,25.48549189140447,25.152765580991975,25.251876151406133,25781789
2018-04-06 00:00:00+00:00,24.89791488647461,25.3934649847535,24.699693708615218,25.174007043424712,22288200
2018-04-09 00:00:00+00:00,25.103214263916016,25.435940626923443,24.933311621935808,24.98994583592921,20457297
2018-04-10 00:00:00+00:00,25.45009994506836,25.556289458261723,25.28727621459651,25.485497398256037,20667254
2018-04-11 00:00:00+00:00,25.33683204650879,25.53505323436166,25.19524507713249,25.294355671058927,13879915
2018-04-12 00:00:00+00:00,25.7120304107666,25.83945951530707,25.46425681472596,25.506730336536876,23817976
2018-04-13 00:00:00+00:00,25.7120304107666,25.83945951530707,25.577525232293553,25.775746386221456,17774340
2018-04-16 00:00:00+00:00,25.86069107055664,26.002277987199857,25.761580513543258,25.83945431392606,15932369
2018-04-17 00:00:00+00:00,25.7191219329834,26.03769054561729,25.676645548691482,26.016450930286176,17675580
2018-04-18 00:00:00+00:00,25.83238410949707,25.903176168515753,25.68371822382517,25.754510282843853,14652497
2018-04-19 00:00:00+00:00,25.86069107055664,25.973959465323748,25.67663064065226,25.761580513543258,16636652
2018-04-20 00:00:00+00:00,25.931493759155273,26.04476218802366,25.818222483917364,25.839462093311138,22371993
2018-04-23 00:00:00+00:00,26.051841735839844,26.11555487281506,25.910254773163015,25.959810067781426,25381058
2018-04-24 00:00:00+00:00,26.235902786254883,26.38456867328714,26.03060268221552,26.12971327357036,27106350
2018-04-25 00:00:00+00:00,25.966890335083008,26.22174574256517,25.846542976072172,26.1367929912812,27730213
2018-04-26 00:00:00+00:00,26.087234497070312,26.264218899493958,26.01644244392249,26.051839893681098,20405651
2018-04-27 00:00:00+00:00,26.19342613220215,26.271299958736375,25.98104710910098,26.03768417187294,14425149
2018-04-30 00:00:00+00:00,25.917327880859375,26.32084906847176,25.768662030351184,26.285451624150106,28295789
2018-05-01 00:00:00+00:00,25.06073570251465,25.520891141585036,24.522709293394733,25.188161961275433,51278154
2018-05-02 00:00:00+00:00,24.699689865112305,25.039497952332454,24.59350037155022,24.897911012126627,29550260
2018-05-03 00:00:00+00:00,24.60765838623047,24.69261112023046,24.3669637171791,24.650134753230464,23517902
2018-05-04 00:00:00+00:00,24.664295196533203,24.77048470205595,24.33156883826046,24.466076873561686,19795912
2018-05-07 00:00:00+00:00,24.72800636291504,24.869593307802155,24.572264423819213,24.628898632500213,21580018
2018-05-08 00:00:00+00:00,24.763402938842773,24.841276752018086,24.572263558662623,24.71384765219552,28269650
2018-05-09 00:00:00+00:00,24.89791488647461,25.06781753333855,24.685535866302285,24.791725376388445,20430209
2018-05-10 00:00:00+00:00,25.04802703857422,25.24103513959194,24.940800954487607,25.019434949033553,30906653
2018-05-11 00:00:00+00:00,25.376855850219727,25.419746862973227,25.069476486155146,25.112364624753802,21619964
2018-05-14 00:00:00+00:00,25.634199142456055,25.677090155359924,25.369707916062858,25.384003962312526,21485052
2018-05-15 00:00:00+00:00,25.512678146362305,25.57701323152887,25.362561031536995,25.38400510187419,19345643
2018-05-16 00:00:00+00:00,25.505531311035156,25.648497534919514,25.42689730115915,25.54127142992869,21870711
2018-05-17 00:00:00+00:00,25.526973724365234,25.577012761721203,25.333965598255794,25.469786663694833,13021432
2018-05-18 00:00:00+00:00,25.476932525634766,25.555566523732363,25.32681542630227,25.455488457510704,15734639
2018-05-21 00:00:00+00:00,25.59130859375,25.641347630686358,25.391155320159477,25.526973510304657,17802903
2018-05-22 00:00:00+00:00,25.534116744995117,25.798607926584296,25.51267267925317,25.591303794461343,14477322
2018-05-23 00:00:00+00:00,25.71283721923828,25.755725364782755,25.469790023709706,25.50553301915208,20358642
2018-05-24 00:00:00+00:00,25.6556396484375,25.798608713541352,25.569860508698753,25.705678677516126,17523066
2018-05-25 00:00:00+00:00,25.505531311035156,25.677092504189456,25.405453229823035,25.605609392247278,15005376
2018-05-29 00:00:00+00:00,25.519826889038086,25.54127095997964,25.248187619669718,25.283930612060708,28179639
2018-05-30 00:00:00+00:00,25.7700138092041,25.912979984532033,25.662787740631085,25.698527847385996,29093773
2018-05-31 00:00:00+00:00,25.684236526489258,25.877244635065075,25.655641561674273,25.698532571819417,30926468
2018-06-01 00:00:00+00:00,25.912988662719727,25.934435608109336,25.812910581981818,25.920139560619663,22345011
2018-06-04 00:00:00+00:00,26.055952072143555,26.134586064481386,25.898686961622374,26.027359983405784,19015319
2018-06-05 00:00:00+00:00,26.048805236816406,26.191774309482774,25.977319263405917,26.098844268541907,21476093
2018-06-06 00:00:00+00:00,26.005916595458984,26.141737657981835,25.870095532936134,26.020212641780905,19368093
2018-06-07 00:00:00+00:00,26.084552764892578,26.156035876593805,25.998770731527017,26.084552764892578,17083337
2018-06-08 00:00:00+00:00,26.213218688964844,26.24181365350026,26.05595356940668,26.113140624322863,16453783
2018-06-11 00:00:00+00:00,25.948728561401367,26.30614982510898,25.934432515616397,26.30614982510898,19505640
2018-06-12 00:00:00+00:00,25.948728561401367,26.020211664480986,25.84150246970456,26.013063641588502,16371887
2018-06-13 00:00:00+00:00,25.89154052734375,26.098844680024293,25.8772444820981,25.998766614995436,16029232
2018-06-14 00:00:00+00:00,25.84865379333496,26.01306696332112,25.770022657322073,25.891544810321594,19959387
2018-06-15 00:00:00+00:00,25.99162483215332,26.013068905169852,25.755725658194766,25.87009979592695,49156979
2018-06-18 00:00:00+00:00,25.84865379333496,25.891544810321594,25.5412715247784,25.827209721919207,24143451
2018-06-19 00:00:00+00:00,25.89154052734375,25.99161859237261,25.6413453647716,25.65564141001725,18484630
2018-06-20 00:00:00+00:00,26.0631046295166,26.14888665896563,25.884395421345257,25.941582482926286,21354251
2018-06-21 00:00:00+00:00,25.948728561401367,25.991619572911045,25.84150246970456,25.92728449272391,16893090
2018-06-22 00:00:00+00:00,26.098846435546875,26.19177648420379,26.020212433097225,26.084550389339608,27018447
2018-06-25 00:00:00+00:00,26.005916595458984,26.063103654901536,25.834355417131334,25.963025582338357,20424517
2018-06-26 00:00:00+00:00,26.005916595458984,26.156033704303756,25.948729536016437,26.020212641780905,25435023
2018-06-27 00:00:00+00:00,25.884397506713867,26.127441819475283,25.862953434701463,25.94873259690629,29396165
2018-06-28 00:00:00+00:00,25.99162483215332,26.084554896868973,25.81291272706086,25.81291272706086,16506167
2018-06-29 00:00:00+00:00,25.934432983398438,26.14888517066015,25.934432983398438,26.055955123072124,20974705
2018-07-02 00:00:00+00:00,25.970182418823242,25.998774518005863,25.73428322978899,25.73428322978899,14556372
2018-07-03 00:00:00+00:00,25.984466552734375,26.148879670106204,25.90583256773025,26.01305863880554,9608159
2018-07-05 00:00:00+00:00,26.35618782043457,26.384779910877285,26.098844635676873,26.120288703508912,20391106
2018-07-06 00:00:00+00:00,26.52775001525879,26.620680061114097,26.363336866367344,26.449116015179754,18955452
2018-07-09 00:00:00+00:00,26.563493728637695,26.785093940835353,26.45626763408045,26.642124856707415,22329412
2018-07-10 00:00:00+00:00,26.756498336791992,26.80653737133669,26.59208518733219,26.663568290615434,20253875
2018-07-11 00:00:00+00:00,26.599233627319336,26.742202710282342,26.563493512194697,26.627828593573863,17795314
2018-07-12 00:00:00+00:00,26.82083511352539,26.849430081140124,26.59923489259228,26.742203982356042,16974881
2018-07-13 00:00:00+00:00,26.827987670898438,26.870878687896738,26.606384562099745,26.806540725321724,15227243
2018-07-16 00:00:00+00:00,26.720760345458984,26.842282492943077,26.65642238582152,26.792243454422273,17888699
2018-07-17 00:00:00+00:00,26.913766860961914,26.99954889505484,26.770797762192082,26.777948660162437,15740014
2018-07-18 00:00:00+00:00,26.920915603637695,26.97095464583556,26.7922454232176,26.870879435595047,20803430
2018-07-19 00:00:00+00:00,26.70646095275879,26.878022135734252,26.67072083598574,26.770796037105217,16596811
2018-07-20 00:00:00+00:00,26.685014724731445,26.685014724731445,26.534897623959477,26.592084680326696,15532798
2018-07-23 00:00:00+00:00,26.599233627319336,26.813685814686437,26.549194591990023,26.69216367495303,20853074
2018-07-24 00:00:00+00:00,26.94951057434082,26.985253568527188,26.64212829714159,26.713611411359118,17804800
2018-07-25 00:00:00+00:00,27.156808853149414,27.21399590690074,26.84942664288943,26.928060638144114,17171030
2018-07-26 00:00:00+00:00,27.27833366394043,27.428450772598715,27.192554511960594,27.192554511960594,24840567
2018-07-27 00:00:00+00:00,27.457042694091797,27.50708172999938,27.213998411816274,27.235442481138875,22111971
2018-07-30 00:00:00+00:00,27.585716247558594,27.650051330882476,27.292630049748283,27.421303090550946,21981486
2018-07-31 00:00:00+00:00,28.54360008239746,28.586491091469,27.26403507766506,27.314074109222755,50837371
2018-08-01 00:00:00+00:00,28.786651611328125,28.822391729213827,28.264817148646532,28.329152234995828,32734605
2018-08-02 00:00:00+00:00,28.584779739379883,28.99570941433188,28.498270212134884,28.56315308222542,31879284
2018-08-03 00:00:00+00:00,29.226411819458008,29.312924264474862,28.469438070757775,28.563159403088072,27368375
2018-08-06 00:00:00+00:00,29.586875915527344,29.716641681968735,29.075015939683308,29.09664549984203,27479572
2018-08-07 00:00:00+00:00,29.44269371032715,29.738275518858693,29.406649269258537,29.449902598540874,18928575
2018-08-08 00:00:00+00:00,29.853620529174805,30.019433637321377,29.25525098262362,29.34896941861752,25837440
2018-08-09 00:00:00+00:00,29.55804443359375,29.824787815139782,29.421069747697054,29.77432269438089,20121282
2018-08-10 00:00:00+00:00,29.507572174072266,29.781524378216865,29.34175907415916,29.421062629863705,18194148
2018-08-13 00:00:00+00:00,29.421062469482422,29.70943244631852,29.421062469482422,29.521992686031982,19860627
2018-08-14 00:00:00+00:00,29.34897232055664,29.586880124379505,29.226415423858032,29.442693664445287,17336824
2018-08-15 00:00:00+00:00,29.673391342163086,29.731068248267285,29.30572063148991,29.413859757835738,22428488
2018-08-16 00:00:00+00:00,29.860822677612305,29.896870005553406,29.608497179279002,29.72384515033788,16457472
2018-08-17 00:00:00+00:00,30.34384536743164,30.415937127654924,29.89687123651811,29.904080122677705,25910693
2018-08-20 00:00:00+00:00,30.516868591308594,30.834076987193573,30.343846620451547,30.423150168736512,22521029
2018-08-21 00:00:00+00:00,30.394306182861328,30.59616656137223,30.27174933817696,30.516863027545696,18633244
2018-08-22 00:00:00+00:00,30.329431533813477,30.524080181282386,30.141988874812636,30.387105529207343,15001687
2018-08-23 00:00:00+00:00,30.42316436767578,30.509673944165876,30.250139417437993,30.35827856202221,21032148
2018-08-24 00:00:00+00:00,30.567338943481445,30.632221831364657,30.27896894254054,30.58896850519448,21661703
2018-08-27 00:00:00+00:00,29.976177215576172,30.72594209033768,29.781525660129837,30.65385031728948,24485896
2018-08-28 00:00:00+00:00,29.918502807617188,30.12036324774067,29.78873703818227,29.997803467021242,19871694
2018-08-29 00:00:00+00:00,29.918502807617188,30.005015252992337,29.680597930777232,29.91850280761719,15785020
2018-08-30 00:00:00+00:00,29.918502807617188,30.21408458045911,29.70222459280712,29.723851254837005,16015425
2018-08-31 00:00:00+00:00,29.93291473388672,29.976170948122718,29.62291814555443,29.767101661504768,20983559
2018-09-04 00:00:00+00:00,29.824787139892578,29.95455583260389,29.71664801194733,29.90409071298755,15274779
2018-09-05 00:00:00+00:00,30.170827865600586,30.22129297480823,29.745480330262357,29.76710699193945,21819908
2018-09-06 00:00:00+00:00,30.120365142822266,30.21408648143737,29.88246025101406,30.170830256028246,18356780
2018-09-07 00:00:00+00:00,30.42316436767578,30.53130351226,29.889674635947667,29.983396000888334,21221658
2018-09-10 00:00:00+00:00,30.322227478027344,30.798037291181675,30.315018589782966,30.552923496360133,21482206
2018-09-11 00:00:00+00:00,30.502450942993164,30.588963378088803,30.2429165363337,30.278963867394793,19658786
2018-09-12 00:00:00+00:00,30.574548721313477,30.848500954840073,30.48083027992166,30.495248055731473,17508205
2018-09-13 00:00:00+00:00,30.891759872436523,30.942224990795825,30.588972060908986,30.639437179268292,18666129
2018-09-14 00:00:00+00:00,30.971059799194336,30.999895349933272,30.639433573928933,30.819664461931104,16800655
2018-09-17 00:00:00+00:00,31.00710678100586,31.129663667498114,30.812455221236352,31.014315668608003,16904263
2018-09-18 00:00:00+00:00,31.367576599121094,31.49013351705099,30.877346028772877,30.999902946702772,20464991
2018-09-19 00:00:00+00:00,31.187334060668945,31.490121798086363,30.992682523407513,31.302682046221065,23783088
2018-09-20 00:00:00+00:00,31.540597915649414,31.63431927361615,31.252227851092425,31.26664562966313,18419809
2018-09-21 00:00:00+00:00,31.764083862304688,31.865014096483502,31.439666494713446,31.56222339394706,37092579
2018-09-24 00:00:00+00:00,31.670360565185547,32.05245191467617,31.59826588885507,31.67756945309299,18089591
2018-09-25 00:00:00+00:00,31.569433212280273,31.929897930876397,31.547806546588387,31.814547017968135,15318520
2018-09-26 00:00:00+00:00,31.49013328552246,31.944319405274673,31.461297727929157,31.60548421178157,18384817
2018-09-27 00:00:00+00:00,31.648731231689453,31.85059168906961,31.490127000694763,31.56943056550613,14887434
2018-09-28 00:00:00+00:00,31.771289825439453,31.82175493788248,31.52617315091217,31.670359600553393,15454591
2018-10-01 00:00:00+00:00,31.915481567382812,32.09571248534971,31.655947074443155,31.74245663967076,16872537
2018-10-02 00:00:00+00:00,31.879425048828125,32.00198192182626,31.814539270297267,31.872216162019715,18167693
2018-10-03 00:00:00+00:00,32.30477523803711,32.32640190025547,31.92268391511789,31.92268391511789,23957631
2018-10-04 00:00:00+00:00,32.2254753112793,32.29035820387483,31.929896401176034,32.102918414306835,18960406
2018-10-05 00:00:00+00:00,32.37686538696289,32.44174826899181,32.15337829407014,32.232678950188216,18112568
2018-10-08 00:00:00+00:00,32.64360809326172,32.672443640903424,32.225469463435985,32.261516796615744,24679621
2018-10-09 00:00:00+00:00,32.78057861328125,33.02569523050278,32.29034827746545,32.43453469339737,21486844
2018-10-10 00:00:00+00:00,32.088497161865234,32.968027807308935,32.066867600924326,32.76616736454224,33746234
2018-10-11 00:00:00+00:00,30.862916946411133,32.07407370048184,30.567335195390758,31.980355273310032,44299198
2018-10-12 00:00:00+00:00,31.562213897705078,31.69197964624718,30.74035449484729,30.834075812476218,30417070
2018-10-15 00:00:00+00:00,31.086414337158203,31.51176198903546,30.985484091089507,31.46850575520194,24002742
2018-10-16 00:00:00+00:00,31.670360565185547,31.706405004722757,31.028734757886866,31.252221877529685,22353654
2018-10-17 00:00:00+00:00,32.13175964355469,32.297572782801204,31.540595974986584,31.55501665129858,23154167
2018-10-18 00:00:00+00:00,31.720823287963867,32.081287946559364,31.511753959896147,31.965937052851668,22498368
2018-10-19 00:00:00+00:00,32.08128356933594,32.31918841439959,31.70639828853457,31.756863391824954,19564875
2018-10-22 00:00:00+00:00,31.98756217956543,32.088492385926685,31.7352366636623,32.03802728274606,18026878
2018-10-23 00:00:00+00:00,31.792911529541016,31.95151572981937,31.497332687302137,31.64151621582611,23073114
2018-10-24 00:00:00+00:00,30.625017166137695,31.92989848454903,30.53850760324177,31.583851537080285,36927206
2018-10-25 00:00:00+00:00,31.29547691345215,31.677568248412044,30.033852010556036,30.560129794065524,38600642
2018-10-26 00:00:00+00:00,30.711524963378906,31.201755407430376,30.408734292658337,31.035942296881846,30295333
2018-10-29 00:00:00+00:00,31.165706634521484,31.490123953073248,30.68268510032479,30.963849095305196,31847559
2018-10-30 00:00:00+00:00,30.920591354370117,31.064777788409216,30.12036142818868,30.242918302876724,35424202
2018-10-31 00:00:00+00:00,31.043134689331055,31.475690904157663,30.790812163099773,31.00709027051308,28193235
2018-11-01 00:00:00+00:00,31.4829158782959,31.598263874718516,31.064780115920872,31.14408077647598,24278152
2018-11-02 00:00:00+00:00,30.949434280395508,31.605480827568,30.62501690043663,31.54780681992831,24223028
2018-11-05 00:00:00+00:00,31.374784469604492,31.446879159033642,30.87734502596043,30.87734502596043,21628396
2018-11-06 00:00:00+00:00,31.00710678100586,31.42524255232554,30.776407884597727,31.418033664723396,22194183
2018-11-07 00:00:00+00:00,32.009185791015625,32.124533759123906,31.208956001308877,31.273838871041395,36794929
2018-11-08 00:00:00+00:00,31.85662841796875,32.110901078553326,31.580562209760725,31.863892933843236,25696520
2018-11-09 00:00:00+00:00,32.169010162353516,32.40875079593513,31.76217403143367,31.76217403143367,26042654
2018-11-12 00:00:00+00:00,32.04551315307617,32.36516936315639,31.892949563583972,32.16901868037675,21853847
2018-11-13 00:00:00+00:00,31.616893768310547,32.29979642739781,31.493391121378593,32.20535185221626,20159015
2018-11-14 00:00:00+00:00,31.173728942871094,31.856631473515417,31.028432769454195,31.79124790337823,28398871
2018-11-15 00:00:00+00:00,31.391666412353516,31.522436433167375,30.766886049559197,31.02115573487327,25936305
2018-11-16 00:00:00+00:00,31.609628677368164,31.80578234211307,31.17373424104286,31.311768842344147,24604576
2018-11-19 00:00:00+00:00,32.096370697021484,32.16175718508376,31.60962182064351,31.68953734116599,23671575
2018-11-20 00:00:00+00:00,31.6241512298584,32.24893468503871,31.529709596746248,31.972868460027506,22968557
2018-11-21 00:00:00+00:00,31.311767578125,31.602362883610255,31.072023895228003,31.602362883610255,19665848
2018-11-23 00:00:00+00:00,31.3408260345459,31.638688782212007,31.093820752087392,31.202794358112314,8844009
2018-11-26 00:00:00+00:00,31.486120223999023,31.5950938129765,31.15193494060087,31.471591191067567,20147948
2018-11-27 00:00:00+00:00,32.0164680480957,32.074587116995396,31.217327199479204,31.38441988769039,19765873
2018-11-28 00:00:00+00:00,32.61945343017578,32.633982466357224,32.038259851957406,32.17629445867038,19892669
2018-11-29 00:00:00+00:00,33.06260299682617,33.295079193585714,32.47414506790745,32.517735085048756,26065315
2018-11-30 00:00:00+00:00,33.585689544677734,33.607483100656815,32.89552229905037,32.946376850664876,45054495
2018-12-03 00:00:00+00:00,33.41132736206055,33.694658152610636,33.24423469476197,33.687393635031945,26771178
2018-12-04 00:00:00+00:00,32.79379653930664,33.760029608219774,32.77200299439686,33.58567248595605,28703898
2018-12-06 00:00:00+00:00,32.67756271362305,32.68482722953908,31.68953597112256,32.386967472003946,32188528
2018-12-07 00:00:00+00:00,31.907487869262695,32.64850657564476,31.733127777411877,32.56132945071533,27963885
2018-12-10 00:00:00+00:00,32.25619125366211,32.37242932807969,31.289958243697892,32.0673051129823,26187895
2018-12-11 00:00:00+00:00,31.972869873046875,32.33611615190271,31.653213615013073,32.02372441050661,23904931
2018-12-12 00:00:00+00:00,32.081844329833984,32.58312228031698,32.07457981300036,32.219878912660505,20180938
2018-12-13 00:00:00+00:00,32.37971115112305,32.61945192101076,32.11817390697519,32.29979561382962,23613921
2018-12-14 00:00:00+00:00,31.82029914855957,32.05277823398408,31.551497488064964,32.02371725293282,33024982
2018-12-17 00:00:00+00:00,31.319032669067383,31.943816238545267,31.22458809768189,31.60236346222762,38651866
2018-12-18 00:00:00+00:00,30.8032169342041,31.602357540418502,30.541679742988872,31.580563991565437,31125779
2018-12-19 00:00:00+00:00,30.490827560424805,31.23184917253982,30.19296776480738,31.115611061030783,36937957
2018-12-20 00:00:00+00:00,30.476308822631836,30.810494236368093,30.171184407088553,30.30195159646469,34494680
2018-12-21 00:00:00+00:00,30.46177101135254,31.14467068075491,30.113056659444442,30.251088328367874,61928192
2018-12-24 00:00:00+00:00,29.459209442138672,30.483561773502498,29.437415892512213,30.3745881833786,19778205
2018-12-26 00:00:00+00:00,30.65065574645996,30.657923184313145,29.36476907981889,29.539126247380874,25437131
2018-12-27 00:00:00+00:00,31.130142211914062,31.130142211914062,29.97502261411169,30.3745915147236,28894672
2018-12-28 00:00:00+00:00,31.21005630493164,31.631421659118995,31.101082707882913,31.25364632795033,25480977
2018-12-31 00:00:00+00:00,31.711336135864258,31.769455196315395,31.311767230138162,31.39167984288492,20534028
2019-01-02 00:00:00+00:00,31.42073631286621,31.602357985520197,30.97757452431766,31.32629175784802,26430315
2019-01-03 00:00:00+00:00,30.541675567626953,31.486115133400894,30.476292009010674,31.413467059493396,28503533
2019-01-04 00:00:00+00:00,31.239112854003906,31.493385541752744,30.701509411903988,30.832279474601606,27145348
2019-01-07 00:00:00+00:00,31.406198501586914,31.689532113797483,31.137399761430277,31.289960419088047,20995469
2019-01-08 00:00:00+00:00,31.551504135131836,31.747657765815447,31.34808598790376,31.64594869220141,19677231
2019-01-09 00:00:00+00:00,31.486120223999023,31.725860951351162,31.38441115148728,31.57330026357931,20107580
2019-01-10 00:00:00+00:00,30.73782730102539,31.406197719242005,30.534409201222037,31.398933204391188,39731162
2019-01-11 00:00:00+00:00,31.151941299438477,31.151941299438477,30.621602279228,30.752369444295294,21064506
2019-01-14 00:00:00+00:00,30.78142738342285,30.970313594336794,30.636128275876384,30.912194535517422,17605173
2019-01-15 00:00:00+00:00,31.04296112060547,31.41347190457074,30.825013944272456,30.9485165652623,25865371
2019-01-16 00:00:00+00:00,30.592538833618164,31.086552303480804,30.534419773692917,30.941256114165757,30169380
2019-01-17 00:00:00+00:00,30.854076385498047,30.99211097988238,30.389123901247988,30.476301031546797,24177284
2019-01-18 00:00:00+00:00,30.897672653198242,31.151945420014137,30.701518958655015,31.137416382195156,38618455
2019-01-22 00:00:00+00:00,30.708778381347656,31.013905650889917,30.461773095429294,30.810487471195078,29444122
2019-01-23 00:00:00+00:00,30.628856658935547,30.657917642106984,30.185697842787704,30.505354052696564,24462813
2019-01-24 00:00:00+00:00,29.74980926513672,30.360060819176727,29.510065601088034,30.352796302235248,34394023
2019-01-25 00:00:00+00:00,29.52460289001465,29.9677618714758,29.43015831072069,29.858788255673993,35862455
2019-01-28 00:00:00+00:00,28.718191146850586,29.44468078324371,28.68186564268239,29.422887233340294,39329694
2019-01-29 00:00:00+00:00,29.619028091430664,29.677147126166513,28.67459158622694,28.69638512887981,51376808
2019-01-30 00:00:00+00:00,30.207500457763672,30.331006022074632,29.589984320193963,29.61904239109329,36067880
2019-01-31 00:00:00+00:00,31.108888626098633,31.233469891270357,30.302768491002357,30.32475238020664,40927452
2019-02-01 00:00:00+00:00,31.42401123046875,31.599891197691672,31.182173697343345,31.41668032030724,27239681
2019-02-04 00:00:00+00:00,31.1015567779541,31.3946899965962,30.749793969076894,31.3946899965962,19426485
2019-02-05 00:00:00+00:00,30.859724044799805,31.31408428677077,30.82308422839605,31.094233602319612,21127641
2019-02-06 00:00:00+00:00,31.02094268798828,31.0502574825263,30.62521211401823,30.72048151313348,16450410
2019-02-07 00:00:00+00:00,30.559255599975586,30.889031548762674,30.20016485848219,30.85971675605637,24248008
2019-02-08 00:00:00+00:00,30.947660446166992,30.954988408251737,30.405361786829275,30.434676581674918,27500125
2019-02-11 00:00:00+00:00,30.54461097717285,31.00629629767749,30.420026745212873,30.98431240489443,27102134
2019-02-12 00:00:00+00:00,30.683834075927734,30.786431421400138,30.33207427417052,30.56658080867533,30540177
2019-02-13 00:00:00+00:00,30.559255599975586,30.823076948306547,30.332077005900896,30.72047959359415,24757195
2019-02-14 00:00:00+00:00,30.757123947143555,30.86704927965251,30.500633468960576,30.55926011653156,19864949
2019-02-15 00:00:00+00:00,31.072240829467773,31.15285430316875,30.837734263258735,31.057584905706356,19168993
2019-02-19 00:00:00+00:00,31.218807220458984,31.409346005092676,30.918343120538598,30.95498587446964,24432985
2019-02-20 00:00:00+00:00,30.925682067871094,31.189500535935412,30.72781527031566,31.167516645765787,27354884
2019-02-21 00:00:00+00:00,30.88170051574707,31.013609703539757,30.676505826730747,30.79375909288117,19611883
2019-02-22 00:00:00+00:00,31.482641220092773,31.60722250842158,30.940342387181058,30.998969049130356,24779329
2019-02-25 00:00:00+00:00,31.570566177368164,31.783088840577147,31.467971772911117,31.541254332239394,25274815
2019-02-26 00:00:00+00:00,31.526611328125,31.680504471123516,31.365387274334008,31.482640595907903,16548959
2019-02-27 00:00:00+00:00,31.460655212402344,31.67317797252995,31.3727166904063,31.49729798203018,16475074
2019-02-28 00:00:00+00:00,31.768444061279297,32.08356418598486,31.416681170803407,31.47531077463887,39002427
2019-03-01 00:00:00+00:00,31.7757625579834,32.09088258880332,31.72446387979163,31.95897338574249,26667781
2019-03-04 00:00:00+00:00,31.563241958618164,31.944316616021595,31.424004784734105,31.834391290741888,22805820
2019-03-05 00:00:00+00:00,31.43132781982422,31.695149148441182,31.402013029308453,31.57789587939058,26529812
2019-03-06 00:00:00+00:00,30.676515579223633,31.416678162046022,30.500635624083305,31.380038346292057,22410359
2019-03-07 00:00:00+00:00,30.33207893371582,30.698494713541002,30.229481572482644,30.676510827493882,29046132
2019-03-08 00:00:00+00:00,29.965654373168945,30.36871283110514,29.562595915232755,30.288102318120327,31306119
2019-03-11 00:00:00+00:00,30.412687301635742,30.427343224625883,29.899703478422957,30.119554109300783,29161545
2019-03-12 00:00:00+00:00,30.581247329711914,30.720487474400223,30.317425913702166,30.55926343942244,24170539
2019-03-13 00:00:00+00:00,30.78643226623535,30.87437369234102,30.4493283770074,30.683834917947493,23715316
2019-03-14 00:00:00+00:00,30.18551254272461,30.837736556693343,30.14154182166362,30.77910991078096,32119596
2019-03-15 00:00:00+00:00,30.617887496948242,30.691170071539286,29.943676613984202,30.21482597043011,74768652
2019-03-18 00:00:00+00:00,30.639863967895508,30.830402740815217,30.522610698332414,30.610552123757856,18994345
2019-03-19 00:00:00+00:00,30.998964309692383,31.094233725734586,30.59590570210122,30.757126787931956,26403227
2019-03-20 00:00:00+00:00,30.90369415283203,31.072246144439262,30.617888858063857,30.925680988741636,23499035
2019-03-21 00:00:00+00:00,31.035602569580078,31.248122314250885,30.683839756197454,30.727810476183624,24262553
2019-03-22 00:00:00+00:00,30.66918182373047,31.233464344839174,30.65452590019688,30.925675218101038,19620105
2019-03-25 00:00:00+00:00,30.698501586914062,30.889040428010517,30.537277546950644,30.6398749311553,19823316
2019-03-26 00:00:00+00:00,31.086889266967773,31.292083936239546,30.87436958408587,30.925668251403813,20849279
2019-03-27 00:00:00+00:00,30.79376220703125,31.248119395939487,30.720479644902767,31.02826876304757,19455048
2019-03-28 00:00:00+00:00,30.99163055419922,31.050257196228046,30.82307859005302,30.911017079842953,16915541
2019-03-29 00:00:00+00:00,31.123550415039062,31.204163916987547,30.918355624451237,31.072251717392106,21681834
2019-04-01 00:00:00+00:00,31.39468765258789,31.46797316165675,31.182164979999854,31.2041518113231,20345046
2019-04-02 00:00:00+00:00,31.445980072021484,31.64384678201933,31.321398856507376,31.475294859116158,18625129
2019-04-03 00:00:00+00:00,31.39468765258789,31.563239609035907,31.182164979999854,31.504612969684707,16200402
2019-04-04 00:00:00+00:00,31.32140350341797,31.453312698649604,31.14552359427368,31.35804330958991,12990972
2019-04-05 00:00:00+00:00,31.504610061645508,31.7171327146166,31.43132750584748,31.497282100716323,15559043
2019-04-08 00:00:00+00:00,31.614540100097656,31.717137461473563,31.445988133982,31.563241419409707,15410323
2019-04-09 00:00:00+00:00,31.39468765258789,31.511940931290297,31.2041518113231,31.497285008079114,18825072
2019-04-10 00:00:00+00:00,31.314077377319336,31.45331454194524,31.25545073750214,31.45331454194524,13202615
2019-04-11 00:00:00+00:00,30.976978302001953,31.38736783038952,30.77178648431541,31.358053029858734,20214877
2019-04-12 00:00:00+00:00,30.566591262817383,31.02827652883892,30.471321845651698,31.02827652883892,21338546
2019-04-15 00:00:00+00:00,30.845067977905273,30.867051867647508,30.39071068450861,30.676515983693378,18362788
2019-04-16 00:00:00+00:00,29.987638473510742,30.998953025776114,29.921683881223153,30.940326394130913,27506976
2019-04-17 00:00:00+00:00,29.22549819946289,30.04627423849789,28.866410339795255,29.972991663291776,42412117
2019-04-18 00:00:00+00:00,28.859081268310547,29.262139836221245,28.15555855523378,29.262139836221245,50579774
2019-04-22 00:00:00+00:00,28.565940856933594,28.94701548066614,28.441359618359428,28.60258361095806,31018904
2019-04-23 00:00:00+00:00,28.888391494750977,29.04961550215369,28.492660911674033,28.646556956900262,26672102
2019-04-24 00:00:00+00:00,28.851747512817383,29.04961426921122,28.697854420629486,28.94701691008157,21196994
2019-04-25 00:00:00+00:00,29.027629852294922,29.188853849903825,28.70518185707711,28.7638084974343,18130065
2019-04-26 00:00:00+00:00,29.29145622253418,29.30611509648789,28.910384429884317,29.071605524809158,20053193
2019-04-29 00:00:00+00:00,29.01297950744629,29.32809963352708,29.01297950744629,29.291456867596846,23229001
2019-04-30 00:00:00+00:00,29.760467529296875,30.178184964940158,29.16687015367473,29.606571476875303,34360400
2019-05-01 00:00:00+00:00,29.87771224975586,29.98763754901496,29.438011052719457,29.745803069247337,20703406
2019-05-02 00:00:00+00:00,30.0535945892334,30.060925496753484,29.73847753310675,29.907029475943965,20471210
2019-05-03 00:00:00+00:00,30.33207893371582,30.412689462395235,30.068257568617174,30.207494739928883,18664759
2019-05-06 00:00:00+00:00,30.522615432739258,30.61055687180542,29.92901808530939,29.980316767013537,25973406
2019-05-07 00:00:00+00:00,29.921688079833984,30.566584064929074,29.679853558676573,30.332077505442314,27603838
2019-05-08 00:00:00+00:00,30.00963020324707,30.068256844467427,29.63588352390068,29.899704882645576,23811968
2019-05-09 00:00:00+00:00,30.046600341796875,30.19446539797788,29.743471328609914,29.79522499006525,19732461
2019-05-10 00:00:00+00:00,30.105743408203125,30.179675927574216,29.47730658931026,30.039200870865585,17391527
2019-05-13 00:00:00+00:00,29.99484634399414,30.053992960331293,29.684324378744165,29.743470995081317,28010788
2019-05-14 00:00:00+00:00,30.061389923095703,30.2166509264176,29.987454413338437,30.00963625532174,26772759
2019-05-15 00:00:00+00:00,30.423660278320312,30.527167605884806,30.09095942799448,30.209252667313876,33520678
2019-05-16 00:00:00+00:00,30.78592872619629,31.037304030451583,30.423653164430593,30.423653164430593,25508486
2019-05-17 00:00:00+00:00,30.660249710083008,30.9116221003167,30.49759576296235,30.534560542326084,29187684
2019-05-20 00:00:00+00:00,30.74896240234375,30.837683801503662,30.519768922593414,30.608490321753326,24251591
2019-05-21 00:00:00+00:00,30.80811309814453,30.911620420016664,30.67503395438888,30.83768789266796,28785056
2019-05-22 00:00:00+00:00,31.044689178466797,31.20734304675898,30.719381441882433,30.822888719217335,25274604
2019-05-23 00:00:00+00:00,30.99295425415039,31.03731496731416,30.793332531233634,30.93380762747884,25495944
2019-05-24 00:00:00+00:00,31.01512908935547,31.28129036107018,30.955982470378867,31.09645754834832,15383341
2019-05-28 00:00:00+00:00,30.978160858154297,31.40697305478731,30.97076493054639,31.162993650278185,49440610
2019-05-29 00:00:00+00:00,30.84508514404297,30.933806567329892,30.519777222178025,30.830299231041927,26895761
2019-05-30 00:00:00+00:00,30.978160858154297,31.015125632995247,30.741571435973647,30.815506930934976,17344308
2019-05-31 00:00:00+00:00,30.69721221923828,31.037308972713348,30.645461531956272,30.82290137769988,22639288
2019-06-03 00:00:00+00:00,30.99295425415039,31.192573004426713,30.734185904562086,30.778546617725855,22643082
2019-06-04 00:00:00+00:00,31.222135543823242,31.606589952541583,31.08166050273956,31.406968308011944,18453537
2019-06-05 00:00:00+00:00,31.406970977783203,31.67313220223485,31.35521732378873,31.49569237681359,21418861
2019-06-06 00:00:00+00:00,31.5770206451416,31.85796777698392,31.406970802509107,31.643560207723297,24494222
2019-06-07 00:00:00+00:00,31.732280731201172,31.976263106981214,31.687923001640886,31.776641433401153,20023470
2019-06-10 00:00:00+00:00,31.843185424804688,31.96887459394169,31.54745232344727,31.96887459394169,15275727
2019-06-11 00:00:00+00:00,31.547454833984375,32.013234877268964,31.45873341019667,31.939302339206105,18813162
2019-06-12 00:00:00+00:00,31.850570678710938,31.91711321148526,31.392183739293216,31.399576693459384,16296843
2019-06-13 00:00:00+00:00,31.421756744384766,31.894929565266796,31.325642400403396,31.84317591640292,14464042
2019-06-14 00:00:00+00:00,31.61399269104004,31.695318181209043,31.406978028587762,31.43655282578388,13197872
2019-06-17 00:00:00+00:00,31.702713012695312,31.71749892446151,31.310865542410497,31.569630888879285,14094931
2019-06-18 00:00:00+00:00,31.843185424804688,32.035414170167094,31.658352608036314,31.658352608036314,22833434
2019-06-19 00:00:00+00:00,32.16110610961914,32.22764569772641,31.857979998179076,31.917126629012273,21753611
2019-06-20 00:00:00+00:00,32.23503112792969,32.61209266934563,32.1684915553598,32.405078023448254,23500300
2019-06-21 00:00:00+00:00,32.28678512573242,32.530767524550136,32.02062683268034,32.19806668559505,38141203
2019-06-24 00:00:00+00:00,32.353328704833984,32.45683305952631,32.1389210943083,32.30157504116778,24624075
2019-06-25 00:00:00+00:00,32.353328704833984,32.74517617394089,32.353328704833984,32.419868280221934,28429015
2019-06-26 00:00:00+00:00,31.784032821655273,32.38289484023715,31.421760212264953,32.29417344021037,41009348
2019-06-27 00:00:00+00:00,32.10934066772461,32.2054550223421,31.798821712818203,31.806214667382697,21994977
2019-06-28 00:00:00+00:00,32.02802276611328,32.32375588180028,31.77664738829914,32.124134170811395,39726209
2019-07-01 00:00:00+00:00,32.360721588134766,32.44204707506212,32.042806650989526,32.16849284562274,21341392
2019-07-02 00:00:00+00:00,32.693416595458984,32.693416595458984,32.279387361034566,32.29417327008129,16541898
2019-07-03 00:00:00+00:00,32.82649612426758,32.944789343369436,32.51597419464552,32.80431726042582,10297580
2019-07-05 00:00:00+00:00,32.471622467041016,32.789537410021055,32.368115138041,32.759962613461,18295227
2019-07-08 00:00:00+00:00,32.013221740722656,32.43464387182421,31.776635337891882,32.382890224625086,23955312
2019-07-09 00:00:00+00:00,32.06499481201172,32.38290984129919,32.01324113346165,32.10196257458775,14223308
2019-07-10 00:00:00+00:00,32.57512664794922,32.61209142427683,32.11673666772838,32.27199764622384,15298599
2019-07-11 00:00:00+00:00,31.776647567749023,32.205462817396985,31.333046405393272,32.02802294698274,38383518
2019-07-12 00:00:00+00:00,31.347824096679688,31.784032188279646,31.059484011297876,31.724885580320286,33580967
2019-07-15 00:00:00+00:00,31.60658836364746,31.62137427060583,31.229526927735204,31.25170578817276,20363912
2019-07-16 00:00:00+00:00,31.680522918701172,31.769244311463996,31.40696875909498,31.636162222319758,19553386
2019-07-17 00:00:00+00:00,31.599199295043945,31.931900078344945,31.591806340655854,31.857967561824548,16341532
2019-07-18 00:00:00+00:00,31.835783004760742,31.83578300476074,31.458721554722178,31.68791798435916,13728877
2019-07-19 00:00:00+00:00,31.62137794494629,31.946685771665248,31.62137794494629,31.931899862988782,23552579
2019-07-22 00:00:00+00:00,31.65834617614746,31.806214183104526,31.458724515387402,31.66573913059939,12552086
2019-07-23 00:00:00+00:00,31.857975006103516,31.961479364362226,31.606599634971914,31.680532168768185,19586904
2019-07-24 00:00:00+00:00,31.710105895996094,31.791431383164117,31.32565138247437,31.791431383164117,18117838
2019-07-25 00:00:00+00:00,31.547454833984375,31.791434290440044,31.44394749711217,31.665748083941086,17514634
2019-07-26 00:00:00+00:00,31.857975006103516,31.917121627668568,31.370013148711706,31.540060057291253,21062187
2019-07-29 00:00:00+00:00,30.645458221435547,31.791425625968103,30.56412977635544,31.177777701161773,64559186
2019-07-30 00:00:00+00:00,28.678829193115234,29.75086422518228,28.538354120117788,29.447738185236126,95739668
2019-07-31 00:00:00+00:00,28.715789794921875,29.329437713747943,28.471810407338314,28.538349970075693,56309423
2019-08-01 00:00:00+00:00,28.54415512084961,28.82026857170006,28.118793264450577,28.58893084269436,51624920
2019-08-02 00:00:00+00:00,28.357593536376953,28.760569038085443,28.17103152643518,28.54415554631873,29153640
2019-08-05 00:00:00+00:00,27.581491470336914,28.230731956370885,27.171053841499084,28.178494112651467,46030183
2019-08-06 00:00:00+00:00,27.574033737182617,27.842685118991895,27.215830894619916,27.75313365823847,31985843
2019-08-07 00:00:00+00:00,27.29791259765625,27.447163990344773,26.76060998433771,27.350150435074724,32017253
2019-08-08 00:00:00+00:00,27.514326095581055,27.574026052628668,27.312836865264003,27.387461061460975,23356429
2019-08-09 00:00:00+00:00,27.12627601623535,27.484475773596916,26.947173137104272,27.439700053814146,25391703
2019-08-12 00:00:00+00:00,26.40987205505371,27.103885172111607,25.954655762711823,27.09642305263143,44212665
2019-08-13 00:00:00+00:00,26.268081665039062,26.72329493754704,26.230771069226936,26.43971940712486,45549453
2019-08-14 00:00:00+00:00,25.551679611206055,26.103906442189103,25.521831134098893,26.066592845355096,38633421
2019-08-15 00:00:00+00:00,25.730777740478516,25.805404929115305,25.350191680320265,25.596453601652055,30713665
2019-08-16 00:00:00+00:00,25.857648849487305,26.126300190847385,25.73824892009406,25.909886693653167,30012334
2019-08-19 00:00:00+00:00,26.253162384033203,26.35763807293505,25.99197316177859,26.029286765086553,21997296
2019-08-20 00:00:00+00:00,25.82779312133789,26.238233686665776,25.797944644121355,26.19345797039091,19932510
2019-08-21 00:00:00+00:00,26.021825790405273,26.208387814259353,25.98451218545418,26.07406363715653,19208728
2019-08-22 00:00:00+00:00,26.17853355407715,26.290474357059555,25.96958518968099,26.08898511232176,16933142
2019-08-23 00:00:00+00:00,25.626312255859375,26.380025468988638,25.49944719981825,26.275549775990385,27765311
2019-08-26 00:00:00+00:00,25.999439239501953,26.014366483367432,25.730787855786737,25.835263560589933,17468680
2019-08-27 00:00:00+00:00,25.626312255859375,26.18600132517095,25.6039228928165,26.12630135780776,24715351
2019-08-28 00:00:00+00:00,26.17853355407715,26.23077439573917,25.58153394087329,25.641233902193676,26047924
2019-08-29 00:00:00+00:00,26.365097045898438,26.7083725539078,26.290472848642118,26.7083725539078,19610302
2019-08-30 00:00:00+00:00,26.52927589416504,26.656137945004804,26.32778663657788,26.581513738707987,18873346
2019-09-03 00:00:00+00:00,26.954641342163086,27.07404127494787,26.49942497280146,26.574052181129932,26624989
2019-09-04 00:00:00+00:00,26.73822593688965,27.16358779212246,26.64121237323375,27.088963589552765,20649441
2019-09-05 00:00:00+00:00,27.118812561035156,27.223291247243644,26.782999142720342,26.947174791704285,22096794
2019-09-06 00:00:00+00:00,27.23821258544922,27.290450422761786,26.94717192022912,27.13373691082408,20873416
2019-09-09 00:00:00+00:00,27.48447608947754,27.491938209452048,26.962100687208995,27.305376208738352,24675616
2019-09-10 00:00:00+00:00,27.89491844177246,27.89491844177246,26.8800130530091,27.3053779218456,32250397
2019-09-11 00:00:00+00:00,27.917299270629883,28.17848843661524,27.53671020032263,28.163564198687485,16963181
2019-09-12 00:00:00+00:00,27.82029151916504,28.07401861904698,27.656115866406267,28.036705016003904,16692303
2019-09-13 00:00:00+00:00,27.54417610168457,28.059089384949967,27.320300500225674,27.90237886428901,24099605
2019-09-16 00:00:00+00:00,27.48447608947754,27.62626537034419,27.126276327999165,27.208362648169086,19877070
2019-09-17 00:00:00+00:00,27.23821258544922,27.46208817380304,27.12627479127231,27.454626054251268,22091945
2019-09-18 00:00:00+00:00,27.148662567138672,27.402389647394774,27.059114127392643,27.2904518473745,19679550
2019-09-19 00:00:00+00:00,27.245677947998047,27.439702080788912,27.118812899166944,27.17851586358777,17746409
2019-09-20 00:00:00+00:00,27.380001068115234,27.797903800351467,27.223290543977054,27.52925247254966,45990658
2019-09-23 00:00:00+00:00,27.04418182373047,27.30537097502691,27.03671970518625,27.148657484249046,17295191
2019-09-24 00:00:00+00:00,26.872549057006836,27.297913896155155,26.850162697241267,27.066576176776355,24186560
2019-09-25 00:00:00+00:00,26.79045867919922,27.126272027515654,26.64120730201974,26.797920797990717,20269685
2019-09-26 00:00:00+00:00,26.700910568237305,27.044186077969545,26.54419705280731,26.917324041862027,17059728
2019-09-27 00:00:00+00:00,27.029260635375977,27.11880906845687,26.656133662930312,26.760609335233102,17583671
2019-09-30 00:00:00+00:00,26.81284523010254,27.096420748486008,26.805383111256905,27.074034391949105,17205391
2019-10-01 00:00:00+00:00,26.439722061157227,26.88001113953679,26.439722061157227,26.812849059883195,22013001
2019-10-02 00:00:00+00:00,25.894960403442383,26.320325292926658,25.86511192022281,26.312863172121762,22458000
2019-10-03 00:00:00+00:00,26.45465087890625,26.46957511961913,25.82033464320316,25.902423968024955,22076135
2019-10-04 00:00:00+00:00,26.81284523010254,26.850158824780586,26.454645522812857,26.48449399819539,18065349
2019-10-07 00:00:00+00:00,26.73822593688965,27.05911510870506,26.715836575803444,26.730763816677722,11759373
2019-10-08 00:00:00+00:00,26.439722061157227,26.775535459875506,26.43225994124575,26.60389770056063,14761270
2019-10-09 00:00:00+00:00,26.63374900817871,26.782997406342332,26.5143490894677,26.603897528275812,13634333
2019-10-10 00:00:00+00:00,26.7083740234375,26.87254966679473,26.566587740804206,26.61882558189289,12198680
2019-10-11 00:00:00+00:00,26.947179794311523,27.29792051888392,26.91733130738258,26.969569159959274,18446054
2019-10-14 00:00:00+00:00,27.088966369628906,27.126279974968373,26.850166496538083,26.984490675038987,8700981
2019-10-15 00:00:00+00:00,27.23821258544922,27.417312456042243,27.171050509033105,27.200898987240194,15178232
2019-10-16 00:00:00+00:00,27.118812561035156,27.424777497962246,27.103888320341294,27.335229053348584,14435795
2019-10-17 00:00:00+00:00,27.208364486694336,27.469553705702868,27.14120240193515,27.230753848581088,15312090
2019-10-18 00:00:00+00:00,27.208364486694336,27.387464379535672,27.126278160977673,27.185978125258117,14219198
2019-10-21 00:00:00+00:00,27.208364486694336,27.372540138578195,27.13374028145641,27.350153777141976,13237081
2019-10-22 00:00:00+00:00,27.18598175048828,27.387468031633876,27.05165456260695,27.171057507540667,14549416
2019-10-23 00:00:00+00:00,27.439699172973633,27.447164293073037,27.02926158911599,27.09642366640903,14000598
2019-10-24 00:00:00+00:00,27.1561279296875,27.491941369846497,27.059117358416508,27.424779281904833,19998385
2019-10-25 00:00:00+00:00,27.439699172973633,27.521788490015282,27.09642366640903,27.163585743702072,17497665
2019-10-28 00:00:00+00:00,27.82029151916504,27.969542930886803,27.47701597261048,27.506867455135055,25800339
2019-10-29 00:00:00+00:00,28.514307022094727,28.924744643530047,28.29789353065323,28.357593493762906,32212032
2019-10-30 00:00:00+00:00,28.71579360961914,28.96952070615253,28.58146944115768,28.66355576622846,22019430
2019-10-31 00:00:00+00:00,28.63370704650879,28.790420575378036,28.49191775835552,28.64863128722477,24539860
2019-11-01 00:00:00+00:00,28.64862632751465,29.059066879751654,28.648626327514645,28.87250190129848,19263220
2019-11-04 00:00:00+00:00,28.379980087280273,28.90982063972646,28.379980087280273,28.887431278095345,17709730
2019-11-05 00:00:00+00:00,27.96954345703125,28.43221894148654,27.96208133637237,28.379981096423787,21688474
2019-11-06 00:00:00+00:00,28.066556930541992,28.15610537859298,27.87252979227209,28.066556930541992,18757722
2019-11-07 00:00:00+00:00,27.810375213623047,28.315196372375933,27.78777250196391,28.179574043525076,22727297
2019-11-08 00:00:00+00:00,27.915857315063477,27.998739973642333,27.75009502735343,27.787769238475423,26626886
2019-11-11 00:00:00+00:00,27.8254451751709,27.88572209903552,27.689819824389616,27.810373672118857,12542916
2019-11-12 00:00:00+00:00,27.8555850982666,27.946002008446943,27.65214856508493,27.750099712872267,13338370
2019-11-13 00:00:00+00:00,27.576807022094727,27.84052052251743,27.350767744432005,27.84052052251743,25855252
2019-11-14 00:00:00+00:00,27.53913116455078,27.697359255411634,27.365834597259873,27.546668432214226,25190600
2019-11-15 00:00:00+00:00,28.08915901184082,28.23231861690969,27.51652665046178,27.599409324303817,36378810
2019-11-18 00:00:00+00:00,28.043947219848633,28.209712547812654,27.84804797402836,28.172038334234664,18084532
2019-11-19 00:00:00+00:00,28.375473022460938,28.39054452620119,28.119296841700518,28.202176479755952,26475110
2019-11-20 00:00:00+00:00,27.915857315063477,28.398075705523887,27.885720369724012,28.307658810610167,19947582
2019-11-21 00:00:00+00:00,28.43575096130371,28.586441752432364,27.90832410401011,28.036412185303796,20942664
2019-11-22 00:00:00+00:00,28.880294799804688,28.940571727723096,28.398079376457417,28.473424778993415,25544006
2019-11-25 00:00:00+00:00,29.144004821777344,29.29469863855646,28.970708295732823,28.99331100499823,31592385
2019-11-26 00:00:00+00:00,28.85015296936035,29.076192168172422,28.669322216200204,29.038517958554564,34620633
2019-11-27 00:00:00+00:00,29.10633659362793,29.1666135268412,28.880297336716076,28.91797155601749,19201034
2019-11-29 00:00:00+00:00,29.023456573486328,29.294704284184075,29.01592233561254,29.038525049233904,9793873
2019-12-02 00:00:00+00:00,28.85015296936035,29.23442021323038,28.82001299577656,29.226885977196314,15645998
2019-12-03 00:00:00+00:00,28.669322967529297,28.782342569897207,28.5110949183247,28.601508782550457,20869832
2019-12-04 00:00:00+00:00,28.737133026123047,28.827546886897576,28.54876803918257,28.80494417906582,14501248
2019-12-05 00:00:00+00:00,28.65426254272461,28.91044182086735,28.47343171492027,28.91044182086735,13098058
2019-12-06 00:00:00+00:00,28.85015296936035,29.023449486486435,28.797410287674367,28.84261873332629,12868708
2019-12-09 00:00:00+00:00,28.87275505065918,28.917963495329666,28.70699277316572,28.70699277316572,15641571
2019-12-10 00:00:00+00:00,28.993314743041992,29.068663175869904,28.77481277029569,28.835089698889167,19171311
2019-12-11 00:00:00+00:00,28.79741668701172,29.061130154043827,28.78234821159509,28.910436311532877,15569372
2019-12-12 00:00:00+00:00,29.038524627685547,29.098801559249093,28.759742683161054,28.759742683161054,13414469
2019-12-13 00:00:00+00:00,28.880294799804688,29.14400825285276,28.684395541431872,29.023454397015943,16678496
2019-12-16 00:00:00+00:00,29.490610122680664,29.686512468805592,29.128948447533205,29.159088435186636,24187824
2019-12-17 00:00:00+00:00,29.309768676757812,29.716638671398815,29.264560226364843,29.716638671398815,29038016
2019-12-18 00:00:00+00:00,29.302230834960938,29.4453904053515,29.11386584918676,29.39264772462313,27339390
2019-12-19 00:00:00+00:00,29.36250877380371,29.498134113018626,29.241954936355516,29.385114511729995,22022276
2019-12-20 00:00:00+00:00,29.55841064453125,29.791984080208294,29.36250838915853,29.64882450670919,58199772
2019-12-23 00:00:00+00:00,29.626222610473633,29.776913394715937,29.483063033051046,29.701568002594787,17454345
2019-12-24 00:00:00+00:00,29.603622436523438,29.71664206067216,29.535811267923844,29.63376241670559,5187683
2019-12-26 00:00:00+00:00,29.67143440246582,29.814590966579196,29.53580904602117,29.61115747608419,9384078
2019-12-27 00:00:00+00:00,29.626222610473633,29.852261816284724,29.573479927154537,29.709102238862137,10117662
2019-12-30 00:00:00+00:00,29.31730079650879,29.70156805292837,29.30223232394855,29.611154188119293,11554264
2019-12-31 00:00:00+00:00,29.5207462310791,29.535814708201226,29.166615812569287,29.226895779954898,15175703
2020-01-02 00:00:00+00:00,29.490610122680664,29.648838241601037,29.294710806004698,29.61116704384544,16514072
2020-01-03 00:00:00+00:00,29.332372665405273,29.56594611080107,29.13647040188126,29.174144613200728,14922848
2020-01-06 00:00:00+00:00,29.294694900512695,29.385111784932384,29.159072603330472,29.24948645830285,15771951
2020-01-07 00:00:00+00:00,29.196752548217773,29.48306872892917,29.14400985470924,29.475534491206265,20108107
2020-01-08 00:00:00+00:00,29.43031883239746,29.550872665354984,29.196745402361326,29.204279638240237,16403507
2020-01-09 00:00:00+00:00,29.302230834960938,29.588546946294578,29.226885446540763,29.588546946294578,21971895
2020-01-10 00:00:00+00:00,29.754310607910156,29.85979597427181,29.362509116901567,29.370043353149164,21557357
2020-01-13 00:00:00+00:00,29.69403648376465,29.965284161450604,29.543342656284025,29.852264548202115,15392405
2020-01-14 00:00:00+00:00,30.191328048706055,30.19886228682599,29.611161418987233,29.709109543994774,20919160
2020-01-15 00:00:00+00:00,30.64339828491211,30.794092094905388,30.26666527465269,30.281736776265312,23925800
2020-01-16 00:00:00+00:00,30.598194122314453,30.741353716265664,30.379689127543017,30.733819479128442,16216422
2020-01-17 00:00:00+00:00,30.522846221923828,30.748885435321736,30.455035063794007,30.56805467049296,23083970
2020-01-21 00:00:00+00:00,30.39475440979004,30.635862066621034,30.28173481696959,30.42489135217023,23115696
2020-01-22 00:00:00+00:00,30.281740188598633,30.44749945998819,30.115974858313276,30.37968829815648,18097812
2020-01-23 00:00:00+00:00,30.673538208007812,30.763955108673848,30.236531266649582,30.2817397169826,27148510
2020-01-24 00:00:00+00:00,30.002958297729492,30.86944410417238,29.867335960268832,30.846841391078343,34143698
2020-01-27 00:00:00+00:00,30.25912857055664,30.46256504598238,29.573476789599248,29.69403061598216,31964026
2020-01-28 00:00:00+00:00,28.737133026123047,29.754309408607146,28.59397345484608,29.62622133866552,70202408
2020-01-29 00:00:00+00:00,28.31519317626953,28.917965409736183,28.2925904671617,28.722066175791934,34165726
2020-01-30 00:00:00+00:00,28.216243743896484,28.292361859848377,27.92700286030331,28.239080402839594,32316589
2020-01-31 00:00:00+00:00,28.345640182495117,28.50548147545292,28.086844125584385,28.117291980677095,33894005
2020-02-03 00:00:00+00:00,28.551156997680664,28.95457508505339,28.39131261482632,28.513100997282546,20875735
2020-02-04 00:00:00+00:00,28.68816566467285,29.106803060938113,28.642495407169,28.985017747857086,31150865
2020-02-05 00:00:00+00:00,29.053524017333984,29.35799038572182,28.787119770487266,28.809953370939006,29443490
2020-02-06 00:00:00+00:00,29.12203025817871,29.304711318293002,28.946963459231146,29.25904105326443,21047748
2020-02-07 00:00:00+00:00,28.96217918395996,29.22858336300407,28.870838684611886,29.198138570150267,21903596
2020-02-10 00:00:00+00:00,28.779504776000977,29.091582336580718,28.711000915998653,29.08397113662424,19998385
2020-02-11 00:00:00+00:00,28.99262809753418,29.02307595510887,28.741446279216518,28.840397990842042,16027335
2020-02-12 00:00:00+00:00,28.726221084594727,29.0687433819037,28.71099562709245,28.992625275572728,22944315
2020-02-13 00:00:00+00:00,28.109682083129883,28.604434503040785,28.079234226627815,28.604434503040785,22099745
2020-02-14 00:00:00+00:00,27.789993286132812,28.193408256228878,27.721489434681338,28.140126802790252,21006747
2020-02-18 00:00:00+00:00,27.645370483398438,27.911777742492657,27.60731448952323,27.820437236405052,17988513
2020-02-19 00:00:00+00:00,27.57686996459961,27.782384597920778,27.561647565211057,27.706266480190163,17750941
2020-02-20 00:00:00+00:00,27.287628173828125,27.44747254331527,26.952717035967584,27.181065260836696,42953135
2020-02-21 00:00:00+00:00,27.18867301940918,27.26479112499495,27.044054127504403,27.219120873722176,32425256
2020-02-24 00:00:00+00:00,26.38945960998535,26.94510781405143,26.33617814957926,26.671089312019248,37969296
2020-02-25 00:00:00+00:00,25.82619857788086,26.44273940348913,25.65874300721696,26.39706914596373,41878898
2020-02-26 00:00:00+00:00,26.427518844604492,26.80048600951177,25.894704237031135,26.06215981935504,47920005
2020-02-27 00:00:00+00:00,25.955596923828125,27.18106746207976,25.955596923828125,26.214393027822023,55444827
2020-02-28 00:00:00+00:00,25.438007354736328,25.833809620025253,24.76057387668568,25.491288811459068,66057447
2020-03-02 00:00:00+00:00,26.549301147460938,26.60258260215996,25.460839986117975,25.810975041254842,42034469
2020-03-03 00:00:00+00:00,26.10782814025879,27.234346872120746,25.772917000494754,26.777650419786855,46174475
2020-03-04 00:00:00+00:00,27.706266403198242,27.751936661630918,26.60258430311054,26.716758418995266,38712155
2020-03-05 00:00:00+00:00,26.990772247314453,27.538809133061022,26.762424054985612,27.13539113691291,35096303
2020-03-06 00:00:00+00:00,26.655864715576172,26.770038826982145,25.97082004714034,26.41229103362131,40931036
2020-03-09 00:00:00+00:00,25.696807861328125,26.404686301260636,25.240111303850497,25.46845958258931,43183856
2020-03-10 00:00:00+00:00,26.32856559753418,26.381847055204123,25.125931790745845,26.31334319831245,40548329
2020-03-11 00:00:00+00:00,24.486557006835938,25.78814412216344,24.098364385250488,25.69680360165132,65350213
2020-03-12 00:00:00+00:00,22.850055694580078,24.357154089328642,22.834831767471012,23.200189185924714,62731445
2020-03-13 00:00:00+00:00,24.8975830078125,25.026979519110792,23.00990149285545,23.801510610513365,60553038
2020-03-16 00:00:00+00:00,22.971845626831055,24.57028484643671,22.568430604482767,22.789167645834592,50995050
2020-03-17 00:00:00+00:00,24.478946685791016,24.851915390617112,23.283922448021535,24.0831413198199,54220606
2020-03-18 00:00:00+00:00,24.63117790222168,24.821468616462543,23.070797717919532,23.420931285549315,43884976
2020-03-19 00:00:00+00:00,23.154523849487305,24.547448350210136,22.842447835004116,24.524613221307085,59820929
2020-03-20 00:00:00+00:00,22.081289291381836,23.344817434782,22.005172695698317,23.047963782754273,52488989
2020-03-23 00:00:00+00:00,21.685482025146484,22.51514712563654,21.221172853894817,21.8909951178923,52853041
2020-03-24 00:00:00+00:00,22.60648536682129,22.872891105706394,21.997557307856688,22.461864933689736,44466784
2020-03-25 00:00:00+00:00,22.64454460144043,23.382872281338685,22.07367402488756,22.45425542938744,44601275
2020-03-26 00:00:00+00:00,24.166868209838867,24.34954617863318,22.74349586631296,22.751108595993745,43269967
2020-03-27 00:00:00+00:00,23.519887924194336,24.15926253179277,23.337208371882376,23.443771316547906,38290344
2020-03-30 00:00:00+00:00,24.867137908935547,25.004147165075246,23.634057664072426,23.634057664072426,29943508
2020-03-31 00:00:00+00:00,24.844301223754883,25.11831817181908,24.539836417931106,24.66162172818186,29466151
2020-04-01 00:00:00+00:00,24.166868209838867,24.57028320524066,23.99941264001229,24.296264721852275,26709625
2020-04-02 00:00:00+00:00,25.019365310668945,25.118315482102687,24.1668651698072,24.281039268490527,27186876
2020-04-03 00:00:00+00:00,25.605464935302734,25.79575564851456,24.83669088238213,24.83669088238213,32837370
2020-04-06 00:00:00+00:00,26.313344955444336,26.564526800951658,25.71202648169885,25.818589404154714,40503217
2020-04-07 00:00:00+00:00,25.58262825012207,26.770039657668864,25.56740432070365,26.640643143498544,24226295
2020-04-08 00:00:00+00:00,26.336177825927734,26.48841100527346,25.453231200471155,25.871870148376388,25523980
2020-04-09 00:00:00+00:00,26.937501907348633,27.22674286622096,26.526472543334854,26.663483351470997,30648107
2020-04-13 00:00:00+00:00,26.747203826904297,27.386581338736885,26.42751813138199,27.371355878649926,18270141
2020-04-14 00:00:00+00:00,27.73671531677246,27.88133729724181,26.89943741498841,27.348522695927397,21845309
2020-04-15 00:00:00+00:00,27.378969192504883,27.5768695628548,27.082114046389183,27.44747304914932,21312196
2020-04-16 00:00:00+00:00,27.310466766357422,27.599710760452563,27.082118499730807,27.493147827974223,20657451
2020-04-17 00:00:00+00:00,28.094459533691406,28.16296339242214,27.485529884142057,27.782385039298525,24404843
2020-04-20 00:00:00+00:00,27.462696075439453,28.094459319620555,27.462696075439453,27.69104430973127,22530620
2020-04-21 00:00:00+00:00,27.112565994262695,27.348525458511126,26.922276794796552,27.234351326752574,23975233
2020-04-22 00:00:00+00:00,27.592092514038086,28.162963098152563,27.49314385708047,28.132518299209895,20182624
2020-04-23 00:00:00+00:00,27.927000045776367,28.46742576091567,27.614925595085296,27.614925595085296,20185365
2020-04-24 00:00:00+00:00,28.45220947265625,28.49026547457436,27.995512966485325,28.041180168787054,17353794
2020-04-27 00:00:00+00:00,29.175308227539062,29.335152605785748,28.59682643422211,28.61205189433655,23394057
2020-04-28 00:00:00+00:00,28.855623245239258,29.852742478292157,28.452208219910183,29.723345956679488,35666728
2020-04-29 00:00:00+00:00,29.015466690063477,29.34276358354571,28.703389135792502,29.274259724928218,26518535
2020-04-30 00:00:00+00:00,29.198144912719727,29.312319031509638,28.43698208052433,28.924126415545146,29450973
2020-05-01 00:00:00+00:00,28.650102615356445,28.878450810669968,28.459813472726317,28.809946964154598,22679867
2020-05-04 00:00:00+00:00,28.6348934173584,28.863241717926392,28.47504899488184,28.619667953030984,19893512
2020-05-05 00:00:00+00:00,29.312314987182617,29.57871918733965,29.129637034402307,29.540663193256403,24123952
2020-05-06 00:00:00+00:00,29.312314987182617,29.69289635077012,29.31231498718262,29.662448495109945,24047432
2020-05-07 00:00:00+00:00,28.412885665893555,29.589069622098247,28.359073206816465,29.52756701952984,33546080
2020-05-08 00:00:00+00:00,28.612751007080078,28.735753089945717,28.47437791383397,28.635815249883027,19893618
2020-05-11 00:00:00+00:00,29.289249420166016,29.37381316145664,28.566629548228654,28.63581609689817,25620421
2020-05-12 00:00:00+00:00,28.720378875732422,29.39687649261995,28.705004772864946,29.304628784521878,19335314
2020-05-13 00:00:00+00:00,28.482070922851562,28.766507310376774,28.128447974229633,28.68194664479046,24596882
2020-05-14 00:00:00+00:00,29.150890350341797,29.181638568594185,28.274519766731576,28.28989387585777,22362507
2020-05-15 00:00:00+00:00,29.027881622314453,29.34306620884195,28.743445243792834,29.181628844130742,25460002
2020-05-18 00:00:00+00:00,29.266191482543945,29.566001953642157,28.927942662009894,29.47375424224681,22635177
2020-05-19 00:00:00+00:00,28.966381072998047,29.227753195215826,28.68194470471242,29.097067134106936,19476234
2020-05-20 00:00:00+00:00,28.92794418334961,29.366130880925372,28.866444675553968,29.173942214532183,17504200
2020-05-21 00:00:00+00:00,28.643505096435547,28.94331555499546,28.48206774462846,28.881816053006073,17652181
2020-05-22 00:00:00+00:00,28.8280086517334,28.851072900827454,28.412886167871537,28.528198140660596,15781226
2020-05-26 00:00:00+00:00,28.8203182220459,29.112441646156377,28.789566923821614,28.94331723315627,23260094
2020-05-27 00:00:00+00:00,28.758819580078125,28.858757438691317,28.420570743920766,28.758819580078125,25904158
2020-05-28 00:00:00+00:00,29.350753784179688,29.55062950335556,28.99713084044615,29.08938164789555,22521767
2020-05-29 00:00:00+00:00,29.358449935913086,29.542948497679127,28.889511841444964,29.41994945650177,48333067
2020-06-01 00:00:00+00:00,27.259763717651367,27.467323393407227,26.83695113238702,27.290511925514416,76884979
2020-06-02 00:00:00+00:00,27.797887802124023,27.797887802124023,27.098328916361694,27.313578755332788,42690900
2020-06-03 00:00:00+00:00,27.797887802124023,27.990076483016956,27.321265808025508,27.897825668916852,38751996
2020-06-04 00:00:00+00:00,27.682571411132812,27.897821215744795,27.444260452123793,27.451947503589473,27013388
2020-06-05 00:00:00+00:00,27.667200088500977,28.051574336663705,27.58263633209415,27.859385667135573,36705655
2020-06-08 00:00:00+00:00,28.12844467163086,28.13613172297311,27.428885908767942,27.52113361576812,30194149
2020-06-09 00:00:00+00:00,27.836322784423828,28.18225865905239,27.805571486484393,28.059259649081348,21675088
2020-06-10 00:00:00+00:00,27.613388061523438,28.020823472739142,27.59032381355661,27.95163691062583,29557217
2020-06-11 00:00:00+00:00,25.599267959594727,27.42888668484619,25.58389385647523,27.367387181474932,63166642
2020-06-12 00:00:00+00:00,25.945207595825195,26.214266787065807,25.407083031556905,26.198892682627722,37902472
2020-06-15 00:00:00+00:00,25.645395278930664,25.92214461025754,25.184147423683697,25.599269875227264,36247482
2020-06-16 00:00:00+00:00,25.676143646240234,26.106643269697514,25.15339631125163,25.82220535615038,55616945
2020-06-17 00:00:00+00:00,25.79914665222168,25.96058403602725,25.614648109684094,25.822209356400606,27509822
2020-06-18 00:00:00+00:00,25.553146362304688,25.729957836479283,25.35327218596672,25.576209064468063,32278855
2020-06-19 00:00:00+00:00,25.6915225982666,25.937522193949224,25.46089710800028,25.899083839514738,43986266
2020-06-22 00:00:00+00:00,25.453208923339844,25.645396050624754,25.299460148779996,25.622333348079078,23332503
2020-06-23 00:00:00+00:00,25.19183349609375,25.560832075030106,25.168770795138975,25.522393724956583,37690408
2020-06-24 00:00:00+00:00,24.74596405029297,25.161088103069144,24.599902312866245,25.14571399673315,30817695
2020-06-25 00:00:00+00:00,24.845897674560547,24.892023076574894,24.46921204293236,24.684460312957025,27418651
2020-06-26 00:00:00+00:00,24.630647659301758,24.81514772041591,24.3000874323692,24.792085019595806,42153992
2020-06-29 00:00:00+00:00,25.09189796447754,25.114959120701204,24.753649127836255,24.953523299901853,23956261
2020-06-30 00:00:00+00:00,25.13802146911621,25.276396131747365,24.77671148132862,25.007335403898303,25451676
2020-07-01 00:00:00+00:00,25.937519073486328,26.552514125087562,25.922143424472956,26.552514125087562,73503009
2020-07-02 00:00:00+00:00,26.529455184936523,26.79082733096818,26.168145175589885,26.614015852507467,45270881
2020-07-06 00:00:00+00:00,26.529455184936523,26.898452246708374,26.429517321621542,26.867704037007528,27150935
2020-07-07 00:00:00+00:00,26.160457611083984,26.406455647449903,26.106645154267245,26.175831715633464,25148018
2020-07-08 00:00:00+00:00,25.945207595825195,26.42182956055408,25.806832928648603,26.145080226200893,24256545
2020-07-09 00:00:00+00:00,25.722270965576172,26.04514570724608,25.445521628558193,25.92983374106305,20363702
2020-07-10 00:00:00+00:00,26.006710052490234,26.168147440070634,25.745336338393592,25.876022422718442,24459019
2020-07-13 00:00:00+00:00,27.06757926940918,27.459640616961774,26.537144783141038,26.69858217223845,56569129
2020-07-14 00:00:00+00:00,27.08295440673828,27.22901458750735,26.813892112040417,27.190579324617428,32854129
2020-07-15 00:00:00+00:00,27.459636688232422,27.67488650956589,27.26745111398095,27.66719945750305,26294454
2020-07-16 00:00:00+00:00,27.367395401000977,27.398143616474893,27.106020115001694,27.367395401000977,18421812
2020-07-17 00:00:00+00:00,27.86707878112793,27.928581394198567,27.467330341534065,27.567268224156084,23347365
2020-07-20 00:00:00+00:00,28.05925941467285,28.920255568170695,27.92088321144142,28.820317714319103,36815693
2020-07-21 00:00:00+00:00,28.205320358276367,28.505133928117704,28.07463429402352,28.397509019594157,23588520
2020-07-22 00:00:00+00:00,29.642871856689453,29.773560992079716,28.843375306424193,29.38918681844255,90705554
2020-07-23 00:00:00+00:00,29.527565002441406,30.30400053427367,29.350753532093226,30.15794036310901,59639536
2020-07-24 00:00:00+00:00,28.95100975036621,29.327696997534524,28.697324628422013,29.235446176339927,33870501
2020-07-27 00:00:00+00:00,28.85875701904297,29.020194382710553,28.62044604496419,28.72038081123071,27640307
2020-07-28 00:00:00+00:00,29.996503829956055,30.242501866682062,29.258506628884476,29.627503683973483,56393954
2020-07-29 00:00:00+00:00,30.181001663208008,30.327064925962468,29.558316442537873,30.211752962538128,37033660
2020-07-30 00:00:00+00:00,30.072324752807617,30.22757776886328,29.653145042670385,29.715245624872097,32273796
2020-07-31 00:00:00+00:00,29.87049102783203,30.080082411933205,29.389210807869116,29.715241156225986,28472124
2020-08-03 00:00:00+00:00,29.769582748413086,30.010222884267918,29.6686681362473,29.971408851642003,31036400
2020-08-04 00:00:00+00:00,29.800634384155273,30.02575017735686,29.567756407891977,29.738533798558592,29448549
2020-08-05 00:00:00+00:00,29.847209930419922,29.909310514615914,29.598807593635946,29.8627342961932,24292697
2020-08-06 00:00:00+00:00,29.70748519897461,30.35178072810673,29.614332759612118,30.095613080411372,20922111
2020-08-07 00:00:00+00:00,29.847209930419922,29.979173281698547,29.62209414229586,29.73077094491457,23097251
2020-08-10 00:00:00+00:00,29.800634384155273,30.01022581123343,29.699719762147055,29.92483555534864,19964552
2020-08-11 00:00:00+00:00,29.334882736206055,29.94812962020148,29.241733404693854,29.9326021306966,21326847
2020-08-12 00:00:00+00:00,29.754056930541992,29.924834314125096,29.350401580354912,29.36592906693725,19957595
2020-08-13 00:00:00+00:00,29.629858016967773,29.63762020029761,29.404742215990208,29.55223306256633,15340021
2020-08-14 00:00:00+00:00,29.54446792602539,29.800632434716572,29.443553310618604,29.505653892152914,12901276
2020-08-17 00:00:00+00:00,29.769582748413086,29.816155842241,29.459076729611077,29.528942612558257,17494187
2020-08-18 00:00:00+00:00,29.777345657348633,29.854970603392022,29.629854826653187,29.847208420897957,10846398
2020-08-19 00:00:00+00:00,29.699718475341797,29.971410476244984,29.59104479608335,29.87049585860911,15690055
2020-08-20 00:00:00+00:00,30.056798934936523,30.111137331874783,29.598805212643775,29.63761612395493,21957455
2020-08-21 00:00:00+00:00,30.181001663208008,30.2741540974054,29.94036151615134,30.204288211205956,25467170
2020-08-24 00:00:00+00:00,30.149951934814453,30.305204962376525,29.917073954022854,30.289680595951225,25011947
2020-08-25 00:00:00+00:00,29.816160202026367,29.93259919582743,29.459081037183534,29.89378827862915,26221201
2020-08-26 00:00:00+00:00,29.53670310974121,29.707480474008367,29.233959290515926,29.645379898011445,24083689
2020-08-27 00:00:00+00:00,29.389217376708984,29.497894183785167,29.24949183681276,29.466842329862107,22156556
2020-08-28 00:00:00+00:00,29.428030014038086,29.544468998780644,29.032136841692818,29.396978161592067,32830519
2020-08-31 00:00:00+00:00,29.334882736206055,29.513422336133146,29.109766909971153,29.373696778313132,30032465
2020-09-01 00:00:00+00:00,28.62848472595215,29.358170569420707,28.341268323013836,29.334880897175147,36145560
2020-09-02 00:00:00+00:00,28.876876831054688,28.954501761723723,28.255868022396044,28.54308432330423,29068688
2020-09-03 00:00:00+00:00,28.255876541137695,29.102001337043365,28.022998557819093,29.008848895274703,35956788
2020-09-04 00:00:00+00:00,28.224821090698242,28.434412474245352,27.84445235195409,28.325735691747024,26872257
2020-09-08 00:00:00+00:00,27.891035079956055,28.418891631807647,27.696971135057147,28.356791044595873,26736818
2020-09-09 00:00:00+00:00,28.08510398864746,28.449945352592085,28.054052132452714,28.170491131252337,27490533
2020-09-10 00:00:00+00:00,27.673681259155273,28.193775623890385,27.619342855609634,28.100626304314304,21650741
2020-09-11 00:00:00+00:00,27.999711990356445,28.030760723524477,27.518431657427527,27.743544336204916,24109301
2020-09-14 00:00:00+00:00,28.72939682006836,29.14081436831695,28.162726247934337,28.22482683326792,29565543
2020-09-15 00:00:00+00:00,28.690584182739258,28.993324941139612,28.574145189423497,28.86912376441655,22003726
2020-09-16 00:00:00+00:00,28.550853729248047,28.96227122680448,28.50427751571094,28.938981559484645,22208412
2020-09-17 00:00:00+00:00,28.581905364990234,28.69834435012631,28.372313943304142,28.55085663354215,17894390
2020-09-18 00:00:00+00:00,28.434417724609375,28.77596937696805,28.387841506209543,28.550856710057506,31694623
2020-09-21 00:00:00+00:00,27.96089744567871,28.317979718356202,27.46409275517611,28.232589461486697,26608968
2020-09-22 00:00:00+00:00,28.139440536499023,28.20154425167252,27.74354729861246,27.79788570856173,22727297
2020-09-23 00:00:00+00:00,27.945375442504883,28.240354032710655,27.92208889108203,28.209302176376926,23102521
2020-09-24 00:00:00+00:00,27.759069442749023,27.976419919590317,27.58829206166479,27.906557154851946,20859925
2020-09-25 00:00:00+00:00,27.98418426513672,28.06180920984338,27.572766752316873,27.588291117037667,14365598
2020-09-28 00:00:00+00:00,28.248111724853516,28.395602557055867,28.069572162357677,28.069572162357677,15044269
2020-09-29 00:00:00+00:00,28.07733917236328,28.36455558247394,27.968662355445375,28.279168438383188,13512491
2020-09-30 00:00:00+00:00,28.488758087158203,28.690587362529328,28.13944106849597,28.154968558134595,22629275
2020-10-01 00:00:00+00:00,28.232585906982422,28.791494234533857,28.06957071802137,28.651765592094698,22520396
2020-10-02 00:00:00+00:00,28.2403507232666,28.457704328821595,27.968658716322857,27.991948386119688,21461759
2020-10-05 00:00:00+00:00,28.527570724487305,28.628485357202365,28.20930245857159,28.356793315701545,19400029
2020-10-06 00:00:00+00:00,28.07733917236328,28.744924441686607,28.015238579996378,28.721634768859452,25233392
2020-10-07 00:00:00+00:00,28.310211181640625,28.403363611025213,27.96865643536733,28.147199111871558,22160034
2020-10-08 00:00:00+00:00,28.636245727539062,28.86136153036828,28.341267153063587,28.41112992470984,17857395
2020-10-09 00:00:00+00:00,28.558618545532227,28.81478306196078,28.403365526455705,28.58966727668582,23667465
2020-10-12 00:00:00+00:00,28.581905364990234,28.861359553537394,28.310213359305095,28.48875292844022,19413837
2020-10-13 00:00:00+00:00,28.64400291442871,28.822542464649263,28.434414636049393,28.46546336420816,21543233
2020-10-14 00:00:00+00:00,28.612957000732422,28.954508649587716,28.387841215028057,28.729395984986205,22120298
2020-10-15 00:00:00+00:00,28.372310638427734,28.51980145893468,28.263636969915133,28.43441433629567,16089205
2020-10-16 00:00:00+00:00,29.459083557128906,29.59105005020087,28.737162982250123,28.775973902768307,42993503
2020-10-19 00:00:00+00:00,29.342634201049805,30.15771006091704,29.21843305700402,29.82391753560507,31931352
2020-10-20 00:00:00+00:00,29.101999282836914,29.412505319412904,28.993322482145604,29.39697783281212,22384852
2020-10-21 00:00:00+00:00,28.783733367919922,29.070946605894076,28.76820588175971,28.993321659503987,18984859
2020-10-22 00:00:00+00:00,29.055431365966797,29.164108197705545,28.74492836178732,28.78374240772365,19243616
2020-10-23 00:00:00+00:00,29.637617111206055,29.71524517861949,29.226199589884708,29.443553184877945,30557884
2020-10-26 00:00:00+00:00,29.435800552368164,29.513425523863138,29.094245684024283,29.396986506068803,33783124
2020-10-27 00:00:00+00:00,29.055431365966797,29.59105333969402,28.62072716011553,28.75269054675384,36851529
2020-10-28 00:00:00+00:00,27.518434524536133,28.822550117734682,27.417519889019765,28.566385557996767,33857537
2020-10-29 00:00:00+00:00,27.38646125793457,27.665915421959813,26.858604779710273,27.541714264860286,27545341
2020-10-30 00:00:00+00:00,27.541717529296875,27.580531565904465,27.044909720911026,27.355415771565795,25631067
2020-11-02 00:00:00+00:00,28.12391471862793,28.139439086069416,27.588295951967595,27.891036722592723,21430666
2020-11-03 00:00:00+00:00,28.09286117553711,28.42665378210266,28.00747403863359,28.279166058059396,21636617
2020-11-04 00:00:00+00:00,28.977792739868164,29.591039395381472,28.690576425934427,28.768201360123832,40870536
2020-11-05 00:00:00+00:00,28.538618087768555,29.25227880190323,28.538618087768555,29.213068753786263,33926995
2020-11-06 00:00:00+00:00,28.54646110534668,28.797421188158935,28.303346185635316,28.538619095446393,23870676
2020-11-09 00:00:00+00:00,30.74234390258789,32.93038450087785,30.09926440129991,32.82843206509789,230153864
2020-11-10 00:00:00+00:00,30.334543228149414,31.79323619373275,30.162009515953482,31.72265493719833,80091668
2020-11-11 00:00:00+00:00,30.193378448486328,31.526589670679353,29.722832569312086,30.491390628416617,58980997
2020-11-12 00:00:00+00:00,29.44835090637207,30.067904546455843,29.205235918871313,30.020849320732783,46767877
2020-11-13 00:00:00+00:00,30.2874813079834,30.318852500172756,29.573820582581337,29.699299044937682,40175634
2020-11-16 00:00:00+00:00,29.275806427001953,29.762036223397153,28.899367912695727,29.69145498733984,75530167
2020-11-17 00:00:00+00:00,29.7903995513916,30.17063140964915,29.608548161268125,30.16236687064385,46984500
2020-11-18 00:00:00+00:00,30.021846771240234,30.931097484790424,30.005314538768296,30.52606882543115,63442700
2020-11-19 00:00:00+00:00,29.91438865661621,30.27809146240666,29.641614705474282,30.25329153724764,43261800
2020-11-20 00:00:00+00:00,30.33595085144043,30.840172871884104,30.121034996890316,30.33595085144043,60633800
2020-11-23 00:00:00+00:00,30.187158584594727,30.658316058996437,29.9309137735411,30.60871937366988,43673100
2020-11-24 00:00:00+00:00,30.253292083740234,30.369017712437323,29.773869949084737,29.864795652174823,42485300
2020-11-25 00:00:00+00:00,30.195430755615234,30.22023068114801,29.955721265605437,30.195430755615234,26955800
2020-11-27 00:00:00+00:00,30.774038314819336,30.79883508072938,30.37727429425794,30.402071060167984,25277000
2020-11-30 00:00:00+00:00,31.666763305664062,32.07179190958076,31.079880169449293,31.369189468304572,65425900
2020-12-01 00:00:00+00:00,32.57601547241211,33.477001566629674,32.24537715862193,32.56775093350765,72499700
2020-12-02 00:00:00+00:00,33.724979400634766,34.22920142032035,33.31168307672208,33.452205466516766,84347500
2020-12-03 00:00:00+00:00,33.138099670410156,33.91509563108291,32.6669421092404,33.873766628966415,68570100
2020-12-04 00:00:00+00:00,33.344749450683594,33.43567515166825,32.97278210720132,32.97278210720132,35368100
2020-12-07 00:00:00+00:00,34.096946716308594,34.220936874739095,33.36954430346448,33.609256928056396,48253700
2020-12-08 00:00:00+00:00,35.179786682128906,35.3533703935201,34.17960711201571,34.22093926985251,87039300
2020-12-09 00:00:00+00:00,34.592899322509766,35.60961100337313,33.99775478997578,35.60134331151539,86118500
2020-12-10 00:00:00+00:00,34.49371337890625,34.898745193850544,34.26226842933862,34.56810684886741,57749200
2020-12-11 00:00:00+00:00,33.9894905090332,34.774754194691205,33.63405540029538,34.69209618702231,60737000
2020-12-14 00:00:00+00:00,32.41069793701172,34.435850615592734,32.2949754673558,34.40278615191938,94809700
2020-12-15 00:00:00+00:00,31.99740219116211,32.38590176349115,31.584105847220876,32.2867115238415,65712800
2020-12-16 00:00:00+00:00,31.27826690673828,31.79902117419541,31.195608900627988,31.55930854199442,56515300
2020-12-17 00:00:00+00:00,31.435317993164062,31.509711459029063,30.84017341944483,31.27000198297586,52036400
2020-12-18 00:00:00+00:00,31.14600944519043,31.484912285333724,30.997222524815275,31.402254286547763,60259200
2020-12-21 00:00:00+00:00,30.89803695678711,30.914569189678392,30.509537366844416,30.815375792330677,40891800
2020-12-22 00:00:00+00:00,30.3690185546875,30.856708395804507,30.253292922780894,30.757514997027418,33634400
2020-12-23 00:00:00+00:00,30.94762420654297,31.12121103998796,30.4847343925573,30.59218915468948,36182000
2020-12-24 00:00:00+00:00,30.807104110717773,31.05508124019846,30.73271065655354,30.914562022999508,14790100
2020-12-28 00:00:00+00:00,30.43514633178711,31.063358619140732,30.31942384548546,30.881507195980273,26993700
2020-12-29 00:00:00+00:00,30.625255584716797,30.749245737557178,30.41034289342079,30.501268585076993,23152100
2020-12-30 00:00:00+00:00,30.3690185546875,30.782314923322218,30.33595408842847,30.608728052062833,24889800
2020-12-31 00:00:00+00:00,30.426870346069336,30.517792870247366,29.997041877772883,30.30288021269918,30796500
2021-01-04 00:00:00+00:00,30.426870346069336,30.534325098243393,29.98050964977686,30.476463876857338,33565700
2021-01-05 00:00:00+00:00,30.740976333618164,30.88976324746007,30.25328659451423,30.35247997254243,29909400
2021-01-06 00:00:00+00:00,30.476469039916992,30.980691043016453,30.393811039133734,30.443407731524054,34962500
2021-01-07 00:00:00+00:00,30.633527755737305,30.707921227678963,30.311153941856098,30.616995522727933,27809500
2021-01-08 00:00:00+00:00,30.691383361816406,31.022018501718602,30.501267446902546,30.716180130178948,33462400
2021-01-11 00:00:00+00:00,31.22040557861328,31.270002274051876,30.707919005217686,30.76578023996231,47286900
2021-01-12 00:00:00+00:00,30.732711791992188,31.236933760711864,30.435137964341205,31.16254030379912,47831100
2021-01-13 00:00:00+00:00,30.468202590942383,30.72444426922601,30.28635121677949,30.583925046064074,31027900
2021-01-14 00:00:00+00:00,30.377281188964844,30.55086489613358,30.26155871751902,30.40207796050299,30272000
2021-01-15 00:00:00+00:00,30.33595085144043,30.402076623701507,30.087973687360137,30.31941862007498,34287800
2021-01-19 00:00:00+00:00,30.360754013061523,30.58393445367521,30.269828298011348,30.385550788729248,33451300
2021-01-20 00:00:00+00:00,30.170635223388672,30.426880109753405,30.13757075678656,30.41034787645235,35400100
2021-01-21 00:00:00+00:00,30.15410041809082,30.245026116890568,29.881326474892397,30.07970695118201,33829700
2021-01-22 00:00:00+00:00,30.211965560913086,30.44341368412234,29.96398835687574,30.021849599377745,26271200
2021-01-25 00:00:00+00:00,30.815378189086914,30.823645882776106,30.021849867792263,30.211965831027364,31728500
2021-01-26 00:00:00+00:00,30.840173721313477,31.07988319971299,30.716183559257914,30.807109257671886,27718700
2021-01-27 00:00:00+00:00,29.955720901489258,30.616994432307813,29.897856511416773,30.575665427856826,50561200
2021-01-28 00:00:00+00:00,29.964075088500977,30.356801012347457,29.947363007964594,30.039277857162997,39466700
2021-01-29 00:00:00+00:00,29.997501373291016,30.816374252526614,29.763535416721083,30.816374252526614,60251900
2021-02-01 00:00:00+00:00,29.9139404296875,30.239818048631154,29.84709529150851,30.02256736516992,40395800
2021-02-02 00:00:00+00:00,29.237119674682617,29.8972293823605,28.63549747274458,29.880517300361806,84062400
2021-02-03 00:00:00+00:00,29.111770629882812,29.48778437662766,29.06163440114929,29.2371096079653,38524200
2021-02-04 00:00:00+00:00,29.1535587310791,29.31232191340891,28.994798736252957,29.08671359181155,34284900
2021-02-05 00:00:00+00:00,29.178625106811523,29.31232175965265,29.061643723079175,29.178625106811523,31749600
2021-02-08 00:00:00+00:00,29.09506607055664,29.2538260546423,29.028220935811316,29.212047446988542,31633900
2021-02-09 00:00:00+00:00,29.220407485961914,29.295610260929507,29.0449322193684,29.078356383243708,30170200
2021-02-10 00:00:00+00:00,29.02821922302246,29.312318200809784,28.994795063870242,29.245469882505354,29039900
2021-02-11 00:00:00+00:00,28.769187927246094,29.086711076948706,28.64384891913882,29.078353443073084,30885200
2021-02-12 00:00:00+00:00,29.01151466369629,29.20369884738387,28.710703528357783,28.777548676486294,25578600
2021-02-16 00:00:00+00:00,28.986434936523438,29.128486006947565,28.87781120987891,29.12012837412692,28730300
2021-02-17 00:00:00+00:00,29.1535587310791,29.245473586637694,28.794256943442974,28.886171799001566,26389400
2021-02-18 00:00:00+00:00,28.8778133392334,29.145200234156587,28.844389180492193,29.061639837303577,24052500
2021-02-19 00:00:00+00:00,28.777544021606445,28.97808580856173,28.744123046700206,28.961373727356825,28145300
2021-02-22 00:00:00+00:00,28.627134323120117,28.719049162654134,28.44330783155519,28.68562819259885,34322500
2021-02-23 00:00:00+00:00,28.334684371948242,28.56864712840969,28.142500223782985,28.409887141882777,37624200
2021-02-24 00:00:00+00:00,28.200990676879883,28.45166551206257,28.134142354162652,28.301259973452265,30686100
2021-02-25 00:00:00+00:00,28.259483337402344,28.501803742905796,28.025520566573462,28.259483337402344,37506100
2021-02-26 00:00:00+00:00,27.983736038208008,28.32632567483568,27.875109122934937,28.27618943990126,41462800
2021-03-01 00:00:00+00:00,28.150856018066406,28.351397809993248,28.000450470997187,28.067298797474013,30407800
2021-03-02 00:00:00+00:00,28.00044822692871,28.317971377238774,27.99209378054049,28.142499315555604,27670400
2021-03-03 00:00:00+00:00,28.73577117919922,28.78590743287555,27.941964693930423,28.000455396134043,46020200
2021-03-04 00:00:00+00:00,28.577007293701172,29.320677424753736,28.27619618731951,28.627140353095598,45449600
2021-03-05 00:00:00+00:00,28.73577117919922,28.869464668165232,28.37646932994602,28.652213943909537,30589900
2021-03-08 00:00:00+00:00,28.702341079711914,29.136845625951814,28.68563218610967,28.810968013147775,24352300
2021-03-09 00:00:00+00:00,28.785898208618164,29.120130230178574,28.777540575264823,28.861100971282312,25167100
2021-03-10 00:00:00+00:00,29.186981201171875,29.362453267510748,28.844391515104007,28.94466081194001,33501800
2021-03-11 00:00:00+00:00,29.00315284729004,29.3457425492638,28.961374237293946,29.303963939267707,24557900
2021-03-12 00:00:00+00:00,29.19533348083496,29.228757639800634,28.836031740712077,28.877813533170787,16342400
2021-03-15 00:00:00+00:00,29.58806610107422,29.604778184353332,29.212052196054128,29.253830810499924,21896100
2021-03-16 00:00:00+00:00,29.939008712768555,29.964075239948105,29.50450417913672,29.638197636600093,25022400
2021-03-17 00:00:00+00:00,29.905590057373047,30.047637987547223,29.345746409765066,29.939014224768396,42540100
2021-03-18 00:00:00+00:00,29.888877868652344,30.05599551753784,29.67998160442148,29.688336052488943,24729800
2021-03-19 00:00:00+00:00,29.68832778930664,29.930648153370136,29.638194739847396,29.872157470665588,48348900
2021-03-22 00:00:00+00:00,30.081052780151367,30.08940722564451,29.54627901850472,29.646548301937703,25427500
2021-03-23 00:00:00+00:00,29.546281814575195,30.02256494033306,29.512857654433468,29.93065009369499,27970500
2021-03-24 00:00:00+00:00,29.75517463684082,30.022561512438415,29.55463288639113,29.646547722534613,22883400
2021-03-25 00:00:00+00:00,29.805309295654297,29.905581770053228,29.45436519776752,29.788600404090968,24875300
2021-03-26 00:00:00+00:00,30.289949417114258,30.323373574575267,29.780242172094738,29.813666329555744,27944500
2021-03-29 00:00:00+00:00,30.599119186401367,30.699391672814848,29.99750020543819,30.106123951130815,27004800
2021-03-30 00:00:00+00:00,30.172975540161133,30.607480132456214,30.097772760965757,30.57405596670185,26303300
2021-03-31 00:00:00+00:00,30.27324104309082,30.440358663343883,30.114481056977326,30.206395907491686,26582700
2021-04-01 00:00:00+00:00,30.33173179626465,30.457070808595653,30.09776903991716,30.33173179626465,21319900
2021-04-05 00:00:00+00:00,30.315025329589844,30.557345764970684,30.164619761939946,30.44871881333374,22096900
2021-04-06 00:00:00+00:00,30.122833251953125,30.415289862410933,30.08105464688865,30.29830530572586,20722900
2021-04-07 00:00:00+00:00,30.00585174560547,30.28159627527633,29.880512743481763,30.106121034802495,21933800
2021-04-08 00:00:00+00:00,30.047632217407227,30.206395388295338,29.97242944896113,30.047632217407227,18129400
2021-04-09 00:00:00+00:00,30.582406997680664,30.7578822545348,29.997500099845304,29.997500099845304,31686700
2021-04-12 00:00:00+00:00,30.89157485961914,30.94170791375751,30.356801032120217,30.48213685496959,29944900
2021-04-13 00:00:00+00:00,31.050336837768555,31.459774868714227,30.82472851714587,31.25923307677063,33967400
2021-04-14 00:00:00+00:00,31.058687210083008,31.23416245032605,30.88321515734319,31.058687210083008,23842900
2021-04-15 00:00:00+00:00,31.41798973083496,31.53497428974245,31.13389074849482,31.13389074849482,24945800
2021-04-16 00:00:00+00:00,32.2285041809082,32.33713109302707,31.593461161027054,31.643594207002746,52829500
2021-04-19 00:00:00+00:00,32.52932357788086,32.554390107319335,32.02797386408893,32.25357900404268,30905100
2021-04-20 00:00:00+00:00,32.612876892089844,32.788352139638235,32.37891414536313,32.37891414536313,26459400
2021-04-21 00:00:00+00:00,33.030670166015625,33.14765154233034,32.69643811761694,32.704792564137946,29365000
2021-04-22 00:00:00+00:00,32.28699493408203,33.005598344753075,32.18672565439626,32.98888626688829,33373600
2021-04-23 00:00:00+00:00,32.3037109375,32.445762022861274,32.11152679995513,32.2786444114082,24375000
2021-04-26 00:00:00+00:00,32.3204231262207,32.370559366076435,32.16166314793256,32.362201732348815,19773400
2021-04-27 00:00:00+00:00,32.12824630737305,32.26193978994257,32.04468588857706,32.17837937114658,19061500
2021-04-28 00:00:00+00:00,32.429054260253906,32.53767801278169,32.18673385076195,32.20344593288247,21963300
2021-04-29 00:00:00+00:00,32.25358200073242,32.587817299316775,32.011264756138004,32.57946285122898,23569400
2021-04-30 00:00:00+00:00,32.29536056518555,32.50425680897716,32.16166709665906,32.17002154390909,28413200
2021-05-03 00:00:00+00:00,33.281349182128906,33.28970362889979,32.554388000424105,32.62123632460532,46638600
2021-05-04 00:00:00+00:00,33.381614685058594,33.565441180646864,32.94711018979901,33.42339328916942,52802200
2021-05-05 00:00:00+00:00,33.39833450317383,34.33418883962327,32.529325311290236,33.57380659360111,76627500
2021-05-06 00:00:00+00:00,33.069236755371094,33.10299025862087,32.03134067227478,32.47012655778815,54944900
2021-05-07 00:00:00+00:00,33.39833450317383,33.643039397827835,32.95110855312656,32.95110855312656,33807800
2021-05-10 00:00:00+00:00,33.63460159301758,33.989003772294105,33.5670945766344,33.60928807132974,30831900
2021-05-11 00:00:00+00:00,33.20425033569336,33.81180056952511,33.10299303635857,33.48271193250341,30568600
2021-05-12 00:00:00+00:00,33.49114990234375,33.68522774091852,33.1705012397828,33.28019531012183,26208600
2021-05-13 00:00:00+00:00,33.83711242675781,33.98899997775147,33.33082273605319,33.33082273605319,25415000
2021-05-14 00:00:00+00:00,33.76960372924805,34.02274853781204,33.6852199804528,33.95524475768672,18041100
2021-05-17 00:00:00+00:00,33.84555435180664,34.090262444531554,33.76117058591277,33.81180084544909,18095000
2021-05-18 00:00:00+00:00,33.794921875,34.048066718249814,33.60928404003618,33.90461915400907,15805500
2021-05-19 00:00:00+00:00,33.60928726196289,33.668354290419884,33.271758625998686,33.668354290419884,20209500
2021-05-20 00:00:00+00:00,33.85398864746094,33.96368592565885,33.516463265260796,33.5249000317785,18621100
2021-05-21 00:00:00+00:00,33.71053695678711,34.259016842798594,33.67678345702646,33.92992826740952,21144800
2021-05-24 00:00:00+00:00,33.592403411865234,33.87086174163638,33.56708667722353,33.82023471017488,16922300
2021-05-25 00:00:00+00:00,33.187381744384766,33.6346045003902,33.11143795384498,33.60085098928097,25916300
2021-05-26 00:00:00+00:00,32.84141159057617,33.16206349370983,32.72327752597741,33.15362672577214,28036500
2021-05-27 00:00:00+00:00,32.61357879638672,33.06080146826718,32.571385305981,32.883600396644134,38471200
2021-05-28 00:00:00+00:00,32.68107604980469,32.92578408199887,32.63888578674966,32.69795279880884,16154100
2021-06-01 00:00:00+00:00,32.487003326416016,32.908912460525315,32.4701265747823,32.85828220562416,23642400
2021-06-02 00:00:00+00:00,32.731712341308594,32.84984638724251,32.52075776816623,32.60513830985864,19629000
2021-06-03 00:00:00+00:00,32.883602142333984,32.94266916934402,32.596703774466,32.70639784239232,17376300
2021-06-04 00:00:00+00:00,33.03548812866211,33.330823249638655,32.92579084705165,32.951104366303525,19375300
2021-06-07 00:00:00+00:00,32.90047836303711,33.41520484451941,32.883601610034354,32.97642214209376,24110700
2021-06-08 00:00:00+00:00,32.78234100341797,33.00173557294934,32.47012912098954,32.96798206703505,18880300
2021-06-09 00:00:00+00:00,33.592403411865234,33.617716927595986,32.89203276681215,32.908909516936305,29824000
2021-06-10 00:00:00+00:00,34.32653045654297,34.36028396280743,33.659913192921756,33.66835317894364,42613700
2021-06-11 00:00:00+00:00,33.87931442260742,34.31809721462779,33.7105500770315,34.309660445859464,21386900
2021-06-14 00:00:00+00:00,33.44052505493164,33.81180400280014,33.2295704488653,33.778050493290685,23408300
2021-06-15 00:00:00+00:00,33.406776428222656,33.61773106512254,33.238012074920285,33.50803375263916,20206900
2021-06-16 00:00:00+00:00,33.16205978393555,33.617722455481115,33.14518303103629,33.432081392500734,19177500
2021-06-17 00:00:00+00:00,33.31394577026367,33.40676629737709,32.967980399420874,33.13674470154424,19580100
2021-06-18 00:00:00+00:00,32.748592376708984,33.280195636708605,32.65577184019461,33.16206157893091,37775900
2021-06-21 00:00:00+00:00,33.26332473754883,33.31395500789852,32.80766518005052,32.80766518005052,19488100
2021-06-22 00:00:00+00:00,33.423641204833984,33.491144990611005,33.12830288768995,33.2548769120247,15975900
2021-06-23 00:00:00+00:00,32.951107025146484,33.46583675087777,32.89203999618503,33.44052322958333,22025400
2021-06-24 00:00:00+00:00,33.069236755371094,33.20424754945896,32.97641944980107,33.027046485764494,13436500
2021-06-25 00:00:00+00:00,32.89204406738281,33.25488627243478,32.816100275187935,33.01017813992772,22774300
2021-06-28 00:00:00+00:00,33.010169982910156,33.08611375633886,32.82453215145986,32.91734945772938,19225700
2021-06-29 00:00:00+00:00,32.9932975769043,33.145185143767726,32.892040271965904,33.01861431732266,14516600
2021-06-30 00:00:00+00:00,33.04392623901367,33.13674677192651,32.757027873151955,33.02704948585574,21248100
2021-07-01 00:00:00+00:00,33.38145446777344,33.4405214936687,33.00173557350999,33.052362613470784,20035900
2021-07-02 00:00:00+00:00,33.52490234375,33.60928610930285,33.229567211593825,33.297071005124586,16592700
2021-07-06 00:00:00+00:00,33.153621673583984,33.457396775638976,32.942667099258166,33.313945991263516,18931900
2021-07-07 00:00:00+00:00,33.20425033569336,33.21269032166964,32.88360168464794,33.0945562692938,17665200
2021-07-08 00:00:00+00:00,33.119869232177734,33.17893625737189,32.84984762588691,32.90891465108106,23021200
2021-07-09 00:00:00+00:00,33.423641204833984,33.83711034236002,33.29706718049923,33.35613420014581,21578700
2021-07-12 00:00:00+00:00,33.55021667480469,33.96368908872769,33.415205865568694,33.46583612612404,24513000
2021-07-13 00:00:00+00:00,33.45740509033203,33.58397593503556,33.35614455187463,33.558662409877286,12222000
2021-07-14 00:00:00+00:00,33.71053695678711,33.778040737397504,33.46582891188876,33.51645916152973,15888600
2021-07-15 00:00:00+00:00,33.82867431640625,33.91305485520157,33.63459650204802,33.710540274528306,20250800
2021-07-16 00:00:00+00:00,34.04807662963867,34.04807662963867,33.693674389704775,33.87087550967172,24270400
2021-07-19 00:00:00+00:00,33.87931442260742,34.04807554927118,33.482718693340836,33.81180739681219,29818400
2021-07-20 00:00:00+00:00,34.63874816894531,35.195668240344745,33.92150374418813,33.96369402465995,48804100
2021-07-21 00:00:00+00:00,34.61343002319336,34.79907109517885,34.19152083698024,34.79907109517885,27530200
2021-07-22 00:00:00+00:00,34.99314498901367,35.060648777362516,34.51216882847477,34.69780666061755,18913300
2021-07-23 00:00:00+00:00,35.170345306396484,35.296919332860504,34.95095075638035,34.98470425929225,21609200
2021-07-26 00:00:00+00:00,35.28004837036133,35.38974244445743,34.9256429694559,35.11972081467793,23720000
2021-07-27 00:00:00+00:00,35.524749755859375,35.60913351866329,35.08596706492469,35.28848165783125,32544100
2021-07-28 00:00:00+00:00,36.663909912109375,36.90861801923541,35.651327194173,35.73570774612115,53822400
2021-07-29 00:00:00+00:00,36.43401336669922,36.86825700460931,36.28926332201877,36.80865500034843,29015000
2021-07-30 00:00:00+00:00,36.45104217529297,36.77459497759388,36.34886452903058,36.51064417824659,24763300
2021-08-02 00:00:00+00:00,37.43022537231445,37.58348861458314,36.82568883229129,36.86826123335126,43066900
2021-08-03 00:00:00+00:00,38.89472961425781,39.04799281814406,37.52387720620039,37.609021986997114,45643300
2021-08-04 00:00:00+00:00,38.47752380371094,38.99691556556879,38.324260554373666,38.613757442225605,43391200
2021-08-05 00:00:00+00:00,38.36683654785156,38.43495174368369,38.06031004644155,38.31574771492783,23505400
2021-08-06 00:00:00+00:00,38.37535095214844,38.57970304228892,38.00070924296823,38.39238056366567,20413000
2021-08-09 00:00:00+00:00,39.15017318725586,39.19274558415972,38.40940308731863,38.40940308731863,32374300
2021-08-10 00:00:00+00:00,41.031898498535156,41.35545454129456,39.07353913079965,39.33749317200673,81189400
2021-08-11 00:00:00+00:00,39.431156158447266,40.938242368357315,39.38858051422804,40.682801495304446,50878200
2021-08-12 00:00:00+00:00,40.223018646240234,40.35925227488522,39.456702455070975,39.59293608371596,29676400
2021-08-13 00:00:00+00:00,41.27882766723633,41.295857276499696,40.29113306642206,40.36776468407429,35379200
2021-08-16 00:00:00+00:00,41.644954681396484,41.69604350738957,40.45290805941724,41.06596097907122,38045800
2021-08-17 00:00:00+00:00,42.93065643310547,42.99026168351243,41.47465909350945,41.53426109585089,68817000
2021-08-18 00:00:00+00:00,41.98553466796875,44.15675913337488,41.8663274234752,42.76887707196315,88598000
2021-08-19 00:00:00+00:00,41.551292419433594,42.538986960824374,41.09150274118297,41.29585479198291,57741600
2021-08-20 00:00:00+00:00,41.48316955566406,42.34314350010834,41.43208074040463,41.70454792565816,35157500
2021-08-23 00:00:00+00:00,42.51344299316406,43.731032339903884,42.23245933711692,42.81996943682801,88652400
2021-08-24 00:00:00+00:00,41.19367980957031,42.61561797276395,41.074475801645775,42.35166716894978,52624100
2021-08-25 00:00:00+00:00,40.452903747558594,41.10852899495777,39.95905814119393,40.904180208898396,51036800
2021-08-26 00:00:00+00:00,40.34220886230469,41.006347168707414,40.274090447255794,40.61467602637067,29029300
2021-08-27 00:00:00+00:00,39.67807388305664,40.444389939022145,39.61847188404436,40.33369912025705,32924500
2021-08-30 00:00:00+00:00,39.81431579589844,40.15490150252474,39.303440484025,39.33749970430084,25774400
2021-08-31 00:00:00+00:00,39.226806640625,40.137869618971685,39.10760262447734,39.78025757052869,34547800
2021-09-01 00:00:00+00:00,39.201255798339844,39.38857496463678,38.67334776660393,39.32897296880614,32900100
2021-09-02 00:00:00+00:00,39.88243103027344,39.9079738193939,39.27789453527359,39.57590456856485,26106300
2021-09-03 00:00:00+00:00,39.88243103027344,40.0442074414793,39.45670055524835,39.933519856580126,20817200
2021-09-07 00:00:00+00:00,39.80580139160156,40.44439713585186,39.6269953627473,40.010153458910665,26236900
2021-09-08 00:00:00+00:00,39.601444244384766,39.83985550034063,39.3800658439245,39.601444244384766,15839600
2021-09-09 00:00:00+00:00,39.1927490234375,39.78025919568972,39.03948578268179,39.56739394442523,21695300
2021-09-10 00:00:00+00:00,38.81810760498047,39.465216543917506,38.74998916505763,39.39710135206065,20801500
2021-09-13 00:00:00+00:00,37.9581298828125,39.022456047116584,37.63457381940567,38.945824433364066,37086200
2021-09-14 00:00:00+00:00,38.06882858276367,38.537131582205696,37.932594923870234,38.03476935602365,24100200
2021-09-15 00:00:00+00:00,38.119903564453125,38.630778787559116,37.86446595290013,37.941097561172576,28674600
2021-09-16 00:00:00+00:00,37.864463806152344,38.30722382350554,37.48981896558757,38.213562613364346,22424200
2021-09-17 00:00:00+00:00,37.37062072753906,37.85595321116432,36.87677506352818,37.60902875512599,56370500
2021-09-20 00:00:00+00:00,37.63457489013672,38.017732969800456,36.94489034674199,36.94489034674199,41873000
2021-09-21 00:00:00+00:00,37.396156311035156,38.08584071974631,37.33655431562291,37.67713993060586,23645600
2021-09-22 00:00:00+00:00,37.42171096801758,37.796352632390715,37.31953655920052,37.45577018697856,22616700
2021-09-23 00:00:00+00:00,37.62605285644531,38.077329304406625,37.591996891821964,37.70268446096212,19719200
2021-09-24 00:00:00+00:00,37.4131965637207,37.8133842880022,37.3025089682069,37.52388740730058,16150700
2021-09-27 00:00:00+00:00,37.09815216064453,37.574971446897315,37.04706333595349,37.39616218451149,19955900
2021-09-28 00:00:00+00:00,36.64687728881836,36.85122608240697,36.12748562901026,36.672420076000556,28512200
2021-09-29 00:00:00+00:00,37.06409454345703,37.20032816711249,36.6809397099713,36.800143724661595,18037200
2021-09-30 00:00:00+00:00,36.621337890625,37.50685815150393,36.58728191756512,37.28547971031725,21103300
2021-10-01 00:00:00+00:00,36.553218841552734,36.69796564397407,35.505922262871984,36.204119981992484,38483000
2021-10-04 00:00:00+00:00,36.11896514892578,36.91082394338762,35.940159162580244,36.553211970696545,28906500
2021-10-05 00:00:00+00:00,36.03382873535156,36.434016438904266,35.99976951631178,36.212634763211575,19342600
2021-10-06 00:00:00+00:00,35.778385162353516,35.93164837458012,35.49740152391629,35.81244437575173,30483800
2021-10-07 00:00:00+00:00,36.391441345214844,36.57876053993531,35.940164846508786,36.204118902428725,19778300
2021-10-08 00:00:00+00:00,36.14451599121094,36.53618722715541,36.05085477216648,36.38292400473095,12778600
2021-10-11 00:00:00+00:00,35.812442779541016,36.28925875360222,35.76986714065822,36.14451197520942,11984200
2021-10-12 00:00:00+00:00,35.633636474609375,35.94016291063392,35.471860076958855,35.89759051631173,16222300
2021-10-13 00:00:00+00:00,35.26750946044922,35.6847267370043,34.858808611941626,35.5484931208351,28205700
2021-10-14 00:00:00+00:00,35.480369567871094,35.72729397655991,35.35265239818267,35.386711609325644,17590300
2021-10-15 00:00:00+00:00,35.327117919921875,35.786904386195765,35.233456691289774,35.67621679605411,23550300
2021-10-18 00:00:00+00:00,35.18236541748047,35.50592148079617,34.94395739612453,35.29305624799531,21733000
2021-10-19 00:00:00+00:00,35.83799362182617,35.9316548515217,35.369690721414486,35.42077630265499,17159800
2021-10-20 00:00:00+00:00,36.442527770996094,36.70648183306586,35.84650446029822,35.863534068954245,22788300
2021-10-21 00:00:00+00:00,36.493614196777344,36.68944981134289,36.127485754917465,36.663907024071676,22142300
2021-10-22 00:00:00+00:00,36.74905776977539,36.774600561186446,36.297784465161165,36.45956089087459,17183000
2021-10-25 00:00:00+00:00,36.740543365478516,36.81717498522648,36.24669442753256,36.78311576576829,22846200
2021-10-26 00:00:00+00:00,37.089637756347656,37.259927336899096,36.54470005516019,36.893802140261066,29729100
2021-10-27 00:00:00+00:00,36.587276458740234,37.08963852716465,36.340352014517165,37.00449048705379,22317500
2021-10-28 00:00:00+00:00,36.76608657836914,37.183300653293706,36.56173450733855,36.5702509363339,18023400
2021-10-29 00:00:00+00:00,37.2429084777832,37.31954010369069,36.493621829806195,36.68945748533285,30307500
2021-11-01 00:00:00+00:00,37.157752990722656,37.71120387248253,36.98746016186842,37.58348343882546,32681500
2021-11-02 00:00:00+00:00,38.69889831542969,39.2012603732474,36.655390868833614,38.38385869383519,69248000
2021-11-03 00:00:00+00:00,38.162479400634766,39.15869039803506,37.87298254861122,38.758502713396865,44593100
2021-11-04 00:00:00+00:00,37.66429138183594,38.196833341183684,37.200469058945465,38.04222480802807,38172500
2021-11-05 00:00:00+00:00,41.752830505371094,41.92461815916877,39.98342324143588,41.30618391612793,173959100
2021-11-08 00:00:00+00:00,41.512332916259766,41.90744225646951,40.88530744067738,41.75283368393922,57423300
2021-11-09 00:00:00+00:00,40.627620697021484,41.55527197507477,40.49878242612075,41.51232588477452,29920400
2021-11-10 00:00:00+00:00,42.104984283447266,42.26818071585757,40.713510825078366,40.713510825078366,42696200
2021-11-11 00:00:00+00:00,43.101356506347656,43.376215431111724,41.855900160436015,42.28536763995197,42370400
2021-11-12 00:00:00+00:00,42.71482849121094,43.36762079366143,42.57739905015447,43.30749234140891,27780600
2021-11-15 00:00:00+00:00,42.646121978759766,43.03264008862938,42.40561796242818,42.714835071585334,27763200
2021-11-16 00:00:00+00:00,42.603172302246094,43.08417705486235,41.99332927279504,42.49151311763797,31297200
2021-11-17 00:00:00+00:00,43.69401550292969,43.882982221032776,42.68047210386553,42.89520581931851,36889800
2021-11-18 00:00:00+00:00,44.157840728759766,44.41552052973599,43.47069350063101,43.891569744357675,32872600
2021-11-19 00:00:00+00:00,43.633888244628906,45.38611606557191,43.53081698356647,44.630252505769306,47966200
2021-11-22 00:00:00+00:00,43.97747039794922,44.20938322923436,43.2731439962285,43.76273665897152,27287900
2021-11-23 00:00:00+00:00,43.874393463134766,44.192198438399714,43.204422055844034,43.44492604055863,24946200
2021-11-24 00:00:00+00:00,43.71120071411133,44.089134203238466,43.55659215520967,43.96029264529477,18556800
2021-11-26 00:00:00+00:00,46.38248825073242,47.18988594071453,45.7382870250278,46.41684643581512,66561300
2021-11-29 00:00:00+00:00,45.0081901550293,47.84267467502915,44.759098247183815,47.370261134458616,72660800
2021-11-30 00:00:00+00:00,46.150569915771484,46.77759197420228,44.58730872317383,44.93088397989756,64598400
2021-12-01 00:00:00+00:00,46.9665641784668,47.38744047670385,44.544367837738506,45.06831869097705,59810400
2021-12-02 00:00:00+00:00,45.55790328979492,47.310131095535404,45.3259904969843,46.227871395752516,46361700
2021-12-03 00:00:00+00:00,46.61439514160156,46.73464549748159,45.60943965381935,46.133390441505,37574800
2021-12-06 00:00:00+00:00,44.21796417236328,46.28799695899606,44.02040955680968,46.19351360447558,53724000
2021-12-07 00:00:00+00:00,44.424110412597656,45.09407853083709,43.29031670023414,44.02040999438859,41575400
2021-12-08 00:00:00+00:00,44.149253845214844,45.59226469601998,43.83144558262068,45.30881461477273,37429200
2021-12-09 00:00:00+00:00,44.733333587646484,45.3947106130812,44.24373765367804,44.24373765367804,38325700
2021-12-10 00:00:00+00:00,45.33457946777344,45.394704643997834,43.900159868453855,43.97746413453898,26079400
2021-12-13 00:00:00+00:00,47.413211822509766,47.868446316009006,45.901484414179905,45.901484414179905,54923200
2021-12-14 00:00:00+00:00,47.70524978637695,48.05741299867,46.657348057641904,47.04386945566524,48685700
2021-12-15 00:00:00+00:00,50.505367279052734,50.60843854106925,48.005867058261856,48.19483376910576,75202900
2021-12-16 00:00:00+00:00,52.60976028442383,52.76436882167152,49.603488268171034,50.12743905811304,75183600
2021-12-17 00:00:00+00:00,51.08945083618164,52.558228825899775,50.41948261839656,51.47597222204873,104192100
2021-12-20 00:00:00+00:00,52.412208557128906,53.004872464960826,51.39007719465965,52.05145419141369,55712200
2021-12-21 00:00:00+00:00,50.634212493896484,51.57045165641083,49.09671825219902,51.54468138160157,63877900
2021-12-22 00:00:00+00:00,51.14957809448242,52.042871272125204,50.00719625947405,50.89189825231772,62594900
2021-12-23 00:00:00+00:00,50.428070068359375,51.60481330760012,50.084498054712626,51.38148838598177,39203200
2021-12-27 00:00:00+00:00,50.84894943237305,51.003557984699704,50.015781486676815,50.548320235481526,27362600
2021-12-28 00:00:00+00:00,49.826812744140625,51.06368111295802,49.0280062913816,50.72010583793615,36901700
2021-12-29 00:00:00+00:00,49.45746994018555,49.84398799911447,49.0194113344207,49.225557138882344,26170200
2021-12-30 00:00:00+00:00,50.161800384521484,50.45383838690515,49.41452464877181,49.603491378719085,24559000
2021-12-31 00:00:00+00:00,50.7201042175293,51.364305380181854,50.19615341431964,50.273457684901004,28579600
2022-01-03 00:00:00+00:00,48.658668518066406,50.29064303392302,48.39239749146772,50.24769693971728,57219200
2022-01-04 00:00:00+00:00,46.83771896362305,48.46969658129646,46.33094724247828,48.2893210390017,66993100
2022-01-05 00:00:00+00:00,47.78255081176758,48.478286004249846,47.55922589630715,47.96292635970175,52956400
2022-01-06 00:00:00+00:00,47.1039924621582,47.782551854327394,46.803366542375294,47.37885138212452,37000400
2022-01-07 00:00:00+00:00,47.85985565185547,47.902801743312686,46.92361644115039,47.55063855084069,27703400
2022-01-10 00:00:00+00:00,48.306495666503906,48.323671479498266,47.01809343789054,47.85125798432196,34044700
2022-01-11 00:00:00+00:00,48.69301986694336,49.32863315507243,47.93715948977714,48.7445571421679,33576600
2022-01-12 00:00:00+00:00,48.658668518066406,49.09672392148803,48.01446727524952,48.39239749146772,27608500
2022-01-13 00:00:00+00:00,47.70524978637695,48.74456033039097,47.43039085368857,48.555593585451355,28117900
2022-01-14 00:00:00+00:00,47.19847106933594,47.5678133201432,46.82053763507189,47.22423806655342,27072500
2022-01-18 00:00:00+00:00,46.47697067260742,46.854900871071116,45.89289464443283,46.81195477888292,35598000
2022-01-19 00:00:00+00:00,45.987369537353516,46.803358244843324,45.910065275031826,46.08185288869961,27300400
2022-01-20 00:00:00+00:00,46.42543029785156,46.829130745948824,45.58367449614522,46.34812602644095,35105300
2022-01-21 00:00:00+00:00,45.34318161010742,47.129764791935266,45.05973147376201,46.743243368090226,41059000
2022-01-24 00:00:00+00:00,44.269508361816406,44.71615493155254,42.792139190887426,44.44988391596653,59036400
2022-01-25 00:00:00+00:00,45.12844467163086,45.386124510521334,44.0118298520542,44.114901132295,43983200
2022-01-26 00:00:00+00:00,45.532142639160156,46.05609351031534,45.05972904726805,45.15421242096187,39644800
2022-01-27 00:00:00+00:00,46.18989562988281,47.23711145793343,45.8696742997543,45.8869840069895,36957200
2022-01-28 00:00:00+00:00,47.0207405090332,47.314995599023625,45.95621507699915,46.536078657923746,28590400
2022-01-31 00:00:00+00:00,45.60137939453125,46.85630512306684,45.3417403855385,46.73514047230283,38644600
2022-02-01 00:00:00+00:00,45.93025588989258,46.00814792046092,45.34173905926266,45.64465397880134,27883300
2022-02-02 00:00:00+00:00,46.613975524902344,46.847651621955514,45.39366921906186,45.73120025875341,32039300
2022-02-03 00:00:00+00:00,46.198551177978516,46.639937148128084,45.9475653804969,46.15527856153076,22635800
2022-02-04 00:00:00+00:00,45.86967086791992,46.24182129191083,45.549449561749434,45.886980573860065,24932200
2022-02-07 00:00:00+00:00,46.05141830444336,46.37164291541529,45.21191901733971,46.12931033123534,32358500
2022-02-08 00:00:00+00:00,44.744564056396484,44.83110928008748,43.00497666740503,43.82716949842411,67922000
2022-02-09 00:00:00+00:00,44.54551315307617,44.76187954173267,44.05219805105848,44.69264071264783,38522200
2022-02-10 00:00:00+00:00,43.79255294799805,44.458961778698786,43.61080598548572,44.17335988067782,34200600
2022-02-11 00:00:00+00:00,43.94834518432617,44.34646189729373,43.34252186315931,43.55888827828733,34997800
2022-02-14 00:00:00+00:00,43.100189208984375,43.7060158313003,41.95777480186955,43.11749891836363,42973100
2022-02-15 00:00:00+00:00,43.091522216796875,43.30788856257133,42.58955070988571,43.10017541797295,29150000
2022-02-16 00:00:00+00:00,42.99633026123047,43.94834107825199,42.779963866317466,42.91843822700222,27672600
2022-02-17 00:00:00+00:00,42.321258544921875,43.23864973785447,42.19143741688992,43.10883191131095,21231700
2022-02-18 00:00:00+00:00,42.001041412353516,42.857853745786386,41.7154395022019,42.217407796388294,26955300
2022-02-22 00:00:00+00:00,41.13557434082031,41.81063967882437,40.979790286010825,41.144230844692444,34814800
2022-02-23 00:00:00+00:00,40.564361572265625,41.68081270856823,40.48646955574478,41.187497704432374,25793000
2022-02-24 00:00:00+00:00,39.77679443359375,40.46916618802096,39.29213585623918,39.6902492023487,44227300
2022-02-25 00:00:00+00:00,41.300010681152344,41.56830284698528,39.58638955476478,39.64697186972632,31199200
2022-02-28 00:00:00+00:00,40.62495040893555,40.82400708279135,40.1056724163977,40.52109547072577,35296100
2022-03-01 00:00:00+00:00,39.59504318237305,40.79803959453921,39.32674771216424,40.408579493103396,29854500
2022-03-02 00:00:00+00:00,41.28270721435547,41.48176389380431,39.811415125506336,39.90661686382732,36516200
2022-03-03 00:00:00+00:00,41.39521789550781,42.05297024582574,41.092302979034706,41.265396745378055,30553300
2022-03-04 00:00:00+00:00,42.10490036010742,42.20875530176944,41.031721624636305,41.10961365625509,33217300
2022-03-07 00:00:00+00:00,41.5250358581543,42.269336744431854,41.12692250551388,41.75871194813602,33171300
2022-03-08 00:00:00+00:00,41.05767822265625,41.90583393573075,40.2181790125914,41.17884615437137,32913300
2022-03-09 00:00:00+00:00,42.19144058227539,42.598210399237296,41.54234149639423,41.65485292903046,24718900
2022-03-10 00:00:00+00:00,42.58090591430664,42.65879794622109,41.58561920667625,41.810642099535386,24542300
2022-03-11 00:00:00+00:00,43.506954193115234,44.05219842153198,42.355883411067545,42.52897718374626,33701900
2022-03-14 00:00:00+00:00,45.22056579589844,45.791772810734464,43.610799671863724,43.89640483002593,42314500
2022-03-15 00:00:00+00:00,45.185951232910156,45.80043092203035,44.29452285851076,45.540791942267184,30172100
2022-03-16 00:00:00+00:00,45.80043029785156,46.10334518802102,45.15998770992978,45.47155580199495,29891400
2022-03-17 00:00:00+00:00,46.94285202026367,46.951505222949145,45.687926335573685,45.80043447792986,30598600
2022-03-18 00:00:00+00:00,47.17652893066406,47.600608532059525,46.48415710322288,47.06402077847876,51815000
2022-03-21 00:00:00+00:00,46.899574279785156,47.86024151350107,46.6485917937919,46.94285019599778,34592500
2022-03-22 00:00:00+00:00,45.90428161621094,47.012076175393325,45.436929548497794,46.908221260842026,32253600
2022-03-23 00:00:00+00:00,45.16864776611328,46.302408872844275,45.142684854997576,45.88698578754699,29183700
2022-03-24 00:00:00+00:00,45.51483154296875,45.739851124100205,45.255192548897405,45.47155892753835,25177500
2022-03-25 00:00:00+00:00,45.67927169799805,46.08604157210631,45.44559559807346,45.64465558435263,17429600
2022-03-28 00:00:00+00:00,46.112003326416016,46.354335924792125,45.43694125566548,45.46290416562079,21863700
2022-03-29 00:00:00+00:00,45.644649505615234,46.80437334626345,45.54079127404289,46.73513452521523,39970000
2022-03-30 00:00:00+00:00,45.385009765625,46.492807853912154,44.978243224435005,46.042765396403134,27599600
2022-03-31 00:00:00+00:00,44.805152893066406,45.765820202675066,44.77918998247887,45.00420957771221,26055200
2022-04-01 00:00:00+00:00,44.632057189941406,45.14268198552425,44.22528733370909,45.10806257191107,19073100
2022-04-04 00:00:00+00:00,44.08681106567383,44.89169423902763,43.59349599832651,44.81380221252601,20462800
2022-04-05 00:00:00+00:00,44.34646224975586,45.13403587502184,43.92238262007902,43.97431174865869,21176700
2022-04-06 00:00:00+00:00,45.75715637207031,45.94755982319821,44.27721127872694,44.27721127872694,31717500
2022-04-07 00:00:00+00:00,47.739078521728516,47.955444904314575,45.43694034307241,45.43694034307241,36305700
2022-04-08 00:00:00+00:00,47.74772644042969,48.102570438031854,47.133246774243325,47.47077776548686,24612200
2022-04-11 00:00:00+00:00,46.67455291748047,48.743014856172245,46.54473177678476,47.998714026026185,22054300
2022-04-12 00:00:00+00:00,45.96487808227539,46.6745596030237,45.56676470263399,46.12931535608661,22810700
2022-04-13 00:00:00+00:00,45.95621109008789,46.57934723009889,45.6100269134617,45.982177296913996,15777800
2022-04-14 00:00:00+00:00,45.97352600097656,46.657244531870425,45.904290478405294,46.21585858369813,17240100
2022-04-18 00:00:00+00:00,44.865726470947266,45.96486792519663,44.683979529292806,45.722538669657354,17065000
2022-04-19 00:00:00+00:00,43.42905807495117,44.90035005207664,42.728029847220824,44.70994658989311,33441500
2022-04-20 00:00:00+00:00,43.056907653808594,43.41174836874526,42.58955550199286,43.27327402392824,24751800
2022-04-21 00:00:00+00:00,42.503013610839844,43.281930623518825,42.33857304368823,43.212695096420035,19105600
2022-04-22 00:00:00+00:00,41.65485382080078,42.49435307816725,41.45579715971435,42.36453523910501,22156800
2022-04-25 00:00:00+00:00,42.36453628540039,42.57224615362537,40.78073285811297,41.41252226798793,27390600
2022-04-26 00:00:00+00:00,42.43377685546875,43.48964593259742,42.33857511225364,42.39916074097262,25366500
2022-04-27 00:00:00+00:00,43.04825973510742,43.195387300131586,41.72409514244394,42.50301549106952,25819200
2022-04-28 00:00:00+00:00,43.71466064453125,43.93968352178054,42.83188874605744,43.65407832407695,28225400
2022-04-29 00:00:00+00:00,42.4683952331543,43.56753690264739,42.407812907405706,43.160767028487584,28343300
2022-05-02 00:00:00+00:00,41.83660125732422,42.200095172663616,41.07499071374656,41.26539417501317,36228400
2022-05-03 00:00:00+00:00,42.658790588378906,43.30788964187893,41.282700462899314,42.29529340164486,33716900
2022-05-04 00:00:00+00:00,42.97901916503906,43.16076613853732,41.46445444957546,42.31261029405639,28613700
2022-05-05 00:00:00+00:00,41.931800842285156,42.88381149692575,41.152880632860224,42.80591947598326,28333000
2022-05-06 00:00:00+00:00,42.442420959472656,42.59820498440087,41.57695562164404,41.62022822823782,19891400
2022-05-09 00:00:00+00:00,42.09623718261719,42.55493279527641,41.3432831973209,41.871217627771685,25012300
2022-05-10 00:00:00+00:00,42.831886291503906,43.18672699161102,42.13951129486583,42.44242618126715,27335900
2022-05-11 00:00:00+00:00,42.79726791381836,43.48098642367376,42.43377070166547,42.468390112630274,29699500
2022-05-12 00:00:00+00:00,43.96644592285156,44.00134765158147,42.50933369670459,42.75363914098982,33468400
2022-05-13 00:00:00+00:00,43.55636215209961,44.31545983025261,43.34695842105983,43.957725405348384,22423700
2022-05-16 00:00:00+00:00,44.210758209228516,44.54231802665096,43.51274016866486,43.51274016866486,19435600
2022-05-17 00:00:00+00:00,44.79534912109375,44.9524035910643,43.78322216373491,44.45506554562838,19918200
2022-05-18 00:00:00+00:00,43.97517395019531,44.865144752764216,43.76576690179479,44.690642762244586,22276000
2022-05-19 00:00:00+00:00,44.193302154541016,44.402705862151805,43.268426348759576,43.62616073363894,19865500
2022-05-20 00:00:00+00:00,45.78130340576172,45.981983386347515,44.6121219283047,44.73427467053844,31250400
2022-05-23 00:00:00+00:00,46.1390380859375,46.85450700397359,45.79002739637289,45.87728173297035,24035800
2022-05-24 00:00:00+00:00,46.60147476196289,46.775980108024,45.99070771495534,45.99070771495534,26729800
2022-05-25 00:00:00+00:00,46.86322784423828,47.15988591330178,46.28736257234,46.41824240484923,24003900
2022-05-26 00:00:00+00:00,47.10753631591797,47.91897995523843,47.01155821653265,47.16861268308819,23516300
2022-05-27 00:00:00+00:00,47.03773880004883,47.47400052267158,46.69745518894913,47.04646256999965,21407500
2022-05-31 00:00:00+00:00,46.27863311767578,46.67999300638847,45.31885556348789,46.52293855803794,66058200
2022-06-01 00:00:00+00:00,45.69403839111328,46.48803435849222,45.231602166893886,46.46185972796262,17430600
2022-06-02 00:00:00+00:00,45.96453094482422,46.016883544736714,44.533593164674244,45.69404750456173,21903400
2022-06-03 00:00:00+00:00,46.41823959350586,46.70617054781012,45.77257089579793,45.77257089579793,18125000
2022-06-06 00:00:00+00:00,46.4705924987793,46.871955772329,46.243737890609864,46.40951613010243,16544400
2022-06-07 00:00:00+00:00,47.08135986328125,47.090086960821246,46.252462002843465,46.48804371023605,15091200
2022-06-08 00:00:00+00:00,46.65382766723633,47.604878314611426,46.60147506455427,47.16861661083225,12789800
2022-06-09 00:00:00+00:00,45.179256439208984,46.81087744387448,45.10945630439158,46.47931765035792,17572700
2022-06-10 00:00:00+00:00,43.59999465942383,44.82152540266175,43.58254379229596,44.7691761296907,23826000
2022-06-13 00:00:00+00:00,41.80259323120117,42.99794927919023,41.62808789691365,42.59658934021762,26989000
2022-06-14 00:00:00+00:00,41.81132125854492,42.291211808814786,41.20055751895192,41.662993872761696,23290300
2022-06-15 00:00:00+00:00,42.32610321044922,42.7361902206499,41.16564896889447,41.776415935802746,25748000
2022-06-16 00:00:00+00:00,41.427406311035156,41.881118831115046,41.0609481189008,41.610635407102336,20424500
2022-06-17 00:00:00+00:00,40.5985107421875,41.907295777883164,40.38037990290489,41.340157592795855,45047700
2022-06-21 00:00:00+00:00,41.97710037231445,42.26503135713177,40.9649733839766,41.28780610283618,19622100
2022-06-22 00:00:00+00:00,42.814720153808594,43.259708922432026,41.68044047414553,41.907295078713176,20382900
2022-06-23 00:00:00+00:00,43.70469284057617,43.77449297477673,42.736191431502796,42.95432225954951,20061700
2022-06-24 00:00:00+00:00,45.01347732543945,45.057102824897825,43.88792146598723,44.19330661902036,24343200
2022-06-27 00:00:00+00:00,45.266510009765625,45.57189183524793,44.72554316403658,44.91749935628961,16154300
2022-06-28 00:00:00+00:00,44.202030181884766,45.345036901484626,43.983899357195554,45.22288417220463,16417900
2022-06-29 00:00:00+00:00,44.44633865356445,44.88260033251805,44.20203317844243,44.26310954722293,13925700
2022-06-30 00:00:00+00:00,45.746402740478516,46.14776271103072,44.57722123569533,45.10073395133624,33495700
2022-07-01 00:00:00+00:00,45.641693115234375,45.69404238086443,44.71681725762872,45.406111434662776,16143300
2022-07-05 00:00:00+00:00,45.057106018066406,45.275236859229324,43.97517890980933,45.15308412072409,18406800
2022-07-06 00:00:00+00:00,46.02560806274414,46.20883717280051,45.00475731093361,45.05710658328541,21305500
2022-07-07 00:00:00+00:00,46.610198974609375,46.71490418028906,46.060511622648,46.20011523514159,17847600
2022-07-08 00:00:00+00:00,46.39206314086914,47.046455628246996,46.03432871423908,46.28736127484413,11322700
2022-07-11 00:00:00+00:00,46.14775848388672,46.88940531292446,46.025605749987236,46.243736582925564,12921400
2022-07-12 00:00:00+00:00,45.4061164855957,46.0517819085451,45.1181821789524,45.97325467295261,14633500
2022-07-13 00:00:00+00:00,45.187992095947266,45.641704707646966,44.943683256777916,45.24906847363636,12927300
2022-07-14 00:00:00+00:00,44.83897399902344,45.013479333052175,44.17585772380914,44.280559592861415,14023800
2022-07-15 00:00:00+00:00,45.15308380126953,45.292687405489616,44.001353234350724,44.53359301556869,19885700
2022-07-18 00:00:00+00:00,44.28055953979492,45.34503908052334,44.07987957084672,45.33631198320554,15742900
2022-07-19 00:00:00+00:00,44.8215217590332,44.94367449058571,44.15840550414293,44.53359079586121,13402100
2022-07-20 00:00:00+00:00,44.341636657714844,44.900051072657085,44.07115321929675,44.83897470404856,12774400
2022-07-21 00:00:00+00:00,44.603389739990234,44.620840605233795,43.783219044016185,44.123502595235074,15103800
2022-07-22 00:00:00+00:00,44.699371337890625,44.96112768023448,44.45506586215802,44.72554597360127,10932100
2022-07-25 00:00:00+00:00,45.17053985595703,45.26651796895934,44.795354502445925,44.795354502445925,12995800
2022-07-26 00:00:00+00:00,45.632972717285156,46.112859917006695,45.11818378307884,45.231612755948056,16632500
2022-07-27 00:00:00+00:00,45.32758712768555,45.58934345793381,44.66446754075016,45.31886003057696,19203500
2022-07-28 00:00:00+00:00,44.5977783203125,46.01344173884409,43.173320086252524,44.71208408826697,38984900
2022-07-29 00:00:00+00:00,44.413116455078125,44.58897583877855,43.33158577354282,44.4570838166823,25037900
2022-08-01 00:00:00+00:00,44.50105285644531,45.107764276870995,44.09657857616152,44.24605688895544,19709900
2022-08-02 00:00:00+00:00,43.69210433959961,45.25724946358733,43.63934886238794,44.75605230464007,17802000
2022-08-03 00:00:00+00:00,43.841583251953125,44.026234119021716,43.38435013761244,43.780032962930264,16500100
2022-08-04 00:00:00+00:00,43.841583251953125,44.00864784298101,43.27004102046747,43.87675580403453,17026300
2022-08-05 00:00:00+00:00,43.32280731201172,43.93831366251569,43.13815641313246,43.648145089214196,16376600
2022-08-08 00:00:00+00:00,43.586585998535156,43.797617950576466,43.03263005938592,43.428312873063945,16071800
2022-08-09 00:00:00+00:00,43.771236419677734,44.06140493153452,43.54262154865282,43.74485868377768,12095600
2022-08-10 00:00:00+00:00,43.920719146728516,44.008647171350944,43.4195220270546,43.903132870956206,17355100
2022-08-11 00:00:00+00:00,42.461090087890625,43.19969686934976,42.039029549090976,42.39953980228894,44048800
2022-08-12 00:00:00+00:00,44.06140899658203,44.30761016566752,42.68970958116422,42.68970958116422,25835500
2022-08-15 00:00:00+00:00,43.74485778808594,44.026231479388784,43.4283115468105,43.93830345869626,15797800
2022-08-16 00:00:00+00:00,43.841583251953125,44.12295696012598,43.40193641365314,43.419522689693835,12874800
2022-08-17 00:00:00+00:00,43.32280731201172,43.84159080474853,43.30522103294135,43.65693990586926,13607200
2022-08-18 00:00:00+00:00,42.716087341308594,43.54262216892862,42.54022793957863,43.42831305466827,18916300
2022-08-19 00:00:00+00:00,43.217281341552734,43.48106874801844,42.84797628910967,42.944699120802824,15350200
2022-08-22 00:00:00+00:00,42.99745559692383,43.43710236844968,42.85676876420511,43.270034448557105,13601200
2022-08-23 00:00:00+00:00,42.21488571166992,42.663327341463116,41.99506230411142,42.575395965896305,16248900
2022-08-24 00:00:00+00:00,41.70490646362305,42.21489513884204,41.66094244314137,42.11817563547826,15551500
2022-08-25 00:00:00+00:00,42.11817169189453,42.16213570825979,41.56421569382178,41.78403912988754,14460000
2022-08-26 00:00:00+00:00,41.16852569580078,42.170919853678726,41.063011403981754,41.871959898325755,16546700
2022-08-29 00:00:00+00:00,40.64973831176758,41.054212518832685,40.55301548959146,40.78163367914202,13400500
2022-08-30 00:00:00+00:00,40.31562042236328,40.75526733363983,40.27165640208358,40.746475871279785,16303000
2022-08-31 00:00:00+00:00,39.77045440673828,40.70250695403455,39.682526376757586,40.456302432457804,26416800
2022-09-01 00:00:00+00:00,41.001468658447266,41.01905493602324,39.69131949007283,39.69131949007283,19947600
2022-09-02 00:00:00+00:00,40.18372344970703,41.150945194592154,40.03424177394008,41.09818971840092,14667700
2022-09-06 00:00:00+00:00,40.23647689819336,40.83439686265049,40.03423975642685,40.41233630319355,17153500
2022-09-07 00:00:00+00:00,40.56182098388672,40.632162738567466,39.902350681837625,40.18372440903942,15378900
2022-09-08 00:00:00+00:00,41.39714431762695,41.43231351242204,40.33319651190185,40.46509189365983,18271000
2022-09-09 00:00:00+00:00,42.06541061401367,42.19730601030755,41.41473180213074,41.502663184406416,17501700
2022-09-12 00:00:00+00:00,41.99506378173828,42.513847175999686,41.93351349379533,42.276440839213514,13744800
2022-09-13 00:00:00+00:00,40.61457824707031,41.608181151697835,40.46509991540187,41.44111654202612,16603200
2022-09-14 00:00:00+00:00,40.57940673828125,40.8080216308474,40.25406564507644,40.6233707536702,17162500
2022-09-15 00:00:00+00:00,40.394744873046875,40.7024996310886,40.18371629736446,40.544226522207424,15802000
2022-09-16 00:00:00+00:00,40.4738883972168,40.99267182027705,40.13096438700124,40.526647227341996,30629500
2022-09-19 00:00:00+00:00,39.95510482788086,40.34199620557066,39.37477111558545,40.16613679336978,16256200
2022-09-20 00:00:00+00:00,39.3659782409668,39.80562507856405,39.0758097181178,39.568215383752836,15369000
2022-09-21 00:00:00+00:00,38.618568420410156,39.55062072612069,38.60098550236294,39.40114244305006,17505200
2022-09-22 00:00:00+00:00,39.19012451171875,39.56822111515832,38.266866689879656,38.39875874771972,18508100
2022-09-23 00:00:00+00:00,38.7592658996582,39.18132645130149,38.31961907241656,39.07580879771134,18871700
2022-09-26 00:00:00+00:00,38.53944778442383,38.979094672107934,38.39875756029493,38.52186150640772,18680200
2022-09-27 00:00:00+00:00,38.7680549621582,39.198910302067645,38.4603035438221,38.88236406935685,21562700
2022-09-28 00:00:00+00:00,39.067020416259766,39.4011529704864,38.88236953928164,39.27804903159495,16532600
2022-09-29 00:00:00+00:00,38.829612731933594,39.234087060938016,38.64496184533239,39.049436174336805,13559900
2022-09-30 00:00:00+00:00,38.47789001464844,39.2252916562353,38.45151227756816,38.83840028978213,22962300
2022-10-03 00:00:00+00:00,38.81202697753906,38.93512757026694,38.24048803212538,38.75047668117512,22834300
2022-10-04 00:00:00+00:00,39.0933952331543,39.427527762411096,38.76805751885219,38.908744369975196,28198800
2022-10-05 00:00:00+00:00,38.794437408447266,39.01426083516777,38.40754938494533,38.794437408447266,15673400
2022-10-06 00:00:00+00:00,37.888763427734375,38.49547483734824,37.84479941618075,38.47788856187898,22068200
2022-10-07 00:00:00+00:00,37.211708068847656,37.85359204928192,36.859989257046244,37.85359204928192,20095000
2022-10-10 00:00:00+00:00,36.710514068603516,37.47549869204366,36.710514068603516,37.23808897699545,17888000
2022-10-11 00:00:00+00:00,36.85999298095703,37.4315352693166,36.4467271927138,36.631378078156914,20981200
2022-10-12 00:00:00+00:00,36.95670700073242,37.93272338233659,36.85998417311561,37.0094658214976,18803600
2022-10-13 00:00:00+00:00,37.79203796386719,37.95031107785422,36.66654324594951,36.71929871445263,23135200
2022-10-14 00:00:00+00:00,37.686527252197266,38.14376036334035,37.24688041697189,37.71290498895426,16980500
2022-10-17 00:00:00+00:00,38.38117218017578,38.52185904106135,37.976694520170355,37.976694520170355,16678400
2022-10-18 00:00:00+00:00,38.7680549621582,39.0054646366913,38.35478589675924,38.732882413137254,18442800
2022-10-19 00:00:00+00:00,37.90635299682617,38.75047416726087,37.58101525797435,38.609787305521756,23054700
2022-10-20 00:00:00+00:00,37.730491638183594,38.170138477758904,37.65135507289047,38.047037899356084,17715000
2022-10-21 00:00:00+00:00,39.52425003051758,39.708900891029245,37.800835290597185,38.08220898877851,36575700
2022-10-24 00:00:00+00:00,40.04303741455078,40.33320260229943,39.559426532143426,39.638563102300225,24972000
2022-10-25 00:00:00+00:00,40.086997985839844,40.28923512458766,39.47149175464613,39.80562428373514,23127000
2022-10-26 00:00:00+00:00,40.500267028808594,41.01905042035021,40.11337567320793,40.37716309932895,21407900
2022-10-27 00:00:00+00:00,40.21889877319336,40.54423653098947,40.1661399391293,40.28044906914831,20377700
2022-10-28 00:00:00+00:00,41.70490646362305,41.784043042185964,40.385965723734245,40.42992974421592,27854000
2022-10-31 00:00:00+00:00,40.931121826171875,41.66972868209218,40.92233036487348,41.39714977673068,29961700
2022-11-01 00:00:00+00:00,42.21488571166992,42.575395965896305,41.678519414787935,42.20609425123274,30614500
2022-11-02 00:00:00+00:00,41.38835144042969,42.35557310446268,41.28283714262805,42.00385766037753,25813100
2022-11-03 00:00:00+00:00,41.29966735839844,41.503637825419936,40.936067241884025,41.11343389498588,20124600
2022-11-04 00:00:00+00:00,41.8761100769043,42.159895381830545,41.335143282204996,42.09781755781466,24528500
2022-11-07 00:00:00+00:00,41.760826110839844,42.257452143884194,41.45930376631079,41.82290394209688,20304400
2022-11-08 00:00:00+00:00,41.99140167236328,42.34613504689379,41.4593049935557,41.71648652094091,18054500
2022-11-09 00:00:00+00:00,41.43268585205078,42.124411955287044,41.41494885158486,41.82288971334025,15348100
2022-11-10 00:00:00+00:00,42.01799392700195,42.34611998277348,41.547971865505474,42.151016357888636,20480600
2022-11-11 00:00:00+00:00,42.21310043334961,42.301785450088616,41.069092472809956,41.74308168508903,20909800
2022-11-14 00:00:00+00:00,43.66749954223633,44.18185905179056,42.505751320900856,42.55896232519424,26143000
2022-11-15 00:00:00+00:00,43.073326110839844,43.924681966129356,42.7274630060652,43.75618551028688,25440500
2022-11-16 00:00:00+00:00,42.612178802490234,43.507878954484305,42.612178802490234,43.27730127094634,15822200
2022-11-17 00:00:00+00:00,42.86048889160156,43.01124834443881,42.15102229499405,42.39046676390097,13231100
2022-11-18 00:00:00+00:00,42.77180480957031,43.303904768645786,42.45254551072253,43.1354049259275,20666500
2022-11-21 00:00:00+00:00,42.72746658325195,42.81614822364884,42.31952562464593,42.656518564544264,14736000
2022-11-22 00:00:00+00:00,43.525611877441406,43.67637133231795,42.78067464731689,42.86935628159868,16358600
2022-11-23 00:00:00+00:00,43.3216438293457,43.64977336269253,43.02899169064399,43.41919566990892,10710800
2022-11-25 00:00:00+00:00,43.640899658203125,43.64976985189795,43.31277353423576,43.39258836255082,6760200
2022-11-28 00:00:00+00:00,43.96015548706055,44.11091832103363,43.50787375111613,43.61429238610527,20704000
2022-11-29 00:00:00+00:00,43.88921356201172,44.04883983283606,43.543347056760716,43.898080372562326,17160900
2022-11-30 00:00:00+00:00,44.45677947998047,44.45677947998047,43.4901348483376,44.022231383027126,35572700
2022-12-01 00:00:00+00:00,45.299278259277344,45.37022290049234,44.58981154919951,44.61641874976962,23592600
2022-12-02 00:00:00+00:00,45.14850997924805,45.52098029562254,44.767172852406645,44.8381208680923,16881600
2022-12-05 00:00:00+00:00,44.9888801574707,45.25492844931452,44.65188385020849,45.148509809174506,17959800
2022-12-06 00:00:00+00:00,44.08431625366211,45.09530186114206,43.614297460041236,44.93567219859388,21787100
2022-12-07 00:00:00+00:00,44.5543327331543,45.361347753738904,44.11978462222995,44.11978462222995,15929900
2022-12-08 00:00:00+00:00,45.92005157470703,45.99986640178308,44.35923242442701,44.501125074452474,26116800
2022-12-09 00:00:00+00:00,45.86684799194336,46.860096629751474,45.787033157825604,45.89345180898664,19933500
2022-12-12 00:00:00+00:00,46.257041931152344,46.63837901330556,45.893441850841974,46.22156792746665,18532200
2022-12-13 00:00:00+00:00,47.064064025878906,47.92429013891589,46.89556755737162,47.09066784117277,29461800
2022-12-14 00:00:00+00:00,48.31449508666992,48.71356923925284,46.913305530141606,47.12614282286065,36260300
2022-12-15 00:00:00+00:00,47.54295349121094,48.27015376933045,47.35672001625081,47.95089445054867,21627100
2022-12-16 00:00:00+00:00,45.58305740356445,47.12613950768371,45.58305740356445,47.0108506754949,65689500
2022-12-19 00:00:00+00:00,45.54758071899414,45.9466548200459,44.96227316511401,45.689473356813956,16081900
2022-12-20 00:00:00+00:00,45.512115478515625,45.68061196119216,45.08643748307913,45.41456363691785,12433800
2022-12-21 00:00:00+00:00,45.813636779785156,46.257051771220546,45.40569579958169,45.769295957239194,12925000
2022-12-22 00:00:00+00:00,45.795894622802734,45.849105633665175,45.1839832213286,45.59192415564469,14822300
2022-12-23 00:00:00+00:00,45.96439743041992,46.07081607602129,45.441167630313885,45.72495294057603,10666500
2022-12-27 00:00:00+00:00,45.34360885620117,46.05307202328007,45.27266084799967,45.990994207597375,12033800
2022-12-28 00:00:00+00:00,45.05095291137695,45.57418262576937,45.00661209822245,45.27266036013667,10053900
2022-12-29 00:00:00+00:00,45.52097702026367,45.822495916269816,45.219454741270184,45.2460585537443,8971300
2022-12-30 00:00:00+00:00,45.441165924072266,45.5830585738755,45.00661778111932,45.48550674282559,11396200
2023-01-03 00:00:00+00:00,45.45889663696289,45.52097783883107,45.06869272071409,45.237189174392284,15603800
2023-01-04 00:00:00+00:00,44.45677947998047,44.90019438655083,43.91581275268667,44.598672114763495,21808400
2023-01-05 00:00:00+00:00,44.03997802734375,44.332633553587954,43.38372233342486,44.102055857215916,20057400
2023-01-06 00:00:00+00:00,45.157371520996094,45.76041605201379,43.9512858419479,44.32375273187737,29635900
2023-01-09 00:00:00+00:00,42.9136962890625,44.572067176352505,42.842751659573125,44.385833718082026,30839100
2023-01-10 00:00:00+00:00,42.23084259033203,42.984650101160746,42.0180052901598,42.878228068086734,29212000
2023-01-11 00:00:00+00:00,42.080078125,42.33725959993147,41.55684836492692,42.30178559311592,23022200
2023-01-12 00:00:00+00:00,42.3106575012207,42.319527695487075,41.30854206034558,41.92045352819757,23345300
2023-01-13 00:00:00+00:00,42.434810638427734,42.70972913357401,42.11555470653271,42.12442151728492,18737500
2023-01-17 00:00:00+00:00,40.8651237487793,41.45043135222854,40.53699424735482,41.27306469418594,29391400
2023-01-18 00:00:00+00:00,39.907344818115234,40.661148867040176,39.88074100412584,40.39510057818358,33835000
2023-01-19 00:00:00+00:00,39.87187194824219,40.14679043826296,39.58808664763451,39.65903466428025,26614900
2023-01-20 00:00:00+00:00,40.0048942565918,40.288679532148784,39.66789797324762,40.15565370417449,25197600
2023-01-23 00:00:00+00:00,39.889610290527344,40.19113260541122,39.74771763546362,39.942821304796645,19398600
2023-01-24 00:00:00+00:00,39.65016174316406,39.863002395472286,39.1535391927572,39.83639519956663,18853100
2023-01-25 00:00:00+00:00,39.96942138671875,40.00489539291783,39.543743461292024,39.93394738051966,20828000
2023-01-26 00:00:00+00:00,39.60248565673828,39.64723354529281,39.0297044895321,39.55773776818375,38465500
2023-01-27 00:00:00+00:00,39.190799713134766,39.6830333165,39.18184808697546,39.57563770090369,23798600
2023-01-30 00:00:00+00:00,38.97600555419922,39.50403884069983,38.84176188654015,39.19080020211688,24402200
2023-01-31 00:00:00+00:00,39.52193832397461,39.629333939945624,38.21528085185125,38.48377159880131,49722500
2023-02-01 00:00:00+00:00,39.351898193359375,39.539841390162735,38.85071292117173,39.29819867396755,24482300
2023-02-02 00:00:00+00:00,39.68303298950195,39.7904286042133,38.93125685843249,39.04760409922938,35279200
2023-02-03 00:00:00+00:00,39.43244171142578,39.72778050260404,39.271346583857635,39.70093245269101,23742000
2023-02-06 00:00:00+00:00,39.16394805908203,39.647233447993095,39.13710000882421,39.548786044987686,18071200
2023-02-07 00:00:00+00:00,39.01180648803711,39.289248872609726,38.70751605187673,39.21764951631542,22999500
2023-02-08 00:00:00+00:00,39.36084747314453,39.46824310079388,38.95810960190266,38.97600944218513,19362300
2023-02-09 00:00:00+00:00,38.78806686401367,39.674090194993354,38.69857107520766,39.486143576027935,20809200
2023-02-10 00:00:00+00:00,39.27134704589844,39.36084282269147,38.71646230483754,38.93125694880386,18619600
2023-02-13 00:00:00+00:00,39.36979675292969,39.38769317809965,38.94020743985517,39.09235436616182,17878000
2023-02-14 00:00:00+00:00,39.12815475463867,39.55774066146351,39.002859291903754,39.459293251015986,17506900
2023-02-15 00:00:00+00:00,38.770164489746094,39.02970703998566,38.58222129710859,38.859660272703394,18994700
2023-02-16 00:00:00+00:00,38.439022064208984,38.64486507519232,38.27792694012725,38.61801702586035,17832000
2023-02-17 00:00:00+00:00,38.671714782714844,38.81491007536697,38.10788523829747,38.385324197410604,18293400
2023-02-21 00:00:00+00:00,38.21528244018555,38.42112546853751,38.14368308386562,38.31372984810284,17356600
2023-02-22 00:00:00+00:00,37.92889404296875,38.38532801682436,37.86624630957769,38.233184496887624,17394200
2023-02-23 00:00:00+00:00,37.85729217529297,38.26003001616692,37.78569623360715,37.84834396284919,21104300
2023-02-24 00:00:00+00:00,37.36505889892578,37.633549657306624,37.15026424379397,37.61564981820853,16806100
2023-02-27 00:00:00+00:00,36.49693298339844,37.3471565051505,36.452185095736745,37.08761397704971,26370300
2023-02-28 00:00:00+00:00,36.30899429321289,36.434289759765406,35.87940837329909,36.24634655993663,31086900
2023-03-01 00:00:00+00:00,35.959957122802734,36.47903884607582,35.924157441461,36.300047267458176,21104400
2023-03-02 00:00:00+00:00,36.353736877441406,36.49693216316764,35.62881223709699,35.852555084422036,19110600
2023-03-03 00:00:00+00:00,36.82807922363281,36.85492727659978,36.461141038887554,36.61328455776089,20922000
2023-03-06 00:00:00+00:00,36.79227828979492,36.92652196410023,36.53273573980793,36.774378450411824,19434800
2023-03-07 00:00:00+00:00,36.1031494140625,36.810177698213366,35.88835475802538,36.74752996812863,23205800
2023-03-08 00:00:00+00:00,35.906253814697266,36.30899165221177,35.71831062853889,36.08524878848651,16756100
2023-03-09 00:00:00+00:00,35.315574645996094,36.30899355936341,35.18133096913681,36.16579825561963,18585100
2023-03-10 00:00:00+00:00,35.25292205810547,35.73620742193804,35.109726774085985,35.16342628586012,26328100
2023-03-13 00:00:00+00:00,35.673561096191406,36.255290466667155,35.136576199546475,35.136576199546475,35299400
2023-03-14 00:00:00+00:00,35.70936584472656,35.933108729934006,35.369275703278504,35.84360952742374,24583600
2023-03-15 00:00:00+00:00,36.04944610595703,36.27318895103183,35.31556984723528,35.584060578516066,25498400
2023-03-16 00:00:00+00:00,36.12999725341797,36.23739628782783,35.54826784690138,35.85255828297221,21095900
2023-03-17 00:00:00+00:00,35.88835144042969,36.50588388567213,35.7899074551435,36.3626885995664,57457800
2023-03-20 00:00:00+00:00,36.52378463745117,36.568532525345915,35.74515704909364,35.92415201471761,20825400
2023-03-21 00:00:00+00:00,36.3895378112793,36.61328066634473,36.07629917980571,36.56853277814064,19982000
2023-03-22 00:00:00+00:00,35.807804107666016,36.55958021804112,35.789907684077626,36.42533655685857,15444200
2023-03-23 00:00:00+00:00,35.959957122802734,36.246347745445576,35.79886197081044,35.95100549544454,16958100
2023-03-24 00:00:00+00:00,36.147891998291016,36.21053971917877,35.68250649023576,35.87940127819426,17218100
2023-03-27 00:00:00+00:00,35.99575424194336,36.35374078774244,35.77201137055196,36.28214484420073,20262800
2023-03-28 00:00:00+00:00,35.78990936279297,36.0673483240104,35.67356211974157,35.97785254569093,13537500
2023-03-29 00:00:00+00:00,36.02260208129883,36.040501920589875,35.789910998605755,35.942054511511756,14429500
2023-03-30 00:00:00+00:00,36.13894271850586,36.23739010957427,36.022595491420944,36.17473897649422,12634500
2023-03-31 00:00:00+00:00,36.514835357666016,36.54168682336418,36.04944978275885,36.291092489770946,23393600
2023-04-03 00:00:00+00:00,37.00706481933594,37.114463841951114,36.38058759097162,36.41638385113184,20817200
2023-04-04 00:00:00+00:00,36.604331970214844,37.168161499410424,36.479033105237505,37.08761393609034,19514500
2023-04-05 00:00:00+00:00,37.18606185913086,37.785694486494435,36.84597176322383,36.95337079185449,29697600
2023-04-06 00:00:00+00:00,37.14131164550781,37.67829309886108,37.0249644121315,37.526149605560754,25931800
2023-04-10 00:00:00+00:00,37.34716033935547,37.35611196623381,36.80122717731826,36.828078643907936,15137300
2023-04-11 00:00:00+00:00,37.400856018066406,37.57985098275478,37.320308454658885,37.40980422998058,15304100
2023-04-12 00:00:00+00:00,37.024967193603516,37.40085697042509,36.93547141600294,37.25766167783713,17035100
2023-04-13 00:00:00+00:00,37.11446762084961,37.32031064741983,36.96232069700933,37.16816372357955,22880900
2023-04-14 00:00:00+00:00,36.86387252807617,37.3292580883736,36.63118145495002,37.15026311686765,20627500
2023-04-17 00:00:00+00:00,36.85491943359375,36.94441520046853,36.65802464961564,36.80121992504208,17608600
2023-04-18 00:00:00+00:00,36.29109191894531,36.98917197734852,36.27319208010983,36.944420673237225,18541500
2023-04-19 00:00:00+00:00,36.01365661621094,36.300047238626306,35.97785693489764,36.18369998138084,17214300
2023-04-20 00:00:00+00:00,35.66461181640625,35.968902253642796,35.61091571304083,35.870458259457784,20131600
2023-04-21 00:00:00+00:00,35.98680114746094,36.06734871443843,35.718310395551,35.87940552950599,19227100
2023-04-24 00:00:00+00:00,35.71830368041992,35.97784617122444,35.53930874144975,35.96889454655146,17633700
2023-04-25 00:00:00+00:00,35.1992301940918,35.72726009351289,35.154478888541625,35.57511657958721,24492400
2023-04-26 00:00:00+00:00,34.572750091552734,35.07393194787739,34.36690705569863,35.047083895301526,22401400
2023-04-27 00:00:00+00:00,34.67119598388672,34.75174355213034,34.28635798161664,34.56379695019842,22434000
2023-04-28 00:00:00+00:00,34.80543899536133,34.823338833970176,34.56379629520961,34.63539564964499,21003600
2023-05-01 00:00:00+00:00,35.091827392578125,35.36926975261375,34.778588771606394,34.903884219995085,23917800
2023-05-02 00:00:00+00:00,34.95758819580078,35.906255805608204,34.57275017573143,35.16343123215608,38834100
2023-05-03 00:00:00+00:00,34.41164779663086,35.25291960494781,34.33110024159719,35.08287628389657,27721900
2023-05-04 00:00:00+00:00,34.214759826660156,34.39375480837764,34.02681663217719,34.161060307931315,23675100
2023-05-05 00:00:00+00:00,34.447452545166016,34.456400757468614,34.08946260024959,34.34900513961174,19221400
2023-05-08 00:00:00+00:00,34.60854721069336,34.66224673121509,34.322156596001655,34.483251743521414,20101700
2023-05-09 00:00:00+00:00,34.43850326538086,34.608546623077714,34.35795569298859,34.43850326538086,15987900
2023-05-10 00:00:00+00:00,34.27740478515625,34.65329455775851,34.08051339383606,34.60854325541547,15858200
2023-05-11 00:00:00+00:00,33.99696350097656,34.06028912508688,33.66223840097894,34.01505357844721,28566400
2023-05-12 00:00:00+00:00,33.78889083862305,34.123615950403526,33.68033311503933,34.024103265873535,16511600
2023-05-15 00:00:00+00:00,33.61700439453125,33.79793621784269,33.481304664300794,33.74365563555301,16650400
2023-05-16 00:00:00+00:00,33.4813117980957,33.68938568237961,33.318476918506754,33.49036028923234,25451700
2023-05-17 00:00:00+00:00,33.246097564697266,33.51749358931358,33.0289786744116,33.45416796526936,23206400
2023-05-18 00:00:00+00:00,33.00183868408203,33.27323469699473,32.72139418184598,33.20990907568135,27772400
2023-05-19 00:00:00+00:00,33.26419448852539,34.060292566183,33.03803053642852,33.15563675779555,33061400
2023-05-22 00:00:00+00:00,35.0554084777832,35.16396619582496,33.246097072478264,33.34560975192806,85718600
2023-05-23 00:00:00+00:00,35.86055374145508,36.31288162104152,34.3769188485696,34.87447882591712,75379500
2023-05-24 00:00:00+00:00,34.94684982299805,36.31287837895259,34.91970780597442,36.27669132357945,39326400
2023-05-25 00:00:00+00:00,34.22312927246094,34.83829201822011,34.06029095855802,34.83829201822011,30266600
2023-05-26 00:00:00+00:00,34.01505661010742,34.774967618147535,33.97887300095351,34.41310736969243,20234600
2023-05-30 00:00:00+00:00,33.4813117980957,33.79794341910166,33.39989263280711,33.79794341910166,24371100
2023-05-31 00:00:00+00:00,34.39501190185547,34.575943741383576,33.3546564128097,33.5627268204213,46166300
2023-06-01 00:00:00+00:00,34.39501190185547,34.56689525136388,34.10552233900562,34.48547609612562,20256100
2023-06-02 00:00:00+00:00,34.702598571777344,34.973994633557965,34.521666713594215,34.603085877227215,22721600
2023-06-05 00:00:00+00:00,34.964942932128906,35.29966456285477,34.80210463588659,34.81114967412783,18392200
2023-06-06 00:00:00+00:00,34.711639404296875,35.15492223056523,34.63926874038866,35.10969013424913,19508200
2023-06-07 00:00:00+00:00,35.18206024169922,35.33585350792677,34.494523416000824,34.693545326841374,25295100
2023-06-08 00:00:00+00:00,35.36299514770508,35.453459346766685,35.0373185095025,35.31776304817427,17347600
2023-06-09 00:00:00+00:00,35.25444030761719,35.81532597993546,35.163972650154065,35.53488141828219,19775100
2023-06-12 00:00:00+00:00,36.095767974853516,36.24955780512257,35.27253133091416,35.290621410132154,28334600
2023-06-13 00:00:00+00:00,36.439537048339844,36.5209562140293,35.68867447674885,35.887696419887774,26533800
2023-06-14 00:00:00+00:00,35.60725021362305,36.493812418108064,35.57106315605523,36.475718889324156,22056400
2023-06-15 00:00:00+00:00,35.96006393432617,36.03243804651711,35.534874652673444,35.65248085948991,19905900
2023-06-16 00:00:00+00:00,36.240509033203125,36.511905056366906,36.05052871109958,36.059577200764714,60325100
2023-06-20 00:00:00+00:00,35.58915710449219,36.06862354446231,35.580112065487455,35.923878763472025,26881200
2023-06-21 00:00:00+00:00,35.19111251831055,35.49869563287683,35.06445780561661,35.46250857210714,17982900
2023-06-22 00:00:00+00:00,35.037315368652344,35.27252778670817,34.74782581642032,35.227292240244424,18039800
2023-06-23 00:00:00+00:00,34.648311614990234,35.163965072957104,34.630218087396436,35.01922030319426,23492200
2023-06-26 00:00:00+00:00,33.37275314331055,33.51749793862084,32.71235479902055,33.490359367933955,56135500
2023-06-27 00:00:00+00:00,32.94755935668945,33.47226132583884,32.8209081092362,33.43607426914144,32414900
2023-06-28 00:00:00+00:00,32.829959869384766,33.05612381979223,32.594747428407715,33.01993675948991,30062000
2023-06-29 00:00:00+00:00,32.67616271972656,32.766630359770964,32.35048611754194,32.55855996415025,26284900
2023-06-30 00:00:00+00:00,33.18277359008789,33.24609921727987,32.694258650903016,32.757584278094996,30853900
2023-07-03 00:00:00+00:00,33.155635833740234,33.237054992265456,32.884236337997535,33.019936085868885,14115800
2023-07-05 00:00:00+00:00,32.98374557495117,33.49035400287405,32.92041995283426,33.0923067422838,26829400
2023-07-06 00:00:00+00:00,32.23288345336914,32.811862547344695,32.22383496384524,32.74853692462785,30177300
2023-07-07 00:00:00+00:00,32.142417907714844,32.359536807598616,31.979579595548973,32.13337286858911,22883300
2023-07-10 00:00:00+00:00,32.278114318847656,32.57664889300327,32.151463078236944,32.17860164379996,17777500
2023-07-11 00:00:00+00:00,32.585693359375,32.603786884512466,32.22382975859976,32.24192328373723,17731300
2023-07-12 00:00:00+00:00,32.558563232421875,32.79377221817269,32.495234152539936,32.748540119103836,17229700
2023-07-13 00:00:00+00:00,32.621883392333984,32.89327939223616,32.495228704791415,32.57664784986081,16664400
2023-07-14 00:00:00+00:00,32.857093811035156,33.01088707016346,32.57664930967619,32.83900028343256,17909900
2023-07-17 00:00:00+00:00,32.440956115722656,32.67616509496025,32.36858199842626,32.67616509496025,20557300
2023-07-18 00:00:00+00:00,32.784725189208984,33.00184063195899,32.45904857409623,32.49523218056274,22817300
2023-07-19 00:00:00+00:00,32.96565246582031,33.20086488037464,32.757582068937715,32.87518827621488,18589700
2023-07-20 00:00:00+00:00,33.26419448852539,33.53559054084402,32.89328574512605,32.92947280569868,22358400
2023-07-21 00:00:00+00:00,33.834129333496094,33.861267904008585,33.291333766329416,33.291333766329416,24142000
2023-07-24 00:00:00+00:00,33.93363571166992,34.19598670777504,33.8069844586503,33.843171516938135,19414700
2023-07-25 00:00:00+00:00,33.52653884887695,34.12361142590233,33.517490360035175,33.83412190073775,21771000
2023-07-26 00:00:00+00:00,33.6622428894043,33.78889415451224,33.25514707228007,33.354659766575786,20983700
2023-07-27 00:00:00+00:00,33.113399505615234,33.854332439068294,33.095104391409,33.70797501485468,25346300
2023-07-28 00:00:00+00:00,32.994483947753906,33.3420841487003,32.948747905653775,33.25060857506371,24054100
2023-07-31 00:00:00+00:00,32.98533630371094,33.10424930868177,32.857270507730114,33.09510349654407,40265200
2023-08-01 00:00:00+00:00,32.57370376586914,33.772004009515875,32.35416589887409,32.82068255770006,40931600
2023-08-02 00:00:00+00:00,32.33587646484375,32.829834135257165,32.27184530269052,32.592004602893276,34301600
2023-08-03 00:00:00+00:00,32.01571273803711,32.27183732332196,31.942532291135286,32.18036525413045,25676500
2023-08-04 00:00:00+00:00,32.03401184082031,32.32672668602487,31.704706767606133,31.969980686521577,25737500
2023-08-07 00:00:00+00:00,32.637733459472656,32.79323667918061,31.92424153010985,32.02485941316071,31069100
2023-08-08 00:00:00+00:00,32.60114288330078,33.26889876962953,32.37245921718399,33.26889876962953,25225500
2023-08-09 00:00:00+00:00,32.78409194946289,32.98533470107612,32.48222782204305,32.564554085027005,17210500
2023-08-10 00:00:00+00:00,32.67433166503906,33.01278260017246,32.564560964911976,32.76580375904159,18955200
2023-08-11 00:00:00+00:00,32.967041015625,33.186575400130074,32.55540968288283,32.58285060858694,16604800
2023-08-14 00:00:00+00:00,32.994483947753906,33.396966003445925,32.76580024781692,32.76580024781692,20295500
2023-08-15 00:00:00+00:00,32.37246322631836,32.848125729481524,32.34502229960541,32.82068480276858,20484300
2023-08-16 00:00:00+00:00,32.45479202270508,32.61029876153688,32.006573900794486,32.143782034477994,22215600
2023-08-17 00:00:00+00:00,33.39696502685547,33.58906198115688,32.55541071062543,32.56455652300348,31113600
2023-08-18 00:00:00+00:00,33.5341796875,33.70797805397454,33.2231696968258,33.34208620516973,24141400
2023-08-21 00:00:00+00:00,33.85433578491211,34.01898833960466,33.51588486223812,33.57991602357005,28496500
2023-08-22 00:00:00+00:00,33.698829650878906,33.98239869069442,32.67432766775121,33.854332889546704,18536900
2023-08-23 00:00:00+00:00,33.5341796875,33.96410618651813,33.442707597657936,33.92751595480668,19370900
2023-08-24 00:00:00+00:00,33.07680892944336,33.51588119746793,32.98533684881015,33.36952377479307,19380800
2023-08-25 00:00:00+00:00,33.27804946899414,33.561614993657955,32.89385907926424,33.05851160494335,16421300
2023-08-28 00:00:00+00:00,33.1225471496582,33.40611620138164,32.957894602133166,33.332935740509875,15101900
2023-08-29 00:00:00+00:00,33.06766128540039,33.790299057019745,32.93044968261509,33.168279172748804,21076500
2023-08-30 00:00:00+00:00,32.83898162841797,33.15913742154103,32.76580116745473,33.095106262916424,16833000
2023-08-31 00:00:00+00:00,32.36331558227539,32.92130432343401,32.36331558227539,32.87556479558608,27919500
2023-09-01 00:00:00+00:00,32.72920608520508,32.985334171171615,32.56455356188228,32.60114378693977,17519900
2023-09-05 00:00:00+00:00,32.36331558227539,33.195724043341315,32.33587116767942,32.89385990883804,25856100
2023-09-06 00:00:00+00:00,31.439428329467773,32.271836705133985,31.338806961623117,32.25354159375898,35370200
2023-09-07 00:00:00+00:00,31.357107162475586,31.686412241802724,31.137572769215005,31.530909004029503,26777700
2023-09-08 00:00:00+00:00,31.329668045043945,31.457730363414584,31.146720380470267,31.311372929642932,19467700
2023-09-11 00:00:00+00:00,31.046096801757812,31.3754018768874,30.680204987842,31.32052002398995,27574400
2023-09-12 00:00:00+00:00,31.238191604614258,31.293073453733367,30.872296326452282,31.073539078384968,17987200
2023-09-13 00:00:00+00:00,31.174163818359375,31.66811796091392,31.100983359055675,31.29307683057335,23853300
2023-09-14 00:00:00+00:00,31.238191604614258,31.4485801682548,31.082684890092825,31.320517867728906,23759900
2023-09-15 00:00:00+00:00,31.16501235961914,31.48516812332726,30.927182862212558,31.155866547557245,57959000
2023-09-18 00:00:00+00:00,30.771677017211914,31.21074928683422,30.58872936584357,31.21074928683422,25421900
2023-09-19 00:00:00+00:00,31.091835021972656,31.1101266458771,30.66190858206062,30.689349507353363,30323300
2023-09-20 00:00:00+00:00,30.753381729125977,31.183308183993596,30.68935057492478,31.174162371723224,24651400
2023-09-21 00:00:00+00:00,30.049036026000977,30.725941296272676,30.030744401166505,30.6161741000846,26980600
2023-09-22 00:00:00+00:00,29.902677536010742,30.26857282951793,29.7288791907847,30.259427017426507,28570800
2023-09-25 00:00:00+00:00,30.167953491210938,30.167953491210938,29.646554930806488,29.902679559935308,19443700
2023-09-26 00:00:00+00:00,29.637405395507812,30.149654589424706,29.600815170389197,29.93012021758487,26015500
2023-09-27 00:00:00+00:00,29.362985610961914,29.728880925823507,29.180039698249285,29.664849769138176,26430100
2023-09-28 00:00:00+00:00,29.353837966918945,29.564226538535273,29.061123129067003,29.32639704131911,28197600
2023-09-29 00:00:00+00:00,30.341751098632812,30.396636441848678,29.54593281390231,29.59166885519739,42397800
2023-10-02 00:00:00+00:00,31.046096801757812,31.064391915869038,29.96670949524915,30.140511334587668,44620600
2023-10-03 00:00:00+00:00,31.009511947631836,31.201605423320192,30.835710097730193,30.954626601962406,31059900
2023-10-04 00:00:00+00:00,30.469820022583008,31.17416629691784,30.195396767811975,31.04610048295426,23722300
2023-10-05 00:00:00+00:00,30.616172790527344,30.899738326003845,30.23198238614781,30.597877677039165,21279400
2023-10-06 00:00:00+00:00,30.305166244506836,30.698502505098816,30.25028089787662,30.661912274012007,23750600
2023-10-09 00:00:00+00:00,30.36919593811035,30.61617475186862,29.975859696506774,30.241133624925247,17468100
2023-10-10 00:00:00+00:00,30.341751098632812,30.552143169575487,30.195393672826786,30.259428317963433,19212100
2023-10-11 00:00:00+00:00,30.286865234375,30.48810797674905,30.02159134477936,30.40578171754474,24221200
2023-10-12 00:00:00+00:00,30.11306381225586,30.387487006178652,29.975855704730325,30.286865633665077,21809900
2023-10-13 00:00:00+00:00,29.372133255004883,30.177100808599217,29.289806988280052,30.13136127974621,32388100
2023-10-16 00:00:00+00:00,30.433223724365234,31.02779918251195,29.783762928316204,30.030741714722723,63317400
2023-10-17 00:00:00+00:00,29.957563400268555,30.360045438609486,29.45445997998334,30.18624709034694,40015800
2023-10-18 00:00:00+00:00,28.73181915283203,29.893532736204943,28.713524038593533,29.76547042597169,30307600
2023-10-19 00:00:00+00:00,28.53057861328125,28.814145909905264,28.274452243761335,28.7043769673344,26880300
2023-10-20 00:00:00+00:00,28.036619186401367,28.45739807036792,27.88111421217517,28.41166028693784,39378900
2023-10-23 00:00:00+00:00,28.210418701171875,28.71352209566071,27.926851428535514,28.14638755038799,29412100
2023-10-24 00:00:00+00:00,27.835376739501953,28.38421789936267,27.734755365857403,28.24700630085903,26923800
2023-10-25 00:00:00+00:00,28.109798431396484,28.356777232476198,27.64328349981861,27.862819630316775,28857900
2023-10-26 00:00:00+00:00,28.503135681152344,28.695230892717497,27.899410864321524,28.000032248699373,27162700
2023-10-27 00:00:00+00:00,27.542665481567383,28.475693654808495,27.4603392097052,28.411662497741947,33877100
2023-10-30 00:00:00+00:00,27.945144653320312,28.064061142495188,27.542662637683183,27.661577382140063,33063500
2023-10-31 00:00:00+00:00,27.954294204711914,28.192125455316326,27.16762348548606,27.707317141719514,42648200
2023-11-01 00:00:00+00:00,27.908557891845703,28.429956428784326,27.87196766377796,27.954293932212277,23568300
2023-11-02 00:00:00+00:00,27.8994083404541,28.036618196463557,27.634134440080235,27.908555896817127,29640900
2023-11-03 00:00:00+00:00,28.5946102142334,28.713524971209758,28.210421526337047,28.265305126117045,28062100
2023-11-06 00:00:00+00:00,28.52142906188965,28.731817630329513,28.32018630536627,28.649491365336864,27381200
2023-11-07 00:00:00+00:00,28.585460662841797,28.713522968301547,28.25615559769608,28.429955687047215,18086400
2023-11-08 00:00:00+00:00,28.19212532043457,28.631197591118283,27.94514651390569,28.28359914633987,29398300
2023-11-09 00:00:00+00:00,27.515365600585938,28.284831608483785,27.469011161410734,28.266289832813705,28737700
2023-11-10 00:00:00+00:00,27.329952239990234,27.645155363331654,26.912772883737965,27.580260914686264,33844100
2023-11-13 00:00:00+00:00,26.866416931152344,27.218703587174815,26.820064261368813,27.200161811964996,35519900
2023-11-14 00:00:00+00:00,27.12599754333496,27.543176892472875,26.875688872907563,26.968395984351904,40084300
2023-11-15 00:00:00+00:00,27.988170623779297,28.136501294528937,27.079643055136405,27.079643055136405,43614600
2023-11-16 00:00:00+00:00,27.59880256652832,28.22920881036938,27.320681228706093,28.062336361324263,32407200
2023-11-17 00:00:00+00:00,27.73786163330078,27.821297855663524,27.5709891885753,27.73786163330078,27009200
2023-11-20 00:00:00+00:00,27.793485641479492,27.94181631291337,27.589531410318173,27.71932030576255,26335700
2023-11-21 00:00:00+00:00,28.09014892578125,28.14577425759428,27.58953331715242,27.830571116951933,25988700
2023-11-22 00:00:00+00:00,28.108686447143555,28.349724210447775,27.941814013452866,28.17358088952528,19226800
2023-11-24 00:00:00+00:00,28.27556037902832,28.460974597006885,28.164311494592976,28.164311494592976,11129700
2023-11-27 00:00:00+00:00,27.941816329956055,28.50732812029333,27.83984009843374,28.50732812029333,26066700
2023-11-28 00:00:00+00:00,27.52463722229004,27.914005680537926,27.47828278187892,27.914005680537926,29497700
2023-11-29 00:00:00+00:00,27.886192321777344,28.015981215213845,27.561718319945044,27.59880187135036,26185200
2023-11-30 00:00:00+00:00,28.24774932861328,28.284832881622627,27.77494463719094,28.099418653058173,45356600
2023-12-01 00:00:00+00:00,26.801523208618164,27.255786104057666,26.23601142716196,26.857146767505984,103542800
2023-12-04 00:00:00+00:00,27.14453887939453,27.478281999648335,26.903501100841698,26.903501100841698,47410400
2023-12-05 00:00:00+00:00,26.96839714050293,27.441201837721508,26.94985536377095,27.079644264412504,39853000
2023-12-06 00:00:00+00:00,26.690277099609375,27.25578713419814,26.625380882172912,26.968396672801152,33410500
2023-12-07 00:00:00+00:00,26.54194450378418,26.792253179160607,26.421426494292444,26.718087842186975,35782900
2023-12-08 00:00:00+00:00,26.681005477905273,26.857147044238495,26.504862143330982,26.56048570279194,31881700
2023-12-11 00:00:00+00:00,26.55121612548828,26.708817691941576,26.365803662052212,26.681006794958805,37833900
2023-12-12 00:00:00+00:00,26.495590209960938,26.75516975760514,26.28236510023945,26.53267376029911,48587500
2023-12-13 00:00:00+00:00,24.715620040893555,24.78051448463534,23.881259623194506,24.363335159906303,158100700
2023-12-14 00:00:00+00:00,24.224275588989258,25.327486527141097,24.113028467300655,24.80832916669834,101889800
2023-12-15 00:00:00+00:00,24.687808990478516,25.02155388664468,24.17792252643896,24.224275198354885,138338500
2023-12-18 00:00:00+00:00,25.086448669433594,25.308944680433495,24.771245545123456,24.95665977174393,63329400
2023-12-19 00:00:00+00:00,26.106224060058594,26.18038939899235,25.281134443390403,25.29040533178727,70094700
2023-12-20 00:00:00+00:00,25.614877700805664,26.19893129477258,25.59633769216889,26.13403684394096,56184300
2023-12-21 00:00:00+00:00,26.245283126831055,26.29163756753895,25.753938433015172,25.82810376990669,51056600
2023-12-22 00:00:00+00:00,26.328718185424805,26.690275733963865,26.12476396006918,26.36580173634821,35087200
2023-12-26 00:00:00+00:00,26.337989807128906,26.44923869475831,26.189659135783753,26.35653158310732,30119100
2023-12-27 00:00:00+00:00,26.52340316772461,26.634650283494484,26.245281841817874,26.39361250833839,35000700
2023-12-28 00:00:00+00:00,26.690277099609375,26.91277311181102,26.49559198378223,26.523404648397857,30472900
2023-12-29 00:00:00+00:00,26.690277099609375,26.764442437009922,26.458510199202518,26.681006211404164,30342500
